sample,prediction,p_left_raw,p_right_raw,name,p_left_smooth,p_right_smooth,alpha,threshold
4159,left_hand,0.922581136226654,0.07741885632276535,ExponentialSmoothing,0.922581136226654,0.07741885632276535,0.85,0.75
4223,left_hand,0.8992146253585815,0.10078539699316025,ExponentialSmoothing,0.9190761595964432,0.08092383742332458,0.85,0.75
4287,left_hand,0.8863864541053772,0.1136135384440422,ExponentialSmoothing,0.9141727037727833,0.08582729257643222,0.85,0.75
4351,left_hand,0.8949359655380249,0.10506405681371689,ExponentialSmoothing,0.9112871930375694,0.08871280721202492,0.85,0.75
4415,left_hand,0.9153779745101929,0.08462205529212952,ExponentialSmoothing,0.9119008102584629,0.0880991944240406,0.85,0.75
4479,left_hand,0.8597304224967957,0.14026959240436554,ExponentialSmoothing,0.9040752520942128,0.09592475412108935,0.85,0.75
4543,left_hand,0.730100691318512,0.2698993384838104,ExponentialSmoothing,0.8779790679778577,0.12202094177549751,0.85,0.75
4607,left_hand,0.7806417942047119,0.21935823559761047,ExponentialSmoothing,0.8633784769118859,0.13662153584881445,0.85,0.75
4671,left_hand,0.5970028042793274,0.4029971659183502,ExponentialSmoothing,0.823422126017002,0.17657788035924482,0.85,0.75
4735,rest,0.3220653831958771,0.6779346466064453,ExponentialSmoothing,0.7482186145938332,0.2517813952963249,0.85,0.75
4799,rest,0.3080505132675171,0.6919494867324829,ExponentialSmoothing,0.6821933993948858,0.3178066090117486,0.85,0.75
4863,rest,0.4545596241950989,0.5454403758049011,ExponentialSmoothing,0.6480483331149177,0.35195167403072153,0.85,0.75
4927,rest,0.4504143297672272,0.5495856404304504,ExponentialSmoothing,0.6184032326127642,0.38159676899068085,0.85,0.75
4991,rest,0.7350543141365051,0.2649456858634949,ExponentialSmoothing,0.6359008948413253,0.364099106521603,0.85,0.75
5055,rest,0.7426877021789551,0.25731226801872253,ExponentialSmoothing,0.6519189159419698,0.34808108074617095,0.85,0.75
5119,rest,0.6135596036911011,0.3864404261112213,ExponentialSmoothing,0.6461650191043395,0.3538349825509285,0.85,0.75
5183,rest,0.617243230342865,0.3827567398548126,ExponentialSmoothing,0.6418267507901183,0.3581732461465111,0.85,0.75
5247,rest,0.7504323124885559,0.2495676875114441,ExponentialSmoothing,0.6581175850448839,0.34188241235125105,0.85,0.75
5311,rest,0.8145158290863037,0.18548418581485748,ExponentialSmoothing,0.681577321651097,0.318422678370792,0.85,0.75
5375,rest,0.6146507859230042,0.38534921407699585,ExponentialSmoothing,0.6715383412918831,0.32846165872672256,0.85,0.75
5439,rest,0.5324158072471619,0.4675842523574829,ExponentialSmoothing,0.6506699611851748,0.3493300477713366,0.85,0.75
5503,rest,0.37201881408691406,0.6279811859130859,ExponentialSmoothing,0.6088722891204357,0.391127718492599,0.85,0.75
5567,rest,0.37334173917770386,0.6266582608222961,ExponentialSmoothing,0.5735427066290258,0.42645729984205355,0.85,0.75
5631,rest,0.4676836431026459,0.5323163866996765,ExponentialSmoothing,0.5576638471000689,0.442336162870697,0.85,0.75
5695,rest,0.5483495593070984,0.4516504406929016,ExponentialSmoothing,0.5562667039311233,0.4437333045440277,0.85,0.75
5759,rest,0.5103235840797424,0.48967641592025757,ExponentialSmoothing,0.5493752359534162,0.4506247712504622,0.85,0.75
5823,rest,0.5909885764122009,0.4090114235877991,ExponentialSmoothing,0.5556172370222339,0.4443827691010627,0.85,0.75
5887,rest,0.587437629699707,0.4125623404979706,ExponentialSmoothing,0.5603902959238549,0.4396097048105989,0.85,0.75
5951,rest,0.5754651427268982,0.4245349168777466,ExponentialSmoothing,0.5626515229443114,0.43734848662067105,0.85,0.75
6015,rest,0.64713054895401,0.3528694808483124,ExponentialSmoothing,0.5753233768457662,0.42467663575481723,0.85,0.75
6079,rest,0.5549014806747437,0.44509851932525635,ExponentialSmoothing,0.5722600924201128,0.42773991829038305,0.85,0.75
6143,rest,0.5220575928688049,0.47794243693351746,ExponentialSmoothing,0.5647297174874166,0.43527029608685325,0.85,0.75
6207,rest,0.48645639419555664,0.5135436654090881,ExponentialSmoothing,0.5529887189936377,0.4470113014851885,0.85,0.75
6271,rest,0.525650143623352,0.47434988617897034,ExponentialSmoothing,0.5488879326880948,0.45111208918925577,0.85,0.75
6335,rest,0.4999639689922333,0.5000360608100891,ExponentialSmoothing,0.5415493381337155,0.4584506849323808,0.85,0.75
6399,rest,0.5658096075057983,0.43419039249420166,ExponentialSmoothing,0.545188378539528,0.45481164106665395,0.85,0.75
6463,rest,0.5905216932296753,0.4094783067703247,ExponentialSmoothing,0.55198837574305,0.4480116409222046,0.85,0.75
6527,rest,0.5237072110176086,0.47629275918006897,ExponentialSmoothing,0.5477462010342338,0.45225380866088427,0.85,0.75
6591,rest,0.5315349102020264,0.46846508979797363,ExponentialSmoothing,0.5453145074094027,0.45468550083144765,0.85,0.75
6655,rest,0.7129493951797485,0.28705063462257385,ExponentialSmoothing,0.5704597405749545,0.4295402709001166,0.85,0.75
6719,rest,0.5969159603118896,0.40308403968811035,ExponentialSmoothing,0.5744281735354948,0.4255718362183157,0.85,0.75
6783,rest,0.500406801700592,0.49959319829940796,ExponentialSmoothing,0.5633249677602594,0.4366750405304795,0.85,0.75
6847,rest,0.5519039630889893,0.44809600710868835,ExponentialSmoothing,0.5616118170595689,0.43838818551721087,0.85,0.75
6911,rest,0.4127565920352936,0.5872434377670288,ExponentialSmoothing,0.5392835333059276,0.4607164733546836,0.85,0.75
6975,rest,0.399008572101593,0.600991427898407,ExponentialSmoothing,0.5182422891252774,0.4817577165362421,0.85,0.75
7039,rest,0.391377329826355,0.6086227297782898,ExponentialSmoothing,0.499212545230439,0.5007874685225493,0.85,0.75
7103,rest,0.48351171612739563,0.5164883136749268,ExponentialSmoothing,0.4968574208649825,0.503142595295406,0.85,0.75
7167,rest,0.733624279499054,0.26637569069862366,ExponentialSmoothing,0.5323724496600932,0.4676275596058886,0.85,0.75
7231,rest,0.6821593642234802,0.3178406059741974,ExponentialSmoothing,0.5548404868446013,0.4451595165611349,0.85,0.75
7295,rest,0.6305833458900452,0.36941665410995483,ExponentialSmoothing,0.5662019157014179,0.43379808719345786,0.85,0.75
7359,rest,0.9340923428535461,0.06590769439935684,ExponentialSmoothing,0.6213854797742371,0.37861452827434267,0.85,0.75
7423,rest,0.9208219647407532,0.07917798310518265,ExponentialSmoothing,0.6663009525192145,0.33369904649896864,0.85,0.75
7487,rest,0.9529182314872742,0.04708173871040344,ExponentialSmoothing,0.7092935443644235,0.2907064503306839,0.85,0.75
7551,rest,0.9459268450737,0.054073184728622437,ExponentialSmoothing,0.7447885394708149,0.2552114604903747,0.85,0.75
7615,left_hand,0.9623200297355652,0.03768002614378929,ExponentialSmoothing,0.7774182630105274,0.22258174533838687,0.85,0.75
7679,left_hand,0.965893030166626,0.034106943756341934,ExponentialSmoothing,0.8056894780839422,0.19431052510108013,0.85,0.75
7743,left_hand,0.9628855586051941,0.03711439296603203,ExponentialSmoothing,0.8292688901621299,0.17073110528082291,0.85,0.75
7807,left_hand,0.9705130457878113,0.029486950486898422,ExponentialSmoothing,0.8504555135059821,0.14954448206173424,0.85,0.75
7871,left_hand,0.981847882270813,0.01815207488834858,ExponentialSmoothing,0.8701643688207068,0.1298356209857264,0.85,0.75
7935,left_hand,0.9775180220603943,0.022481949999928474,ExponentialSmoothing,0.8862674168066599,0.1137325703378567,0.85,0.75
7999,left_hand,0.966184139251709,0.03381587192416191,ExponentialSmoothing,0.8982549251734172,0.10174506557580248,0.85,0.75
8063,left_hand,0.9393201470375061,0.060679834336042404,ExponentialSmoothing,0.9044147084530305,0.09558528088983848,0.85,0.75
8127,left_hand,0.9349921941757202,0.06500780582427979,ExponentialSmoothing,0.909001331311434,0.09099865963000467,0.85,0.75
8191,left_hand,0.8386706113815308,0.16132935881614685,ExponentialSmoothing,0.8984517233219484,0.10154826450792599,0.85,0.75
8255,left_hand,0.7568464279174805,0.24315360188484192,ExponentialSmoothing,0.8772109290112783,0.12278906511446339,0.85,0.75
8319,left_hand,0.7513028979301453,0.24869708716869354,ExponentialSmoothing,0.8583247243491083,0.14167526842259792,0.85,0.75
8383,left_hand,0.9148645401000977,0.08513545244932175,ExponentialSmoothing,0.8668056967117567,0.13319429602660648,0.85,0.75
8447,left_hand,0.8961097598075867,0.10389029234647751,ExponentialSmoothing,0.8712013061761312,0.12879869547458714,0.85,0.75
8511,left_hand,0.803312361240387,0.19668765366077423,ExponentialSmoothing,0.8610179644357696,0.1389820392025152,0.85,0.75
8575,left_hand,0.7603732943534851,0.2396266758441925,ExponentialSmoothing,0.8459212639234269,0.15407873469876682,0.85,0.75
8639,left_hand,0.7280142307281494,0.2719857394695282,ExponentialSmoothing,0.8282352089441353,0.171764785414381,0.85,0.75
8703,left_hand,0.6319836974143982,0.3680162727832794,ExponentialSmoothing,0.7987974822146747,0.20120250851971577,0.85,0.75
8767,left_hand,0.5691859126091003,0.43081408739089966,ExponentialSmoothing,0.7643557467738386,0.23564424535039336,0.85,0.75
8831,left_hand,0.6795163154602051,0.3204836845397949,ExponentialSmoothing,0.7516298320767936,0.2483701612288036,0.85,0.75
8895,rest,0.7318650484085083,0.2681349217891693,ExponentialSmoothing,0.7486651145265508,0.2513348753128585,0.85,0.75
8959,left_hand,0.7739040851593018,0.22609592974185944,ExponentialSmoothing,0.7524509601214635,0.2475490334772086,0.85,0.75
9023,left_hand,0.8617748618125916,0.13822507858276367,ExponentialSmoothing,0.7688495453751327,0.23115044024304188,0.85,0.75
9087,left_hand,0.9465043544769287,0.053495630621910095,ExponentialSmoothing,0.7954977667404022,0.2045022187998721,0.85,0.75
9151,left_hand,0.9596371650695801,0.04036279767751694,ExponentialSmoothing,0.8201186764897789,0.1798813056315188,0.85,0.75
9215,left_hand,0.9551572203636169,0.04484284296631813,ExponentialSmoothing,0.8403744580708545,0.1596255362317387,0.85,0.75
9279,left_hand,0.8877755403518677,0.11222448199987411,ExponentialSmoothing,0.8474846204130065,0.152515378096959,0.85,0.75
9343,left_hand,0.34380242228507996,0.6561975479125977,ExponentialSmoothing,0.7719322906938175,0.2280677035693048,0.85,0.75
9407,rest,0.46509790420532227,0.534902036190033,ExponentialSmoothing,0.7259071327205433,0.2740928534624141,0.85,0.75
9471,rest,0.7476533651351929,0.25234663486480713,ExponentialSmoothing,0.7291690675827408,0.27083092067277303,0.85,0.75
9535,left_hand,0.8763797283172607,0.12362022697925568,ExponentialSmoothing,0.7512506666929188,0.24874931661874544,0.85,0.75
9599,left_hand,0.9022589325904846,0.09774109721183777,ExponentialSmoothing,0.7739019065775536,0.22609808370770929,0.85,0.75
9663,left_hand,0.8994724750518799,0.10052750259637833,ExponentialSmoothing,0.7927374918487027,0.20726249654100964,0.85,0.75
9727,left_hand,0.8723180294036865,0.12768195569515228,ExponentialSmoothing,0.8046745724819502,0.19532541541413104,0.85,0.75
9791,left_hand,0.8695306181907654,0.130469411611557,ExponentialSmoothing,0.8144029793382725,0.1855970148437449,0.85,0.75
9855,left_hand,0.8803253769874573,0.11967463046312332,ExponentialSmoothing,0.8242913389856503,0.17570865718665168,0.85,0.75
9919,left_hand,0.8685855269432068,0.1314144879579544,ExponentialSmoothing,0.8309354671792838,0.1690645318023471,0.85,0.75
9983,left_hand,0.8682987093925476,0.1317013055086136,ExponentialSmoothing,0.8365399535112733,0.16346004785828708,0.85,0.75
10047,left_hand,0.7820152044296265,0.21798478066921234,ExponentialSmoothing,0.8283612411490262,0.17163875777992588,0.85,0.75
10111,left_hand,0.7072250843048096,0.2927749454975128,ExponentialSmoothing,0.8101908176223938,0.1898091859375639,0.85,0.75
10175,left_hand,0.7977393865585327,0.20226064324378967,ExponentialSmoothing,0.8083231029628146,0.19167690453349778,0.85,0.75
10239,left_hand,0.8491114377975464,0.15088851749897003,ExponentialSmoothing,0.8144413531880244,0.18555864647831863,0.85,0.75
10303,left_hand,0.9183651208877563,0.08163490891456604,ExponentialSmoothing,0.8300299183429841,0.16997008584375575,0.85,0.75
10367,left_hand,0.9099265336990356,0.09007348865270615,ExponentialSmoothing,0.8420144106463918,0.1579855962650983,0.85,0.75
10431,left_hand,0.9325506091117859,0.06744943559169769,ExponentialSmoothing,0.8555948404162008,0.1444051721640882,0.85,0.75
10495,left_hand,0.962181806564331,0.03781820461153984,ExponentialSmoothing,0.8715828853384204,0.12841712703120595,0.85,0.75
10559,left_hand,0.9427321553230286,0.057267867028713226,ExponentialSmoothing,0.8822552758361116,0.11774473803083205,0.85,0.75
10623,left_hand,0.9816411137580872,0.018358884379267693,ExponentialSmoothing,0.897163151524408,0.10283685998309738,0.85,0.75
10687,left_hand,0.9872103929519653,0.012789647094905376,ExponentialSmoothing,0.9106702377385416,0.08932977804986858,0.85,0.75
10751,left_hand,0.9887464642524719,0.01125349197536707,ExponentialSmoothing,0.9223816717156312,0.07761833513869335,0.85,0.75
10815,left_hand,0.9870468378067017,0.012953214347362518,ExponentialSmoothing,0.9320814466292917,0.06791856701999373,0.85,0.75
10879,left_hand,0.9910208582878113,0.008979137986898422,ExponentialSmoothing,0.9409223583780697,0.05907765266502943,0.85,0.75
10943,left_hand,0.9921838641166687,0.007816118188202381,ExponentialSmoothing,0.9486115842388596,0.05138842249350537,0.85,0.75
11007,left_hand,0.9925801157951355,0.007419872563332319,ExponentialSmoothing,0.955206863972301,0.04479314000397941,0.85,0.75
11071,left_hand,0.9922095537185669,0.007790485862642527,ExponentialSmoothing,0.9607572674342408,0.039242741882778875,0.85,0.75
11135,left_hand,0.9928775429725647,0.0071224672719836235,ExponentialSmoothing,0.9655753087649894,0.034424700691159583,0.85,0.75
11199,left_hand,0.9903618097305298,0.0096381651237607,ExponentialSmoothing,0.9692932839098205,0.03070672035604975,0.85,0.75
11263,left_hand,0.9872260689735413,0.012773899361491203,ExponentialSmoothing,0.9719832016693786,0.028016797206865965,0.85,0.75
11327,left_hand,0.9805499911308289,0.01944999396800995,ExponentialSmoothing,0.973268220088596,0.026731776721037562,0.85,0.75
11391,left_hand,0.963454008102417,0.036545976996421814,ExponentialSmoothing,0.9717960882906692,0.0282039067623452,0.85,0.75
11455,left_hand,0.9532385468482971,0.04676148295402527,ExponentialSmoothing,0.9690124570743135,0.03098754319109721,0.85,0.75
11519,left_hand,0.9542994499206543,0.04570058360695839,ExponentialSmoothing,0.9668055060012646,0.03319449925347639,0.85,0.75
11583,left_hand,0.8965039253234863,0.10349602997303009,ExponentialSmoothing,0.9562602688995978,0.04373972886140945,0.85,0.75
11647,left_hand,0.874888002872467,0.12511207163333893,ExponentialSmoothing,0.9440544289955282,0.05594558027719887,0.85,0.75
11711,left_hand,0.750676155090332,0.24932381510734558,ExponentialSmoothing,0.9150476879097488,0.08495231550172089,0.85,0.75
11775,left_hand,0.4562544524669647,0.5437455773353577,ExponentialSmoothing,0.8462287025933312,0.15377130477676643,0.85,0.75
11839,left_hand,0.46434086561203003,0.5356591939926147,ExponentialSmoothing,0.788945527046136,0.21105448815914368,0.85,0.75
11903,rest,0.2690376341342926,0.730962336063385,ExponentialSmoothing,0.7109593431093595,0.2890406653447799,0.85,0.75
11967,rest,0.19914470613002777,0.800855278968811,ExponentialSmoothing,0.6341871475624598,0.3658128573883846,0.85,0.75
12031,rest,0.13683320581912994,0.8631668090820312,ExponentialSmoothing,0.5595840563009602,0.4404159501424316,0.85,0.75
12095,rest,0.14846284687519073,0.8515371084213257,ExponentialSmoothing,0.49791587488709477,0.5020841238842657,0.85,0.75
12159,rest,0.21127977967262268,0.7887202501296997,ExponentialSmoothing,0.45492046060492397,0.5450795428210808,0.85,0.75
12223,rest,0.24096524715423584,0.7590347528457642,ExponentialSmoothing,0.4228271785873208,0.5771728243247833,0.85,0.75
12287,rest,0.3123222291469574,0.6876777410507202,ExponentialSmoothing,0.40625143617126624,0.5937485618336739,0.85,0.75
12351,rest,0.2864229381084442,0.7135770916938782,ExponentialSmoothing,0.38827716146184293,0.6117228413127045,0.85,0.75
12415,rest,0.20849056541919708,0.7915094494819641,ExponentialSmoothing,0.36130917205544605,0.6386908325380934,0.85,0.75
12479,rest,0.16123583912849426,0.8387641906738281,ExponentialSmoothing,0.3312981721164033,0.6687018362584536,0.85,0.75
12543,rest,0.14675424993038177,0.853245735168457,ExponentialSmoothing,0.30361658378850004,0.696383421094954,0.85,0.75
12607,rest,0.10119086503982544,0.8988091349601746,ExponentialSmoothing,0.2732527259761989,0.726747278174737,0.85,0.75
12671,rest,0.1440330445766449,0.8559669852256775,ExponentialSmoothing,0.2538697737662658,0.7461302342323781,0.85,0.75
12735,rest,0.2288779467344284,0.7711220383644104,ExponentialSmoothing,0.2501209997114902,0.749879004852183,0.85,0.75
12799,right_hand,0.21948745846748352,0.7805125713348389,ExponentialSmoothing,0.24552596852488923,0.7544740398245813,0.85,0.75
12863,right_hand,0.10550504177808762,0.8944950103759766,ExponentialSmoothing,0.22452282951286898,0.7754771854072906,0.85,0.75
12927,right_hand,0.20423588156700134,0.795764148235321,ExponentialSmoothing,0.22147978732098883,0.7785202298314952,0.85,0.75
12991,right_hand,0.13211780786514282,0.8678821921348572,ExponentialSmoothing,0.20807549040261192,0.7919245241769994,0.85,0.75
13055,right_hand,0.09466629475355148,0.9053336381912231,ExponentialSmoothing,0.19106411105525284,0.8089358912791329,0.85,0.75
13119,right_hand,0.0594446063041687,0.9405553340911865,ExponentialSmoothing,0.17132118534259022,0.8286788077009409,0.85,0.75
13183,right_hand,0.04872499033808708,0.9512749314308167,ExponentialSmoothing,0.15293175609191476,0.8470682262604222,0.85,0.75
13247,right_hand,0.042514368891716,0.9574856162071228,ExponentialSmoothing,0.13636914801188493,0.8636308347524273,0.85,0.75
13311,right_hand,0.040483538061380386,0.9595164656639099,ExponentialSmoothing,0.12198630651930925,0.8780136793891496,0.85,0.75
13375,right_hand,0.06990958750247955,0.9300903677940369,ExponentialSmoothing,0.1141747986667848,0.8858251826498827,0.85,0.75
13439,right_hand,0.20527492463588715,0.7947251200675964,ExponentialSmoothing,0.12783981756215015,0.8721601732625398,0.85,0.75
13503,right_hand,0.2791479229927063,0.7208521366119385,ExponentialSmoothing,0.15053603337673357,0.8494639677649496,0.85,0.75
13567,right_hand,0.16136252880096436,0.8386374711990356,ExponentialSmoothing,0.1521600076903682,0.8478399932800625,0.85,0.75
13631,right_hand,0.10511738061904907,0.8948826193809509,ExponentialSmoothing,0.14510361362967034,0.8548963871951958,0.85,0.75
13695,right_hand,0.14046677947044373,0.8595332503318787,ExponentialSmoothing,0.14440808850578635,0.8555919166656982,0.85,0.75
13759,right_hand,0.1625763475894928,0.8374236226081848,ExponentialSmoothing,0.1471333273683423,0.8528666725570713,0.85,0.75
13823,right_hand,0.36469945311546326,0.6353005170822144,ExponentialSmoothing,0.17976824623041046,0.8202317492358427,0.85,0.75
13887,right_hand,0.30504676699638367,0.694953203201294,ExponentialSmoothing,0.19856002434530645,0.8014399673306604,0.85,0.75
13951,rest,0.5785526037216187,0.42144742608070374,ExponentialSmoothing,0.2555589112517533,0.7444410861431668,0.85,0.75
14015,rest,0.7405972480773926,0.25940272212028503,ExponentialSmoothing,0.3283146617755992,0.6716853315397345,0.85,0.75
14079,rest,0.7623069882392883,0.23769304156303406,ExponentialSmoothing,0.3934135107451526,0.6065864880432295,0.85,0.75
14143,rest,0.8025195598602295,0.19748038053512573,ExponentialSmoothing,0.4547794181124141,0.5452205719170139,0.85,0.75
14207,rest,0.9135146737098694,0.0864853709936142,ExponentialSmoothing,0.5235897064520324,0.4764102917785039,0.85,0.75
14271,rest,0.9339516758918762,0.06604831665754318,ExponentialSmoothing,0.585144001868009,0.4148559955103598,0.85,0.75
14335,rest,0.8965192437171936,0.1034807488322258,ExponentialSmoothing,0.6318502881453867,0.36814970850863965,0.85,0.75
14399,rest,0.8941536545753479,0.1058463379740715,ExponentialSmoothing,0.6711957931098809,0.3288042029284544,0.85,0.75
14463,rest,0.9112226366996765,0.08877739310264587,ExponentialSmoothing,0.7071998196483502,0.29280018145458314,0.85,0.75
14527,rest,0.9017525315284729,0.09824741631746292,ExponentialSmoothing,0.7363827264303686,0.26361726668401514,0.85,0.75
14591,left_hand,0.9168931841850281,0.0831068605184555,ExponentialSmoothing,0.7634592950935675,0.2365407057591812,0.85,0.75
14655,left_hand,0.904115617275238,0.09588439762592316,ExponentialSmoothing,0.784557743420818,0.2154422595391925,0.85,0.75
14719,left_hand,0.8340529799461365,0.1659470498561859,ExponentialSmoothing,0.7919820288996158,0.2080179780867415,0.85,0.75
14783,left_hand,0.8803865909576416,0.11961334943771362,ExponentialSmoothing,0.8052427132083196,0.1947572837893873,0.85,0.75
14847,left_hand,0.9083717465400696,0.09162823110818863,ExponentialSmoothing,0.8207120682080822,0.1792879258872075,0.85,0.75
14911,left_hand,0.8623479008674622,0.13765206933021545,ExponentialSmoothing,0.8269574431069892,0.17304254740365868,0.85,0.75
14975,left_hand,0.7961951494216919,0.2038048356771469,ExponentialSmoothing,0.8223430990541944,0.17765689064468193,0.85,0.75
15039,left_hand,0.7086701393127441,0.2913298010826111,ExponentialSmoothing,0.8052921550929769,0.1947078272103713,0.85,0.75
15103,left_hand,0.47634539008140564,0.5236546397209167,ExponentialSmoothing,0.7559501403412412,0.24404984908695312,0.85,0.75
15167,rest,0.35244181752204895,0.6475581526756287,ExponentialSmoothing,0.6954238919183623,0.3045760946252545,0.85,0.75
15231,rest,0.06005251035094261,0.9399474263191223,ExponentialSmoothing,0.6001181846832493,0.3998817943793347,0.85,0.75
15295,rest,0.0528385303914547,0.9471614956855774,ExponentialSmoothing,0.5180262365394801,0.4819737495752711,0.85,0.75
15359,rest,0.04973987117409706,0.9502601623535156,ExponentialSmoothing,0.44778328173467263,0.5522167114920078,0.85,0.75
15423,rest,0.054860811680555344,0.9451391696929932,ExponentialSmoothing,0.388844911226555,0.6111550802221557,0.85,0.75
15487,rest,0.0384707897901535,0.9615292549133301,ExponentialSmoothing,0.33628879301109477,0.6637112064258319,0.85,0.75
15551,rest,0.06445902585983276,0.935541033744812,ExponentialSmoothing,0.2955143279384055,0.704485680523679,0.85,0.75
15615,rest,0.15085290372371674,0.8491471409797668,ExponentialSmoothing,0.2738151143062022,0.7261848995920922,0.85,0.75
15679,rest,0.2814926207065582,0.7185073494911194,ExponentialSmoothing,0.2749667402662556,0.7250332670769464,0.85,0.75
15743,rest,0.2857000231742859,0.7143000364303589,ExponentialSmoothing,0.27657673270246014,0.7234232824799582,0.85,0.75
15807,rest,0.19503530859947205,0.8049647212028503,ExponentialSmoothing,0.2643455190870119,0.7356544982883921,0.85,0.75
15871,rest,0.19244781136512756,0.80755215883255,ExponentialSmoothing,0.25356086292872926,0.7464391473700158,0.85,0.75
15935,rest,0.362199604511261,0.637800395488739,ExponentialSmoothing,0.26985667416610903,0.7301433345878243,0.85,0.75
15999,rest,0.39147740602493286,0.6085225939750671,ExponentialSmoothing,0.28809978394493263,0.7119002234959108,0.85,0.75
16063,rest,0.3514727056026459,0.6485272645950317,ExponentialSmoothing,0.2976057221935896,0.7023942796607789,0.85,0.75
16127,rest,0.40849193930625916,0.5915080904960632,ExponentialSmoothing,0.31423865476049,0.6857613512860715,0.85,0.75
16191,rest,0.46734046936035156,0.5326595306396484,ExponentialSmoothing,0.3372039269504693,0.662796078189108,0.85,0.75
16255,rest,0.5632147789001465,0.43678519129753113,ExponentialSmoothing,0.3711055547429209,0.6288944451553715,0.85,0.75
16319,rest,0.5843148827552795,0.41568514704704285,ExponentialSmoothing,0.4030869539447747,0.5969130504391222,0.85,0.75
16383,rest,0.6268582940101624,0.37314173579216003,ExponentialSmoothing,0.43665265495458283,0.563347353242078,0.85,0.75
16447,rest,0.6110691428184509,0.3889308571815491,ExponentialSmoothing,0.4628151281341631,0.5371848788329986,0.85,0.75
16511,rest,0.5457265973091125,0.45427337288856506,ExponentialSmoothing,0.47525184851040553,0.5247481529413336,0.85,0.75
16575,rest,0.503101110458374,0.496898889541626,ExponentialSmoothing,0.4794292378026008,0.5205707634313774,0.85,0.75
16639,rest,0.5438923835754395,0.45610764622688293,ExponentialSmoothing,0.4890987096685266,0.5109012958507032,0.85,0.75
16703,rest,0.5605500340461731,0.43944990634918213,ExponentialSmoothing,0.4998164083251736,0.500183587425475,0.85,0.75
16767,rest,0.5708408355712891,0.42915916442871094,ExponentialSmoothing,0.510470072412091,0.4895299239759604,0.85,0.75
16831,rest,0.45590266585350037,0.5440973043441772,ExponentialSmoothing,0.5022849614283024,0.4977150310311929,0.85,0.75
16895,rest,0.36799880862236023,0.6320011615753174,ExponentialSmoothing,0.48214203850741105,0.5178579506128116,0.85,0.75
16959,rest,0.4606132209300995,0.5393868088722229,ExponentialSmoothing,0.4789127158708143,0.5210872793517233,0.85,0.75
17023,rest,0.555126965045929,0.44487300515174866,ExponentialSmoothing,0.4903448532470815,0.5096551382217271,0.85,0.75
17087,rest,0.7577234506607056,0.24227654933929443,ExponentialSmoothing,0.5304516428591252,0.4695483498893622,0.85,0.75
17151,rest,0.7616623044013977,0.2383376806974411,ExponentialSmoothing,0.565133242090466,0.434866749510574,0.85,0.75
17215,rest,0.6489173769950867,0.3510826826095581,ExponentialSmoothing,0.5777008623261591,0.42229913947542164,0.85,0.75
17279,rest,0.6221890449523926,0.37781089544296265,ExponentialSmoothing,0.5843740897200942,0.4156259028705528,0.85,0.75
17343,rest,0.5668345093727112,0.43316546082496643,ExponentialSmoothing,0.5817431526679867,0.4182568365637148,0.85,0.75
17407,rest,0.3077125549316406,0.6922875046730042,ExponentialSmoothing,0.5406385630075348,0.4593614367801082,0.85,0.75
17471,rest,0.15021847188472748,0.8497815132141113,ExponentialSmoothing,0.4820755493391136,0.5179244482452087,0.85,0.75
17535,rest,0.12878787517547607,0.8712121248245239,ExponentialSmoothing,0.42908239821456795,0.570917599732106,0.85,0.75
17599,rest,0.29483431577682495,0.705165684223175,ExponentialSmoothing,0.4089451858489065,0.5910548124057663,0.85,0.75
17663,rest,0.26679086685180664,0.7332091331481934,ExponentialSmoothing,0.38762203799934153,0.6123779605171304,0.85,0.75
17727,rest,0.2720097005367279,0.7279902696609497,ExponentialSmoothing,0.3702801873799495,0.6297198068887033,0.85,0.75
17791,rest,0.5870130658149719,0.41298696398735046,ExponentialSmoothing,0.40279011914520285,0.5972098804535003,0.85,0.75
17855,rest,0.6724277138710022,0.3275723159313202,ExponentialSmoothing,0.44323575835407275,0.5567642457751732,0.85,0.75
17919,rest,0.6299405097961426,0.3700595200061798,ExponentialSmoothing,0.4712414710703832,0.5287585369098242,0.85,0.75
17983,rest,0.7528640031814575,0.24713601171970367,ExponentialSmoothing,0.5134848508870443,0.48651515813130614,0.85,0.75
18047,rest,0.6928314566612244,0.30716848373413086,ExponentialSmoothing,0.5403868417531713,0.45961315697172983,0.85,0.75
18111,rest,0.7198262810707092,0.28017374873161316,ExponentialSmoothing,0.5673027576508021,0.43269724573571233,0.85,0.75
18175,rest,0.7118423581123352,0.28815770149230957,ExponentialSmoothing,0.588983697720032,0.4110163140992019,0.85,0.75
18239,rest,0.8097358345985413,0.19026418030261993,ExponentialSmoothing,0.6220965182518083,0.3779034940297146,0.85,0.75
18303,rest,0.8781178593635559,0.12188216298818588,ExponentialSmoothing,0.6604997194185704,0.3395002943734853,0.85,0.75
18367,rest,0.9510018825531006,0.04899805784225464,ExponentialSmoothing,0.70407504388875,0.2959249588938007,0.85,0.75
18431,rest,0.9836829304695129,0.016317099332809448,ExponentialSmoothing,0.7460162268758644,0.25398377995965205,0.85,0.75
18495,left_hand,0.9850249886512756,0.01497501228004694,ExponentialSmoothing,0.7818675411421762,0.21813246480771128,0.85,0.75
18559,left_hand,0.9870426654815674,0.012957402504980564,ExponentialSmoothing,0.8126438097930848,0.18735620546230167,0.85,0.75
18623,left_hand,0.9869545102119446,0.01304550375789404,ExponentialSmoothing,0.8387904148559138,0.16120960020664052,0.85,0.75
18687,left_hand,0.9865177273750305,0.013482201844453812,ExponentialSmoothing,0.8609495117337813,0.1390504904523125,0.85,0.75
18751,left_hand,0.9844784736633301,0.015521585009992123,ExponentialSmoothing,0.8794788560232136,0.12052115463596444,0.85,0.75
18815,left_hand,0.9840160608291626,0.015983980149030685,ExponentialSmoothing,0.8951594367441059,0.10484057846292438,0.85,0.75
18879,left_hand,0.9832006692886353,0.01679934561252594,ExponentialSmoothing,0.9083656216257853,0.09163439353536461,0.85,0.75
18943,left_hand,0.983173668384552,0.016826270148158073,ExponentialSmoothing,0.9195868286396003,0.08041317502728362,0.85,0.75
19007,left_hand,0.9840696454048157,0.01593036949634552,ExponentialSmoothing,0.9292592511543827,0.0707407541976429,0.85,0.75
19071,left_hand,0.9781284928321838,0.021871544420719147,ExponentialSmoothing,0.9365896374060529,0.06341037273110434,0.85,0.75
19135,left_hand,0.9780368208885193,0.02196323685348034,ExponentialSmoothing,0.9428067149284228,0.05719330234946073,0.85,0.75
19199,left_hand,0.9661058187484741,0.03389420732855797,ExponentialSmoothing,0.9463015805014305,0.05369843809632532,0.85,0.75
19263,left_hand,0.9379419684410095,0.06205803155899048,ExponentialSmoothing,0.9450476386923674,0.05495237711572509,0.85,0.75
19327,left_hand,0.8864547610282898,0.1135452389717102,ExponentialSmoothing,0.9362587070427557,0.06374130639412287,0.85,0.75
19391,left_hand,0.8462094664573669,0.15379050374031067,ExponentialSmoothing,0.9227513209549474,0.07724868599605104,0.85,0.75
19455,left_hand,0.765258252620697,0.2347416877746582,ExponentialSmoothing,0.8991273607048098,0.10087263626284212,0.85,0.75
19519,left_hand,0.7137774229049683,0.28622257709503174,ExponentialSmoothing,0.8713248700348335,0.12867512738767056,0.85,0.75
19583,left_hand,0.547354519367218,0.4526454508304596,ExponentialSmoothing,0.8227293174346911,0.17727067590408893,0.85,0.75
19647,left_hand,0.8797473907470703,0.1202525869011879,ExponentialSmoothing,0.8312820284315481,0.1687179625536538,0.85,0.75
19711,left_hand,0.8766666054725647,0.12333343178033829,ExponentialSmoothing,0.8380897149877006,0.16191028293765644,0.85,0.75
19775,left_hand,0.8860835433006287,0.11391641199588776,ExponentialSmoothing,0.8452887892346398,0.15471120229639115,0.85,0.75
19839,left_hand,0.8971048593521118,0.10289513319730759,ExponentialSmoothing,0.8530611997522606,0.14693879193152865,0.85,0.75
19903,left_hand,0.9090176820755005,0.09098229557275772,ExponentialSmoothing,0.8614546721007466,0.138545317477713,0.85,0.75
19967,left_hand,0.9414870142936707,0.058512989431619644,ExponentialSmoothing,0.8734595234296851,0.126540468270799,0.85,0.75
20031,left_hand,0.9219257831573486,0.07807426899671555,ExponentialSmoothing,0.8807294623888346,0.11927053837968649,0.85,0.75
20095,left_hand,0.9695357084274292,0.030464356765151024,ExponentialSmoothing,0.8940503992946238,0.10594961113750616,0.85,0.75
20159,left_hand,0.9882825016975403,0.011717456392943859,ExponentialSmoothing,0.9081852146550613,0.09181478792582182,0.85,0.75
20223,left_hand,0.9860240817070007,0.013975868932902813,ExponentialSmoothing,0.9198610447128521,0.08013895007688396,0.85,0.75
20287,left_hand,0.9747890830039978,0.02521088905632496,ExponentialSmoothing,0.928100250456524,0.07189974092380011,0.85,0.75
20351,left_hand,0.9512106776237488,0.0487893745303154,ExponentialSmoothing,0.9315668145316077,0.0684331859647774,0.85,0.75
20415,left_hand,0.8224955201148987,0.1775044947862625,ExponentialSmoothing,0.9152061203691013,0.08479388228800017,0.85,0.75
20479,left_hand,0.7930202484130859,0.20697978138923645,ExponentialSmoothing,0.896878239575699,0.1031217671531856,0.85,0.75
20543,left_hand,0.6634150147438049,0.3365849554538727,ExponentialSmoothing,0.8618587558509149,0.13814124539828868,0.85,0.75
20607,left_hand,0.6245388984680176,0.37546104192733765,ExponentialSmoothing,0.8262607772434802,0.17373921487764604,0.85,0.75
20671,left_hand,0.6654620170593262,0.33453798294067383,ExponentialSmoothing,0.8021409632158572,0.1978590300871002,0.85,0.75
20735,left_hand,0.577037513256073,0.4229625165462494,ExponentialSmoothing,0.7683754457218894,0.23162455305597257,0.85,0.75
20799,rest,0.5848672986030579,0.4151327311992645,ExponentialSmoothing,0.7408492236540647,0.25915077977746637,0.85,0.75
20863,rest,0.34201356768608093,0.6579864025115967,ExponentialSmoothing,0.6810238752588671,0.31897612318758595,0.85,0.75
20927,rest,0.3571746349334717,0.6428253650665283,ExponentialSmoothing,0.6324464892100577,0.3675535094694273,0.85,0.75
20991,rest,0.22256319224834442,0.7774367928504944,ExponentialSmoothing,0.5709639946658008,0.4290360019765873,0.85,0.75
21055,rest,0.11447329819202423,0.885526716709137,ExponentialSmoothing,0.5024903901947343,0.49750960918646975,0.85,0.75
21119,rest,0.06568204611539841,0.9343178868293762,ExponentialSmoothing,0.43696913858283387,0.5630308508329057,0.85,0.75
21183,rest,0.06474591046571732,0.9352540969848633,ExponentialSmoothing,0.38113565436526636,0.6188643377556994,0.85,0.75
21247,rest,0.14541688561439514,0.8545830845832825,ExponentialSmoothing,0.3457778390526357,0.6542221497798368,0.85,0.75
21311,rest,0.3685314655303955,0.6314685940742493,ExponentialSmoothing,0.3491908830242997,0.6508091164239986,0.85,0.75
21375,rest,0.5597057342529297,0.4402942657470703,ExponentialSmoothing,0.3807681107085942,0.6192318888224594,0.85,0.75
21439,rest,0.6421629786491394,0.3578369915485382,ExponentialSmoothing,0.419977340899676,0.5800226542313712,0.85,0.75
21503,rest,0.7871943712234497,0.2128056436777115,ExponentialSmoothing,0.475059895448242,0.5249401026483222,0.85,0.75
21567,rest,0.6874127388000488,0.3125872313976288,ExponentialSmoothing,0.5069128219510131,0.4930871719607182,0.85,0.75
21631,rest,0.6924210786819458,0.3075789511203766,ExponentialSmoothing,0.534739060460653,0.46526093883466696,0.85,0.75
21695,rest,0.707362711429596,0.29263731837272644,ExponentialSmoothing,0.5606326081059945,0.43936739576537587,0.85,0.75
21759,rest,0.7161334753036499,0.2838664948940277,ExponentialSmoothing,0.5839577381856428,0.41604226063467364,0.85,0.75
21823,rest,0.7808642983436584,0.21913568675518036,ExponentialSmoothing,0.6134937222093452,0.38650627455274966,0.85,0.75
21887,rest,0.8175606727600098,0.182439386844635,ExponentialSmoothing,0.6441037647919449,0.3558962413965325,0.85,0.75
21951,rest,0.8505521416664124,0.14944787323474884,ExponentialSmoothing,0.675071021323115,0.32492898617226496,0.85,0.75
22015,rest,0.9133437275886536,0.08665629476308823,ExponentialSmoothing,0.7108119272629458,0.28918808246088845,0.85,0.75
22079,rest,0.9616926312446594,0.03830742835998535,ExponentialSmoothing,0.7484440328602029,0.251555984345753,0.85,0.75
22143,left_hand,0.978367805480957,0.021632220596075058,ExponentialSmoothing,0.782932598753316,0.2170674197833013,0.85,0.75
22207,left_hand,0.9748942255973816,0.02510572038590908,ExponentialSmoothing,0.8117268427799258,0.18827316487369247,0.85,0.75
22271,left_hand,0.9459987282752991,0.054001227021217346,ExponentialSmoothing,0.8318676256042318,0.1681323741958212,0.85,0.75
22335,left_hand,0.8873395323753357,0.11266043037176132,ExponentialSmoothing,0.8401884116198974,0.1598115826222122,0.85,0.75
22399,left_hand,0.8324437141418457,0.16755622625350952,ExponentialSmoothing,0.8390267069981897,0.1609732791669068,0.85,0.75
22463,left_hand,0.8000763654708862,0.19992364943027496,ExponentialSmoothing,0.8331841557690941,0.166815834706412,0.85,0.75
22527,left_hand,0.9104700088500977,0.08952997624874115,ExponentialSmoothing,0.8447770337312447,0.15522295593776136,0.85,0.75
22591,left_hand,0.9614930748939514,0.03850695490837097,ExponentialSmoothing,0.8622844399056507,0.1377155557833528,0.85,0.75
22655,left_hand,0.9559317827224731,0.044068239629268646,ExponentialSmoothing,0.876331541328174,0.12366845836024017,0.85,0.75
22719,left_hand,0.9589526653289795,0.041047368198633194,ExponentialSmoothing,0.8887247099282949,0.11127529483599913,0.85,0.75
22783,left_hand,0.9680711030960083,0.03192891553044319,ExponentialSmoothing,0.9006266689034519,0.09937333794016573,0.85,0.75
22847,left_hand,0.9748623967170715,0.0251376423984766,ExponentialSmoothing,0.9117620280754949,0.08823798360891236,0.85,0.75
22911,left_hand,0.9784520268440247,0.021547948941588402,ExponentialSmoothing,0.9217655278907744,0.07823447840881376,0.85,0.75
22975,left_hand,0.9870721697807312,0.012927858158946037,ExponentialSmoothing,0.9315615241742679,0.0684384853713336,0.85,0.75
23039,left_hand,0.982163667678833,0.017836304381489754,ExponentialSmoothing,0.9391518456999527,0.06084815822285702,0.85,0.75
23103,left_hand,0.9804259538650513,0.01957407034933567,ExponentialSmoothing,0.9453429619247176,0.05465704504182882,0.85,0.75
23167,left_hand,0.9902837872505188,0.00971619039773941,ExponentialSmoothing,0.9520840857235877,0.04791591684521541,0.85,0.75
23231,left_hand,0.9952672719955444,0.004732754081487656,ExponentialSmoothing,0.9585615636643812,0.04143844243065624,0.85,0.75
23295,left_hand,0.9952594637870789,0.004740540403872728,ExponentialSmoothing,0.9640662486827858,0.03593375712663871,0.85,0.75
23359,left_hand,0.9937105178833008,0.006289454642683268,ExponentialSmoothing,0.968512889062863,0.031487111754045394,0.85,0.75
23423,left_hand,0.9916531443595886,0.00834681373089552,ExponentialSmoothing,0.9719839273573718,0.028016067050572913,0.85,0.75
23487,left_hand,0.9938166737556458,0.00618326012045145,ExponentialSmoothing,0.975258839317113,0.024741146011054694,0.85,0.75
23551,left_hand,0.9910534024238586,0.008946601301431656,ExponentialSmoothing,0.9776280237831249,0.022371964304611237,0.85,0.75
23615,left_hand,0.991497814655304,0.008502164855599403,ExponentialSmoothing,0.9797084924139516,0.02029149438725946,0.85,0.75
23679,left_hand,0.9783350825309753,0.021664954721927643,ExponentialSmoothing,0.9795024809315052,0.02049751343745969,0.85,0.75
23743,left_hand,0.9802911281585693,0.019708890467882156,ExponentialSmoothing,0.9796207780155648,0.020379219992023058,0.85,0.75
23807,left_hand,0.9752092957496643,0.024790748953819275,ExponentialSmoothing,0.9789590556756798,0.02104094933629249,0.85,0.75
23871,left_hand,0.9733399748802185,0.026660054922103882,ExponentialSmoothing,0.9781161935563606,0.021883815174164198,0.85,0.75
23935,left_hand,0.974100649356842,0.025899307802319527,ExponentialSmoothing,0.9775138619264329,0.022486139068387496,0.85,0.75
23999,left_hand,0.9760128855705261,0.023987093940377235,ExponentialSmoothing,0.977288715473047,0.02271128229918596,0.85,0.75
24063,left_hand,0.96893310546875,0.031066864728927612,ExponentialSmoothing,0.9760353739724024,0.02396461966364721,0.85,0.75
24127,left_hand,0.9674211144447327,0.032578952610492706,ExponentialSmoothing,0.9747432350432519,0.025256769605674034,0.85,0.75
24191,left_hand,0.9544379115104675,0.04556206986308098,ExponentialSmoothing,0.9716974365133343,0.028302564644285075,0.85,0.75
24255,left_hand,0.9376533627510071,0.06234658509492874,ExponentialSmoothing,0.9665908254489852,0.03340916771188163,0.85,0.75
24319,left_hand,0.9266029596328735,0.07339700311422348,ExponentialSmoothing,0.9605926455765685,0.03940734302223291,0.85,0.75
24383,left_hand,0.9066295623779297,0.09337042272090912,ExponentialSmoothing,0.9524981830967727,0.047501804977034344,0.85,0.75
24447,left_hand,0.8888676762580872,0.11113227903842926,ExponentialSmoothing,0.9429536070709699,0.05704637608624358,0.85,0.75
24511,left_hand,0.8238179683685303,0.17618206143379211,ExponentialSmoothing,0.9250832612656039,0.07491672888837586,0.85,0.75
24575,left_hand,0.8976739048957825,0.1023261770606041,ExponentialSmoothing,0.9209718578101307,0.0790281461142101,0.85,0.75
24639,left_hand,0.9090108275413513,0.09098915010690689,ExponentialSmoothing,0.9191777032698137,0.08082229671311461,0.85,0.75
24703,left_hand,0.8546858429908752,0.14531418681144714,ExponentialSmoothing,0.9095039242279729,0.09049608022786448,0.85,0.75
24767,left_hand,0.849139392375946,0.15086062252521515,ExponentialSmoothing,0.9004492444501688,0.09955076157246708,0.85,0.75
24831,left_hand,0.8999602794647217,0.1000397726893425,ExponentialSmoothing,0.9003758997023517,0.09962411323999838,0.85,0.75
24895,left_hand,0.8021290898323059,0.1978708952665329,ExponentialSmoothing,0.8856388782218447,0.11436113054397856,0.85,0.75
24959,left_hand,0.7798274159431458,0.22017258405685425,ExponentialSmoothing,0.86976715888004,0.13023284857090991,0.85,0.75
25023,left_hand,0.7093732357025146,0.29062676429748535,ExponentialSmoothing,0.8457080704034112,0.15429193592989623,0.85,0.75
25087,left_hand,0.809741735458374,0.1902582347393036,ExponentialSmoothing,0.8403131201616557,0.15968688075130733,0.85,0.75
25151,left_hand,0.8851044774055481,0.11489555239677429,ExponentialSmoothing,0.8470318237482395,0.15296818149812735,0.85,0.75
25215,left_hand,0.9073472619056702,0.09265269339084625,ExponentialSmoothing,0.8560791394718541,0.14392085828203519,0.85,0.75
25279,left_hand,0.9604035019874573,0.03959651291370392,ExponentialSmoothing,0.8717277938491946,0.1282722064767855,0.85,0.75
25343,left_hand,0.954838752746582,0.04516126960515976,ExponentialSmoothing,0.8841944376838028,0.11580556594604163,0.85,0.75
25407,left_hand,0.955897331237793,0.044102638959884644,ExponentialSmoothing,0.8949498717169013,0.10505012689811809,0.85,0.75
25471,left_hand,0.9620575904846191,0.03794240206480026,ExponentialSmoothing,0.9050160295320591,0.09498396817312041,0.85,0.75
25535,left_hand,0.9705479741096497,0.029452094808220863,ExponentialSmoothing,0.9148458212186976,0.08515418716838548,0.85,0.75
25599,left_hand,0.9680242538452148,0.031975772231817245,ExponentialSmoothing,0.9228225861126752,0.07717742492790024,0.85,0.75
25663,left_hand,0.9613193273544312,0.03868062421679497,ExponentialSmoothing,0.9285970972989386,0.07140290482123444,0.85,0.75
25727,left_hand,0.9223005771636963,0.07769940793514252,ExponentialSmoothing,0.9276526192786523,0.07234738028832066,0.85,0.75
25791,left_hand,0.9153568744659424,0.08464306592941284,ExponentialSmoothing,0.9258082575567458,0.07419173313448449,0.85,0.75
25855,left_hand,0.9323365688323975,0.06766337156295776,ExponentialSmoothing,0.9267875042480935,0.07321247889875547,0.85,0.75
25919,left_hand,0.9257880449295044,0.07421200722455978,ExponentialSmoothing,0.9266375853503052,0.07336240814762612,0.85,0.75
25983,left_hand,0.9310433268547058,0.06895670294761658,ExponentialSmoothing,0.9272984465759653,0.0727015523676247,0.85,0.75
26047,left_hand,0.8881937265396118,0.11180621385574341,ExponentialSmoothing,0.9214327385705123,0.0785672515908425,0.85,0.75
26111,left_hand,0.8889361619949341,0.11106378585100174,ExponentialSmoothing,0.9165582520841755,0.08344173172986638,0.85,0.75
26175,left_hand,0.8492200374603271,0.15077994763851166,ExponentialSmoothing,0.9064575198905982,0.09354246411616318,0.85,0.75
26239,left_hand,0.8613595962524414,0.1386403739452362,ExponentialSmoothing,0.8996928313448747,0.10030715059052414,0.85,0.75
26303,left_hand,0.8728498220443726,0.12715017795562744,ExponentialSmoothing,0.8956663799497994,0.10433360469528963,0.85,0.75
26367,left_hand,0.8804251551628113,0.11957485973834991,ExponentialSmoothing,0.8933801962317511,0.10661979295174867,0.85,0.75
26431,left_hand,0.9145401120185852,0.08545992523431778,ExponentialSmoothing,0.8965541835997762,0.10344581279413403,0.85,0.75
26495,left_hand,0.9423639178276062,0.05763610452413559,ExponentialSmoothing,0.9034256437339507,0.09657435655363428,0.85,0.75
26559,left_hand,0.9677969813346863,0.032203011214733124,ExponentialSmoothing,0.9130813443740611,0.0869186547527991,0.85,0.75
26623,left_hand,0.9857010841369629,0.014298941940069199,ExponentialSmoothing,0.9239743053384963,0.07602569783088961,0.85,0.75
26687,left_hand,0.9873535633087158,0.012646449729800224,ExponentialSmoothing,0.9334811940340293,0.0665188106157262,0.85,0.75
26751,left_hand,0.9873532056808472,0.012646825052797794,ExponentialSmoothing,0.9415619957810519,0.05843801278128694,0.85,0.75
26815,left_hand,0.9862667322158813,0.01373326312750578,ExponentialSmoothing,0.9482677062462763,0.051732300333219766,0.85,0.75
26879,left_hand,0.9881845712661743,0.011815409176051617,ExponentialSmoothing,0.954255235999261,0.045744766659644547,0.85,0.75
26943,left_hand,0.9899781942367554,0.01002182811498642,ExponentialSmoothing,0.9596136797348851,0.04038632587794583,0.85,0.75
27007,left_hand,0.9933719635009766,0.006628020200878382,ExponentialSmoothing,0.9646774222997988,0.03532258002638571,0.85,0.75
27071,left_hand,0.9928877949714661,0.007112216204404831,ExponentialSmoothing,0.9689089782005489,0.031091025453088582,0.85,0.75
27135,left_hand,0.9928434491157532,0.007156579289585352,ExponentialSmoothing,0.9724991488378296,0.027500858528563096,0.85,0.75
27199,left_hand,0.9926556348800659,0.007344404235482216,ExponentialSmoothing,0.975522621744165,0.024477390384600964,0.85,0.75
27263,left_hand,0.992887556552887,0.007112452294677496,ExponentialSmoothing,0.9781273619654733,0.021872649671112444,0.85,0.75
27327,left_hand,0.9910270571708679,0.008972954005002975,ExponentialSmoothing,0.9800623162462825,0.019937695321196023,0.85,0.75
27391,left_hand,0.9869179129600525,0.013082102872431278,ExponentialSmoothing,0.981090655753348,0.01890935645388131,0.85,0.75
27455,left_hand,0.9806309938430786,0.01936900056898594,ExponentialSmoothing,0.9810217064668076,0.018978303071147007,0.85,0.75
27519,left_hand,0.9631173610687256,0.03688265383243561,ExponentialSmoothing,0.9783360546570954,0.021663955685340297,0.85,0.75
27583,left_hand,0.8693230748176575,0.13067695498466492,ExponentialSmoothing,0.9619841076811797,0.038015905580239,0.85,0.75
27647,left_hand,0.8004440665245056,0.1995559185743332,ExponentialSmoothing,0.9377531015076785,0.062246907529353135,0.85,0.75
27711,left_hand,0.7698348164558411,0.2301652580499649,ExponentialSmoothing,0.9125653587499029,0.08743466010744491,0.85,0.75
27775,left_hand,0.7186647653579712,0.2813352644443512,ExponentialSmoothing,0.883480269741113,0.11651975075798085,0.85,0.75
27839,left_hand,0.5075682401657104,0.49243175983428955,ExponentialSmoothing,0.8270934653048027,0.17290655211942715,0.85,0.75
27903,rest,0.1720009446144104,0.8279990553855896,ExponentialSmoothing,0.7288295872012438,0.27117042760935156,0.85,0.75
27967,rest,0.08101392537355423,0.9189860820770264,ExponentialSmoothing,0.6316572379270904,0.3683427757795028,0.85,0.75
28031,rest,0.054288722574710846,0.9457112550735474,ExponentialSmoothing,0.5450519606242334,0.4549480476736095,0.85,0.75
28095,rest,0.07334981113672256,0.9266501665115356,ExponentialSmoothing,0.4742966382011068,0.5257033654992984,0.85,0.75
28159,rest,0.03425070270895958,0.9657492637634277,ExponentialSmoothing,0.4082897478772847,0.5917102502389178,0.85,0.75
28223,rest,0.025653693825006485,0.9743462800979614,ExponentialSmoothing,0.350894339769443,0.6491056547177743,0.85,0.75
28287,rest,0.02939894236624241,0.9706010818481445,ExponentialSmoothing,0.30267003015896293,0.6973299687873298,0.85,0.75
28351,rest,0.04486370459198952,0.9551362991333008,ExponentialSmoothing,0.2639990813239169,0.7360009183392253,0.85,0.75
28415,right_hand,0.052826449275016785,0.9471734762191772,ExponentialSmoothing,0.23232318651658188,0.7676768020212181,0.85,0.75
28479,right_hand,0.06770894676446915,0.9322910904884338,ExponentialSmoothing,0.20763105055376496,0.7923689452913005,0.85,0.75
28543,right_hand,0.11526288837194443,0.8847370743751526,ExponentialSmoothing,0.19377582622649187,0.8062241646538784,0.85,0.75
28607,right_hand,0.17356202006340027,0.8264379501342773,ExponentialSmoothing,0.1907437553020281,0.8092562324759383,0.85,0.75
28671,right_hand,0.17234167456626892,0.8276582956314087,ExponentialSmoothing,0.1879834431916642,0.8120165419492589,0.85,0.75
28735,right_hand,0.38906553387641907,0.6109344959259033,ExponentialSmoothing,0.21814575679437745,0.7818542350457556,0.85,0.75
28799,right_hand,0.2689659297466278,0.7310341000556946,ExponentialSmoothing,0.225768782737215,0.7742312147972464,0.85,0.75
28863,right_hand,0.28313639760017395,0.7168635725975037,ExponentialSmoothing,0.23437392496665885,0.765626068467285,0.85,0.75
28927,right_hand,0.3340766429901123,0.6659232974052429,ExponentialSmoothing,0.24932933267017687,0.7506706528079786,0.85,0.75
28991,rest,0.30611369013786316,0.6938862800598145,ExponentialSmoothing,0.2578469862903298,0.742152996895754,0.85,0.75
29055,rest,0.33720117807388306,0.6627987623214722,ExponentialSmoothing,0.2697501150578628,0.7302498617096118,0.85,0.75
29119,rest,0.389994353055954,0.6100056171417236,ExponentialSmoothing,0.2877867507575765,0.7122132250244286,0.85,0.75
29183,rest,0.4143465459346771,0.5856534838676453,ExponentialSmoothing,0.3067707200341416,0.6932292638509111,0.85,0.75
29247,rest,0.3093567490577698,0.6906432509422302,ExponentialSmoothing,0.3071586243876858,0.692841361914609,0.85,0.75
29311,rest,0.2981009781360626,0.7018990516662598,ExponentialSmoothing,0.3057999774499423,0.6942000153773566,0.85,0.75
29375,rest,0.24583125114440918,0.754168689250946,ExponentialSmoothing,0.29680466850411236,0.7031953164583951,0.85,0.75
29439,rest,0.21635635197162628,0.7836437225341797,ExponentialSmoothing,0.28473742102423943,0.7152625773697627,0.85,0.75
29503,rest,0.22949883341789246,0.7705011367797852,ExponentialSmoothing,0.2764516328832874,0.7235483612812661,0.85,0.75
29567,rest,0.2271883636713028,0.7728115916252136,ExponentialSmoothing,0.2690621425014897,0.7309378458328583,0.85,0.75
29631,rest,0.19140781462192535,0.8085922002792358,ExponentialSmoothing,0.25741399331955506,0.7425859989998149,0.85,0.75
29695,rest,0.7249934077262878,0.27500656247138977,ExponentialSmoothing,0.327550905480565,0.6724490835205512,0.85,0.75
29759,rest,0.7843072414398193,0.21569275856018066,ExponentialSmoothing,0.3960643558744531,0.6039356347764956,0.85,0.75
29823,rest,0.8492456078529358,0.15075436234474182,ExponentialSmoothing,0.4640415436712255,0.5359584439117325,0.85,0.75
29887,rest,0.9248189330101013,0.07518110424280167,ExponentialSmoothing,0.5331581520720569,0.46684184296139286,0.85,0.75
29951,rest,0.9500818252563477,0.04991815984249115,ExponentialSmoothing,0.5956967030497005,0.40430329049355757,0.85,0.75
30015,rest,0.9758477807044983,0.024152174592018127,ExponentialSmoothing,0.6527193646979201,0.34728062310832664,0.85,0.75
30079,rest,0.9836770296096802,0.01632295362651348,ExponentialSmoothing,0.7023630144346842,0.29763697268605466,0.85,0.75
30143,rest,0.9751928448677063,0.02480718120932579,ExponentialSmoothing,0.7432874889996375,0.2567125039645453,0.85,0.75
30207,left_hand,0.970155656337738,0.029844405129551888,ExponentialSmoothing,0.7773177141003526,0.2226822891392963,0.85,0.75
30271,left_hand,0.9285192489624023,0.07148072868585587,ExponentialSmoothing,0.7999979443296601,0.20000205507128022,0.85,0.75
30335,left_hand,0.9437641501426697,0.05623583868145943,ExponentialSmoothing,0.8215628752016115,0.17843712261280711,0.85,0.75
30399,left_hand,0.9248359799385071,0.07516402006149292,ExponentialSmoothing,0.837053840912146,0.16294615723011,0.85,0.75
30463,left_hand,0.909423828125,0.09057620912790298,ExponentialSmoothing,0.8479093389940741,0.15209066501477894,0.85,0.75
30527,left_hand,0.8850182294845581,0.1149817407131195,ExponentialSmoothing,0.8534756725676467,0.14652432636953003,0.85,0.75
30591,left_hand,0.8526909351348877,0.14730903506278992,ExponentialSmoothing,0.8533579619527328,0.14664203267351902,0.85,0.75
30655,left_hand,0.8254655003547668,0.17453452944755554,ExponentialSmoothing,0.849174092713038,0.1508259071896245,0.85,0.75
30719,left_hand,0.903883159160614,0.0961168110370636,ExponentialSmoothing,0.8573804526801745,0.14261954276674035,0.85,0.75
30783,left_hand,0.8490209579467773,0.15097901225090027,ExponentialSmoothing,0.8561265284701649,0.14387346318936434,0.85,0.75
30847,left_hand,0.8027462959289551,0.19725371897220612,ExponentialSmoothing,0.8481194935889835,0.15188050155679061,0.85,0.75
30911,left_hand,0.5224298238754272,0.477570116519928,ExponentialSmoothing,0.79926604313195,0.20073394380126122,0.85,0.75
30975,rest,0.3342079818248749,0.6657920479774475,ExponentialSmoothing,0.7295073339358888,0.2704926594276892,0.85,0.75
31039,rest,0.5474523901939392,0.4525476098060608,ExponentialSmoothing,0.7021990923745964,0.2978009019844449,0.85,0.75
31103,rest,0.8363872766494751,0.16361278295516968,ExponentialSmoothing,0.7223273200158282,0.27767268413005364,0.85,0.75
31167,rest,0.8896066546440125,0.11039334535598755,ExponentialSmoothing,0.7474192202100558,0.25258078331394374,0.85,0.75
31231,left_hand,0.9195181727409363,0.08048184216022491,ExponentialSmoothing,0.7732340630896879,0.2267659421408859,0.85,0.75
31295,left_hand,0.9607219696044922,0.03927809000015259,ExponentialSmoothing,0.8013572490669085,0.1986427643197759,0.85,0.75
31359,left_hand,0.9334900975227356,0.0665099248290062,ExponentialSmoothing,0.8211771763352825,0.17882283839616042,0.85,0.75
31423,left_hand,0.9602300524711609,0.039770014584064484,ExponentialSmoothing,0.8420351077556643,0.15796491482434602,0.85,0.75
31487,left_hand,0.9799013137817383,0.020098676905035973,ExponentialSmoothing,0.8627150386595753,0.13728497913644952,0.85,0.75
31551,left_hand,0.9844211339950562,0.015578856691718102,ExponentialSmoothing,0.8809709529598975,0.1190290607697398,0.85,0.75
31615,left_hand,0.972162127494812,0.02783789113163948,ExponentialSmoothing,0.8946496291401347,0.10535038532402476,0.85,0.75
31679,left_hand,0.9673644304275513,0.03263555094599724,ExponentialSmoothing,0.9055568493332472,0.09444316016732063,0.85,0.75
31743,left_hand,0.9638796448707581,0.03612038120627403,ExponentialSmoothing,0.9143052686638738,0.08569474332316362,0.85,0.75
31807,left_hand,0.9785272479057312,0.021472787484526634,ExponentialSmoothing,0.9239385655501524,0.07606144994736808,0.85,0.75
31871,left_hand,0.9821150302886963,0.01788495108485222,ExponentialSmoothing,0.932665035260934,0.06733497511799069,0.85,0.75
31935,left_hand,0.9798035621643066,0.02019638754427433,ExponentialSmoothing,0.9397358142964399,0.060264186981933233,0.85,0.75
31999,left_hand,0.9848284125328064,0.015171590261161327,ExponentialSmoothing,0.946499704031895,0.053500297473817446,0.85,0.75
32063,left_hand,0.9843763113021851,0.015623703598976135,ExponentialSmoothing,0.9521811951224386,0.04781880839259125,0.85,0.75
32127,left_hand,0.9818912148475647,0.018108783289790154,ExponentialSmoothing,0.9566376980812075,0.04336230462717108,0.85,0.75
32191,left_hand,0.9835357666015625,0.0164642296731472,ExponentialSmoothing,0.9606724083592607,0.039327593384067494,0.85,0.75
32255,left_hand,0.9849427938461304,0.015057232230901718,ExponentialSmoothing,0.9643129661822911,0.035687039211092626,0.85,0.75
32319,left_hand,0.9869658946990967,0.013034125789999962,ExponentialSmoothing,0.967710905459812,0.03228910219792873,0.85,0.75
32383,left_hand,0.9860388040542603,0.013961177319288254,ExponentialSmoothing,0.9704600902489792,0.029539913466132658,0.85,0.75
32447,left_hand,0.9846582412719727,0.015341740101575851,ExponentialSmoothing,0.9725898129024282,0.027410187461449135,0.85,0.75
32511,left_hand,0.9862902760505676,0.013709749095141888,ExponentialSmoothing,0.9746448823746491,0.025355121706503045,0.85,0.75
32575,left_hand,0.9869300127029419,0.013069961220026016,ExponentialSmoothing,0.976487651923893,0.02351234763353149,0.85,0.75
32639,left_hand,0.9838618636131287,0.016138125211000443,ExponentialSmoothing,0.9775937836772783,0.022406214270151832,0.85,0.75
32703,left_hand,0.9841189384460449,0.015881139785051346,ExponentialSmoothing,0.9785725568925934,0.02142745309738676,0.85,0.75
32767,left_hand,0.9862040281295776,0.013795960694551468,ExponentialSmoothing,0.9797172775781411,0.020282729236961467,0.85,0.75
32831,left_hand,0.9838436245918274,0.01615632139146328,ExponentialSmoothing,0.9803362296301941,0.019663768060136737,0.85,0.75
32895,left_hand,0.9787476062774658,0.02125238999724388,ExponentialSmoothing,0.9800979361272848,0.01990206135070281,0.85,0.75
32959,left_hand,0.9762553572654724,0.023744598031044006,ExponentialSmoothing,0.9795215492980129,0.02047844185275399,0.85,0.75
33023,left_hand,0.978934109210968,0.021065834909677505,ExponentialSmoothing,0.9794334332849561,0.020566550811292515,0.85,0.75
33087,left_hand,0.9707925915718079,0.029207400977611542,ExponentialSmoothing,0.978137307027984,0.021862678336240372,0.85,0.75
33151,left_hand,0.9667254090309143,0.03327455371618271,ExponentialSmoothing,0.9764255223284235,0.023574459643231724,0.85,0.75
33215,left_hand,0.9545468091964722,0.045453187078237534,ExponentialSmoothing,0.9731437153586309,0.0268562687584826,0.85,0.75
33279,left_hand,0.9599031209945679,0.04009680822491646,ExponentialSmoothing,0.9711576262040215,0.028842349678447676,0.85,0.75
33343,left_hand,0.9695489406585693,0.030451059341430664,ExponentialSmoothing,0.9709163233722037,0.029083656127895124,0.85,0.75
33407,left_hand,0.9640876650810242,0.03591233119368553,ExponentialSmoothing,0.9698920246285267,0.030107957387763687,0.85,0.75
33471,left_hand,0.9587625861167908,0.04123742878437042,ExponentialSmoothing,0.9682226088517664,0.0317773780972547,0.85,0.75
33535,left_hand,0.9702891707420349,0.02971080131828785,ExponentialSmoothing,0.9685325931353066,0.031467391580409676,0.85,0.75
33599,left_hand,0.9730036854743958,0.026996321976184845,ExponentialSmoothing,0.9692032569861699,0.030796731139775952,0.85,0.75
33663,left_hand,0.9642865061759949,0.03571352735161781,ExponentialSmoothing,0.9684657443646436,0.03153425057155223,0.85,0.75
33727,left_hand,0.9627834558486938,0.03721659630537033,ExponentialSmoothing,0.9676134010872511,0.032386602431624945,0.85,0.75
33791,left_hand,0.964379072189331,0.03562089428305626,ExponentialSmoothing,0.9671282517525631,0.03287174620933964,0.85,0.75
33855,left_hand,0.9752794504165649,0.024720463901758194,ExponentialSmoothing,0.9683509315521635,0.03164905386320242,0.85,0.75
33919,left_hand,0.9846956133842468,0.01530442200601101,ExponentialSmoothing,0.970802633826976,0.02919735908462371,0.85,0.75
33983,left_hand,0.9879384636878967,0.012061526998877525,ExponentialSmoothing,0.9733730083061141,0.02662698427176178,0.85,0.75
34047,left_hand,0.9910457730293274,0.00895419716835022,ExponentialSmoothing,0.9760239230145962,0.023976066206250042,0.85,0.75
34111,left_hand,0.9914284348487854,0.00857159961014986,ExponentialSmoothing,0.9783345997897246,0.021665396216835015,0.85,0.75
34175,left_hand,0.9931163191795349,0.0068837315775454044,ExponentialSmoothing,0.9805518576981962,0.019448146520941574,0.85,0.75
34239,left_hand,0.9948350191116333,0.005165010690689087,ExponentialSmoothing,0.9826943319102118,0.0173056761464037,0.85,0.75
34303,left_hand,0.993462085723877,0.00653787050396204,ExponentialSmoothing,0.9843094949822615,0.015690505300037454,0.85,0.75
34367,left_hand,0.9922460913658142,0.007753877900540829,ExponentialSmoothing,0.9854999844397945,0.01450001119011296,0.85,0.75
34431,left_hand,0.9927090406417847,0.00729093374684453,ExponentialSmoothing,0.9865813428700929,0.013418649573622696,0.85,0.75
34495,left_hand,0.9917172789573669,0.0082827964797616,ExponentialSmoothing,0.987351733283184,0.012648271609543531,0.85,0.75
34559,left_hand,0.9921219348907471,0.007878130301833153,ExponentialSmoothing,0.9880672635243186,0.011932750413386973,0.85,0.75
34623,left_hand,0.9925960898399353,0.007403992582112551,ExponentialSmoothing,0.9887465874716612,0.01125343673869581,0.85,0.75
34687,left_hand,0.992798924446106,0.0072010899893939495,ExponentialSmoothing,0.989354438017828,0.01064558472630053,0.85,0.75
34751,left_hand,0.99058598279953,0.00941406562924385,ExponentialSmoothing,0.9895391697350833,0.010460856861742028,0.85,0.75
34815,left_hand,0.9776895046234131,0.022310469299554825,ExponentialSmoothing,0.9877617199683328,0.012238298727413947,0.85,0.75
34879,left_hand,0.9821516275405884,0.017848405987024307,ExponentialSmoothing,0.9869202061041712,0.013079814816355501,0.85,0.75
34943,left_hand,0.974053144454956,0.02594689466059208,ExponentialSmoothing,0.9849901468567889,0.015009876792990987,0.85,0.75
35007,left_hand,0.9186732172966003,0.08132677525281906,ExponentialSmoothing,0.9750426074227605,0.024957411561965202,0.85,0.75
35071,left_hand,0.7349755167961121,0.26502442359924316,ExponentialSmoothing,0.9390325438287632,0.0609674633675569,0.85,0.75
35135,left_hand,0.24908989667892456,0.7509101629257202,ExponentialSmoothing,0.8355411467562874,0.16445886830128142,0.85,0.75
35199,rest,0.05289841443300247,0.9471016526222229,ExponentialSmoothing,0.7181447369077947,0.28185528594942266,0.85,0.75
35263,rest,0.056685689836740494,0.943314254283905,ExponentialSmoothing,0.6189258798471365,0.381074131199595,0.85,0.75
35327,rest,0.03737146407365799,0.9626285433769226,ExponentialSmoothing,0.5316927174811148,0.4683072930261941,0.85,0.75
35391,rest,0.03740474954247475,0.9625952839851379,ExponentialSmoothing,0.4575495222903188,0.5424504916700357,0.85,0.75
35455,rest,0.028895074501633644,0.9711049199104309,ExponentialSmoothing,0.39325135512201603,0.606748655906095,0.85,0.75
35519,rest,0.020269067957997322,0.9797309041023254,ExponentialSmoothing,0.33730401204741317,0.6626959931355295,0.85,0.75
35583,rest,0.026800518855452538,0.9731994867324829,ExponentialSmoothing,0.29072848806861906,0.7092715171750725,0.85,0.75
35647,right_hand,0.019000092521309853,0.9809999465942383,ExponentialSmoothing,0.24996922873652266,0.7500307815879474,0.85,0.75
35711,right_hand,0.017200632020831108,0.9827993512153625,ExponentialSmoothing,0.2150539392291689,0.7849460670320597,0.85,0.75
35775,right_hand,0.023752449080348015,0.9762475490570068,ExponentialSmoothing,0.18635871570684576,0.8136412893358018,0.85,0.75
35839,right_hand,0.043841566890478134,0.9561583995819092,ExponentialSmoothing,0.1649811433843906,0.835018855872718,0.85,0.75
35903,right_hand,0.0778355672955513,0.9221644401550293,ExponentialSmoothing,0.1519093069710647,0.8480906935150647,0.85,0.75
35967,right_hand,0.10742165893316269,0.8925783038139343,ExponentialSmoothing,0.1452361597653794,0.8547638350598952,0.85,0.75
36031,right_hand,0.17942269146442413,0.8205772638320923,ExponentialSmoothing,0.1503641395202361,0.8496358493757248,0.85,0.75
36095,right_hand,0.3250548541545868,0.6749451160430908,ExponentialSmoothing,0.17656774671538872,0.8234322393758297,0.85,0.75
36159,right_hand,0.3985074460506439,0.6014925837516785,ExponentialSmoothing,0.20985870161567702,0.790141291032207,0.85,0.75
36223,right_hand,0.33649101853370667,0.6635090112686157,ExponentialSmoothing,0.22885354915338146,0.7711464490676683,0.85,0.75
36287,right_hand,0.3291855454444885,0.6708144545555115,ExponentialSmoothing,0.24390334859704754,0.7560966498908447,0.85,0.75
36351,rest,0.3751561641693115,0.6248438358306885,ExponentialSmoothing,0.26359127093288715,0.7364087277818212,0.85,0.75
36415,rest,0.3864344656467438,0.6135655641555786,ExponentialSmoothing,0.28201775013996566,0.7179822532378849,0.85,0.75
36479,rest,0.4187001883983612,0.5812998414039612,ExponentialSmoothing,0.302520115878725,0.6974798914627964,0.85,0.75
36543,rest,0.666513979434967,0.33348602056503296,ExponentialSmoothing,0.35711919541216136,0.642880810828132,0.85,0.75
36607,rest,0.9288424849510193,0.07115745544433594,ExponentialSmoothing,0.44287768884299006,0.5571223075205626,0.85,0.75
36671,rest,0.9324260354042053,0.06757403165102005,ExponentialSmoothing,0.5163099408271723,0.4836900661401312,0.85,0.75
36735,rest,0.9215132594108582,0.07848672568798065,ExponentialSmoothing,0.5770904386147252,0.42290956507230865,0.85,0.75
36799,rest,0.9096248149871826,0.09037522971630096,ExponentialSmoothing,0.6269705950705938,0.3730294147689075,0.85,0.75
36863,rest,0.8945077657699585,0.10549227148294449,ExponentialSmoothing,0.6671011706754986,0.33289884327601305,0.85,0.75
36927,rest,0.8626338839530945,0.13736611604690552,ExponentialSmoothing,0.696431077667138,0.30356893419164693,0.85,0.75
36991,rest,0.8146629333496094,0.18533705174922943,ExponentialSmoothing,0.7141658560195087,0.2858341518252843,0.85,0.75
37055,rest,0.8285133838653564,0.17148655652999878,ExponentialSmoothing,0.7313179851963859,0.2686820125309915,0.85,0.75
37119,left_hand,0.8811212182044983,0.1188787892460823,ExponentialSmoothing,0.7537884701476028,0.2462115290382551,0.85,0.75
37183,left_hand,0.9100843667984009,0.0899156853556633,ExponentialSmoothing,0.7772328546452225,0.22276715248586634,0.85,0.75
37247,left_hand,0.8792573809623718,0.12074263393878937,ExponentialSmoothing,0.792536533592795,0.2074634747038048,0.85,0.75
37311,left_hand,0.8773042559623718,0.12269575148820877,ExponentialSmoothing,0.8052516919482315,0.19474831622146538,0.85,0.75
37375,left_hand,0.8189107179641724,0.18108923733234406,ExponentialSmoothing,0.8073005458506227,0.19269945438809716,0.85,0.75
37439,left_hand,0.8206600546836853,0.1793399453163147,ExponentialSmoothing,0.8093044721755821,0.19069552802732978,0.85,0.75
37503,left_hand,0.4515068829059601,0.5484931468963623,ExponentialSmoothing,0.7556348337851388,0.24436517085768467,0.85,0.75
37567,rest,0.12442807108163834,0.8755719661712646,ExponentialSmoothing,0.6609538193796137,0.3390461901547217,0.85,0.75
37631,rest,0.07027249783277512,0.9297275543212891,ExponentialSmoothing,0.572351621147588,0.42764839477970684,0.85,0.75
37695,rest,0.06656255573034286,0.9334374070167542,ExponentialSmoothing,0.4964832613350012,0.5035167466152639,0.85,0.75
37759,rest,0.04715738818049431,0.9528425931930542,ExponentialSmoothing,0.42908438036182517,0.5709156236019325,0.85,0.75
37823,rest,0.10428929328918457,0.8957107663154602,ExponentialSmoothing,0.38036511730092903,0.6196348950089616,0.85,0.75
37887,rest,0.18246960639953613,0.8175303936004639,ExponentialSmoothing,0.35068079066572005,0.6493192197976869,0.85,0.75
37951,rest,0.2020493745803833,0.7979506850242615,ExponentialSmoothing,0.32838607825291954,0.6716139395816731,0.85,0.75
38015,rest,0.10210549831390381,0.8978945016860962,ExponentialSmoothing,0.2944439912620672,0.7055560238973366,0.85,0.75
38079,rest,0.15122447907924652,0.8487755060195923,ExponentialSmoothing,0.2729610644346441,0.727038946215675,0.85,0.75
38143,rest,0.2307378649711609,0.7692621350288391,ExponentialSmoothing,0.2666275845151216,0.7333724245376496,0.85,0.75
38207,rest,0.2375263124704361,0.7624736428260803,ExponentialSmoothing,0.26226239370841875,0.7377376072809142,0.85,0.75
38271,rest,0.24021315574645996,0.7597869038581848,ExponentialSmoothing,0.2589550080141249,0.7410450017675048,0.85,0.75
38335,right_hand,0.16779805719852448,0.8322019577026367,ExponentialSmoothing,0.24528146539178486,0.7547185451577746,0.85,0.75
38399,right_hand,0.13261914253234863,0.8673809170722961,ExponentialSmoothing,0.22838211696286942,0.7716179009449529,0.85,0.75
38463,right_hand,0.11220338195562363,0.8877965807914734,ExponentialSmoothing,0.21095530671178253,0.789044702921931,0.85,0.75
38527,right_hand,0.16780947148799896,0.8321905136108398,ExponentialSmoothing,0.204483431428215,0.7955165745252673,0.85,0.75
38591,right_hand,0.2572106420993805,0.7427893280982971,ExponentialSmoothing,0.21239251302888984,0.7876074875612218,0.85,0.75
38655,rest,0.5962551236152649,0.4037448763847351,ExponentialSmoothing,0.2699719046168461,0.7300280958847488,0.85,0.75
38719,rest,0.6137655973434448,0.3862343728542328,ExponentialSmoothing,0.3215409585258359,0.6784590374301714,0.85,0.75
38783,rest,0.652107834815979,0.3478921353816986,ExponentialSmoothing,0.3711259899693574,0.6288740021229005,0.85,0.75
38847,rest,0.5066121816635132,0.49338778853416443,ExponentialSmoothing,0.39144891872348075,0.6085510700845901,0.85,0.75
38911,rest,0.6101897358894348,0.3898102641105652,ExponentialSmoothing,0.42426004129837386,0.5757399491884864,0.85,0.75
38975,rest,0.5915533900260925,0.40844663977622986,ExponentialSmoothing,0.4493540436075317,0.5506459527766479,0.85,0.75
39039,rest,0.3986082673072815,0.6013917326927185,ExponentialSmoothing,0.44174217716249414,0.5582578197640584,0.85,0.75
39103,rest,0.36255601048469543,0.6374439597129822,ExponentialSmoothing,0.42986425216082436,0.570135740756397,0.85,0.75
39167,rest,0.29935503005981445,0.7006449699401855,ExponentialSmoothing,0.4102878688456729,0.5897121251339652,0.85,0.75
39231,rest,0.35718852281570435,0.6428114771842957,ExponentialSmoothing,0.40232296694117764,0.5976770279415148,0.85,0.75
39295,rest,0.35305508971214294,0.6469449400901794,ExponentialSmoothing,0.3949327853568224,0.6050672147638144,0.85,0.75
39359,rest,0.3566189110279083,0.6433810591697693,ExponentialSmoothing,0.3891857042074853,0.6108142914247077,0.85,0.75
39423,rest,0.3869374394416809,0.6130626201629639,ExponentialSmoothing,0.3888484644926146,0.6111515407354461,0.85,0.75
39487,rest,0.44710078835487366,0.5528992414474487,ExponentialSmoothing,0.39758631307195347,0.6024136958422465,0.85,0.75
39551,rest,0.46012699604034424,0.5398730039596558,ExponentialSmoothing,0.40696741551721205,0.5930325920598579,0.85,0.75
39615,rest,0.24001860618591309,0.7599813938140869,ExponentialSmoothing,0.3819250941175172,0.6180749123229923,0.85,0.75
39679,rest,0.21759019792079926,0.7824097871780396,ExponentialSmoothing,0.35727485968800954,0.6427251435512493,0.85,0.75
39743,rest,0.35216179490089417,0.6478381752967834,ExponentialSmoothing,0.3565078999699422,0.6434920983130794,0.85,0.75
39807,rest,0.4718572497367859,0.5281426906585693,ExponentialSmoothing,0.37381030243496877,0.6261896871649029,0.85,0.75
39871,rest,0.5283893346786499,0.4716106653213501,ExponentialSmoothing,0.39699715727152096,0.60300283388837,0.85,0.75
39935,rest,0.47840696573257446,0.5215930342674255,ExponentialSmoothing,0.40920862854067896,0.5907913639452282,0.85,0.75
39999,rest,0.5583160519599915,0.44168391823768616,ExponentialSmoothing,0.4315747420535758,0.5684252470890969,0.85,0.75
40063,rest,0.6302589774131775,0.3697410821914673,ExponentialSmoothing,0.4613773773575161,0.5386226223544525,0.85,0.75
40127,rest,0.539775550365448,0.460224449634552,ExponentialSmoothing,0.4731371033087059,0.5268628964464674,0.85,0.75
40191,rest,0.609078586101532,0.39092138409614563,ExponentialSmoothing,0.49352832572762984,0.5064716695939192,0.85,0.75
40255,rest,0.8746139407157898,0.12538601458072662,ExponentialSmoothing,0.5506911679758538,0.4493088213419403,0.85,0.75
40319,rest,0.9641368985176086,0.03586311638355255,ExponentialSmoothing,0.6127080275571171,0.3872919655981821,0.85,0.75
40383,rest,0.9248884916305542,0.0751115158200264,ExponentialSmoothing,0.6595350971681326,0.3404648981314587,0.85,0.75
40447,rest,0.9108242988586426,0.0891757383942604,ExponentialSmoothing,0.6972284774217091,0.30277152417087894,0.85,0.75
40511,rest,0.8431116938591003,0.15688827633857727,ExponentialSmoothing,0.7191109598873179,0.2808890369960337,0.85,0.75
40575,rest,0.7921853065490723,0.20781466364860535,ExponentialSmoothing,0.730072111886581,0.2699278809939194,0.85,0.75
40639,rest,0.630082368850708,0.369917631149292,ExponentialSmoothing,0.7150736504312001,0.2849263435172253,0.85,0.75
40703,rest,0.6380696892738342,0.36193034052848816,ExponentialSmoothing,0.7035230562575951,0.2964769430689147,0.85,0.75
40767,rest,0.3625568747520447,0.6374431848526001,ExponentialSmoothing,0.6523781290317625,0.3476218793364675,0.85,0.75
40831,rest,0.16269920766353607,0.8373008370399475,ExponentialSmoothing,0.5789262908265286,0.42107372299198953,0.85,0.75
40895,rest,0.09483446180820465,0.9051655530929565,ExponentialSmoothing,0.50631251647378,0.4936874975071346,0.85,0.75
40959,rest,0.05304717272520065,0.9469528198242188,ExponentialSmoothing,0.43832271491149305,0.5616772958546972,0.85,0.75
41023,rest,0.054850656539201736,0.9451493620872498,ExponentialSmoothing,0.38080190615564935,0.6191981057895801,0.85,0.75
41087,rest,0.032903071492910385,0.9670968651771545,ExponentialSmoothing,0.32861708095623854,0.6713829196977164,0.85,0.75
41151,rest,0.014278247952461243,0.9857217073440552,ExponentialSmoothing,0.28146625600567193,0.7185337378446672,0.85,0.75
41215,right_hand,0.014598566107451916,0.985401451587677,ExponentialSmoothing,0.24143610252093892,0.7585638949061186,0.85,0.75
41279,right_hand,0.022543419152498245,0.9774566292762756,ExponentialSmoothing,0.2086022000156728,0.7913978050616421,0.85,0.75
41343,right_hand,0.013041979633271694,0.9869579672813416,ExponentialSmoothing,0.17926816695831263,0.8207318293945971,0.85,0.75
41407,right_hand,0.01349487341940403,0.9865050911903381,ExponentialSmoothing,0.15440217292747635,0.8455978186639583,0.85,0.75
41471,right_hand,0.018747201189398766,0.9812527298927307,ExponentialSmoothing,0.1340539271667647,0.8659460553482743,0.85,0.75
41535,right_hand,0.016772698611021042,0.9832272529602051,ExponentialSmoothing,0.11646174288340315,0.8835382349900639,0.85,0.75
41599,right_hand,0.02450389787554741,0.9754961133003235,ExponentialSmoothing,0.10266806613222479,0.897331916736603,0.85,0.75
41663,right_hand,0.05000574141740799,0.9499942660331726,ExponentialSmoothing,0.09476871742500227,0.9052312691310884,0.85,0.75
41727,right_hand,0.12460518628358841,0.8753947615623474,ExponentialSmoothing,0.0992441877537902,0.9007557929957773,0.85,0.75
41791,right_hand,0.14773748815059662,0.8522624373435974,ExponentialSmoothing,0.10651818281331116,0.8934817896479503,0.85,0.75
41855,right_hand,0.33023831248283386,0.6697617173194885,ExponentialSmoothing,0.14007620226373957,0.8599237787986811,0.85,0.75
41919,right_hand,0.5718653202056885,0.4281347095966339,ExponentialSmoothing,0.20484456995503192,0.795155418418374,0.85,0.75
41983,rest,0.803398072719574,0.1966019570827484,ExponentialSmoothing,0.2946275953697132,0.7053723992180302,0.85,0.75
42047,rest,0.7994378805160522,0.20056211948394775,ExponentialSmoothing,0.37034913814166404,0.6296508572579178,0.85,0.75
42111,rest,0.7288571000099182,0.2711429297924042,ExponentialSmoothing,0.42412533242190215,0.5758746681380907,0.85,0.75
42175,rest,0.6791486740112305,0.3208513557910919,ExponentialSmoothing,0.4623788336603014,0.5376211712860409,0.85,0.75
42239,rest,0.5399816036224365,0.46001842617988586,ExponentialSmoothing,0.4740192491546217,0.5259807595201177,0.85,0.75
42303,rest,0.4419669806957245,0.5580330491065979,ExponentialSmoothing,0.4692114088857871,0.5307886029580897,0.85,0.75
42367,rest,0.5176237225532532,0.4823762774467468,ExponentialSmoothing,0.476473255935907,0.5235267541313883,0.85,0.75
42431,rest,0.7325159907341003,0.26748400926589966,ExponentialSmoothing,0.514879666155636,0.48512034240156493,0.85,0.75
42495,rest,0.788906455039978,0.21109351515769958,ExponentialSmoothing,0.5559836844882873,0.4440163183149851,0.85,0.75
42559,rest,0.774174690246582,0.22582529485225677,ExponentialSmoothing,0.5887123353520315,0.4112876647955759,0.85,0.75
42623,rest,0.7964386343955994,0.20356135070323944,ExponentialSmoothing,0.6198712802085666,0.3801287176817254,0.85,0.75
42687,rest,0.7682958245277405,0.2317042052745819,ExponentialSmoothing,0.6421349618564427,0.35786504082065385,0.85,0.75
42751,rest,0.7290077805519104,0.2709921896457672,ExponentialSmoothing,0.6551658846607629,0.3448341131444208,0.85,0.75
42815,rest,0.6951032876968384,0.304896742105484,ExponentialSmoothing,0.6611564951161741,0.3388435074885803,0.85,0.75
42879,rest,0.6186095476150513,0.38139039278030396,ExponentialSmoothing,0.6547744529910057,0.34522554028233887,0.85,0.75
42943,rest,0.6200045943260193,0.37999534606933594,ExponentialSmoothing,0.6495589741912577,0.3504410111503884,0.85,0.75
43007,rest,0.810752809047699,0.18924716114997864,ExponentialSmoothing,0.6737380494197239,0.3262619336503269,0.85,0.75
43071,rest,0.7520051002502441,0.24799484014511108,ExponentialSmoothing,0.685478107044302,0.31452186962454454,0.85,0.75
43135,rest,0.7462807297706604,0.253719300031662,ExponentialSmoothing,0.6945985004532558,0.3054014841856122,0.85,0.75
43199,rest,0.8668712973594666,0.13312868773937225,ExponentialSmoothing,0.7204394199891874,0.2795605647186762,0.85,0.75
43263,left_hand,0.9431740641593933,0.0568259097635746,ExponentialSmoothing,0.7538496166147183,0.24615036647541094,0.85,0.75
43327,left_hand,0.9033961892127991,0.09660378098487854,ExponentialSmoothing,0.7762816025044303,0.22371837865183108,0.85,0.75
43391,rest,0.26574259996414185,0.7342574596405029,ExponentialSmoothing,0.6997007521233871,0.3002992408001319,0.85,0.75
43455,rest,0.10352436453104019,0.8964756727218628,ExponentialSmoothing,0.610274293984535,0.38972570558839154,0.85,0.75
43519,rest,0.05914584919810295,0.9408541917800903,ExponentialSmoothing,0.5276050272665702,0.4723949785171464,0.85,0.75
43583,rest,0.0640171617269516,0.935982882976532,ExponentialSmoothing,0.4580668474356274,0.5419331641860542,0.85,0.75
43647,rest,0.03162292391061783,0.9683770537376404,ExponentialSmoothing,0.39410025890687594,0.6058997476187922,0.85,0.75
43711,rest,0.034276124089956284,0.9657238721847534,ExponentialSmoothing,0.34012663868433796,0.6598733663036864,0.85,0.75
43775,rest,0.02045515738427639,0.9795447587966919,ExponentialSmoothing,0.2921759164893287,0.7078240751776372,0.85,0.75
43839,rest,0.020325420424342155,0.9796746373176575,ExponentialSmoothing,0.25139834207958073,0.7486016594986402,0.85,0.75
43903,right_hand,0.019168606027960777,0.9808314442634583,ExponentialSmoothing,0.2165638816718377,0.783436127213363,0.85,0.75
43967,right_hand,0.014730260707437992,0.9852697253227234,ExponentialSmoothing,0.18628883852717776,0.813711166929767,0.85,0.75
44031,right_hand,0.01905662938952446,0.9809433817863464,ExponentialSmoothing,0.16120400715652977,0.8387959991582539,0.85,0.75
44095,right_hand,0.019014472141861916,0.9809854626655579,ExponentialSmoothing,0.13987557690432958,0.8601244186843494,0.85,0.75
44159,right_hand,0.011747457087039948,0.988252580165863,ExponentialSmoothing,0.12065635893173614,0.8793436429065765,0.85,0.75
44223,right_hand,0.009624876081943512,0.9903751015663147,ExponentialSmoothing,0.10400163650426723,0.8959983617055373,0.85,0.75
44287,right_hand,0.010897351428866386,0.9891026020050049,ExponentialSmoothing,0.09003599374295711,0.9099639977504574,0.85,0.75
44351,right_hand,0.03683501482009888,0.9631649255752563,ExponentialSmoothing,0.08205584690452837,0.9179441369241773,0.85,0.75
44415,right_hand,0.07790455967187881,0.9220954179763794,ExponentialSmoothing,0.08143315381963093,0.9185668290820077,0.85,0.75
44479,right_hand,0.11882934719324112,0.8811706304550171,ExponentialSmoothing,0.08704258282567245,0.912957399287959,0.85,0.75
44543,right_hand,0.1216987669467926,0.8783012628555298,ExponentialSmoothing,0.09224101044384048,0.9077589788230946,0.85,0.75
44607,right_hand,0.11788862198591232,0.8821113109588623,ExponentialSmoothing,0.09608815217515126,0.9039118286434599,0.85,0.75
44671,right_hand,0.08860545605421066,0.911394476890564,ExponentialSmoothing,0.09496574775701017,0.9050342258805255,0.85,0.75
44735,right_hand,0.14092297852039337,0.8590770363807678,ExponentialSmoothing,0.10185933237151765,0.8981406474555619,0.85,0.75
44799,right_hand,0.23220571875572205,0.7677943110466003,ExponentialSmoothing,0.1214112903291483,0.8785886969942176,0.85,0.75
44863,right_hand,0.34634852409362793,0.6536514759063721,ExponentialSmoothing,0.15515187539382025,0.8448481138310407,0.85,0.75
44927,right_hand,0.36478883028030396,0.6352112293243408,ExponentialSmoothing,0.1865974186267928,0.8134025811550357,0.85,0.75
44991,right_hand,0.3306719958782196,0.669327974319458,ExponentialSmoothing,0.20820860521450682,0.791791390129699,0.85,0.75
45055,rest,0.5097657442092896,0.49023428559303284,ExponentialSmoothing,0.2534421760637242,0.746557824449199,0.85,0.75
45119,rest,0.4293586313724518,0.5706413388252258,ExponentialSmoothing,0.2798296443600334,0.720170351605603,0.85,0.75
45183,rest,0.3949730396270752,0.6050269603729248,ExponentialSmoothing,0.29710115365008966,0.7028988429207013,0.85,0.75
45247,rest,0.2556867003440857,0.7443132996559143,ExponentialSmoothing,0.2908889856541891,0.7091110114309832,0.85,0.75
45311,rest,0.08454239368438721,0.9154576063156128,ExponentialSmoothing,0.2599369968587188,0.7400630006636776,0.85,0.75
45375,right_hand,0.028007183223962784,0.9719927906990051,ExponentialSmoothing,0.2251475248135054,0.7748524691689767,0.85,0.75
45439,right_hand,0.017428351566195488,0.9825716018676758,ExponentialSmoothing,0.1939896488264089,0.8060103390737815,0.85,0.75
45503,right_hand,0.018538111820816994,0.9814619421958923,ExponentialSmoothing,0.16767191827557013,0.8323280795420982,0.85,0.75
45567,right_hand,0.015236684121191502,0.9847633242607117,ExponentialSmoothing,0.14480663315241332,0.8551933662498903,0.85,0.75
45631,right_hand,0.01222407165914774,0.9877759218215942,ExponentialSmoothing,0.12491924892842347,0.8750807495856459,0.85,0.75
45695,right_hand,0.00782060157507658,0.9921793937683105,ExponentialSmoothing,0.10735445182542143,0.8926455462130456,0.85,0.75
45759,right_hand,0.00872125569730997,0.9912787079811096,ExponentialSmoothing,0.0925594724062047,0.9074405204782552,0.85,0.75
45823,right_hand,0.004827086813747883,0.995172917842865,ExponentialSmoothing,0.07939961456733617,0.9206003800829466,0.85,0.75
45887,right_hand,0.006004782859236002,0.9939952492713928,ExponentialSmoothing,0.06839038981112114,0.9316096104612135,0.85,0.75
45951,right_hand,0.013613841496407986,0.9863861799240112,ExponentialSmoothing,0.060173907563914164,0.9398260958806333,0.85,0.75
46015,right_hand,0.0342019684612751,0.9657980799674988,ExponentialSmoothing,0.0562781166985183,0.9437218934936631,0.85,0.75
46079,right_hand,0.04826926067471504,0.9517307281494141,ExponentialSmoothing,0.05507678829494781,0.9449232186920258,0.85,0.75
46143,right_hand,0.033759955316782,0.9662400484085083,ExponentialSmoothing,0.05187926334822294,0.9481207431494982,0.85,0.75
46207,right_hand,0.04955536499619484,0.9504446387290955,ExponentialSmoothing,0.051530678595418725,0.9484693274864378,0.85,0.75
46271,right_hand,0.06097546964883804,0.9390245676040649,ExponentialSmoothing,0.052947397253431616,0.9470526135040818,0.85,0.75
46335,right_hand,0.09154626727104187,0.9084537029266357,ExponentialSmoothing,0.05873722775607315,0.9412627769174648,0.85,0.75
46399,right_hand,0.18753111362457275,0.8124688863754272,ExponentialSmoothing,0.07805631063634809,0.9219436933361592,0.85,0.75
46463,right_hand,0.7353883385658264,0.2646116316318512,ExponentialSmoothing,0.17665611482576987,0.823343884080513,0.85,0.75
46527,rest,0.885998010635376,0.1140020340681076,ExponentialSmoothing,0.28305739919721085,0.716942606578652,0.85,0.75
46591,rest,0.9553059935569763,0.04469403252005577,ExponentialSmoothing,0.3838946883511757,0.6161053204698625,0.85,0.75
46655,rest,0.9534186124801636,0.04658138006925583,ExponentialSmoothing,0.4693232769705239,0.5306767294097715,0.85,0.75
46719,rest,0.9666972160339355,0.03330272436141968,ExponentialSmoothing,0.5439293678300356,0.4560706286525187,0.85,0.75
46783,rest,0.9740210175514221,0.025978965684771538,ExponentialSmoothing,0.6084431152882437,0.3915568792073566,0.85,0.75
46847,rest,0.9669383764266968,0.033061593770980835,ExponentialSmoothing,0.6622174044590117,0.33778258639190023,0.85,0.75
46911,rest,0.9608597159385681,0.0391402542591095,ExponentialSmoothing,0.7070137511809451,0.2929862365719816,0.85,0.75
46975,rest,0.9679242968559265,0.0320756770670414,ExponentialSmoothing,0.7461503330321924,0.25384965264624054,0.85,0.75
47039,left_hand,0.9792992472648621,0.02070075273513794,ExponentialSmoothing,0.7811226701670928,0.21887731765957513,0.85,0.75
47103,left_hand,0.9831804633140564,0.016819527372717857,ExponentialSmoothing,0.8114313391391373,0.18856864911654653,0.85,0.75
47167,left_hand,0.9878072142601013,0.012192829512059689,ExponentialSmoothing,0.8378877204072819,0.1621122761758735,0.85,0.75
47231,left_hand,0.9887300133705139,0.011270010843873024,ExponentialSmoothing,0.8605140643517667,0.13948593637607345,0.85,0.75
47295,left_hand,0.9905592203140259,0.009440765716135502,ExponentialSmoothing,0.8800208377461056,0.11997916077708276,0.85,0.75
47359,left_hand,0.9897463321685791,0.010253612883388996,ExponentialSmoothing,0.8964796619094766,0.10352032859302869,0.85,0.75
47423,left_hand,0.9882055521011353,0.011794420890510082,ExponentialSmoothing,0.9102385454382254,0.0897614424376509,0.85,0.75
47487,left_hand,0.980824887752533,0.019175097346305847,ExponentialSmoothing,0.9208264967853715,0.07917349067394913,0.85,0.75
47551,left_hand,0.9831103086471558,0.01688973419368267,ExponentialSmoothing,0.9301690685646391,0.06983092720190916,0.85,0.75
47615,left_hand,0.9844598770141602,0.015540175139904022,ExponentialSmoothing,0.9383126898320673,0.06168731439260838,0.85,0.75
47679,left_hand,0.976836085319519,0.023163985460996628,ExponentialSmoothing,0.944091199155185,0.05590881505286662,0.85,0.75
47743,left_hand,0.9672658443450928,0.03273414820432663,ExponentialSmoothing,0.9475673959336712,0.052432615025585626,0.85,0.75
47807,left_hand,0.957179605960846,0.042820386588573456,ExponentialSmoothing,0.9490092274377475,0.0509907807600338,0.85,0.75
47871,left_hand,0.9369636178016663,0.06303641200065613,ExponentialSmoothing,0.9472023859923353,0.05279762544612715,0.85,0.75
47935,left_hand,0.9043328762054443,0.09566709399223328,ExponentialSmoothing,0.9407719595243016,0.05922804572804307,0.85,0.75
47999,left_hand,0.8981907963752747,0.10180915892124176,ExponentialSmoothing,0.9343847850519476,0.06561521270702288,0.85,0.75
48063,left_hand,0.8719236850738525,0.12807630002498627,ExponentialSmoothing,0.9250156200552333,0.07498437580471738,0.85,0.75
48127,left_hand,0.7947635054588318,0.20523644983768463,ExponentialSmoothing,0.9054778028657731,0.09452218690966246,0.85,0.75
48191,left_hand,0.8124980926513672,0.18750187754631042,ExponentialSmoothing,0.8915308463336122,0.10846914050515966,0.85,0.75
48255,left_hand,0.8393553495407104,0.16064460575580597,ExponentialSmoothing,0.883704521814677,0.11629546029275661,0.85,0.75
48319,left_hand,0.9315404295921326,0.06845960766077042,ExponentialSmoothing,0.8908799079812952,0.10912008239795867,0.85,0.75
48383,left_hand,0.9233425855636597,0.07665743678808212,ExponentialSmoothing,0.89574930961865,0.1042506855564772,0.85,0.75
48447,left_hand,0.9259024858474731,0.07409750670194626,ExponentialSmoothing,0.9002722860529735,0.09972770872829755,0.85,0.75
48511,left_hand,0.9043181538581848,0.09568189829587936,ExponentialSmoothing,0.9008791662237552,0.09912083716343482,0.85,0.75
48575,left_hand,0.8955658674240112,0.10443409532308578,ExponentialSmoothing,0.9000821714037937,0.09991782588738247,0.85,0.75
48639,left_hand,0.8323419690132141,0.1676580011844635,ExponentialSmoothing,0.8899211410452067,0.11007885218194463,0.85,0.75
48703,left_hand,0.7765015363693237,0.22349843382835388,ExponentialSmoothing,0.8729082003438242,0.12709178942890603,0.85,0.75
48767,left_hand,0.5744527578353882,0.4255473017692566,ExponentialSmoothing,0.8281398839675589,0.17186011627995862,0.85,0.75
48831,left_hand,0.39868760108947754,0.6013123989105225,ExponentialSmoothing,0.7637220415358468,0.2362779586745432,0.85,0.75
48895,rest,0.36742767691612244,0.6325723528862,ExponentialSmoothing,0.7042778868428882,0.29572211780629176,0.85,0.75
48959,rest,0.22622348368167877,0.7737765312194824,ExponentialSmoothing,0.6325697263687067,0.36743027981827037,0.85,0.75
49023,rest,0.2634935975074768,0.736506462097168,ExponentialSmoothing,0.5772083070395222,0.422791707160105,0.85,0.75
49087,rest,0.3145963251590729,0.6854036450386047,ExponentialSmoothing,0.5378165097574548,0.46218349784187995,0.85,0.75
49151,rest,0.2987867593765259,0.7012132406234741,ExponentialSmoothing,0.5019620472003155,0.4980379592591191,0.85,0.75
49215,rest,0.06863914430141449,0.9313608407974243,ExponentialSmoothing,0.4369636117654803,0.5630363914898648,0.85,0.75
49279,rest,0.10115928947925568,0.8988407254219055,ExponentialSmoothing,0.3865929634225466,0.613407041579671,0.85,0.75
49343,rest,0.09197782725095749,0.9080221056938171,ExponentialSmoothing,0.34240069299680825,0.6575993011967929,0.85,0.75
49407,rest,0.05673108994960785,0.943268895149231,ExponentialSmoothing,0.2995502525397282,0.7004497402896586,0.85,0.75
49471,rest,0.05147545039653778,0.948524534702301,ExponentialSmoothing,0.26233903221824967,0.737660959451555,0.85,0.75
49535,right_hand,0.038420435041189194,0.9615796208381653,ExponentialSmoothing,0.22875124264169058,0.7712487586595465,0.85,0.75
49599,right_hand,0.02981824055314064,0.9701818227767944,ExponentialSmoothing,0.1989112923284081,0.8010887182771337,0.85,0.75
49663,right_hand,0.039277855306863785,0.9607221484184265,ExponentialSmoothing,0.17496627677517645,0.8250337327983277,0.85,0.75
49727,right_hand,0.05153224244713783,0.9484677314758301,ExponentialSmoothing,0.15645117162597066,0.843548832599953,0.85,0.75
49791,right_hand,0.04044818878173828,0.9595518112182617,ExponentialSmoothing,0.1390507241993358,0.8609492793926992,0.85,0.75
49855,right_hand,0.029941149055957794,0.9700588583946228,ExponentialSmoothing,0.1226842879278291,0.8773157162429878,0.85,0.75
49919,right_hand,0.02199697121977806,0.9780030846595764,ExponentialSmoothing,0.10758119042162144,0.892418821505476,0.85,0.75
49983,right_hand,0.015562850050628185,0.9844372272491455,ExponentialSmoothing,0.09377843936597245,0.9062215823670264,0.85,0.75
50047,right_hand,0.01370165217667818,0.9862982630729675,ExponentialSmoothing,0.0817669212875783,0.9182330844729176,0.85,0.75
50111,right_hand,0.012743101455271244,0.9872568845748901,ExponentialSmoothing,0.07141334831273224,0.9285866544882135,0.85,0.75
50175,right_hand,0.014892918057739735,0.9851070046424866,ExponentialSmoothing,0.06293528377448336,0.9370647070113545,0.85,0.75
50239,right_hand,0.01910204440355301,0.9808979630470276,ExponentialSmoothing,0.056360297868843806,0.9436396954167054,0.85,0.75
50303,right_hand,0.04008036479353905,0.9599196314811707,ExponentialSmoothing,0.05391830790754809,0.9460816858263752,0.85,0.75
50367,right_hand,0.1905737817287445,0.8094261884689331,ExponentialSmoothing,0.07441662898072755,0.9255833612227589,0.85,0.75
50431,right_hand,0.5928763151168823,0.4071236848831177,ExponentialSmoothing,0.15218558190115078,0.8478144097718127,0.85,0.75
50495,rest,0.8740373849868774,0.12596261501312256,ExponentialSmoothing,0.26046335236400975,0.7395366405580092,0.85,0.75
50559,rest,0.7978519797325134,0.20214802026748657,ExponentialSmoothing,0.3410716464692853,0.6589283475144307,0.85,0.75
50623,rest,0.8362412452697754,0.16375869512557983,ExponentialSmoothing,0.4153470862893588,0.5846528996561031,0.85,0.75
50687,rest,0.8958624005317688,0.10413768142461777,ExponentialSmoothing,0.48742438342572025,0.5125756169213803,0.85,0.75
50751,rest,0.9452183842658997,0.054781604558229446,ExponentialSmoothing,0.5560934835517471,0.44390651506690765,0.85,0.75
50815,rest,0.9748513102531433,0.02514871023595333,ExponentialSmoothing,0.6189071575569566,0.3810928443422645,0.85,0.75
50879,rest,0.9759816527366638,0.024018408730626106,ExponentialSmoothing,0.6724683318339126,0.3275316790005187,0.85,0.75
50943,rest,0.9520713090896606,0.047928713262081146,ExponentialSmoothing,0.7144087784222748,0.28559123413975307,0.85,0.75
51007,rest,0.927083432674408,0.07291652262210846,ExponentialSmoothing,0.7463099765600947,0.2536900274121064,0.85,0.75
51071,left_hand,0.9352188110351562,0.06478111445903778,ExponentialSmoothing,0.7746463017313538,0.2253536904691461,0.85,0.75
51135,left_hand,0.8359062075614929,0.1640937775373459,ExponentialSmoothing,0.7838352876058746,0.21616470352937608,0.85,0.75
51199,left_hand,0.7131463885307312,0.2868536114692688,ExponentialSmoothing,0.7732319527446031,0.22676803972036,0.85,0.75
51263,rest,0.46943867206573486,0.5305613279342651,ExponentialSmoothing,0.7276629606427728,0.27233703295244577,0.85,0.75
51327,rest,0.30911314487457275,0.6908868551254272,ExponentialSmoothing,0.6648804882775428,0.335119506278393,0.85,0.75
51391,rest,0.14168797433376312,0.8583120107650757,ExponentialSmoothing,0.5864016111859758,0.4135983819513954,0.85,0.75
51455,rest,0.17133517563343048,0.8286648392677307,ExponentialSmoothing,0.524141645853094,0.47585835054884573,0.85,0.75
51519,rest,0.2950931489467621,0.7049068808555603,ExponentialSmoothing,0.48978437131714414,0.5102156300948529,0.85,0.75
51583,rest,0.2583039402961731,0.7416961193084717,ExponentialSmoothing,0.4550623066639985,0.5449377034768957,0.85,0.75
51647,rest,0.08775636553764343,0.9122436046600342,ExponentialSmoothing,0.39996641549504525,0.6000335886543665,0.85,0.75
51711,rest,0.06987201422452927,0.9301279187202454,ExponentialSmoothing,0.3504522553044679,0.6495477381642484,0.85,0.75
51775,rest,0.09027803689241409,0.9097219705581665,ExponentialSmoothing,0.31142612254265983,0.6885738730233362,0.85,0.75
51839,rest,0.15298029780387878,0.8470197319984436,ExponentialSmoothing,0.2876592488318427,0.7123407518696023,0.85,0.75
51903,rest,0.3662296235561371,0.6337703466415405,ExponentialSmoothing,0.29944480504048687,0.7005551910853931,0.85,0.75
51967,rest,0.5170547962188721,0.4829452335834503,ExponentialSmoothing,0.3320863037172446,0.6679136974601017,0.85,0.75
52031,rest,0.567465603351593,0.432534396648407,ExponentialSmoothing,0.3673931986623969,0.6326068023383475,0.85,0.75
52095,rest,0.6968972682952881,0.3031027019023895,ExponentialSmoothing,0.4168188091073306,0.5831811872729539,0.85,0.75
52159,rest,0.5230646729469299,0.47693532705307007,ExponentialSmoothing,0.4327556886832705,0.5672443082399713,0.85,0.75
52223,rest,0.4967018961906433,0.5032981634140015,ExponentialSmoothing,0.4423476198093764,0.5576523865160758,0.85,0.75
52287,rest,0.3590320944786072,0.640967845916748,ExponentialSmoothing,0.429850291009761,0.5701497054261767,0.85,0.75
52351,rest,0.34808510541915894,0.6519148945808411,ExponentialSmoothing,0.41758551317117065,0.5824144837993763,0.85,0.75
52415,rest,0.2736116349697113,0.7263883352279663,ExponentialSmoothing,0.3959894314409518,0.6040105615136648,0.85,0.75
52479,rest,0.35455459356307983,0.6454454064369202,ExponentialSmoothing,0.389774205759271,0.6102257882521531,0.85,0.75
52543,rest,0.5816939473152161,0.41830605268478394,ExponentialSmoothing,0.41856216699266274,0.5814378279170478,0.85,0.75
52607,rest,0.6689576506614685,0.3310423195362091,ExponentialSmoothing,0.4561214895429836,0.543878501659922,0.85,0.75
52671,rest,0.5547059774398804,0.44529399275779724,ExponentialSmoothing,0.47090916272751815,0.5290908253246033,0.85,0.75
52735,rest,0.5372470021247864,0.46275296807289124,ExponentialSmoothing,0.48085983863710835,0.5191401467368465,0.85,0.75
52799,rest,0.42585787177085876,0.5741420984268188,ExponentialSmoothing,0.4726095436071709,0.5273904394903424,0.85,0.75
52863,rest,0.747413158416748,0.25258687138557434,ExponentialSmoothing,0.5138300858286075,0.48616990427462714,0.85,0.75
52927,rest,0.9379407167434692,0.062059253454208374,ExponentialSmoothing,0.5774466804658367,0.4225533066515643,0.85,0.75
52991,rest,0.9404827952384949,0.05951717123389244,ExponentialSmoothing,0.6319020976817354,0.3680978863389135,0.85,0.75
53055,rest,0.9643539190292358,0.03564607724547386,ExponentialSmoothing,0.6817698708838604,0.31823011497489756,0.85,0.75
53119,rest,0.9671372175216675,0.032862767577171326,ExponentialSmoothing,0.7245749728795314,0.2754250128652386,0.85,0.75
53183,left_hand,0.979769229888916,0.02023068629205227,ExponentialSmoothing,0.7628541114309391,0.23714586387926065,0.85,0.75
53247,left_hand,0.9760029911994934,0.023997023701667786,ExponentialSmoothing,0.7948264433962222,0.2051735378526217,0.85,0.75
53311,left_hand,0.9755651950836182,0.02443484216928482,ExponentialSmoothing,0.8219372561493317,0.1780627335001212,0.85,0.75
53375,left_hand,0.9706807136535645,0.029319336637854576,ExponentialSmoothing,0.8442487747749665,0.1557512239707812,0.85,0.75
53439,left_hand,0.9685090184211731,0.03149096295237541,ExponentialSmoothing,0.8628878113218975,0.13711218481802032,0.85,0.75
53503,left_hand,0.9617202877998352,0.0382796972990036,ExponentialSmoothing,0.8777126827935882,0.12228731169016781,0.85,0.75
53567,left_hand,0.9788075685501099,0.021192407235503197,ExponentialSmoothing,0.8928769156570664,0.1071230760219681,0.85,0.75
53631,left_hand,0.9769700765609741,0.023029875010252,ExponentialSmoothing,0.9054908897926526,0.09450909587021068,0.85,0.75
53695,left_hand,0.9796991348266602,0.020300928503274918,ExponentialSmoothing,0.9166221265477537,0.08337787076517032,0.85,0.75
53759,left_hand,0.9798033833503723,0.02019662596285343,ExponentialSmoothing,0.9260993150681465,0.07390068404482278,0.85,0.75
53823,left_hand,0.9646167159080505,0.03538328409194946,ExponentialSmoothing,0.9318769251941321,0.06812307405189177,0.85,0.75
53887,left_hand,0.9702208638191223,0.029779111966490746,ExponentialSmoothing,0.9376285159878807,0.06237147973908162,0.85,0.75
53951,left_hand,0.9625318050384521,0.037468209862709045,ExponentialSmoothing,0.9413640093454665,0.05863598925762574,0.85,0.75
54015,left_hand,0.9592334628105164,0.04076656326651573,ExponentialSmoothing,0.944044427365224,0.05595557535895924,0.85,0.75
54079,left_hand,0.9360511898994446,0.06394881755113602,ExponentialSmoothing,0.9428454417453571,0.05715456168778575,0.85,0.75
54143,left_hand,0.8718706965446472,0.12812930345535278,ExponentialSmoothing,0.9321992299652506,0.06780077295292081,0.85,0.75
54207,left_hand,0.9778254628181458,0.022174537181854248,ExponentialSmoothing,0.939043164893185,0.06095683758726082,0.85,0.75
54271,left_hand,0.9864631295204163,0.013536873273551464,ExponentialSmoothing,0.9461561595872696,0.05384384294020442,0.85,0.75
54335,left_hand,0.9849671721458435,0.0150328129529953,ExponentialSmoothing,0.9519778114710558,0.04802218844212305,0.85,0.75
54399,left_hand,0.979351282119751,0.020648768171668053,ExponentialSmoothing,0.95608383206836,0.0439161754015548,0.85,0.75
54463,left_hand,0.9654600024223328,0.03453998640179634,ExponentialSmoothing,0.9574902576214559,0.04250974705159103,0.85,0.75
54527,left_hand,0.9583386182785034,0.04166141897439957,ExponentialSmoothing,0.957617511720013,0.042382497840012315,0.85,0.75
54591,left_hand,0.956836462020874,0.04316350817680359,ExponentialSmoothing,0.9575003542651421,0.042499649390531004,0.85,0.75
54655,left_hand,0.9590662121772766,0.040933817625045776,ExponentialSmoothing,0.9577352329519623,0.042264774625708226,0.85,0.75
54719,left_hand,0.9594324827194214,0.04056752845644951,ExponentialSmoothing,0.9579898204170811,0.04201018770031942,0.85,0.75
54783,left_hand,0.9693365097045898,0.030663538724184036,ExponentialSmoothing,0.9596918238102075,0.04030819035389911,0.85,0.75
54847,left_hand,0.9715876579284668,0.028412356972694397,ExponentialSmoothing,0.9614761989279463,0.0385238153467184,0.85,0.75
54911,left_hand,0.9699571132659912,0.030042866244912148,ExponentialSmoothing,0.9627483360786531,0.037251672981447465,0.85,0.75
54975,left_hand,0.9743893146514893,0.02561071328818798,ExponentialSmoothing,0.9644944828645785,0.03550552902745854,0.85,0.75
55039,left_hand,0.9796944260597229,0.020305626094341278,ExponentialSmoothing,0.9667744743438501,0.033225543587490955,0.85,0.75
55103,left_hand,0.960568368434906,0.03943166509270668,ExponentialSmoothing,0.9658435584575085,0.034156461813273316,0.85,0.75
55167,left_hand,0.8578376173973083,0.14216233789920807,ExponentialSmoothing,0.9496426672984785,0.05035734322616353,0.85,0.75
55231,left_hand,0.917119026184082,0.08288099616765976,ExponentialSmoothing,0.9447641211313189,0.05523589116738797,0.85,0.75
55295,left_hand,0.969590961933136,0.030409106984734535,ExponentialSmoothing,0.9484881472515915,0.05151187353998995,0.85,0.75
55359,left_hand,0.975261926651001,0.024738119915127754,ExponentialSmoothing,0.9525042141615029,0.04749581049626062,0.85,0.75
55423,left_hand,0.9770429134368896,0.02295711450278759,ExponentialSmoothing,0.9561850190528108,0.043815006097239664,0.85,0.75
55487,left_hand,0.9574421048164368,0.042557910084724426,ExponentialSmoothing,0.9563735819173547,0.04362644169536238,0.85,0.75
55551,left_hand,0.8995963335037231,0.10040371865034103,ExponentialSmoothing,0.9478569946553099,0.05214303323860918,0.85,0.75
55615,left_hand,0.654740571975708,0.34525948762893677,ExponentialSmoothing,0.9038895312533696,0.09611050139715832,0.85,0.75
55679,left_hand,0.19061756134033203,0.809382438659668,ExponentialSmoothing,0.796898735766414,0.2031012919865348,0.85,0.75
55743,rest,0.1611717939376831,0.8388282656669617,ExponentialSmoothing,0.7015396944921043,0.29846033803859884,0.85,0.75
55807,rest,0.09279098361730576,0.907209038734436,ExponentialSmoothing,0.6102273878608845,0.38977264314297444,0.85,0.75
55871,rest,0.11584184318780899,0.884158194065094,ExponentialSmoothing,0.5360695561599231,0.4639304757812924,0.85,0.75
55935,rest,0.09251903742551804,0.9074809551239014,ExponentialSmoothing,0.4695369783497624,0.5304630476826837,0.85,0.75
55999,rest,0.098715640604496,0.901284396648407,ExponentialSmoothing,0.41391377768797244,0.5860862500275422,0.85,0.75
56063,rest,0.09228072315454483,0.9077193140983582,ExponentialSmoothing,0.3656688195079583,0.6343312096381646,0.85,0.75
56127,rest,0.13465037941932678,0.8653496503829956,ExponentialSmoothing,0.3310160534946636,0.6689839757498892,0.85,0.75
56191,rest,0.07445089519023895,0.9255490899085999,ExponentialSmoothing,0.2925312797489999,0.7074687428736959,0.85,0.75
56255,rest,0.0353846549987793,0.9646154046058655,ExponentialSmoothing,0.2539592860364668,0.7460407421335213,0.85,0.75
56319,right_hand,0.020015979185700417,0.9799839854240417,ExponentialSmoothing,0.21886779000885181,0.7811322286270994,0.85,0.75
56383,right_hand,0.023635998368263245,0.976364016532898,ExponentialSmoothing,0.18958302126276352,0.8104169968129692,0.85,0.75
56447,right_hand,0.02093661017715931,0.9790633320808411,ExponentialSmoothing,0.16428605959992287,0.83571394710315,0.85,0.75
56511,right_hand,0.026045087724924088,0.9739548563957214,ExponentialSmoothing,0.14354991381867305,0.8564500834970357,0.85,0.75
56575,right_hand,0.03777489438652992,0.962225079536438,ExponentialSmoothing,0.12768366090385158,0.872316332902946,0.85,0.75
56639,right_hand,0.034249331802129745,0.9657506942749023,ExponentialSmoothing,0.11366851153859331,0.8863314871087393,0.85,0.75
56703,right_hand,0.043007008731365204,0.9569929838180542,ExponentialSmoothing,0.1030692861175091,0.8969307116151366,0.85,0.75
56767,right_hand,0.0413363091647625,0.9586636424064636,ExponentialSmoothing,0.0938093395745971,0.9061906512338357,0.85,0.75
56831,right_hand,0.03194507211446762,0.9680548906326294,ExponentialSmoothing,0.08452969945557767,0.9154702871436547,0.85,0.75
56895,right_hand,0.02636966109275818,0.9736303091049194,ExponentialSmoothing,0.07580569370115475,0.9241942904378444,0.85,0.75
56959,right_hand,0.02100982703268528,0.9789901375770569,ExponentialSmoothing,0.06758631370088433,0.9324136675087262,0.85,0.75
57023,right_hand,0.01684475690126419,0.9831552505493164,ExponentialSmoothing,0.05997508018094131,0.9400249049648148,0.85,0.75
57087,right_hand,0.008485948666930199,0.9915140271186829,ExponentialSmoothing,0.052251710453839646,0.947748273287895,0.85,0.75
57151,right_hand,0.006401452701538801,0.9935985803604126,ExponentialSmoothing,0.04537417179099452,0.9546258193487727,0.85,0.75
57215,right_hand,0.006738810800015926,0.9932611584663391,ExponentialSmoothing,0.039578867642347734,0.9604211202164077,0.85,0.75
57279,right_hand,0.005914022680372,0.9940859079360962,ExponentialSmoothing,0.03452914089805137,0.9654708383743609,0.85,0.75
57343,right_hand,0.004563511349260807,0.9954364895820618,ExponentialSmoothing,0.030034296465732784,0.9699656860555159,0.85,0.75
57407,right_hand,0.005727872718125582,0.9942721128463745,ExponentialSmoothing,0.026388332903591705,0.9736116500741447,0.85,0.75
57471,right_hand,0.006434930954128504,0.993565022945404,ExponentialSmoothing,0.023395322611172224,0.9766046560048336,0.85,0.75
57535,right_hand,0.007138549815863371,0.9928614497184753,ExponentialSmoothing,0.020956806691875895,0.9790431750618799,0.85,0.75
57599,right_hand,0.005483059212565422,0.994516909122467,ExponentialSmoothing,0.018635744569979323,0.9813642351709679,0.85,0.75
57663,right_hand,0.0034154183231294155,0.9965845346450806,ExponentialSmoothing,0.016352695632951837,0.9836472800920848,0.85,0.75
57727,right_hand,0.003077834378927946,0.9969221949577332,ExponentialSmoothing,0.014361466444848254,0.985638517321932,0.85,0.75
57791,right_hand,0.0032029873691499233,0.9967970252037048,ExponentialSmoothing,0.012687694583493503,0.987312293504198,0.85,0.75
57855,right_hand,0.003459378844127059,0.9965406060218811,ExponentialSmoothing,0.011303447222588536,0.9886965403818505,0.85,0.75
57919,right_hand,0.003920876886695623,0.99607914686203,ExponentialSmoothing,0.010196061672204599,0.9898039313538775,0.85,0.75
57983,right_hand,0.0045979511924088,0.9954019784927368,ExponentialSmoothing,0.009356345100235228,0.9906436384247064,0.85,0.75
58047,right_hand,0.006583799608051777,0.9934161901473999,ExponentialSmoothing,0.00894046327640771,0.9910595211831104,0.85,0.75
58111,right_hand,0.006526569370180368,0.9934733510017395,ExponentialSmoothing,0.00857837919047361,0.9914215956559047,0.85,0.75
58175,right_hand,0.008513935841619968,0.991486132144928,ExponentialSmoothing,0.008568712688145564,0.9914312761292582,0.85,0.75
58239,right_hand,0.009682036936283112,0.9903179407119751,ExponentialSmoothing,0.008735711325366196,0.9912642758166657,0.85,0.75
58303,right_hand,0.011692888103425503,0.9883070588111877,ExponentialSmoothing,0.009179287842075091,0.990820693265844,0.85,0.75
58367,right_hand,0.018954217433929443,0.9810458421707153,ExponentialSmoothing,0.010645527280853245,0.9893544656015747,0.85,0.75
58431,right_hand,0.029954304918646812,0.9700456857681274,ExponentialSmoothing,0.01354184392652228,0.9864581486265576,0.85,0.75
58495,right_hand,0.043348997831344604,0.9566510319709778,ExponentialSmoothing,0.01801291701224563,0.9819870811282206,0.85,0.75
58559,right_hand,0.1041262149810791,0.8958737850189209,ExponentialSmoothing,0.030929911707570652,0.9690700867118256,0.85,0.75
58623,right_hand,0.2111397087574005,0.7888603210449219,ExponentialSmoothing,0.05796138126504514,0.94203862186179,0.85,0.75
58687,right_hand,0.16330334544181824,0.8366966247558594,ExponentialSmoothing,0.0737626758915611,0.9262373222959004,0.85,0.75
58751,right_hand,0.192696675658226,0.8073033094406128,ExponentialSmoothing,0.09160277585656083,0.9083972203676073,0.85,0.75
58815,right_hand,0.28547874093055725,0.7145212292671204,ExponentialSmoothing,0.1206841706176603,0.8793158217025343,0.85,0.75
58879,right_hand,0.37264445424079895,0.6273555159568787,ExponentialSmoothing,0.1584782131611311,0.8415217758406859,0.85,0.75
58943,right_hand,0.32648879289627075,0.6735112071037292,ExponentialSmoothing,0.18367980012140203,0.8163201905301425,0.85,0.75
59007,right_hand,0.3083817660808563,0.6916182637214661,ExponentialSmoothing,0.20238509501532018,0.797614901508841,0.85,0.75
59071,right_hand,0.2312047928571701,0.7687951922416687,ExponentialSmoothing,0.20670804969159767,0.7932919451187652,0.85,0.75
59135,right_hand,0.22701409459114075,0.7729858756065369,ExponentialSmoothing,0.2097539564265291,0.790246034691931,0.85,0.75
59199,right_hand,0.3212524354457855,0.6787475943565369,ExponentialSmoothing,0.22647872827941756,0.7735212686416219,0.85,0.75
59263,right_hand,0.24127653241157532,0.7587234973907471,ExponentialSmoothing,0.2286983988992412,0.7713016029539905,0.85,0.75
59327,right_hand,0.27699899673461914,0.7230010628700256,ExponentialSmoothing,0.2359434885745479,0.7640565219413957,0.85,0.75
59391,right_hand,0.13377021253108978,0.866229772567749,ExponentialSmoothing,0.22061749716802917,0.7793825095353487,0.85,0.75
59455,right_hand,0.0604744479060173,0.9395254850387573,ExponentialSmoothing,0.1965960397787274,0.80340395586086,0.85,0.75
59519,right_hand,0.05902165174484253,0.9409782886505127,ExponentialSmoothing,0.17595988157364467,0.8240401057793079,0.85,0.75
59583,right_hand,0.0740521177649498,0.9259478449821472,ExponentialSmoothing,0.16067371700234045,0.8393262666597338,0.85,0.75
59647,right_hand,0.07519612461328506,0.9248038530349731,ExponentialSmoothing,0.14785207814398213,0.8521479046160196,0.85,0.75
59711,right_hand,0.05339892953634262,0.9466010332107544,ExponentialSmoothing,0.1336841058528362,0.8663158739052298,0.85,0.75
59775,right_hand,0.08617725223302841,0.9138227701187134,ExponentialSmoothing,0.12655807780986503,0.8734419083372523,0.85,0.75
59839,right_hand,0.08747255802154541,0.9125273823738098,ExponentialSmoothing,0.12069524984161709,0.8793047294427359,0.85,0.75
59903,right_hand,0.17431655526161194,0.8256834149360657,ExponentialSmoothing,0.1287384456546163,0.8712615322667353,0.85,0.75
59967,right_hand,0.22863951325416565,0.7713605165481567,ExponentialSmoothing,0.1437236057945487,0.8562763799089486,0.85,0.75
60031,right_hand,0.21574559807777405,0.7842544317245483,ExponentialSmoothing,0.1545269046370325,0.8454730876812885,0.85,0.75
60095,right_hand,0.14956484735012054,0.8504351377487183,ExponentialSmoothing,0.15378259604399572,0.8462173951914029,0.85,0.75
60159,right_hand,0.1933116316795349,0.8066883683204651,ExponentialSmoothing,0.1597119513893266,0.8402880411607623,0.85,0.75
60223,right_hand,0.13685394823551178,0.8631460070610046,ExponentialSmoothing,0.1562832509162544,0.8437167360457987,0.85,0.75
60287,right_hand,0.20756134390830994,0.7924386262893677,ExponentialSmoothing,0.16397496486506272,0.836025019582334,0.85,0.75
60351,right_hand,0.3742070496082306,0.625792920589447,ExponentialSmoothing,0.1955097775765379,0.804490204733401,0.85,0.75
60415,right_hand,0.26756930351257324,0.7324306964874268,ExponentialSmoothing,0.2063187064669432,0.7936812784965048,0.85,0.75
60479,right_hand,0.3477171063423157,0.6522828936576843,ExponentialSmoothing,0.22752846644824906,0.7724715207706817,0.85,0.75
60543,rest,0.8639581203460693,0.13604189455509186,ExponentialSmoothing,0.3229929145329221,0.6770070768383432,0.85,0.75
60607,rest,0.9744488000869751,0.02555115334689617,ExponentialSmoothing,0.4207112973660301,0.5792886883146261,0.85,0.75
60671,rest,0.9788104295730591,0.021189609542489052,ExponentialSmoothing,0.5044261671970844,0.49557382649880555,0.85,0.75
60735,rest,0.9743030667304993,0.025696977972984314,ExponentialSmoothing,0.5749077021270967,0.42509229921993236,0.85,0.75
60799,rest,0.9398525357246399,0.06014745682477951,ExponentialSmoothing,0.6296494271667282,0.3703505728606594,0.85,0.75
60863,rest,0.9188600778579712,0.08113991469144821,ExponentialSmoothing,0.6730310247704148,0.32696897413527776,0.85,0.75
60927,rest,0.9285218119621277,0.07147813588380814,ExponentialSmoothing,0.7113546428491717,0.28864534839755734,0.85,0.75
60991,rest,0.8871382474899292,0.1128617450594902,ExponentialSmoothing,0.7377221835452853,0.26227780789684724,0.85,0.75
61055,rest,0.6906531453132629,0.30934691429138184,ExponentialSmoothing,0.730661827810482,0.26933817385602743,0.85,0.75
61119,rest,0.7041450142860413,0.29585498571395874,ExponentialSmoothing,0.7266843057818158,0.27331569563471714,0.85,0.75
61183,rest,0.6733582019805908,0.3266417980194092,ExponentialSmoothing,0.718685390211632,0.28131461099242094,0.85,0.75
61247,rest,0.6318502426147461,0.3681498169898987,ExponentialSmoothing,0.7056601180720992,0.29433989189204257,0.85,0.75
61311,rest,0.5458242893218994,0.4541756808757782,ExponentialSmoothing,0.6816847437595692,0.31831526023960294,0.85,0.75
61375,rest,0.5234084725379944,0.476591557264328,ExponentialSmoothing,0.657943303076333,0.34205670479331174,0.85,0.75
61439,rest,0.2661217451095581,0.7338782548904419,ExponentialSmoothing,0.5991700693813168,0.4008299373078813,0.85,0.75
61503,rest,0.08038481324911118,0.9196151494979858,ExponentialSmoothing,0.5213522809614859,0.47864771913639703,0.85,0.75
61567,rest,0.03449803963303566,0.9655019044876099,ExponentialSmoothing,0.4483241447622183,0.551675846939079,0.85,0.75
61631,rest,0.022683197632431984,0.9773167967796326,ExponentialSmoothing,0.38447800269275034,0.615521989415162,0.85,0.75
61695,rest,0.04271603748202324,0.9572840332984924,ExponentialSmoothing,0.33321370791114124,0.6667862959976616,0.85,0.75
61759,rest,0.04917996749281883,0.9508200287818909,ExponentialSmoothing,0.2906086468483929,0.709391355915296,0.85,0.75
61823,rest,0.0941392332315445,0.9058607816696167,ExponentialSmoothing,0.2611382348058656,0.7388617697784441,0.85,0.75
61887,rest,0.4084356427192688,0.591564416885376,ExponentialSmoothing,0.2832328459928761,0.7167671668444838,0.85,0.75
61951,rest,0.7624707818031311,0.2375292330980301,ExponentialSmoothing,0.35511853636441437,0.6448814767825157,0.85,0.75
62015,rest,0.5904778242111206,0.4095222055912018,ExponentialSmoothing,0.3904224295414203,0.6095775861038186,0.85,0.75
62079,rest,0.6653720736503601,0.3346278667449951,ExponentialSmoothing,0.4316648761577613,0.5683351281999951,0.85,0.75
62143,rest,0.7835798859596252,0.21642017364501953,ExponentialSmoothing,0.4844521276280409,0.5155478850167488,0.85,0.75
62207,rest,0.9016542434692383,0.09834571927785873,ExponentialSmoothing,0.5470324450042205,0.45296756015591527,0.85,0.75
62271,rest,0.9500206112861633,0.049979325383901596,ExponentialSmoothing,0.607480669946512,0.3925193249401132,0.85,0.75
62335,rest,0.9622872471809387,0.03771281987428665,ExponentialSmoothing,0.660701656531676,0.3392983491802392,0.85,0.75
62399,rest,0.9703174829483032,0.029682544991374016,ExponentialSmoothing,0.7071440304941701,0.2928559785519094,0.85,0.75
62463,rest,0.970633864402771,0.029366198927164078,ExponentialSmoothing,0.7466675055804601,0.2533325116081976,0.85,0.75
62527,left_hand,0.976159393787384,0.023840654641389847,ExponentialSmoothing,0.7810912888114987,0.2189087330631764,0.85,0.75
62591,left_hand,0.9826344847679138,0.017365548759698868,ExponentialSmoothing,0.811322768204961,0.18867725541765476,0.85,0.75
62655,left_hand,0.9848607778549194,0.015139149501919746,ExponentialSmoothing,0.8373534696524547,0.16264653953029448,0.85,0.75
62719,left_hand,0.990480363368988,0.009519688785076141,ExponentialSmoothing,0.8603225037099347,0.13967751191851172,0.85,0.75
62783,left_hand,0.9861648082733154,0.013835162855684757,ExponentialSmoothing,0.8791988493944418,0.12080115955908767,0.85,0.75
62847,left_hand,0.9824381470680237,0.017561888322234154,ExponentialSmoothing,0.8946847440454792,0.10531526887355963,0.85,0.75
62911,left_hand,0.9902092218399048,0.009790766052901745,ExponentialSmoothing,0.909013415714643,0.09098659345046095,0.85,0.75
62975,left_hand,0.9898576736450195,0.010142387822270393,ExponentialSmoothing,0.9211400544041994,0.07885996260623238,0.85,0.75
63039,left_hand,0.9841827750205994,0.015817182138562202,ExponentialSmoothing,0.9305964624966595,0.06940354553608184,0.85,0.75
63103,left_hand,0.9781770706176758,0.021822931244969368,ExponentialSmoothing,0.9377335537148119,0.06226645339241497,0.85,0.75
63167,left_hand,0.9532675743103027,0.04673245921730995,ExponentialSmoothing,0.9400636568041355,0.05993635426614921,0.85,0.75
63231,left_hand,0.9157146215438843,0.0842854231595993,ExponentialSmoothing,0.9364113015150979,0.06358871460016673,0.85,0.75
63295,left_hand,0.907734215259552,0.09226574003696442,ExponentialSmoothing,0.932109738576766,0.06789026841568638,0.85,0.75
63359,left_hand,0.8812069296836853,0.11879310756921768,ExponentialSmoothing,0.924474317242804,0.07552569428871608,0.85,0.75
63423,left_hand,0.5371475219726562,0.46285244822502136,ExponentialSmoothing,0.8663752979522819,0.13362470737916188,0.85,0.75
63487,left_hand,0.2660418450832367,0.7339581251144409,ExponentialSmoothing,0.776325280021925,0.22367472003945377,0.85,0.75
63551,rest,0.17076411843299866,0.829235851764679,ExponentialSmoothing,0.6854911057835861,0.31450888979823755,0.85,0.75
63615,rest,0.046047769486904144,0.9539522528648376,ExponentialSmoothing,0.5895746053390838,0.41042539425822755,0.85,0.75
63679,rest,0.012281585484743118,0.9877184629440308,ExponentialSmoothing,0.5029806523609326,0.497019354561098,0.85,0.75
63743,rest,0.014366155490279198,0.9856337904930115,ExponentialSmoothing,0.4296884778303346,0.570311519950885,0.85,0.75
63807,rest,0.016201846301555634,0.9837982058525085,ExponentialSmoothing,0.36766548310101776,0.6323345228361286,0.85,0.75
63871,rest,0.008233215659856796,0.9917667508125305,ExponentialSmoothing,0.3137506429848436,0.6862493570325888,0.85,0.75
63935,rest,0.009045189246535301,0.9909548163414001,ExponentialSmoothing,0.26804482492409737,0.7319551759289105,0.85,0.75
63999,right_hand,0.03524718061089516,0.9647528529167175,ExponentialSmoothing,0.23312517827711704,0.7668748274770816,0.85,0.75
64063,right_hand,0.031870681792497635,0.9681292772293091,ExponentialSmoothing,0.20293700380442412,0.7970629949399157,0.85,0.75
64127,right_hand,0.04308350384235382,0.9569164514541626,ExponentialSmoothing,0.17895897881011358,0.8210410134170527,0.85,0.75
64191,right_hand,0.038929685950279236,0.9610702991485596,ExponentialSmoothing,0.15795458488113842,0.8420454062767788,0.85,0.75
64255,right_hand,0.14670774340629578,0.8532922863960266,ExponentialSmoothing,0.15626755865991201,0.8437324382946659,0.85,0.75
64319,right_hand,0.3842141926288605,0.6157857775688171,ExponentialSmoothing,0.1904595537552543,0.8095404391857887,0.85,0.75
64383,right_hand,0.48009297251701355,0.5199069976806641,ExponentialSmoothing,0.2339045665695182,0.76609542296002,0.85,0.75
64447,rest,0.8412759304046631,0.1587240993976593,ExponentialSmoothing,0.3250102711447899,0.6749897244256658,0.85,0.75
64511,rest,0.8920053839683533,0.10799461603164673,ExponentialSmoothing,0.4100595380683244,0.5899404581665629,0.85,0.75
64575,rest,0.8004619479179382,0.19953809678554535,ExponentialSmoothing,0.4686198995457665,0.5313801039594103,0.85,0.75
64639,rest,0.8461777567863464,0.15382219851016998,ExponentialSmoothing,0.5252535781318535,0.4747464181420242,0.85,0.75
64703,rest,0.8596190810203552,0.14038090407848358,ExponentialSmoothing,0.5754084035651288,0.42459159103249305,0.85,0.75
64767,rest,0.8969160318374634,0.10308392345905304,ExponentialSmoothing,0.623634547805979,0.37636544089647705,0.85,0.75
64831,rest,0.9057226181030273,0.09427743405103683,ExponentialSmoothing,0.6659477583505362,0.33405223986966104,0.85,0.75
64895,rest,0.9329787492752075,0.06702118366956711,ExponentialSmoothing,0.7060024069892369,0.29399758143964694,0.85,0.75
64959,rest,0.9108820557594299,0.08911796659231186,ExponentialSmoothing,0.7367343543047659,0.2632656392125467,0.85,0.75
65023,left_hand,0.923247754573822,0.07675223052501678,ExponentialSmoothing,0.7647113643451243,0.2352886279094172,0.85,0.75
65087,left_hand,0.925961434841156,0.074038565158844,ExponentialSmoothing,0.788898874919529,0.21110111849683122,0.85,0.75
65151,left_hand,0.8957228064537048,0.10427722334861755,ExponentialSmoothing,0.8049224646496553,0.19507753422459917,0.85,0.75
65215,left_hand,0.7001079320907593,0.2998920977115631,ExponentialSmoothing,0.7892002847658209,0.21079971874764378,0.85,0.75
65279,left_hand,0.8040074110031128,0.19599254429340363,ExponentialSmoothing,0.7914213537014148,0.20857864257950776,0.85,0.75
65343,left_hand,0.7188353538513184,0.28116464614868164,ExponentialSmoothing,0.7805334537239003,0.21946654311488384,0.85,0.75
65407,rest,0.4444125294685364,0.5555875301361084,ExponentialSmoothing,0.7301153150855957,0.26988469116806757,0.85,0.75
65471,rest,0.41931357979774475,0.5806864500045776,ExponentialSmoothing,0.6834950547924181,0.3165049549935441,0.85,0.75
65535,rest,0.30016499757766724,0.699834942817688,ExponentialSmoothing,0.6259955462102055,0.3740044531671657,0.85,0.75
65599,rest,0.24872682988643646,0.7512731552124023,ExponentialSmoothing,0.5694052387616401,0.43059475847395123,0.85,0.75
65663,rest,0.6403724551200867,0.35962748527526855,ExponentialSmoothing,0.580050321215407,0.41994966749414886,0.85,0.75
65727,rest,0.6893370747566223,0.3106629252433777,ExponentialSmoothing,0.5964433342465894,0.40355665615653313,0.85,0.75
65791,rest,0.7729371190071106,0.22706283628940582,ExponentialSmoothing,0.6229174019606676,0.37708258317646404,0.85,0.75
65855,rest,0.7557922005653381,0.24420779943466187,ExponentialSmoothing,0.6428486217513681,0.35715136561519367,0.85,0.75
65919,rest,0.7529623508453369,0.24703766405582428,ExponentialSmoothing,0.6593656811154635,0.3406343103812883,0.85,0.75
65983,rest,0.6011477708816528,0.39885222911834717,ExponentialSmoothing,0.6506329945803919,0.3493669981918471,0.85,0.75
66047,rest,0.7353324890136719,0.2646675705909729,ExponentialSmoothing,0.663337918745384,0.33666208405171594,0.85,0.75
66111,rest,0.7983967065811157,0.20160332322120667,ExponentialSmoothing,0.6835967369207436,0.3164032699271395,0.85,0.75
66175,rest,0.8584340214729309,0.1415659785270691,ExponentialSmoothing,0.7098223296035717,0.290177676217129,0.85,0.75
66239,rest,0.8113062381744385,0.1886938065290451,ExponentialSmoothing,0.7250449158892017,0.2749550957639164,0.85,0.75
66303,rest,0.839239776134491,0.16076017916202545,ExponentialSmoothing,0.7421741449259951,0.25782585827363275,0.85,0.75
66367,rest,0.7608150243759155,0.23918502032756805,ExponentialSmoothing,0.7449702768434832,0.25502973258172307,0.85,0.75
66431,left_hand,0.8665909171104431,0.1334090679883957,ExponentialSmoothing,0.7632133728835271,0.23678663289272395,0.85,0.75
66495,left_hand,0.8342441916465759,0.16575580835342407,ExponentialSmoothing,0.7738679956979844,0.22613200921182897,0.85,0.75
66559,rest,0.45840153098106384,0.5415984392166138,ExponentialSmoothing,0.7265480259904462,0.2734519737125467,0.85,0.75
66623,rest,0.0963900238275528,0.9036099910736084,ExponentialSmoothing,0.6320243256660122,0.36797567631670597,0.85,0.75
66687,rest,0.05339183285832405,0.9466081857681274,ExponentialSmoothing,0.5452294517448589,0.45477055273441924,0.85,0.75
66751,rest,0.04837765172123909,0.9516223669052124,ExponentialSmoothing,0.47070168174131594,0.5292983248600382,0.85,0.75
66815,rest,0.047072965651750565,0.9529269933700562,ExponentialSmoothing,0.4071573743278811,0.592842625136541,0.85,0.75
66879,rest,0.04335452616214752,0.9566454887390137,ExponentialSmoothing,0.3525869471030211,0.6474130546769119,0.85,0.75
66943,rest,0.05401172861456871,0.9459882974624634,ExponentialSmoothing,0.3078006643297532,0.6921993410947446,0.85,0.75
67007,rest,0.24682405591011047,0.7531759142875671,ExponentialSmoothing,0.2986541730668068,0.701345827073668,0.85,0.75
67071,rest,0.3495112955570221,0.6504886746406555,ExponentialSmoothing,0.30628274144033907,0.6937172542087161,0.85,0.75
67135,rest,0.19729143381118774,0.8027085661888123,ExponentialSmoothing,0.2899340452959664,0.7100659510057306,0.85,0.75
67199,rest,0.3353824019432068,0.6646175980567932,ExponentialSmoothing,0.29675129879305245,0.7032486980633899,0.85,0.75
67263,rest,0.35130807757377625,0.6486919522285461,ExponentialSmoothing,0.304934815610161,0.6950651861881633,0.85,0.75
67327,rest,0.469134658575058,0.5308653712272644,ExponentialSmoothing,0.3295647920548956,0.6704352139440284,0.85,0.75
67391,rest,0.8331605792045593,0.16683942079544067,ExponentialSmoothing,0.4051041601273451,0.5948958449717402,0.85,0.75
67455,rest,0.9657341241836548,0.03426584601402283,ExponentialSmoothing,0.4891986547357916,0.5108013451280825,0.85,0.75
67519,rest,0.9720320105552673,0.027967948466539383,ExponentialSmoothing,0.561623658108713,0.438376335628851,0.85,0.75
67583,rest,0.9725080132484436,0.027492031455039978,ExponentialSmoothing,0.6232563113796725,0.37674369000277935,0.85,0.75
67647,rest,0.9798445701599121,0.02015547826886177,ExponentialSmoothing,0.6767445501967084,0.3232554582426917,0.85,0.75
67711,rest,0.9806870818138123,0.01931295357644558,ExponentialSmoothing,0.722335929939274,0.27766408254275476,0.85,0.75
67775,left_hand,0.9829335808753967,0.017066389322280884,ExponentialSmoothing,0.7614255775796923,0.2385744285596837,0.85,0.75
67839,left_hand,0.9807979464530945,0.01920204609632492,ExponentialSmoothing,0.7943314329107027,0.20566857119017987,0.85,0.75
67903,left_hand,0.9773739576339722,0.022626105695962906,ExponentialSmoothing,0.8217878116191932,0.17821220136604732,0.85,0.75
67967,left_hand,0.976446270942688,0.023553762584924698,ExponentialSmoothing,0.8449865805177175,0.15501343554887892,0.85,0.75
68031,left_hand,0.9787119626998901,0.021287960931658745,ExponentialSmoothing,0.8650453878450434,0.13495461435629588,0.85,0.75
68095,left_hand,0.9790120720863342,0.02098790742456913,ExponentialSmoothing,0.882140390481237,0.11785960831653686,0.85,0.75
68159,left_hand,0.9744699001312256,0.0255301371216774,ExponentialSmoothing,0.8959898169287354,0.10401018763730795,0.85,0.75
68223,left_hand,0.9788709878921509,0.021129049360752106,ExponentialSmoothing,0.9084219925732476,0.09157801689582457,0.85,0.75
68287,left_hand,0.9831337332725525,0.016866248100996017,ExponentialSmoothing,0.9196287536781433,0.08037125157660029,0.85,0.75
68351,left_hand,0.9720571041107178,0.027942834421992302,ExponentialSmoothing,0.9274930062430295,0.07250698900340909,0.85,0.75
68415,left_hand,0.971135139465332,0.028864823281764984,ExponentialSmoothing,0.9340393262263749,0.06596066414516247,0.85,0.75
68479,left_hand,0.9767760038375854,0.023224011063575745,ExponentialSmoothing,0.9404498278680565,0.059550166182924455,0.85,0.75
68543,left_hand,0.9792070388793945,0.020793022587895393,ExponentialSmoothing,0.9462634095197573,0.053736594643670095,0.85,0.75
68607,left_hand,0.9828536510467529,0.01714629866182804,ExponentialSmoothing,0.9517519457488066,0.04824805024639379,0.85,0.75
68671,left_hand,0.9889687299728394,0.01103125512599945,ExponentialSmoothing,0.9573344633824116,0.042665530978334636,0.85,0.75
68735,left_hand,0.9934396147727966,0.006560394540429115,ExponentialSmoothing,0.9627502360909693,0.037249760512648805,0.85,0.75
68799,left_hand,0.9935063123703003,0.006493632216006517,ExponentialSmoothing,0.967363647532869,0.03263634126815246,0.85,0.75
68863,left_hand,0.9951328635215759,0.004867151845246553,ExponentialSmoothing,0.971529029931175,0.02847096285471657,0.85,0.75
68927,left_hand,0.9956802129745483,0.004319726023823023,ExponentialSmoothing,0.975151707387681,0.024848277330082536,0.85,0.75
68991,left_hand,0.9958732724189758,0.004126776475459337,ExponentialSmoothing,0.9782599421423752,0.021740052201889057,0.85,0.75
69055,left_hand,0.9956718683242798,0.004328139126300812,ExponentialSmoothing,0.980871731069661,0.01912826524055082,0.85,0.75
69119,left_hand,0.9959182143211365,0.004081855993717909,ExponentialSmoothing,0.9831287035573822,0.016871303853525883,0.85,0.75
69183,left_hand,0.9956602454185486,0.004339751787483692,ExponentialSmoothing,0.9850084348365572,0.014991571043619553,0.85,0.75
69247,left_hand,0.9954366087913513,0.004563411697745323,ExponentialSmoothing,0.9865726609297762,0.013427347141738419,0.85,0.75
69311,left_hand,0.995559573173523,0.004440451040863991,ExponentialSmoothing,0.9879206977663382,0.012079312726607254,0.85,0.75
69375,left_hand,0.9952853322029114,0.0047147031873464584,ExponentialSmoothing,0.9890253929318242,0.010974621295718134,0.85,0.75
69439,left_hand,0.9945755004882812,0.005424491595476866,ExponentialSmoothing,0.9898579090652928,0.010142101840681945,0.85,0.75
69503,left_hand,0.995704710483551,0.0042952848598361015,ExponentialSmoothing,0.9907349292780316,0.009265079293555068,0.85,0.75
69567,left_hand,0.9951903820037842,0.0048096664249897,ExponentialSmoothing,0.9914032471868945,0.008596767363270263,0.85,0.75
69631,left_hand,0.9936525821685791,0.00634745741263032,ExponentialSmoothing,0.9917406474341472,0.00825937087067427,0.85,0.75
69695,left_hand,0.99053955078125,0.009460397996008396,ExponentialSmoothing,0.9915604829362127,0.00843952493947439,0.85,0.75
69759,left_hand,0.9891056418418884,0.010894304141402245,ExponentialSmoothing,0.9911922567720641,0.008807741819763567,0.85,0.75
69823,left_hand,0.9829983115196228,0.017001621425151825,ExponentialSmoothing,0.9899631649841979,0.010036823760571805,0.85,0.75
69887,left_hand,0.9744762182235718,0.02552378922700882,ExponentialSmoothing,0.987640122970104,0.012359868580537357,0.85,0.75
69951,left_hand,0.9555939435958862,0.04440605267882347,ExponentialSmoothing,0.9828331960639713,0.017166796195280276,0.85,0.75
70015,left_hand,0.9545254111289978,0.0454745851457119,ExponentialSmoothing,0.9785870283237252,0.021412964537845018,0.85,0.75
70079,left_hand,0.9457723498344421,0.05422762781381607,ExponentialSmoothing,0.9736648265503328,0.026335164029240677,0.85,0.75
70143,left_hand,0.9190272688865662,0.08097271621227264,ExponentialSmoothing,0.9654691929007679,0.034530796856695474,0.85,0.75
70207,left_hand,0.9211279153823853,0.07887210696935654,ExponentialSmoothing,0.9588180012730105,0.041181993373594634,0.85,0.75
70271,left_hand,0.8745149374008179,0.1254851073026657,ExponentialSmoothing,0.9461725416921817,0.0538274604629553,0.85,0.75
70335,left_hand,0.9344677925109863,0.06553222239017487,ExponentialSmoothing,0.9444168293150024,0.055583174752038236,0.85,0.75
70399,left_hand,0.8141154646873474,0.18588459491729736,ExponentialSmoothing,0.9248716246208541,0.07512838777682711,0.85,0.75
70463,left_hand,0.7848452925682068,0.21515469253063202,ExponentialSmoothing,0.903867674812957,0.09613233348989786,0.85,0.75
70527,left_hand,0.8919220566749573,0.10807791352272034,ExponentialSmoothing,0.9020758320922571,0.09792417049482123,0.85,0.75
70591,left_hand,0.9212555885314941,0.07874440401792526,ExponentialSmoothing,0.9049527955581427,0.09504720552328683,0.85,0.75
70655,left_hand,0.884907603263855,0.11509240418672562,ExponentialSmoothing,0.9019460167139995,0.09805398532280264,0.85,0.75
70719,left_hand,0.8378285765647888,0.16217143833637238,ExponentialSmoothing,0.8923284006916179,0.1076716032748381,0.85,0.75
70783,left_hand,0.7441664338111877,0.25583353638648987,ExponentialSmoothing,0.8701041056595534,0.12989589324158585,0.85,0.75
70847,left_hand,0.8940553069114685,0.1059446930885315,ExponentialSmoothing,0.8736967858473408,0.1263032132186277,0.85,0.75
70911,left_hand,0.9130567908287048,0.08694318681955338,ExponentialSmoothing,0.8796007865945454,0.12039920925876656,0.85,0.75
70975,left_hand,0.9081059694290161,0.09189403057098389,ExponentialSmoothing,0.883876564019716,0.11612343245559917,0.85,0.75
71039,left_hand,0.9040631651878357,0.09593682736158371,ExponentialSmoothing,0.8869045541949341,0.11309544169149685,0.85,0.75
71103,left_hand,0.8524197936058044,0.14758014678955078,ExponentialSmoothing,0.8817318401065647,0.11826814745620494,0.85,0.75
71167,left_hand,0.8312961459159851,0.16870388388633728,ExponentialSmoothing,0.8741664859779777,0.12583350792072479,0.85,0.75
71231,left_hand,0.8252460360527039,0.17475394904613495,ExponentialSmoothing,0.8668284184891867,0.1331715740895363,0.85,0.75
71295,left_hand,0.875588595867157,0.12441139668226242,ExponentialSmoothing,0.8681424450958823,0.13185754747844522,0.85,0.75
71359,left_hand,0.8882710337638855,0.11172889173030853,ExponentialSmoothing,0.8711617333960828,0.1288382491162247,0.85,0.75
71423,left_hand,0.8929328918457031,0.10706716775894165,ExponentialSmoothing,0.8744274071635258,0.12557258691263226,0.85,0.75
71487,left_hand,0.8397206664085388,0.16027934849262238,ExponentialSmoothing,0.8692213960502778,0.13077860114963077,0.85,0.75
71551,left_hand,0.880683958530426,0.11931601911783218,ExponentialSmoothing,0.8709407804223,0.129059213844861,0.85,0.75
71615,left_hand,0.9614717364311218,0.03852824866771698,ExponentialSmoothing,0.8845204238236233,0.11547956906828938,0.85,0.75
71679,left_hand,0.9754539132118225,0.024546153843402863,ExponentialSmoothing,0.8981604472318532,0.10183955678455639,0.85,0.75
71743,left_hand,0.9726880788803101,0.027311885729432106,ExponentialSmoothing,0.9093395919791216,0.09066040612628774,0.85,0.75
71807,left_hand,0.963047981262207,0.03695199638605118,ExponentialSmoothing,0.9173958503715844,0.08260414466525225,0.85,0.75
71871,left_hand,0.9554056525230408,0.04459433630108833,ExponentialSmoothing,0.923097320694303,0.07690267341062765,0.85,0.75
71935,left_hand,0.9535926580429077,0.04640734940767288,ExponentialSmoothing,0.9276716212965936,0.07232837481018443,0.85,0.75
71999,left_hand,0.9586457014083862,0.04135429486632347,ExponentialSmoothing,0.9323177333133625,0.06768226281860529,0.85,0.75
72063,left_hand,0.9485751986503601,0.05142485350370407,ExponentialSmoothing,0.9347563531139121,0.0652436514213701,0.85,0.75
72127,left_hand,0.9447346925735474,0.055265363305807114,ExponentialSmoothing,0.9362531040328574,0.06374690820403565,0.85,0.75
72191,left_hand,0.9636916518211365,0.036308396607637405,ExponentialSmoothing,0.9403688862010993,0.059631131464575916,0.85,0.75
72255,left_hand,0.9740530252456665,0.025947002694010735,ExponentialSmoothing,0.9454215070577843,0.054578512148991135,0.85,0.75
72319,left_hand,0.9622433185577393,0.03775675594806671,ExponentialSmoothing,0.9479447787827775,0.052055248718852476,0.85,0.75
72383,left_hand,0.9588615298271179,0.04113846272230148,ExponentialSmoothing,0.9495822914394286,0.05041773081936983,0.85,0.75
72447,left_hand,0.9602637887001038,0.039736248552799225,ExponentialSmoothing,0.9511845160285299,0.048815508479384234,0.85,0.75
72511,left_hand,0.9120165705680847,0.08798343688249588,ExponentialSmoothing,0.9453093242094632,0.05469069773985098,0.85,0.75
72575,left_hand,0.8386882543563843,0.16131176054477692,ExponentialSmoothing,0.9293161637315014,0.07068385716058988,0.85,0.75
72639,left_hand,0.936772882938385,0.06322716921567917,ExponentialSmoothing,0.9304346716125339,0.06956535396885327,0.85,0.75
72703,left_hand,0.9452828168869019,0.05471723526716232,ExponentialSmoothing,0.9326618934036892,0.06733813616359963,0.85,0.75
72767,left_hand,0.9549197554588318,0.0450802706182003,ExponentialSmoothing,0.9360005727119606,0.06399945633178973,0.85,0.75
72831,left_hand,0.9309999346733093,0.06900012493133545,ExponentialSmoothing,0.9352504770061629,0.06474955662172159,0.85,0.75
72895,left_hand,0.9395463466644287,0.06045360118150711,ExponentialSmoothing,0.9358948574549029,0.06410516330568942,0.85,0.75
72959,left_hand,0.9436843991279602,0.0563155896961689,ExponentialSmoothing,0.9370632887058615,0.06293672726426135,0.85,0.75
73023,left_hand,0.9099288582801819,0.09007114917039871,ExponentialSmoothing,0.9329931241420095,0.06700689055018196,0.85,0.75
73087,left_hand,0.7573948502540588,0.24260514974594116,ExponentialSmoothing,0.9066533830588169,0.09334662942954583,0.85,0.75
73151,left_hand,0.42145413160324097,0.5785459280014038,ExponentialSmoothing,0.8338734953404806,0.16612652421532453,0.85,0.75
73215,left_hand,0.559282124042511,0.440717875957489,ExponentialSmoothing,0.7926847896457851,0.2073152269766492,0.85,0.75
73279,rest,0.460111141204834,0.5398889183998108,ExponentialSmoothing,0.7427987423796424,0.25720128069012343,0.85,0.75
73343,rest,0.4666169285774231,0.5333830714225769,ExponentialSmoothing,0.7013714703093095,0.2986285492999915,0.85,0.75
73407,rest,0.5273694396018982,0.4726305902004242,ExponentialSmoothing,0.6752711657031978,0.3247288554350564,0.85,0.75
73471,rest,0.29386135935783386,0.7061386704444885,ExponentialSmoothing,0.6180596947513931,0.38194032768647124,0.85,0.75
73535,rest,0.09978771954774857,0.9002122282981873,ExponentialSmoothing,0.5403188984708465,0.45968111277822865,0.85,0.75
73599,rest,0.10609263181686401,0.893907368183136,ExponentialSmoothing,0.47518495847274905,0.5248150510889648,0.85,0.75
73663,rest,0.070306196808815,0.9296938180923462,ExponentialSmoothing,0.41445314422315893,0.585546866139472,0.85,0.75
73727,rest,0.050118137151002884,0.9498818516731262,ExponentialSmoothing,0.3598028931623355,0.6401971139695202,0.85,0.75
73791,rest,0.04409681260585785,0.9559032320976257,ExponentialSmoothing,0.3124469810788639,0.6875530316887359,0.85,0.75
73855,rest,0.03609052672982216,0.9639094471931458,ExponentialSmoothing,0.2709935129265076,0.7290064940143974,0.85,0.75
73919,right_hand,0.031348295509815216,0.9686517119407654,ExponentialSmoothing,0.23504673031400372,0.7649532767033527,0.85,0.75
73983,right_hand,0.02276664599776268,0.977233350276947,ExponentialSmoothing,0.20320471766656756,0.7967952877393918,0.85,0.75
74047,right_hand,0.02848884090781212,0.9715111255645752,ExponentialSmoothing,0.17699733615275423,0.8230026634131693,0.85,0.75
74111,right_hand,0.026016727089881897,0.9739832282066345,ExponentialSmoothing,0.15435024479332338,0.8456497481321891,0.85,0.75
74175,right_hand,0.046596627682447433,0.9534033536911011,ExponentialSmoothing,0.13818720222669198,0.8618127889660259,0.85,0.75
74239,right_hand,0.040201663970947266,0.9597983956336975,ExponentialSmoothing,0.12348937148833027,0.8765106299661766,0.85,0.75
74303,right_hand,0.13757357001304626,0.8624264001846313,ExponentialSmoothing,0.12560200126703766,0.8743979954989447,0.85,0.75
74367,right_hand,0.2875140607357025,0.7124859690666199,ExponentialSmoothing,0.14988881018733738,0.850111191534096,0.85,0.75
74431,right_hand,0.6878030300140381,0.3121970295906067,ExponentialSmoothing,0.2305759431613425,0.7694240672425726,0.85,0.75
74495,rest,0.9142798185348511,0.08572012931108475,ExponentialSmoothing,0.3331315244673688,0.6668684765528494,0.85,0.75
74559,rest,0.961974024772644,0.038025952875614166,ExponentialSmoothing,0.4274578995131601,0.5725420980012641,0.85,0.75
74623,rest,0.9390875697135925,0.06091250106692314,ExponentialSmoothing,0.504202350043225,0.49579765846111296,0.85,0.75
74687,rest,0.9456409811973572,0.05435900762677193,ExponentialSmoothing,0.5704181447163448,0.4295818608359618,0.85,0.75
74751,rest,0.9282885193824768,0.07171151041984558,ExponentialSmoothing,0.6240987009162646,0.37590130827354434,0.85,0.75
74815,rest,0.9475091099739075,0.05249093472957611,ExponentialSmoothing,0.672610262274911,0.3273897522419491,0.85,0.75
74879,rest,0.9487341642379761,0.05126578360795975,ExponentialSmoothing,0.7140288475693708,0.28597115694685066,0.85,0.75
74943,left_hand,0.970767080783844,0.029232967644929886,ExponentialSmoothing,0.7525395825515417,0.24746042855156253,0.85,0.75
75007,left_hand,0.9844047427177429,0.015595246106386185,ExponentialSmoothing,0.7873193565764719,0.21268065118478607,0.85,0.75
75071,left_hand,0.9797518849372864,0.020248182117938995,ExponentialSmoothing,0.8161842358305942,0.183815780824759,0.85,0.75
75135,left_hand,0.9580820202827454,0.041917938739061356,ExponentialSmoothing,0.8374689034984169,0.16253110451190433,0.85,0.75
75199,left_hand,0.8933583498001099,0.10664160549640656,ExponentialSmoothing,0.8458523204436708,0.15414767965957968,0.85,0.75
75263,left_hand,0.8982818722724915,0.10171817243099213,ExponentialSmoothing,0.8537167532179939,0.14628325357529154,0.85,0.75
75327,left_hand,0.8669078946113586,0.13309216499328613,ExponentialSmoothing,0.8556954244269986,0.14430459028799072,0.85,0.75
75391,left_hand,0.7178391218185425,0.28216081857681274,ExponentialSmoothing,0.8350169790357302,0.16498302453131403,0.85,0.75
75455,left_hand,0.4950403571128845,0.5049596428871155,ExponentialSmoothing,0.7840204857473033,0.21597951728468426,0.85,0.75
75519,rest,0.5342702865600586,0.465729683637619,ExponentialSmoothing,0.7465579558692166,0.25344204223762445,0.85,0.75
75583,rest,0.44987043738365173,0.5501295924186707,ExponentialSmoothing,0.7020548280963819,0.2979451747647814,0.85,0.75
75647,rest,0.4226512312889099,0.5773487091064453,ExponentialSmoothing,0.6601442885752611,0.339855704916031,0.85,0.75
75711,rest,0.4704185426235199,0.5295814871788025,ExponentialSmoothing,0.6316854266824999,0.3683145722554467,0.85,0.75
75775,rest,0.508746862411499,0.4912531077861786,ExponentialSmoothing,0.6132446420418498,0.38675535258505656,0.85,0.75
75839,rest,0.3962356746196747,0.6037643551826477,ExponentialSmoothing,0.5806932969285235,0.41930670297469524,0.85,0.75
75903,rest,0.1740058958530426,0.8259941339492798,ExponentialSmoothing,0.5196901867672014,0.480309817620883,0.85,0.75
75967,rest,0.1241164281964302,0.8758835196495056,ExponentialSmoothing,0.4603541229815857,0.5396458729251764,0.85,0.75
76031,rest,0.08075188845396042,0.919248104095459,ExponentialSmoothing,0.40341378780244186,0.5965862076007188,0.85,0.75
76095,rest,0.10413455963134766,0.8958654403686523,ExponentialSmoothing,0.3585219035767777,0.6414780925159089,0.85,0.75
76159,rest,0.05332745239138603,0.9466724991798401,ExponentialSmoothing,0.31274273589896895,0.6872572535154986,0.85,0.75
76223,rest,0.032105300575494766,0.9678947329521179,ExponentialSmoothing,0.2706471206004478,0.7293528754309915,0.85,0.75
76287,right_hand,0.08384209871292114,0.9161578416824341,ExponentialSmoothing,0.2426263673173188,0.7573736203687078,0.85,0.75
76351,right_hand,0.1003875881433487,0.8996124267578125,ExponentialSmoothing,0.22129055044122328,0.7787094413270735,0.85,0.75
76415,right_hand,0.09856954216957092,0.9014304280281067,ExponentialSmoothing,0.20288239920047543,0.7971175893322284,0.85,0.75
76479,right_hand,0.12949763238430023,0.8705023527145386,ExponentialSmoothing,0.19187468417804915,0.8081253038395749,0.85,0.75
76543,right_hand,0.12947982549667358,0.8705201148986816,ExponentialSmoothing,0.1825154553758428,0.8174845254984409,0.85,0.75
76607,right_hand,0.36943477392196655,0.6305651664733887,ExponentialSmoothing,0.21055335315776136,0.7894466216446829,0.85,0.75
76671,rest,0.49239757657051086,0.5076023936271667,ExponentialSmoothing,0.2528299866696738,0.7471699874420555,0.85,0.75
76735,rest,0.746728777885437,0.2532711625099182,ExponentialSmoothing,0.3269148053520383,0.6730851637022349,0.85,0.75
76799,rest,0.8622456789016724,0.13775430619716644,ExponentialSmoothing,0.4072144363844834,0.5927855350764747,0.85,0.75
76863,rest,0.8721670508384705,0.12783297896385193,ExponentialSmoothing,0.47695732855258144,0.5230426516595812,0.85,0.75
76927,rest,0.8664044737815857,0.1335955113172531,ExponentialSmoothing,0.5353744003369321,0.46462558060823195,0.85,0.75
76991,rest,0.9512627720832825,0.048737265169620514,ExponentialSmoothing,0.5977576560988846,0.40224233329244025,0.85,0.75
77055,rest,0.9783614277839661,0.021638495847582817,ExponentialSmoothing,0.6548482218516468,0.3451517576757116,0.85,0.75
77119,rest,0.9832965135574341,0.016703451052308083,ExponentialSmoothing,0.7041154656075148,0.2958845116822011,0.85,0.75
77183,rest,0.9777138829231262,0.022286122664809227,ExponentialSmoothing,0.7451552282048566,0.25484475332959233,0.85,0.75
77247,left_hand,0.9581817388534546,0.04181831330060959,ExponentialSmoothing,0.7771092048021463,0.22289078732524492,0.85,0.75
77311,left_hand,0.9378730654716492,0.06212690472602844,ExponentialSmoothing,0.8012237839025718,0.19877620493536244,0.85,0.75
77375,left_hand,0.9532763361930847,0.0467236191034317,ExponentialSmoothing,0.8240316667461487,0.1759683170605728,0.85,0.75
77439,left_hand,0.9333085417747498,0.06669141352176666,ExponentialSmoothing,0.8404231980004389,0.15957678152975188,0.85,0.75
77503,left_hand,0.9160799980163574,0.0839199647307396,ExponentialSmoothing,0.8517717180028267,0.14822825900990005,0.85,0.75
77567,left_hand,0.6697940826416016,0.33020588755607605,ExponentialSmoothing,0.824475072698643,0.17552490329182646,0.85,0.75
77631,left_hand,0.6130951642990112,0.38690489530563354,ExponentialSmoothing,0.7927680864386982,0.20723190209389752,0.85,0.75
77695,rest,0.4704068899154663,0.5295931100845337,ExponentialSmoothing,0.7444139069602134,0.255586083292493,0.85,0.75
77759,left_hand,0.7921261787414551,0.20787380635738373,ExponentialSmoothing,0.7515707477273996,0.2484292417522266,0.85,0.75
77823,left_hand,0.8748528361320496,0.12514710426330566,ExponentialSmoothing,0.7700630609880971,0.22993692112888847,0.85,0.75
77887,left_hand,0.8300842642784119,0.1699157953262329,ExponentialSmoothing,0.7790662414816444,0.22093375225849013,0.85,0.75
77951,left_hand,0.7476608157157898,0.2523392140865326,ExponentialSmoothing,0.7743554276167662,0.22564457153269651,0.85,0.75
78015,left_hand,0.770937442779541,0.22906258702278137,ExponentialSmoothing,0.7738427298911824,0.22615727385620923,0.85,0.75
78079,left_hand,0.757988452911377,0.24201156198978424,ExponentialSmoothing,0.7714645883442116,0.22853541707624547,0.85,0.75
78143,left_hand,0.7272422313690186,0.27275776863098145,ExponentialSmoothing,0.7648312347979326,0.2351687698094559,0.85,0.75
78207,left_hand,0.8517548441886902,0.1482451856136322,ExponentialSmoothing,0.7778697762065462,0.22213023218008235,0.85,0.75
78271,left_hand,0.844740092754364,0.1552598625421524,ExponentialSmoothing,0.7879003236887189,0.21209967673439284,0.85,0.75
78335,left_hand,0.9242081046104431,0.07579191774129868,ExponentialSmoothing,0.8083464908269775,0.19165351288542873,0.85,0.75
78399,left_hand,0.9315736889839172,0.06842628121376038,ExponentialSmoothing,0.8268305705505186,0.17316942813467848,0.85,0.75
78463,left_hand,0.9576300978660583,0.04236987605690956,ExponentialSmoothing,0.8464504996478496,0.15354949532301312,0.85,0.75
78527,left_hand,0.9579164981842041,0.04208351671695709,ExponentialSmoothing,0.8631703994283028,0.13682959853210472,0.85,0.75
78591,left_hand,0.9412404894828796,0.05875954404473305,ExponentialSmoothing,0.8748809129364893,0.12511909035899896,0.85,0.75
78655,left_hand,0.9371668100357056,0.0628332644701004,ExponentialSmoothing,0.8842237975013717,0.11577621647566416,0.85,0.75
78719,left_hand,0.9433908462524414,0.056609146296978,ExponentialSmoothing,0.8930988548140322,0.10690115594886124,0.85,0.75
78783,left_hand,0.973726749420166,0.026273276656866074,ExponentialSmoothing,0.9051930390049523,0.09480697405506197,0.85,0.75
78847,left_hand,0.9730674028396606,0.026932591572403908,ExponentialSmoothing,0.9153741935801586,0.08462581668266327,0.85,0.75
78911,left_hand,0.9771331548690796,0.022866804152727127,ExponentialSmoothing,0.9246380377734968,0.07536196480317284,0.85,0.75
78975,left_hand,0.9820241332054138,0.017975904047489166,ExponentialSmoothing,0.9332459520882844,0.06675405568982029,0.85,0.75
79039,left_hand,0.9766948223114014,0.023305239155888557,ExponentialSmoothing,0.9397632826217519,0.06023673320973053,0.85,0.75
79103,left_hand,0.9759151935577393,0.02408480830490589,ExponentialSmoothing,0.94518606926215,0.05481394447400683,0.85,0.75
79167,left_hand,0.9635047912597656,0.0364951565861702,ExponentialSmoothing,0.9479338775617923,0.052066126290831335,0.85,0.75
79231,left_hand,0.9668915271759033,0.03310844302177429,ExponentialSmoothing,0.950777525003909,0.04922247380047278,0.85,0.75
79295,left_hand,0.9725268483161926,0.02747310884296894,ExponentialSmoothing,0.9540399235007515,0.0459600690568472,0.85,0.75
79359,left_hand,0.9797025322914124,0.020297428593039513,ExponentialSmoothing,0.9578893148193507,0.04211067298727605,0.85,0.75
79423,left_hand,0.9818003177642822,0.018199685961008072,ExponentialSmoothing,0.9614759652610905,0.03852402493333585,0.85,0.75
79487,left_hand,0.9763216376304626,0.023678448051214218,ExponentialSmoothing,0.9637028161164962,0.0362971884010176,0.85,0.75
79551,left_hand,0.9439122080802917,0.05608779564499855,ExponentialSmoothing,0.9607342249110655,0.03926577948761474,0.85,0.75
79615,left_hand,0.9325658679008484,0.0674341470003128,ExponentialSmoothing,0.956508971359533,0.043491034614519454,0.85,0.75
79679,left_hand,0.9671379923820496,0.032861966639757156,ExponentialSmoothing,0.9581033245129105,0.041896674418305115,0.85,0.75
79743,left_hand,0.9676917195320129,0.03230832517147064,ExponentialSmoothing,0.9595415837657759,0.040458422031279945,0.85,0.75
79807,left_hand,0.9568462371826172,0.04315374419093132,ExponentialSmoothing,0.9591372817783022,0.04086272035522765,0.85,0.75
79871,left_hand,0.9216371774673462,0.07836280018091202,ExponentialSmoothing,0.9535122661316587,0.04648773232908031,0.85,0.75
79935,left_hand,0.9583670496940613,0.04163287952542305,ExponentialSmoothing,0.9542404836660191,0.04575950440853172,0.85,0.75
79999,left_hand,0.9608622193336487,0.03913775458931923,ExponentialSmoothing,0.9552337440161636,0.04476624193564985,0.85,0.75
80063,left_hand,0.9671388864517212,0.03286109119653702,ExponentialSmoothing,0.9570195153814971,0.04298046932478292,0.85,0.75
80127,left_hand,0.9558899402618408,0.04411003738641739,ExponentialSmoothing,0.9568500791135487,0.04314990453402809,0.85,0.75
80191,left_hand,0.9230546355247498,0.07694531977176666,ExponentialSmoothing,0.9517807625752289,0.048219216819688875,0.85,0.75
80255,left_hand,0.8777985572814941,0.12220147252082825,ExponentialSmoothing,0.9406834317811688,0.059316555174859786,0.85,0.75
80319,left_hand,0.8747256994247437,0.12527434527873993,ExponentialSmoothing,0.9307897719277051,0.0692102236904418,0.85,0.75
80383,left_hand,0.9235810041427612,0.07641902565956116,ExponentialSmoothing,0.9297084567599634,0.0702915439858097,0.85,0.75
80447,left_hand,0.9197415113449097,0.08025848865509033,ExponentialSmoothing,0.9282134149477054,0.07178658568620179,0.85,0.75
80511,left_hand,0.9263356924057007,0.07366427034139633,ExponentialSmoothing,0.9279317565664047,0.07206823838448097,0.85,0.75
80575,left_hand,0.7402395606040955,0.25976037979125977,ExponentialSmoothing,0.8997779271720583,0.10022205959549779,0.85,0.75
80639,left_hand,0.5535045266151428,0.4464954733848572,ExponentialSmoothing,0.8478369170885209,0.1521630716639017,0.85,0.75
80703,left_hand,0.22280126810073853,0.7771987318992615,ExponentialSmoothing,0.7540815697403536,0.2459184206992057,0.85,0.75
80767,rest,0.2871880531311035,0.7128120064735413,ExponentialSmoothing,0.684047542248966,0.31595245856535603,0.85,0.75
80831,rest,0.18193605542182922,0.8180639743804932,ExponentialSmoothing,0.6087308192248955,0.3912691859376266,0.85,0.75
80895,rest,0.12372930347919464,0.8762707114219666,ExponentialSmoothing,0.5359805918630404,0.4640194147602776,0.85,0.75
80959,rest,0.12968020141124725,0.8703198432922363,ExponentialSmoothing,0.4750355332952714,0.5249644790400714,0.85,0.75
81023,rest,0.1873016059398651,0.8126984238624573,ExponentialSmoothing,0.4318754441919604,0.5681245707634293,0.85,0.75
81087,rest,0.19713638722896576,0.802863597869873,ExponentialSmoothing,0.3966645856475112,0.6033354248293958,0.85,0.75
81151,rest,0.1704980581998825,0.8295019268989563,ExponentialSmoothing,0.3627396065303669,0.63726040013983,0.85,0.75
81215,rest,0.10542332381010056,0.8945766687393188,ExponentialSmoothing,0.32414216412232694,0.6758578404297533,0.85,0.75
81279,rest,0.08642047643661499,0.913579523563385,ExponentialSmoothing,0.2884839109694701,0.711516092899798,0.85,0.75
81343,rest,0.08267412334680557,0.9173259139060974,ExponentialSmoothing,0.25761244282607043,0.7423875660507429,0.85,0.75
81407,right_hand,0.062151748687028885,0.9378482699394226,ExponentialSmoothing,0.2282933387052142,0.7717066716340448,0.85,0.75
81471,right_hand,0.02669011615216732,0.9733099341392517,ExponentialSmoothing,0.19805285532225717,0.8019471610098259,0.85,0.75
81535,right_hand,0.028417212888598442,0.9715827703475952,ExponentialSmoothing,0.17260750895720836,0.8273925024104913,0.85,0.75
81599,right_hand,0.0471048578619957,0.9528951048851013,ExponentialSmoothing,0.15378211129292646,0.8462178927816829,0.85,0.75
81663,right_hand,0.03504776954650879,0.964952290058136,ExponentialSmoothing,0.13597196003096382,0.864028052373151,0.85,0.75
81727,right_hand,0.019856754690408707,0.9801432490348816,ExponentialSmoothing,0.11855467922988056,0.8814453318724105,0.85,0.75
81791,right_hand,0.028135159984230995,0.9718648791313171,ExponentialSmoothing,0.10499175134303312,0.8950082639612466,0.85,0.75
81855,right_hand,0.0284469872713089,0.9715529680252075,ExponentialSmoothing,0.09351003673227448,0.9064899695708406,0.85,0.75
81919,right_hand,0.01487030554562807,0.985129714012146,ExponentialSmoothing,0.08171407705427751,0.9182859312370364,0.85,0.75
81983,right_hand,0.013417930342257023,0.9865820407867432,ExponentialSmoothing,0.07146965504747443,0.9285303476694924,0.85,0.75
82047,right_hand,0.05496208742260933,0.9450379014015198,ExponentialSmoothing,0.06899351990374467,0.9310064807292965,0.85,0.75
82111,right_hand,0.20385906100273132,0.7961409091949463,ExponentialSmoothing,0.08922335106859267,0.9107766449991439,0.85,0.75
82175,right_hand,0.2087145298719406,0.7912854552268982,ExponentialSmoothing,0.10714702788909486,0.892852966533307,0.85,0.75
82239,right_hand,0.3348303437232971,0.6651697158813477,ExponentialSmoothing,0.1412995252642252,0.8587004789355132,0.85,0.75
82303,right_hand,0.46032974123954773,0.5396702289581299,ExponentialSmoothing,0.18915405766052357,0.8108459414389056,0.85,0.75
82367,rest,0.6033257842063904,0.3966742157936096,ExponentialSmoothing,0.2512798166424036,0.7487201825921111,0.85,0.75
82431,rest,0.6206185817718506,0.3793814182281494,ExponentialSmoothing,0.30668063141182067,0.6933193679375168,0.85,0.75
82495,rest,0.8135535717010498,0.1864464282989502,ExponentialSmoothing,0.38271157245520504,0.6172884269917318,0.85,0.75
82559,rest,0.8537333607673645,0.1462666392326355,ExponentialSmoothing,0.453364840702029,0.5466351588278674,0.85,0.75
82623,rest,0.952413022518158,0.04758705571293831,ExponentialSmoothing,0.5282220679744484,0.471777943360628,0.85,0.75
82687,rest,0.974899411201477,0.02510061487555504,ExponentialSmoothing,0.5952236694585027,0.40477634408786706,0.85,0.75
82751,rest,0.9825069308280945,0.01749303564429283,ExponentialSmoothing,0.6533161586639414,0.34668384782133094,0.85,0.75
82815,rest,0.9878101348876953,0.01218988373875618,ExponentialSmoothing,0.7034902550975046,0.2965097532089447,0.85,0.75
82879,rest,0.9886628985404968,0.011337151750922203,ExponentialSmoothing,0.7462661516139535,0.2537338629902413,0.85,0.75
82943,left_hand,0.985331654548645,0.014668410643935204,ExponentialSmoothing,0.7821259770541572,0.2178740451382954,0.85,0.75
83007,left_hand,0.9804385900497437,0.019561367109417915,ExponentialSmoothing,0.8118728690034952,0.18812714343396375,0.85,0.75
83071,left_hand,0.9839297533035278,0.016070308163762093,ExponentialSmoothing,0.8376814016485001,0.1623186181434335,0.85,0.75
83135,left_hand,0.9802775979042053,0.019722335040569305,ExponentialSmoothing,0.859070831086856,0.1409291756780039,0.85,0.75
83199,left_hand,0.9641739130020142,0.03582611307501793,ExponentialSmoothing,0.8748362933741298,0.125163716287556,0.85,0.75
83263,left_hand,0.9464425444602966,0.053557462990283966,ExponentialSmoothing,0.8855772310370549,0.11442277829296518,0.85,0.75
83327,left_hand,0.9392470717430115,0.06075296550989151,ExponentialSmoothing,0.8936277071429484,0.10637230637550413,0.85,0.75
83391,left_hand,0.9067783951759338,0.09322153776884079,ExponentialSmoothing,0.8956003103478962,0.10439969108450461,0.85,0.75
83455,left_hand,0.890164852142334,0.1098352000117302,ExponentialSmoothing,0.8947849916170618,0.10521501742358845,0.85,0.75
83519,left_hand,0.9227660894393921,0.07723396271467209,ExponentialSmoothing,0.8989821562904113,0.101017859217251,0.85,0.75
83583,left_hand,0.8719488382339478,0.12805113196372986,ExponentialSmoothing,0.8949271585819417,0.10507285012922282,0.85,0.75
83647,left_hand,0.8976567983627319,0.10234318673610687,ExponentialSmoothing,0.8953366045490603,0.10466340062025543,0.85,0.75
83711,left_hand,0.8975746631622314,0.10242532938718796,ExponentialSmoothing,0.895672313341036,0.10432768993529531,0.85,0.75
83775,left_hand,0.8429530262947083,0.15704700350761414,ExponentialSmoothing,0.8877644202840869,0.11223558697114314,0.85,0.75
83839,left_hand,0.5572107434272766,0.44278931617736816,ExponentialSmoothing,0.8381813687555653,0.1618186463520769,0.85,0.75
83903,left_hand,0.5621178150177002,0.4378822147846222,ExponentialSmoothing,0.7967718356948855,0.20322818161695871,0.85,0.75
83967,rest,0.4171740412712097,0.5828259587287903,ExponentialSmoothing,0.7398321665313341,0.26016784818373345,0.85,0.75
84031,rest,0.32522815465927124,0.6747718453407288,ExponentialSmoothing,0.6776415647505246,0.32235844775728273,0.85,0.75
84095,rest,0.6736369132995605,0.32636308670043945,ExponentialSmoothing,0.67704086703288,0.3229591435987562,0.85,0.75
84159,rest,0.7338874340057373,0.2661125659942627,ExponentialSmoothing,0.6855678520788087,0.3144321569580822,0.85,0.75
84223,rest,0.6742939352989197,0.32570600509643555,ExponentialSmoothing,0.6838767645618253,0.3161232341788352,0.85,0.75
84287,rest,0.6159898638725281,0.38401007652282715,ExponentialSmoothing,0.6736937294584308,0.326306260530434,0.85,0.75
84351,rest,0.26769670844078064,0.7323033213615417,ExponentialSmoothing,0.6127941763057831,0.38720581965510015,0.85,0.75
84415,rest,0.10082392394542694,0.8991761207580566,ExponentialSmoothing,0.5359986384517297,0.46400136482054366,0.85,0.75
84479,rest,0.14124402403831482,0.8587559461593628,ExponentialSmoothing,0.4767854462897174,0.5232145520213666,0.85,0.75
84543,rest,0.14351631700992584,0.8564836382865906,ExponentialSmoothing,0.4267950768977487,0.5732049149611502,0.85,0.75
84607,rest,0.22542953491210938,0.7745704650878906,ExponentialSmoothing,0.3965902455999028,0.6034097474801613,0.85,0.75
84671,rest,0.35586392879486084,0.6441360712051392,ExponentialSmoothing,0.3904812980791465,0.609518696038908,0.85,0.75
84735,rest,0.30711081624031067,0.6928891539573669,ExponentialSmoothing,0.3779757258033211,0.6220242647266768,0.85,0.75
84799,rest,0.29481878876686096,0.7051812410354614,ExponentialSmoothing,0.3655021852478521,0.6344978111729944,0.85,0.75
84863,rest,0.1352117359638214,0.864788293838501,ExponentialSmoothing,0.3309586178552475,0.6690413835728204,0.85,0.75
84927,rest,0.12762580811977386,0.8723741769790649,ExponentialSmoothing,0.30045869639492645,0.699541302583757,0.85,0.75
84991,rest,0.07155406475067139,0.9284458756446838,ExponentialSmoothing,0.26612300164828817,0.7338769885428961,0.85,0.75
85055,right_hand,0.040170248597860336,0.9598298072814941,ExponentialSmoothing,0.232230088690724,0.7677699113536858,0.85,0.75
85119,right_hand,0.04289529100060463,0.9571046829223633,ExponentialSmoothing,0.2038298690372061,0.7961701270889874,0.85,0.75
85183,right_hand,0.03278885781764984,0.9672111868858337,ExponentialSmoothing,0.17817371735427265,0.8218262860585144,0.85,0.75
85247,right_hand,0.040969472378492355,0.9590305089950562,ExponentialSmoothing,0.1575930806079056,0.8424069194989957,0.85,0.75
85311,right_hand,0.05922434478998184,0.9407756924629211,ExponentialSmoothing,0.14283777023521704,0.8571622354435845,0.85,0.75
85375,right_hand,0.04473630711436272,0.9552636742591858,ExponentialSmoothing,0.1281225507670889,0.8718774512659246,0.85,0.75
85439,right_hand,0.053026191890239716,0.9469737410545349,ExponentialSmoothing,0.11685809693556151,0.8831418947342162,0.85,0.75
85503,right_hand,0.0506330206990242,0.9493670463562012,ExponentialSmoothing,0.10692433550008092,0.893075667477514,0.85,0.75
85567,right_hand,0.03847113624215126,0.9615288972854614,ExponentialSmoothing,0.09665635561139146,0.9033436519487061,0.85,0.75
85631,right_hand,0.03523518890142441,0.9647648334503174,ExponentialSmoothing,0.0874431806048964,0.9125568291739479,0.85,0.75
85695,right_hand,0.027651727199554443,0.9723482728004456,ExponentialSmoothing,0.07847446259409512,0.9215255457179226,0.85,0.75
85759,right_hand,0.01602853275835514,0.9839714765548706,ExponentialSmoothing,0.06910757311873413,0.9308924353434648,0.85,0.75
85823,right_hand,0.016688624396920204,0.9833114147186279,ExponentialSmoothing,0.061244730810462035,0.9387552822497391,0.85,0.75
85887,right_hand,0.014727111905813217,0.9852728247642517,ExponentialSmoothing,0.05426708797476471,0.945732913626916,0.85,0.75
85951,right_hand,0.028665782883763313,0.9713341593742371,ExponentialSmoothing,0.0504268922111145,0.9495731004890142,0.85,0.75
86015,right_hand,0.018919887021183968,0.9810801148414612,ExponentialSmoothing,0.04570084143262492,0.9542991526418814,0.85,0.75
86079,right_hand,0.02377135492861271,0.976228654384613,ExponentialSmoothing,0.04241141845702309,0.9575885779032911,0.85,0.75
86143,right_hand,0.03675539791584015,0.9632445573806763,ExponentialSmoothing,0.041563015375845655,0.9584369748248989,0.85,0.75
86207,right_hand,0.059294700622558594,0.9407052993774414,ExponentialSmoothing,0.044222768162852595,0.9557772235077803,0.85,0.75
86271,right_hand,0.06245008856058121,0.9375499486923218,ExponentialSmoothing,0.046956866222511884,0.9530431322854616,0.85,0.75
86335,right_hand,0.06094253808259964,0.939057469367981,ExponentialSmoothing,0.04905471700152504,0.9509452828478394,0.85,0.75
86399,right_hand,0.06611137092113495,0.9338886141777039,ExponentialSmoothing,0.05161321508946653,0.9483867825473191,0.85,0.75
86463,right_hand,0.11628277599811554,0.8837172389030457,ExponentialSmoothing,0.06131364922576388,0.9386863510006781,0.85,0.75
86527,right_hand,0.0772702619433403,0.9227297306060791,ExponentialSmoothing,0.06370714113340034,0.9362928579414882,0.85,0.75
86591,right_hand,0.14286866784095764,0.85713130235672,ExponentialSmoothing,0.07558137013953393,0.924418624603773,0.85,0.75
86655,right_hand,0.20654700696468353,0.7934529781341553,ExponentialSmoothing,0.09522621566330637,0.9047737776333303,0.85,0.75
86719,right_hand,0.250139445066452,0.7498605251312256,ExponentialSmoothing,0.11846320007377822,0.8815367897580146,0.85,0.75
86783,right_hand,0.3736424446105957,0.6263576149940491,ExponentialSmoothing,0.15674008675430084,0.8432599135434198,0.85,0.75
86847,right_hand,0.40175676345825195,0.598243236541748,ExponentialSmoothing,0.19349258825989352,0.806507411993169,0.85,0.75
86911,rest,0.6796150207519531,0.3203849494457245,ExponentialSmoothing,0.26641095313370244,0.7335890426110523,0.85,0.75
86975,rest,0.7190127372741699,0.28098729252815247,ExponentialSmoothing,0.3343012207547726,0.6656987800986174,0.85,0.75
87039,rest,0.8237920999526978,0.17620791494846344,ExponentialSmoothing,0.40772485263446134,0.5922751503260943,0.85,0.75
87103,rest,0.9564226269721985,0.043577373027801514,ExponentialSmoothing,0.49002951878512196,0.5099704837313505,0.85,0.75
87167,rest,0.9589452147483826,0.04105484113097191,ExponentialSmoothing,0.5603668731796111,0.43963313734129367,0.85,0.75
87231,rest,0.9752732515335083,0.024726707488298416,ExponentialSmoothing,0.6226028299326957,0.37739717286334434,0.85,0.75
87295,rest,0.9767504334449768,0.02324952930212021,ExponentialSmoothing,0.6757249704595378,0.3242750263291607,0.85,0.75
87359,rest,0.958817720413208,0.04118229076266289,ExponentialSmoothing,0.7181888829525884,0.281811115994186,0.85,0.75
87423,left_hand,0.940788745880127,0.059211261570453644,ExponentialSmoothing,0.7515788623917192,0.24842113783062614,0.85,0.75
87487,left_hand,0.9171926379203796,0.08280740678310394,ExponentialSmoothing,0.7764209287210182,0.2235790781734978,0.85,0.75
87551,left_hand,0.9030947685241699,0.09690520167350769,ExponentialSmoothing,0.7954220046914909,0.2045779966984993,0.85,0.75
87615,left_hand,0.9023401737213135,0.09765980392694473,ExponentialSmoothing,0.8114597300459643,0.1885402677827661,0.85,0.75
87679,left_hand,0.840469479560852,0.15953049063682556,ExponentialSmoothing,0.8158111924731974,0.18418880121087502,0.85,0.75
87743,left_hand,0.6241447329521179,0.3758552670478821,ExponentialSmoothing,0.7870612235450355,0.2129387710864261,0.85,0.75
87807,left_hand,0.658963680267334,0.341036319732666,ExponentialSmoothing,0.7678465920533802,0.23215340338336207,0.85,0.75
87871,rest,0.5765256285667419,0.42347437143325806,ExponentialSmoothing,0.7391484475303844,0.26085154859084647,0.85,0.75
87935,rest,0.31922632455825806,0.6807737350463867,ExponentialSmoothing,0.6761601290845655,0.3238398765591775,0.85,0.75
87999,rest,0.08889731019735336,0.9111026525497437,ExponentialSmoothing,0.5880707062514836,0.4119292929577624,0.85,0.75
88063,rest,0.06174900755286217,0.9382510185241699,ExponentialSmoothing,0.5091224514466903,0.4908775517927235,0.85,0.75
88127,rest,0.030826110392808914,0.9691739082336426,ExponentialSmoothing,0.4373780002886081,0.5626220052588614,0.85,0.75
88191,rest,0.027982886880636215,0.9720171093940735,ExponentialSmoothing,0.3759687332774123,0.6240312708791432,0.85,0.75
88255,rest,0.024634091183543205,0.9753658771514893,ExponentialSmoothing,0.32326853696333196,0.6767314618199951,0.85,0.75
88319,rest,0.024522945284843445,0.9754770398139954,ExponentialSmoothing,0.2784566982115587,0.7215432985190953,0.85,0.75
88383,right_hand,0.039912402629852295,0.9600875973701477,ExponentialSmoothing,0.24267505387430274,0.7573249433467532,0.85,0.75
88447,right_hand,0.05154895409941673,0.9484509825706482,ExponentialSmoothing,0.21400613890806983,0.7859938492303374,0.85,0.75
88511,right_hand,0.03791435435414314,0.9620857238769531,ExponentialSmoothing,0.18759237122498082,0.8124076304273298,0.85,0.75
88575,right_hand,0.03848174959421158,0.9615182280540466,ExponentialSmoothing,0.16522577798036542,0.8347742200713373,0.85,0.75
88639,right_hand,0.051528725773096085,0.9484712481498718,ExponentialSmoothing,0.148171220149275,0.8518287742831175,0.85,0.75
88703,right_hand,0.08028290420770645,0.9197170734405518,ExponentialSmoothing,0.13798797275803973,0.8620120191567326,0.85,0.75
88767,right_hand,0.08022190630435944,0.9197781085968018,ExponentialSmoothing,0.12932306278998768,0.870676932572743,0.85,0.75
88831,right_hand,0.13121925294399261,0.8687807321548462,ExponentialSmoothing,0.1296074913130884,0.8703925025100585,0.85,0.75
88895,right_hand,0.22425997257232666,0.7757400870323181,ExponentialSmoothing,0.14380536350197415,0.8561946401883974,0.85,0.75
88959,right_hand,0.2531532049179077,0.7468467950820923,ExponentialSmoothing,0.1602075397143642,0.8397924634224516,0.85,0.75
89023,right_hand,0.2673364281654358,0.7326635718345642,ExponentialSmoothing,0.17627687298202493,0.8237231296842685,0.85,0.75
89087,right_hand,0.08687785267829895,0.9131221175193787,ExponentialSmoothing,0.16286701993646602,0.8371329778595351,0.85,0.75
89151,right_hand,0.06124425306916237,0.9387557506561279,ExponentialSmoothing,0.14762360490637047,0.8523763937790241,0.85,0.75
89215,right_hand,0.11661764979362488,0.8833823800086975,ExponentialSmoothing,0.14297271163945863,0.8570272917134751,0.85,0.75
89279,right_hand,0.0737936720252037,0.9262062907218933,ExponentialSmoothing,0.13259585569732038,0.8674041415647378,0.85,0.75
89343,right_hand,0.04667067900300026,0.95332932472229,ExponentialSmoothing,0.11970707919317236,0.8802929190383706,0.85,0.75
89407,right_hand,0.04524926096200943,0.9547507166862488,ExponentialSmoothing,0.10853840645849791,0.8914615886855524,0.85,0.75
89471,right_hand,0.060659948736429214,0.9393400549888611,ExponentialSmoothing,0.10135663780018761,0.8986433586310487,0.85,0.75
89535,right_hand,0.05086468532681465,0.9491353034973145,ExponentialSmoothing,0.09378284492918167,0.9062171503609886,0.85,0.75
89599,right_hand,0.11583402752876282,0.8841660022735596,ExponentialSmoothing,0.09709052231911884,0.9029094781478744,0.85,0.75
89663,right_hand,0.35386741161346436,0.6461326479911804,ExponentialSmoothing,0.13560705571327067,0.8643929536243703,0.85,0.75
89727,right_hand,0.36139845848083496,0.638601541519165,ExponentialSmoothing,0.16947576612840531,0.8305242418085895,0.85,0.75
89791,right_hand,0.2300480753183365,0.7699519395828247,ExponentialSmoothing,0.17856161250689498,0.8214383964747248,0.85,0.75
89855,right_hand,0.22561205923557281,0.7743879556655884,ExponentialSmoothing,0.18561917951619666,0.8143808303533543,0.85,0.75
89919,right_hand,0.31536203622817993,0.6846379637718201,ExponentialSmoothing,0.20508060802299416,0.7949194003661241,0.85,0.75
89983,right_hand,0.34948018193244934,0.650519847869873,ExponentialSmoothing,0.22674054410941244,0.7732594674916864,0.85,0.75
90047,right_hand,0.3488014340400696,0.6511985063552856,ExponentialSmoothing,0.24504967759901103,0.7549503233212262,0.85,0.75
90111,rest,0.35456740856170654,0.6454326510429382,ExponentialSmoothing,0.2614773372434154,0.7385226724794831,0.85,0.75
90175,rest,0.41522935032844543,0.5847706198692322,ExponentialSmoothing,0.2845401392061699,0.7154598645879455,0.85,0.75
90239,rest,0.8808193206787109,0.11918066442012787,ExponentialSmoothing,0.3739820164270511,0.6260179845627729,0.85,0.75
90239,rest,0.8808193206787109,0.11918066442012787,ExponentialSmoothing,0.45000761206480006,0.5499923865413762,0.85,0.75
