sample,prediction,p_left_raw,p_right_raw,name,p_left_smooth,p_right_smooth,alpha,threshold
3960,left_hand,0.9995617270469666,0.0004382100887596607,ExponentialSmoothing,0.9995617270469666,0.0004382100887596607,0.85,0.75
3985,left_hand,0.9995951056480408,0.0004048649570904672,ExponentialSmoothing,0.9995667338371277,0.0004332083190092817,0.85,0.75
4035,left_hand,0.9994458556175232,0.0005541389109566808,ExponentialSmoothing,0.9995486021041871,0.00045134790780139157,0.85,0.75
4060,left_hand,0.9993342757225037,0.0006656531477347016,ExponentialSmoothing,0.9995164531469346,0.0004834936937913881,0.85,0.75
4085,left_hand,0.999480664730072,0.0005193083197809756,ExponentialSmoothing,0.9995110848844051,0.0004888658876898262,0.85,0.75
4135,left_hand,0.9995046854019165,0.0004953177412971854,ExponentialSmoothing,0.9995101249620318,0.0004898336657309301,0.85,0.75
4160,left_hand,0.9993987083435059,0.0006013208185322583,ExponentialSmoothing,0.9994934124692529,0.0005065567386511293,0.85,0.75
4210,left_hand,0.9993947744369507,0.0006051844684407115,ExponentialSmoothing,0.9994786167644076,0.0005213508981195666,0.85,0.75
4235,left_hand,0.9995871186256409,0.00041293626418337226,ExponentialSmoothing,0.9994948920435927,0.0005050887030291375,0.85,0.75
4285,left_hand,0.999683141708374,0.00031689731986261904,ExponentialSmoothing,0.9995231294933098,0.0004768599955541597,0.85,0.75
4310,left_hand,0.9997329115867615,0.0002671359688974917,ExponentialSmoothing,0.9995545968073275,0.00044540139155565953,0.85,0.75
4360,left_hand,0.9996185302734375,0.0003814769734162837,ExponentialSmoothing,0.999564186827244,0.0004358127288347531,0.85,0.75
4385,left_hand,0.9996417760848999,0.0003582509816624224,ExponentialSmoothing,0.9995758252158924,0.0004241784667589035,0.85,0.75
4435,left_hand,0.9994931221008301,0.0005069098551757634,ExponentialSmoothing,0.999563419748633,0.0004365881750214325,0.85,0.75
4460,left_hand,0.999528169631958,0.0004718121199402958,ExponentialSmoothing,0.9995581322311318,0.00044187176675926197,0.85,0.75
4485,left_hand,0.9993880987167358,0.0006119249737821519,ExponentialSmoothing,0.9995326272039724,0.0004673797478126955,0.85,0.75
4510,left_hand,0.998822033405304,0.0011779884807765484,ExponentialSmoothing,0.9994260381341722,0.0005739710577572734,0.85,0.75
4535,left_hand,0.9985957741737366,0.0014042149996384978,ExponentialSmoothing,0.9993014985401069,0.0006985076490394571,0.85,0.75
4585,left_hand,0.9965593218803406,0.0034407174680382013,ExponentialSmoothing,0.9988901720411419,0.0011098391218892687,0.85,0.75
4635,left_hand,0.9876238107681274,0.012376206927001476,ExponentialSmoothing,0.9972002178501898,0.0027997942926561003,0.85,0.75
4660,left_hand,0.9809957146644592,0.019004350528120995,ExponentialSmoothing,0.9947695423723302,0.005230477727975835,0.85,0.75
4685,left_hand,0.9720750451087952,0.02792501077055931,ExponentialSmoothing,0.9913653677827998,0.008634657684363358,0.85,0.75
4735,left_hand,0.9365445375442505,0.06345541030168533,ExponentialSmoothing,0.9831422432470174,0.016857770576961653,0.85,0.75
4760,left_hand,0.9014843702316284,0.09851554781198502,ExponentialSmoothing,0.970893562294709,0.029106437162215157,0.85,0.75
4810,left_hand,0.20484796166419983,0.7951520681381226,ExponentialSmoothing,0.8559867222001326,0.1440132818086013,0.85,0.75
4835,left_hand,0.2033068984746933,0.7966930866241455,ExponentialSmoothing,0.7580847486413167,0.24191525253093293,0.85,0.75
4885,rest,0.0072129862383008,0.9927869439125061,ExponentialSmoothing,0.6454539842808643,0.3545460062381689,0.85,0.75
4910,rest,0.002308916300535202,0.9976911544799805,ExponentialSmoothing,0.5489822240838149,0.4510177784744407,0.85,0.75
4960,rest,0.0013047936372458935,0.9986951947212219,ExponentialSmoothing,0.4668306095168296,0.5331693909114579,0.85,0.75
4985,rest,0.000770764600019902,0.9992291927337646,ExponentialSmoothing,0.39692163277930814,0.6030783611848038,0.85,0.75
5010,rest,0.00044102795072831213,0.9995589852333069,ExponentialSmoothing,0.33744954205502115,0.6625504547920793,0.85,0.75
5060,rest,0.0002614464028738439,0.9997385144233704,ExponentialSmoothing,0.28687132770719903,0.7131286637367731,0.85,0.75
5085,right_hand,0.00017666762869339436,0.9998233914375305,ExponentialSmoothing,0.24386712869542318,0.7561328728918868,0.85,0.75
5110,right_hand,0.0001509663270553574,0.9998489618301392,ExponentialSmoothing,0.207309704340168,0.7926902862326247,0.85,0.75
5160,right_hand,4.518011337495409e-05,0.9999548196792603,ExponentialSmoothing,0.17622002570614903,0.8237799662496201,0.85,0.75
5185,right_hand,3.679886140162125e-05,0.9999631643295288,ExponentialSmoothing,0.1497925416794369,0.8502074459616065,0.85,0.75
5235,right_hand,1.6051075363066047e-05,0.9999839067459106,ExponentialSmoothing,0.12732606808882582,0.8726739150792521,0.85,0.75
5260,right_hand,1.2955183592566755e-05,0.999987006187439,ExponentialSmoothing,0.10822910115304082,0.8917708787454801,0.85,0.75
5310,right_hand,6.162218596728053e-06,0.9999938011169434,ExponentialSmoothing,0.0919956603128742,0.9080043171011997,0.85,0.75
5360,right_hand,5.025046903028851e-06,0.9999949932098389,ExponentialSmoothing,0.07819706502297853,0.9218029185174955,0.85,0.75
5385,right_hand,4.277596872270806e-06,0.9999957084655762,ExponentialSmoothing,0.0664681469090626,0.9335318370097077,0.85,0.75
5410,right_hand,4.129282388021238e-06,0.9999958276748657,ExponentialSmoothing,0.05649854426506141,0.9435014356094814,0.85,0.75
5435,right_hand,3.162931079714326e-06,0.9999967813491821,ExponentialSmoothing,0.048024237064964156,0.9519757374704365,0.85,0.75
5485,right_hand,2.714170705075958e-06,0.9999972581863403,ExponentialSmoothing,0.040821008630825294,0.9591789655778221,0.85,0.75
5535,right_hand,1.8346459000895265e-06,0.9999982118606567,ExponentialSmoothing,0.03469813253308651,0.9653018525202474,0.85,0.75
5560,right_hand,1.8387553382126498e-06,0.9999982118606567,ExponentialSmoothing,0.029493688466424268,0.9705063064213088,0.85,0.75
5610,right_hand,1.1023583965652506e-06,0.999998927116394,ExponentialSmoothing,0.02506980055022011,0.9749301995255715,0.85,0.75
5635,right_hand,1.1046673762393766e-06,0.999998927116394,ExponentialSmoothing,0.021309496167793526,0.9786905086641948,0.85,0.75
5685,right_hand,1.572295786900213e-06,0.9999984502792358,ExponentialSmoothing,0.018113307586992533,0.9818866999064509,0.85,0.75
5710,right_hand,1.6591094436080311e-06,0.9999983310699463,ExponentialSmoothing,0.015396560315360193,0.9846034445809753,0.85,0.75
5735,right_hand,2.022308080995572e-06,0.9999979734420776,ExponentialSmoothing,0.013087379614268313,0.9869126239101407,0.85,0.75
5785,right_hand,4.729265128844418e-06,0.999995231628418,ExponentialSmoothing,0.011124982061897392,0.9888750150678822,0.85,0.75
5835,right_hand,8.354662895726506e-06,0.9999916553497314,ExponentialSmoothing,0.009457487952047143,0.9905425111101596,0.85,0.75
5860,right_hand,9.209161362377927e-06,0.9999908208847046,ExponentialSmoothing,0.008040246133444428,0.9919597575763414,0.85,0.75
5885,right_hand,9.844044143392239e-06,0.9999901056289673,ExponentialSmoothing,0.006835685820049273,0.9931643097842352,0.85,0.75
5935,right_hand,1.8069922589347698e-05,0.9999818801879883,ExponentialSmoothing,0.005813043435430283,0.9941869453447982,0.85,0.75
5960,right_hand,2.772705011011567e-05,0.9999722242355347,ExponentialSmoothing,0.004945245977632258,0.9950547371784086,0.85,0.75
5985,right_hand,3.246933192713186e-05,0.9999675750732422,ExponentialSmoothing,0.004208329480776489,0.9957916628626337,0.85,0.75
6010,right_hand,3.046728488698136e-05,0.999969482421875,ExponentialSmoothing,0.0035816501513930626,0.99641833579652,0.85,0.75
6035,right_hand,4.403926504892297e-05,0.9999560117721558,ExponentialSmoothing,0.0030510085184414417,0.9969489871928654,0.85,0.75
6085,right_hand,7.609689782839268e-05,0.9999239444732666,ExponentialSmoothing,0.0026047717753494844,0.9973952307849255,0.85,0.75
6135,right_hand,0.00017813518934417516,0.9998218417167664,ExponentialSmoothing,0.002240776287448688,0.9977592224247017,0.85,0.75
6160,right_hand,0.00025422644102945924,0.999745786190033,ExponentialSmoothing,0.0019427938104858036,0.9980572069895014,0.85,0.75
6185,right_hand,0.000530842924490571,0.9994692206382751,ExponentialSmoothing,0.0017310011775865186,0.9982690090368175,0.85,0.75
6210,right_hand,0.0008387098787352443,0.9991612434387207,ExponentialSmoothing,0.0015971574827588274,0.9984028441971029,0.85,0.75
6235,right_hand,0.0006069887313060462,0.9993929862976074,ExponentialSmoothing,0.0014486321700409102,0.9985513655121786,0.85,0.75
6285,right_hand,0.0005646309000439942,0.9994353652000427,ExponentialSmoothing,0.0013160319795413728,0.9986839654653583,0.85,0.75
6335,right_hand,0.0005844524130225182,0.9994155168533325,ExponentialSmoothing,0.0012062950445635445,0.9987936981735545,0.85,0.75
6360,right_hand,0.0007854911382310092,0.9992145299911499,ExponentialSmoothing,0.0011431744586136642,0.9988568229461938,0.85,0.75
6410,right_hand,0.001289148349314928,0.9987108707427979,ExponentialSmoothing,0.0011650705422188538,0.9988349301156845,0.85,0.75
6435,right_hand,0.002705736318603158,0.9972942471504211,ExponentialSmoothing,0.0013961704086764995,0.998603827670895,0.85,0.75
6460,right_hand,0.0037856355775147676,0.9962143301963806,ExponentialSmoothing,0.0017545901840022398,0.9982454030497179,0.85,0.75
6485,right_hand,0.010958445258438587,0.9890415072441101,ExponentialSmoothing,0.0031351684451676924,0.9968648186788767,0.85,0.75
6510,right_hand,0.055947329849004745,0.9440526962280273,ExponentialSmoothing,0.011056992655743251,0.9889430003112493,0.85,0.75
6535,right_hand,0.10849223285913467,0.8915077447891235,ExponentialSmoothing,0.025672278686251965,0.9743277119829303,0.85,0.75
6560,right_hand,0.09623675048351288,0.9037632942199707,ExponentialSmoothing,0.0362569494558411,0.9637430493184864,0.85,0.75
6585,right_hand,0.13029302656650543,0.869706928730011,ExponentialSmoothing,0.05036236102244075,0.9496376312302152,0.85,0.75
6635,right_hand,0.07593550533056259,0.9240645170211792,ExponentialSmoothing,0.05419833266865903,0.9458016640988598,0.85,0.75
6660,right_hand,0.13584066927433014,0.864159345626831,ExponentialSmoothing,0.0664446831595097,0.9335553163280554,0.85,0.75
6685,right_hand,0.08785631507635117,0.9121437072753906,ExponentialSmoothing,0.06965642794703593,0.9303435749701557,0.85,0.75
6735,right_hand,0.1843549907207489,0.8156450390815735,ExponentialSmoothing,0.08686121236309288,0.9131387945868684,0.85,0.75
6760,right_hand,0.2395678460597992,0.7604321241378784,ExponentialSmoothing,0.10976720741759884,0.8902327940195198,0.85,0.75
6785,right_hand,0.48283565044403076,0.5171643495559692,ExponentialSmoothing,0.1657274738715636,0.8342725273499871,0.85,0.75
6810,rest,0.9182348847389221,0.08176510035991669,ExponentialSmoothing,0.2786035855016674,0.7213964133014766,0.85,0.75
6860,rest,0.34810495376586914,0.6518950462341309,ExponentialSmoothing,0.28902879074129767,0.7109712082413747,0.85,0.75
6885,rest,0.4763096868991852,0.5236903429031372,ExponentialSmoothing,0.3171209251649808,0.6828790784406391,0.85,0.75
6935,rest,0.08955462276935577,0.9104453921318054,ExponentialSmoothing,0.28298597980563706,0.717014025494314,0.85,0.75
6960,rest,0.06777998805046082,0.9322200417518616,ExponentialSmoothing,0.2507050810423606,0.7492949279329462,0.85,0.75
6985,right_hand,0.07271819561719894,0.9272818565368652,ExponentialSmoothing,0.22400704822858633,0.775992967223534,0.85,0.75
7035,right_hand,0.07521618902683258,0.9247837662696838,ExponentialSmoothing,0.20168841934832324,0.7983115870804565,0.85,0.75
7060,right_hand,0.07805290073156357,0.9219471216201782,ExponentialSmoothing,0.18314309155580927,0.8168569172614147,0.85,0.75
7085,right_hand,0.10860978811979294,0.8913902640342712,ExponentialSmoothing,0.17196309604040683,0.8280369192773432,0.85,0.75
7110,right_hand,0.5925080180168152,0.4074919819831848,ExponentialSmoothing,0.23504483433686807,0.7649551786832195,0.85,0.75
7135,rest,0.9227811694145203,0.07721877098083496,ExponentialSmoothing,0.33820528459851595,0.6617947175278618,0.85,0.75
7160,rest,0.9941403269767761,0.005859680473804474,ExponentialSmoothing,0.436595540955255,0.5634044619697532,0.85,0.75
7185,rest,0.9981523156166077,0.0018476643599569798,ExponentialSmoothing,0.5208290571544579,0.4791709423282838,0.85,0.75
7235,rest,0.9993364214897156,0.0006635462050326169,ExponentialSmoothing,0.5926051618047465,0.4073948329097961,0.85,0.75
7260,rest,0.9995284080505371,0.0004715819377452135,ExponentialSmoothing,0.6536436487416151,0.34635634526398845,0.85,0.75
7285,rest,0.9995406866073608,0.0004593144403770566,ExponentialSmoothing,0.7055282044214769,0.29447179064044676,0.85,0.75
7335,rest,0.999584972858429,0.0004149777814745903,ExponentialSmoothing,0.7496367196870197,0.250363268711601,0.85,0.75
7385,left_hand,0.999599039554596,0.0004009618132840842,ExponentialSmoothing,0.7871310676671561,0.21286892267685342,0.85,0.75
7435,left_hand,0.999397873878479,0.000602061627432704,ExponentialSmoothing,0.8189710885988546,0.18102889351944032,0.85,0.75
7460,left_hand,0.9992892742156982,0.0007107269484549761,ExponentialSmoothing,0.8460188164413812,0.1539811685337925,0.85,0.75
7510,left_hand,0.999099850654602,0.0009001395665109158,ExponentialSmoothing,0.8689809715733643,0.13101901418870027,0.85,0.75
7535,left_hand,0.9992610812187195,0.0007388980593532324,ExponentialSmoothing,0.8885229880201675,0.1114769967692982,0.85,0.75
7585,left_hand,0.9992135763168335,0.0007864221697673202,ExponentialSmoothing,0.9051265762646674,0.09487341057936857,0.85,0.75
7610,left_hand,0.9995423555374146,0.0004577058716677129,ExponentialSmoothing,0.9192889431555795,0.08071105487321344,0.85,0.75
7660,left_hand,0.9996922016143799,0.0003078231820836663,ExponentialSmoothing,0.9313494319243996,0.06865057011954397,0.85,0.75
7685,left_hand,0.9997139573097229,0.0002860653621610254,ExponentialSmoothing,0.9416041107321981,0.058395894405936524,0.85,0.75
7710,left_hand,0.9994924068450928,0.0005075508961454034,ExponentialSmoothing,0.9502873551491322,0.04971264287946786,0.85,0.75
7760,left_hand,0.9992527365684509,0.0007472863071598113,ExponentialSmoothing,0.9576321623620301,0.042367839393621654,0.85,0.75
7785,left_hand,0.9993593096733093,0.0006406828761100769,ExponentialSmoothing,0.963891234458722,0.03610876591599492,0.85,0.75
7835,left_hand,0.9996528625488281,0.0003470882656984031,ExponentialSmoothing,0.9692554786722379,0.03074451426845044,0.85,0.75
7885,left_hand,0.9994800686836243,0.0005199902225285769,ExponentialSmoothing,0.9737891671739458,0.02621083566156216,0.85,0.75
7910,left_hand,0.9994681477546692,0.000531896366737783,ExponentialSmoothing,0.9776410142610543,0.022358994767338505,0.85,0.75
7935,left_hand,0.9992175102233887,0.0007824345957487822,ExponentialSmoothing,0.9808774886554044,0.019122510741600048,0.85,0.75
7960,left_hand,0.998980700969696,0.001019237213768065,ExponentialSmoothing,0.9835929705025481,0.01640701971242525,0.85,0.75
8010,left_hand,0.9992272853851318,0.0007727392949163914,ExponentialSmoothing,0.9859381177349357,0.01406187764979892,0.85,0.75
8035,left_hand,0.9991357922554016,0.0008642466273158789,ExponentialSmoothing,0.9879177689130055,0.012082232996426464,0.85,0.75
8060,left_hand,0.9992002844810486,0.0007997715147212148,ExponentialSmoothing,0.9896101462482121,0.010389863774170676,0.85,0.75
8110,left_hand,0.995726466178894,0.004273531027138233,ExponentialSmoothing,0.9905275942378144,0.00947241386211581,0.85,0.75
8135,left_hand,0.9823544025421143,0.017645588144659996,ExponentialSmoothing,0.9893016154834594,0.010698390004497437,0.85,0.75
8160,left_hand,0.9473912119865417,0.052608855068683624,ExponentialSmoothing,0.9830150549589218,0.016984959764125368,0.85,0.75
8210,left_hand,0.4583148956298828,0.5416851043701172,ExponentialSmoothing,0.904310031059566,0.09568998145502415,0.85,0.75
8235,left_hand,0.15686540305614471,0.8431345820426941,ExponentialSmoothing,0.7921933368590528,0.20780667154317467,0.85,0.75
8285,rest,0.02372530847787857,0.9762746691703796,ExponentialSmoothing,0.6769231326018766,0.3230768711872554,0.85,0.75
8310,rest,0.014242355711758137,0.98575758934021,ExponentialSmoothing,0.5775210160683589,0.4224789789101986,0.85,0.75
8364,rest,0.0064182765781879425,0.9935817718505859,ExponentialSmoothing,0.4918556051448333,0.5081443978512568,0.85,0.75
8389,rest,0.00758006377145648,0.9924198985099792,ExponentialSmoothing,0.41921427393882676,0.5807857229500651,0.85,0.75
8414,rest,0.009788607247173786,0.9902113080024719,ExponentialSmoothing,0.3578004239350788,0.6421995607079262,0.85,0.75
8464,rest,0.005391597747802734,0.9946084022521973,ExponentialSmoothing,0.30493910000698743,0.6950608869395668,0.85,0.75
8489,rest,0.0037955697625875473,0.9962044358253479,ExponentialSmoothing,0.25976757047032745,0.740232419272434,0.85,0.75
8539,right_hand,0.0009117641602642834,0.9990882873535156,ExponentialSmoothing,0.22093919952381796,0.7790607994845963,0.85,0.75
8589,right_hand,0.0004489994898904115,0.999550998210907,ExponentialSmoothing,0.18786566951872882,0.8121343292935428,0.85,0.75
8614,right_hand,0.00036563078174367547,0.9996343851089478,ExponentialSmoothing,0.15974066370818105,0.8402593376658536,0.85,0.75
8664,right_hand,0.00023533050261903554,0.999764621257782,ExponentialSmoothing,0.13581486372734675,0.8641851302046428,0.85,0.75
8689,right_hand,0.00018673768499866128,0.9998132586479187,ExponentialSmoothing,0.11547064482099452,0.8845293494711342,0.85,0.75
8714,right_hand,0.0001422861823812127,0.9998576641082764,ExponentialSmoothing,0.09817139102520252,0.9018285966667055,0.85,0.75
8739,right_hand,0.0001299459399888292,0.9998700618743896,ExponentialSmoothing,0.08346517426242046,0.9165348164478581,0.85,0.75
8814,right_hand,0.00012198717013234273,0.9998780488967896,ExponentialSmoothing,0.07096369619857724,0.9290363013151978,0.85,0.75
8839,right_hand,0.0001189874965348281,0.9998810291290283,ExponentialSmoothing,0.06033698989327088,0.9396630104872723,0.85,0.75
8889,right_hand,0.00010572707833489403,0.9998942613601685,ExponentialSmoothing,0.05130230047103049,0.9486976981182067,0.85,0.75
8914,right_hand,9.095101995626464e-05,0.9999090433120728,ExponentialSmoothing,0.043620598053369354,0.9563793998972866,0.85,0.75
8939,right_hand,6.337280501611531e-05,0.999936580657959,ExponentialSmoothing,0.03708701426611637,0.9629129770113874,0.85,0.75
8989,right_hand,3.606357131502591e-05,0.9999638795852661,ExponentialSmoothing,0.03152937166189616,0.9684706123974692,0.85,0.75
9039,right_hand,5.038535891799256e-05,0.99994957447052,ExponentialSmoothing,0.026807523716449438,0.9731924567084268,0.85,0.75
9064,right_hand,6.855683022877201e-05,0.9999314546585083,ExponentialSmoothing,0.022796678683516338,0.977203306400939,0.85,0.75
9114,right_hand,8.208282815758139e-05,0.9999178647994995,ExponentialSmoothing,0.01938948930521252,0.9806104901607231,0.85,0.75
9139,right_hand,8.446318679489195e-05,0.9999154806137085,ExponentialSmoothing,0.016493735387449877,0.9835062387286708,0.85,0.75
9189,right_hand,8.660065941512585e-05,0.9999133348464966,ExponentialSmoothing,0.014032665178244664,0.9859673031463447,0.85,0.75
9214,right_hand,0.0001338092260994017,0.9998661279678345,ExponentialSmoothing,0.011947836785422874,0.9880521268695682,0.85,0.75
9239,right_hand,0.0001729032810544595,0.9998270869255066,ExponentialSmoothing,0.010181596759767613,0.989818370877959,0.85,0.75
9297,right_hand,0.00024867826141417027,0.9997512698173523,ExponentialSmoothing,0.008691658985014596,0.9913083057188681,0.85,0.75
9322,right_hand,0.00026375282322987914,0.9997362494468689,ExponentialSmoothing,0.007427473060746888,0.9925724972780682,0.85,0.75
9372,right_hand,0.00021358105004765093,0.9997864365577698,ExponentialSmoothing,0.006345389259142002,0.9936545881700234,0.85,0.75
9397,right_hand,0.00026650456129573286,0.9997335076332092,ExponentialSmoothing,0.0054335565544650615,0.9945664260895013,0.85,0.75
9447,right_hand,0.0003442686574999243,0.9996557235717773,ExponentialSmoothing,0.004670163369920291,0.9953298207118427,0.85,0.75
9472,right_hand,0.00042104796739295125,0.9995790123939514,ExponentialSmoothing,0.00403279605954119,0.995967199464159,0.85,0.75
9522,right_hand,0.0004912908771075308,0.9995087385177612,ExponentialSmoothing,0.003501570282176141,0.9964984303221993,0.85,0.75
9547,right_hand,0.00043269089655950665,0.9995673298835754,ExponentialSmoothing,0.0030412383743336456,0.9969587652564058,0.85,0.75
9572,right_hand,0.0004171142936684191,0.9995829463005066,ExponentialSmoothing,0.0026476197622338615,0.997352392413021,0.85,0.75
9627,right_hand,0.0007668699254281819,0.9992331266403198,ExponentialSmoothing,0.0023655072867130094,0.9976345025471158,0.85,0.75
9677,right_hand,0.00110681785736233,0.9988932013511658,ExponentialSmoothing,0.0021767038723104074,0.9978233073677234,0.85,0.75
9728,right_hand,0.002463364275172353,0.9975366592407227,ExponentialSmoothing,0.0022197029327396993,0.9977803101486733,0.85,0.75
9778,right_hand,0.0042544035241007805,0.9957455992698669,ExponentialSmoothing,0.0025249080214438616,0.9974751035168523,0.85,0.75
9828,right_hand,0.03404110670089722,0.9659588932991028,ExponentialSmoothing,0.007252337823361866,0.9927476719841899,0.85,0.75
9853,right_hand,0.06654362380504608,0.933456301689148,ExponentialSmoothing,0.016146030720614497,0.9838539664399335,0.85,0.75
9878,right_hand,0.28081074357032776,0.7191892266273499,ExponentialSmoothing,0.05584573764807149,0.944154255468046,0.85,0.75
9931,right_hand,0.05529334023594856,0.9447066783905029,ExponentialSmoothing,0.05576287803625306,0.9442371189064145,0.85,0.75
9956,right_hand,0.03177560865879059,0.9682244062423706,ExponentialSmoothing,0.05216478762963369,0.9478352120068079,0.85,0.75
10006,right_hand,0.007198700215667486,0.992801308631897,ExponentialSmoothing,0.04541987451753876,0.9545801265005712,0.85,0.75
10031,right_hand,0.004055464640259743,0.9959445595741272,ExponentialSmoothing,0.039215213035946904,0.9607847914616047,0.85,0.75
10081,right_hand,0.0070440638810396194,0.9929559230804443,ExponentialSmoothing,0.034389540662710806,0.9656104612044306,0.85,0.75
10106,right_hand,0.011227850802242756,0.9887720942497253,ExponentialSmoothing,0.030915287183640595,0.9690847061612249,0.85,0.75
10156,right_hand,0.026805542409420013,0.973194420337677,ExponentialSmoothing,0.03029882546750751,0.9697011632876926,0.85,0.75
10181,right_hand,0.05227799341082573,0.9477220177650452,ExponentialSmoothing,0.033595700659005245,0.9664042914592955,0.85,0.75
10206,right_hand,0.030261045321822166,0.9697390198707581,ExponentialSmoothing,0.033095502358427786,0.9669045007210149,0.85,0.75
10256,right_hand,0.035747602581977844,0.9642523527145386,ExponentialSmoothing,0.03349331739196029,0.9665066785200433,0.85,0.75
10306,right_hand,0.03764098882675171,0.9623589515686035,ExponentialSmoothing,0.034115468107179005,0.9658845194773273,0.85,0.75
10331,right_hand,0.05820022150874138,0.9417998194694519,ExponentialSmoothing,0.037728181117413356,0.962271814476146,0.85,0.75
10381,right_hand,0.028826946392655373,0.9711730480194092,ExponentialSmoothing,0.03639299590869966,0.9636069995076354,0.85,0.75
10406,right_hand,0.03884808346629143,0.9611518979072571,ExponentialSmoothing,0.03676125904233843,0.9632387342675786,0.85,0.75
10456,right_hand,0.10273975878953934,0.8972602486610413,ExponentialSmoothing,0.046658034004418564,0.9533419614265979,0.85,0.75
10481,right_hand,0.4533000588417053,0.5466999411582947,ExponentialSmoothing,0.1076543377300116,0.8923456583863525,0.85,0.75
10506,right_hand,0.7613223195075989,0.23867769539356232,ExponentialSmoothing,0.2057045349966497,0.794295463937434,0.85,0.75
10556,rest,0.9897482991218567,0.010251619853079319,ExponentialSmoothing,0.3233110996154308,0.6766888873247808,0.85,0.75
10584,rest,0.9953603148460388,0.004639727529138327,ExponentialSmoothing,0.424118481900022,0.5758815133554344,0.85,0.75
10636,rest,0.9978349804878235,0.002165071666240692,ExponentialSmoothing,0.5101759566881923,0.4898240471020553,0.85,0.75
10661,rest,0.9983187913894653,0.0016812409739941359,ExponentialSmoothing,0.5833973818933832,0.4166026261828461,0.85,0.75
10711,rest,0.9977043271064758,0.0022956926841288805,ExponentialSmoothing,0.6455434236753471,0.3544565861580385,0.85,0.75
10761,rest,0.9974923133850098,0.002507756231352687,ExponentialSmoothing,0.6983357571317965,0.30166426166903565,0.85,0.75
10786,rest,0.99689120054245,0.003108792472630739,ExponentialSmoothing,0.7431190736433946,0.2568809412895749,0.85,0.75
10811,left_hand,0.9936214089393616,0.006378533318638802,ExponentialSmoothing,0.7806944239377896,0.21930558009393447,0.85,0.75
10861,left_hand,0.993945300579071,0.006054758094251156,ExponentialSmoothing,0.8126820554339819,0.18731795679398197,0.85,0.75
10886,left_hand,0.9975495934486389,0.002450374886393547,ExponentialSmoothing,0.8404121861361804,0.1595878195078437,0.85,0.75
10936,left_hand,0.9994164705276489,0.0005835498450323939,ExponentialSmoothing,0.8642628287949007,0.135737179058422,0.85,0.75
10961,left_hand,0.99978107213974,0.00021895320969633758,ExponentialSmoothing,0.8845905652966266,0.11540944518111315,0.85,0.75
11019,left_hand,0.9998749494552612,0.00012504897313192487,ExponentialSmoothing,0.9018832229204219,0.09811678574991596,0.85,0.75
11069,left_hand,0.999800980091095,0.0001990401797229424,ExponentialSmoothing,0.9165708864960229,0.083429123914387,0.85,0.75
11094,left_hand,0.9998453855514526,0.00015456604887731373,ExponentialSmoothing,0.9290620613543374,0.07093794023456054,0.85,0.75
11144,left_hand,0.9997149109840393,0.00028507591923698783,ExponentialSmoothing,0.9396599887987926,0.060340010587262,0.85,0.75
11194,left_hand,0.9993763566017151,0.0006237199995666742,ExponentialSmoothing,0.948617443969231,0.051382566999107704,0.85,0.75
11219,left_hand,0.9988033771514893,0.0011965932790189981,ExponentialSmoothing,0.9561453339465698,0.043854670941094395,0.85,0.75
11269,left_hand,0.997481644153595,0.0025183786638081074,ExponentialSmoothing,0.9623457804776235,0.03765422709950145,0.85,0.75
11294,left_hand,0.9970422387123108,0.0029577140230685472,ExponentialSmoothing,0.9675502492128265,0.03244975013803651,0.85,0.75
11319,left_hand,0.9970800280570984,0.0029199367854744196,ExponentialSmoothing,0.9719797160394673,0.028020278135152198,0.85,0.75
11395,left_hand,0.9977129697799683,0.002287035109475255,ExponentialSmoothing,0.9758397041005424,0.02416029168130066,0.85,0.75
11420,left_hand,0.9977754950523376,0.002224514726549387,ExponentialSmoothing,0.9791300727433117,0.02086992513808797,0.85,0.75
11445,left_hand,0.9972265362739563,0.0027734728064388037,ExponentialSmoothing,0.9818445422729083,0.018155457288340594,0.85,0.75
11495,left_hand,0.9940306544303894,0.005969262216240168,ExponentialSmoothing,0.9836724590965304,0.01632752802752553,0.85,0.75
11520,left_hand,0.9914771914482117,0.00852274987846613,ExponentialSmoothing,0.9848431689492827,0.01515681130516662,0.85,0.75
11595,left_hand,0.9794672131538391,0.02053275890648365,ExponentialSmoothing,0.9840367755799662,0.015963203445364175,0.85,0.75
11620,left_hand,0.9509725570678711,0.04902741685509682,ExponentialSmoothing,0.979077142803152,0.020922835456824072,0.85,0.75
11645,left_hand,0.9345924258232117,0.06540755927562714,ExponentialSmoothing,0.9724044352561609,0.027595544029644533,0.85,0.75
11695,left_hand,0.9238718748092651,0.07612808793783188,ExponentialSmoothing,0.9651245511891267,0.03487542561587264,0.85,0.75
11720,left_hand,0.9702900648117065,0.02970987930893898,ExponentialSmoothing,0.9658993782325136,0.03410059366983259,0.85,0.75
11770,left_hand,0.9476020336151123,0.05239792913198471,ExponentialSmoothing,0.9631547765399033,0.03684519398915541,0.85,0.75
11795,left_hand,0.9386509656906128,0.0613490529358387,ExponentialSmoothing,0.9594792049125097,0.0405207728311579,0.85,0.75
11845,left_hand,0.7541871666908264,0.24581289291381836,ExponentialSmoothing,0.9286853991792572,0.07131459084355699,0.85,0.75
11870,left_hand,0.7103633284568787,0.2896367311477661,ExponentialSmoothing,0.8959370885709004,0.10406291188918836,0.85,0.75
11895,left_hand,0.5920665860176086,0.40793344378471375,ExponentialSmoothing,0.8503565131879066,0.14964349167351718,0.85,0.75
11945,rest,0.15867558121681213,0.8413244485855103,ExponentialSmoothing,0.7466043733922425,0.25339563521031616,0.85,0.75
11970,rest,0.06678091734647751,0.9332190155982971,ExponentialSmoothing,0.6446308549853778,0.35536914226851335,0.85,0.75
12030,rest,0.052061278373003006,0.9479386806488037,ExponentialSmoothing,0.5557454184935214,0.44425457302555693,0.85,0.75
12055,rest,0.04101285710930824,0.9589871764183044,ExponentialSmoothing,0.47853553428588946,0.5214644635344691,0.85,0.75
12080,rest,0.12329531461000443,0.8767046332359314,ExponentialSmoothing,0.4252495013345067,0.5747504889896884,0.85,0.75
12130,rest,0.24507813155651093,0.7549218535423279,ExponentialSmoothing,0.3982237958678073,0.6017761936725843,0.85,0.75
12155,rest,0.6697068214416504,0.3302931785583496,ExponentialSmoothing,0.4389462497038838,0.5610537414054491,0.85,0.75
12205,rest,0.9417083263397217,0.05829165503382683,ExponentialSmoothing,0.5143605611992594,0.4856394284497057,0.85,0.75
12230,rest,0.9493541121482849,0.0506458580493927,ExponentialSmoothing,0.5796095938416133,0.42039039288965874,0.85,0.75
12255,rest,0.9201626777648926,0.07983724772930145,ExponentialSmoothing,0.6306925564301051,0.36930742111560516,0.85,0.75
12305,rest,0.943861722946167,0.05613825470209122,ExponentialSmoothing,0.6776679314075145,0.3223320461535781,0.85,0.75
12355,rest,0.9295641183853149,0.07043582946062088,ExponentialSmoothing,0.7154523594541846,0.2845476136496345,0.85,0.75
12409,left_hand,0.999247670173645,0.0007524001412093639,ExponentialSmoothing,0.7580216560621036,0.2419783316233707,0.85,0.75
12473,left_hand,0.985571026802063,0.014429016970098019,ExponentialSmoothing,0.7921540616730975,0.2078459344253798,0.85,0.75
12498,left_hand,0.815243124961853,0.18475688993930817,ExponentialSmoothing,0.7956174211664109,0.20438257775246904,0.85,0.75
12548,left_hand,0.5170436501502991,0.48295632004737854,ExponentialSmoothing,0.7538313555139942,0.2461686390967055,0.85,0.75
12598,rest,0.3300218880176544,0.6699780821800232,ExponentialSmoothing,0.6902599353895432,0.30974005555920314,0.85,0.75
12623,rest,0.33846864104270935,0.661531388759613,ExponentialSmoothing,0.6374912412375181,0.3625087555392646,0.85,0.75
12648,rest,0.3042479455471039,0.6957520246505737,ExponentialSmoothing,0.5875047468839559,0.412495245905961,0.85,0.75
12698,rest,0.145389586687088,0.8546104431152344,ExponentialSmoothing,0.5211874728544258,0.478812525487352,0.85,0.75
12723,rest,0.025811444967985153,0.9741885662078857,ExponentialSmoothing,0.44688106867145966,0.553118931595432,0.85,0.75
12778,rest,0.0021966397762298584,0.9978033900260925,ExponentialSmoothing,0.3801784043371752,0.6198216003600311,0.85,0.75
12803,rest,0.0021865624003112316,0.9978134632110596,ExponentialSmoothing,0.3234796280466456,0.6765203797876854,0.85,0.75
12853,rest,0.0025813239626586437,0.9974186420440674,ExponentialSmoothing,0.27534488243404753,0.7246551191261428,0.85,0.75
12903,right_hand,0.0023106192238628864,0.9976893663406372,ExponentialSmoothing,0.23438974295251983,0.7656102562083169,0.85,0.75
12928,right_hand,0.003314715577289462,0.9966853260993958,ExponentialSmoothing,0.19972848884623526,0.8002715166919787,0.85,0.75
12953,right_hand,0.003051541978493333,0.9969484210014343,ExponentialSmoothing,0.17022694681607398,0.829773052338397,0.85,0.75
12978,right_hand,0.0022802005987614393,0.9977198243141174,ExponentialSmoothing,0.14503493488347707,0.8549650681347551,0.85,0.75
13028,right_hand,0.0018755560740828514,0.9981244206428528,ExponentialSmoothing,0.12356102806206794,0.8764389710109699,0.85,0.75
13053,right_hand,0.0017882942920550704,0.9982117414474487,ExponentialSmoothing,0.105295117996566,0.8947048865764418,0.85,0.75
13117,right_hand,0.0018623325740918517,0.9981375932693481,ExponentialSmoothing,0.08978020018319488,0.9102197925803777,0.85,0.75
13142,right_hand,0.0016775763360783458,0.9983224272727966,ExponentialSmoothing,0.0765648066061274,0.9234351877842405,0.85,0.75
13167,right_hand,0.0023571904748678207,0.9976428151130676,ExponentialSmoothing,0.06543366418643845,0.9345663318835646,0.85,0.75
13227,right_hand,0.0017548399046063423,0.998245120048523,ExponentialSmoothing,0.05588184054416363,0.9441181501083085,0.85,0.75
13252,right_hand,0.001868421328254044,0.9981315732002258,ExponentialSmoothing,0.04777982766177719,0.9522201635720962,0.85,0.75
13302,right_hand,0.0005118410917930305,0.999488115310669,ExponentialSmoothing,0.04068962967627957,0.959310356332882,0.85,0.75
13352,right_hand,0.00010534525063121691,0.9998946189880371,ExponentialSmoothing,0.03460198701243231,0.9653979957311551,0.85,0.75
13377,right_hand,5.270105248200707e-05,0.9999473094940186,ExponentialSmoothing,0.029419594118439765,0.9705803927955847,0.85,0.75
13427,right_hand,3.601106072892435e-05,0.9999639987945557,ExponentialSmoothing,0.02501205665978314,0.9749879336954304,0.85,0.75
13452,right_hand,4.025191446999088e-05,0.9999597072601318,ExponentialSmoothing,0.021266285947986168,0.9787336997301356,0.85,0.75
13477,right_hand,0.00021664441737812012,0.9997833371162415,ExponentialSmoothing,0.018108839718394963,0.9818911453380514,0.85,0.75
13527,right_hand,0.00037344175507314503,0.9996265172958374,ExponentialSmoothing,0.015448530023896689,0.9845514511317193,0.85,0.75
13552,right_hand,0.0003069262020289898,0.9996931552886963,ExponentialSmoothing,0.013177289450616534,0.9868227067552657,0.85,0.75
13609,right_hand,0.00017964783182833344,0.9998204112052917,ExponentialSmoothing,0.011227643207798304,0.9887723624227696,0.85,0.75
13634,right_hand,0.0001498141064075753,0.9998501539230347,ExponentialSmoothing,0.009565968842589694,0.9904340311478094,0.85,0.75
13684,right_hand,0.00012836522364523262,0.9998716115951538,ExponentialSmoothing,0.008150328299748023,0.991849668214911,0.85,0.75
13734,right_hand,0.0002518385590519756,0.999748170375824,ExponentialSmoothing,0.006965554838643616,0.993034443539048,0.85,0.75
13784,right_hand,0.00048248469829559326,0.999517560005188,ExponentialSmoothing,0.005993094317591412,0.994006911008969,0.85,0.75
13809,right_hand,0.00044341455213725567,0.9995566010475159,ExponentialSmoothing,0.005160642352773288,0.9948393645147511,0.85,0.75
13859,right_hand,0.0004899447085335851,0.9995100498199463,ExponentialSmoothing,0.004460037706137333,0.9955399673105304,0.85,0.75
13884,right_hand,0.0003919390437658876,0.9996080994606018,ExponentialSmoothing,0.003849822906781616,0.9961501871330412,0.85,0.75
13934,right_hand,0.00031866846256889403,0.9996813535690308,ExponentialSmoothing,0.0033201497401497077,0.9966798620984396,0.85,0.75
13984,right_hand,0.00047263316810131073,0.9995273351669312,ExponentialSmoothing,0.002893022254342448,0.9971069830587134,0.85,0.75
14009,right_hand,0.0005667549557983875,0.9994332194328308,ExponentialSmoothing,0.002544082159560839,0.9974559185148311,0.85,0.75
14034,right_hand,0.000495761982165277,0.9995042085647583,ExponentialSmoothing,0.0022368341329515045,0.9977631620223202,0.85,0.75
14084,right_hand,0.000571148528251797,0.9994288086891174,ExponentialSmoothing,0.0019869812922465482,0.9980130090223398,0.85,0.75
14109,right_hand,0.0007053625886328518,0.999294638633728,ExponentialSmoothing,0.0017947384867044937,0.9982052534640481,0.85,0.75
14134,right_hand,0.0007310639484785497,0.9992689490318298,ExponentialSmoothing,0.0016351873059706021,0.9983648077992153,0.85,0.75
14184,right_hand,0.0006299134693108499,0.9993701577186584,ExponentialSmoothing,0.0014843962304716392,0.9985156102871318,0.85,0.75
14234,right_hand,0.0005510258488357067,0.9994489550590515,ExponentialSmoothing,0.0013443906732262493,0.9986556120029197,0.85,0.75
14259,right_hand,0.0005769737181253731,0.9994230270385742,ExponentialSmoothing,0.0012292781299611177,0.998770724258268,0.85,0.75
14310,right_hand,0.0012710468145087361,0.9987289309501648,ExponentialSmoothing,0.0012355434326432604,0.9987644552620525,0.85,0.75
14335,right_hand,0.002912496915087104,0.9970875382423401,ExponentialSmoothing,0.001487086455009837,0.9985129177090957,0.85,0.75
14393,right_hand,0.014143615029752254,0.9858564138412476,ExponentialSmoothing,0.0033855657412212,0.9966144421289185,0.85,0.75
14418,right_hand,0.021576978266239166,0.9784230589866638,ExponentialSmoothing,0.0061142776199738956,0.9938857346575802,0.85,0.75
14443,right_hand,0.05458838492631912,0.9454116225242615,ExponentialSmoothing,0.01338539371592568,0.9866146178375824,0.85,0.75
14495,right_hand,0.26401418447494507,0.7359858155250549,ExponentialSmoothing,0.05097971232977859,0.9490202974907034,0.85,0.75
14545,right_hand,0.4734608829021454,0.526539146900177,ExponentialSmoothing,0.11435188791563361,0.8856481249021244,0.85,0.75
14620,right_hand,0.8002790808677673,0.19972088932991028,ExponentialSmoothing,0.21724096685845368,0.7827590395662922,0.85,0.75
14645,rest,0.7224134206771851,0.27758654952049255,ExponentialSmoothing,0.2930168349312634,0.7069831660594224,0.85,0.75
14695,rest,0.8220346570014954,0.17796534299850464,ExponentialSmoothing,0.3723695082417982,0.6276304926002846,0.85,0.75
14720,rest,0.944199800491333,0.05580022186040878,ExponentialSmoothing,0.4581440520792285,0.5418559519893031,0.85,0.75
14745,rest,0.9706372022628784,0.02936279959976673,ExponentialSmoothing,0.5350180246067759,0.46498197913087264,0.85,0.75
14797,rest,0.957922101020813,0.04207790642976761,ExponentialSmoothing,0.5984536360688815,0.4015463682257069,0.85,0.75
14822,rest,0.9778522253036499,0.02214781753718853,ExponentialSmoothing,0.6553634244540967,0.3446365856224291,0.85,0.75
14858,rest,0.9926992058753967,0.007300825323909521,ExponentialSmoothing,0.7059637916672916,0.2940362215776512,0.85,0.75
14908,rest,0.9962725639343262,0.003727434203028679,ExponentialSmoothing,0.7495101075073468,0.25048990347145783,0.85,0.75
14933,left_hand,0.9984647035598755,0.0015353427734225988,ExponentialSmoothing,0.7868532969152262,0.21314671936675253,0.85,0.75
14983,left_hand,0.9990884065628052,0.0009116382570937276,ExponentialSmoothing,0.8186885633623631,0.1813114572003037,0.85,0.75
15008,left_hand,0.9991133809089661,0.0008866256684996188,ExponentialSmoothing,0.8457522859943535,0.15424773247053308,0.85,0.75
15058,left_hand,0.9990633130073547,0.0009366910671815276,ExponentialSmoothing,0.8687489400463037,0.13125107626003035,0.85,0.75
15083,left_hand,0.9992647767066956,0.0007351838867180049,ExponentialSmoothing,0.8883263155453625,0.1116736924040335,0.85,0.75
15108,left_hand,0.999279797077179,0.0007201939588412642,ExponentialSmoothing,0.9049693377751349,0.09503066763725466,0.85,0.75
15165,left_hand,0.9994860887527466,0.0005139195709489286,ExponentialSmoothing,0.9191468504217766,0.08085315542730881,0.85,0.75
15190,left_hand,0.9996349811553955,0.0003649496065918356,ExponentialSmoothing,0.9312200700318194,0.06877992455420126,0.85,0.75
15245,left_hand,0.9996856451034546,0.000314409815473482,ExponentialSmoothing,0.9414899062925647,0.05851009734339209,0.85,0.75
15270,left_hand,0.9997015595436096,0.0002983771846629679,ExponentialSmoothing,0.9502216542802215,0.04977833931958272,0.85,0.75
15320,left_hand,0.9998036026954651,0.00019645108841359615,ExponentialSmoothing,0.957658946542508,0.042341056084907354,0.85,0.75
15370,left_hand,0.9998674392700195,0.0001325106859439984,ExponentialSmoothing,0.9639902204516348,0.03600977427506285,0.85,0.75
15395,left_hand,0.9998922348022461,0.00010776515409816056,ExponentialSmoothing,0.9693755226042264,0.030624472906918145,0.85,0.75
15420,left_hand,0.9999125003814697,8.746996172703803e-05,ExponentialSmoothing,0.9739560692708129,0.02604392246513948,0.85,0.75
15445,left_hand,0.9999299049377441,7.007957174209878e-05,ExponentialSmoothing,0.9778521446208526,0.022147846031129872,0.85,0.75
15504,left_hand,0.9999470710754395,5.286725718178786e-05,ExponentialSmoothing,0.9811663835890405,0.018833599215037657,0.85,0.75
15554,left_hand,0.9999442100524902,5.58310239284765e-05,ExponentialSmoothing,0.983983057558558,0.01601693398637128,0.85,0.75
15579,left_hand,0.9999467134475708,5.331278589437716e-05,ExponentialSmoothing,0.9863776059419099,0.013622390806299746,0.85,0.75
15629,left_hand,0.9999370574951172,6.29732821835205e-05,ExponentialSmoothing,0.988411523674891,0.01158847817768231,0.85,0.75
15654,left_hand,0.9999434947967529,5.65208938496653e-05,ExponentialSmoothing,0.9901413193431703,0.009858684585107413,0.85,0.75
15704,left_hand,0.9999325275421143,6.743823905708268e-05,ExponentialSmoothing,0.991610000573012,0.008389997633199864,0.85,0.75
15729,left_hand,0.9999356269836426,6.440572178689763e-05,ExponentialSmoothing,0.9928588445346066,0.007141158846487919,0.85,0.75
15754,left_hand,0.9999349117279053,6.50365327601321e-05,ExponentialSmoothing,0.9939202546136015,0.006079740499428751,0.85,0.75
15805,left_hand,0.9999127388000488,8.729522960493341e-05,ExponentialSmoothing,0.9948191272415686,0.005180873708955178,0.85,0.75
15830,left_hand,0.9999051094055176,9.48426968534477e-05,ExponentialSmoothing,0.9955820245661611,0.0044179690571399186,0.85,0.75
15880,left_hand,0.9998753070831299,0.00012471234367694706,ExponentialSmoothing,0.9962260169437065,0.0037739805501204727,0.85,0.75
15930,left_hand,0.9998165965080261,0.00018346347496844828,ExponentialSmoothing,0.9967646038783544,0.0032354029888476687,0.85,0.75
15955,left_hand,0.9998098015785217,0.00019020773470401764,ExponentialSmoothing,0.9972213835333795,0.0027786237007261213,0.85,0.75
16005,left_hand,0.9998142123222351,0.0001858449395513162,ExponentialSmoothing,0.9976103078517078,0.0023897068865499005,0.85,0.75
16030,left_hand,0.9997649788856506,0.00023506971774622798,ExponentialSmoothing,0.9979335085067993,0.002066511311229349,0.85,0.75
16055,left_hand,0.9997413754463196,0.00025862606707960367,ExponentialSmoothing,0.9982046885477274,0.0017953285246068873,0.85,0.75
16105,left_hand,0.9996614456176758,0.00033854341018013656,ExponentialSmoothing,0.9984232021082197,0.0015768107574428748,0.85,0.75
16155,left_hand,0.9996657371520996,0.00033432160853408277,ExponentialSmoothing,0.9986095823648016,0.001390437385106556,0.85,0.75
16205,left_hand,0.9996708631515503,0.00032911504968069494,ExponentialSmoothing,0.998768774482814,0.0012312390347926768,0.85,0.75
16230,left_hand,0.9996334314346313,0.0003665811673272401,ExponentialSmoothing,0.9988984730255865,0.0011015403546728614,0.85,0.75
16255,left_hand,0.9996144771575928,0.00038545881398022175,ExponentialSmoothing,0.9990058736453875,0.0009941281235689653,0.85,0.75
16280,left_hand,0.9994029998779297,0.0005969477933831513,ExponentialSmoothing,0.9990654425802689,0.0009345510740410932,0.85,0.75
16336,left_hand,0.9966508746147156,0.0033490811474621296,ExponentialSmoothing,0.9987032573854359,0.0012967305850542486,0.85,0.75
16386,left_hand,0.9891706109046936,0.010829400271177292,ExponentialSmoothing,0.9972733604133246,0.002726631037972705,0.85,0.75
16411,left_hand,0.9757230281829834,0.02427693083882332,ExponentialSmoothing,0.9940408105787735,0.005959176008100297,0.85,0.75
16461,left_hand,0.9109240174293518,0.08907601982355118,ExponentialSmoothing,0.9815732916063602,0.018426702580417932,0.85,0.75
16518,left_hand,0.7960110306739807,0.20398899912834167,ExponentialSmoothing,0.9537389524665032,0.046261047062606496,0.85,0.75
16568,left_hand,0.6206698417663574,0.3793301582336426,ExponentialSmoothing,0.9037785858614814,0.09622141373826192,0.85,0.75
16593,left_hand,0.4488171935081482,0.5511828064918518,ExponentialSmoothing,0.8355343770084813,0.1644656226513004,0.85,0.75
16643,rest,0.020268846303224564,0.9797311425209045,ExponentialSmoothing,0.7132445474026928,0.286755450631741,0.85,0.75
16668,rest,0.008490219712257385,0.9915097951889038,ExponentialSmoothing,0.6075313982491275,0.39246860231531544,0.85,0.75
16718,rest,0.0006818167748861015,0.9993182420730591,ExponentialSmoothing,0.5165039610279913,0.48349604827897696,0.85,0.75
16743,rest,0.00019086958491243422,0.999809205532074,ExponentialSmoothing,0.43905699731152953,0.5609430218669416,0.85,0.75
16769,rest,0.00012087465438526124,0.9998791217803955,ExponentialSmoothing,0.3732165789129579,0.6267834368539597,0.85,0.75
16819,rest,9.122315532295033e-05,0.9999088048934937,ExponentialSmoothing,0.31724777554931266,0.6827522420598897,0.85,0.75
16869,rest,0.00011441199603723362,0.9998855590820312,ExponentialSmoothing,0.26967777101632134,0.730322239613211,0.85,0.75
16894,right_hand,9.394160588271916e-05,0.999906063079834,ExponentialSmoothing,0.22924019660475556,0.7707598131332044,0.85,0.75
16919,right_hand,0.00010409563401481137,0.9998959302902222,ExponentialSmoothing,0.19486978145914444,0.805130230706757,0.85,0.75
16969,right_hand,5.8078534493688494e-05,0.9999419450759888,ExponentialSmoothing,0.16564802602044681,0.8343519878621418,0.85,0.75
17019,right_hand,3.821752034127712e-05,0.9999617338180542,ExponentialSmoothing,0.140806554745431,0.8591934497555287,0.85,0.75
17081,right_hand,2.763383963610977e-05,0.9999723434448242,ExponentialSmoothing,0.11968971660956175,0.8803102838089231,0.85,0.75
17106,right_hand,2.4784565539448522e-05,0.9999752044677734,ExponentialSmoothing,0.1017399768029584,0.8982600219077506,0.85,0.75
17156,right_hand,2.241200127173215e-05,0.9999775886535645,ExponentialSmoothing,0.0864823420827054,0.9135176569196226,0.85,0.75
17206,right_hand,1.3748322089668363e-05,0.9999862909317017,ExponentialSmoothing,0.07351205301861304,0.9264879520214345,0.85,0.75
17231,right_hand,8.445199455309194e-06,0.9999915361404419,ExponentialSmoothing,0.062486511845739376,0.9375134896392856,0.85,0.75
17281,right_hand,6.795064109610394e-06,0.9999932050704956,ExponentialSmoothing,0.05311455432849491,0.9468854469539671,0.85,0.75
17306,right_hand,6.65936113364296e-06,0.9999933242797852,ExponentialSmoothing,0.04514837008339072,0.9548516285528399,0.85,0.75
17356,right_hand,6.2049252846918534e-06,0.9999938011169434,ExponentialSmoothing,0.03837704530967481,0.9616229544374555,0.85,0.75
17431,right_hand,4.892504421150079e-06,0.9999951124191284,ExponentialSmoothing,0.03262122238888676,0.9673787781347065,0.85,0.75
17456,right_hand,4.276842446415685e-06,0.9999957084655762,ExponentialSmoothing,0.02772868055692071,0.9722713176843369,0.85,0.75
17506,right_hand,5.992174919811077e-06,0.9999940395355225,ExponentialSmoothing,0.023570277299620575,0.9764297259620148,0.85,0.75
17531,right_hand,5.298807081999257e-06,0.9999947547912598,ExponentialSmoothing,0.020035530525739788,0.9799644802864016,0.85,0.75
17586,right_hand,1.1232977158215363e-05,0.9999887943267822,ExponentialSmoothing,0.01703188589345255,0.9829681273924586,0.85,0.75
17611,right_hand,1.7046095308614895e-05,0.9999829530715942,ExponentialSmoothing,0.01447965992373096,0.985520351244329,0.85,0.75
17661,right_hand,2.5373532480443828e-05,0.9999746084213257,ExponentialSmoothing,0.012311516965043384,0.9876884898208785,0.85,0.75
17686,right_hand,4.699180499301292e-05,0.999953031539917,ExponentialSmoothing,0.010471838191035827,0.9895281710787343,0.85,0.75
17723,right_hand,4.957383862347342e-05,0.9999504089355469,ExponentialSmoothing,0.008908498538173973,0.9910915067572561,0.85,0.75
17773,right_hand,0.00014489456953015178,0.9998550415039062,ExponentialSmoothing,0.0075939579428774,0.9924060369692536,0.85,0.75
17798,right_hand,0.00010466207459103316,0.9998953342437744,ExponentialSmoothing,0.006470563562634445,0.9935294315604317,0.85,0.75
17848,right_hand,0.00015940437151584774,0.9998406171798706,ExponentialSmoothing,0.005523889683966655,0.9944761094033476,0.85,0.75
17873,right_hand,0.00010830579412868246,0.9998916387557983,ExponentialSmoothing,0.004711552100490958,0.9952884388062153,0.85,0.75
17924,right_hand,8.515806257491931e-05,0.9999148845672607,ExponentialSmoothing,0.004017592994803552,0.9959824056703721,0.85,0.75
17949,right_hand,9.162880451185629e-05,0.9999083280563354,ExponentialSmoothing,0.003428698366259798,0.9965712940282665,0.85,0.75
17999,right_hand,0.00013564166147261858,0.9998643398284912,ExponentialSmoothing,0.002934739860541721,0.9970652508983002,0.85,0.75
18024,right_hand,0.00015159106987994164,0.9998483657836914,ExponentialSmoothing,0.0025172675419424537,0.9974827181311089,0.85,0.75
18049,right_hand,0.0002628922229632735,0.9997370839118958,ExponentialSmoothing,0.0021791112440955767,0.9978208729982269,0.85,0.75
18102,right_hand,0.00039906587335281074,0.9996009469032288,ExponentialSmoothing,0.0019121044384841617,0.9980878840839772,0.85,0.75
18127,right_hand,0.000354683113982901,0.9996453523635864,ExponentialSmoothing,0.0016784912398089726,0.9983215043259186,0.85,0.75
18177,right_hand,0.0006005914183333516,0.9993994235992432,ExponentialSmoothing,0.0015168062665876295,0.9984831922169173,0.85,0.75
18227,right_hand,0.0016727501060813665,0.9983271956443787,ExponentialSmoothing,0.0015401978425116898,0.9984597927310365,0.85,0.75
18252,right_hand,0.00306637748144567,0.9969335794448853,ExponentialSmoothing,0.001769124788351787,0.9982308607381137,0.85,0.75
18302,right_hand,0.00997973047196865,0.9900202751159668,ExponentialSmoothing,0.003000715640894317,0.9969992728947916,0.85,0.75
18327,right_hand,0.021527454257011414,0.9784725904464722,ExponentialSmoothing,0.005779726433311882,0.9942202705275437,0.85,0.75
18352,right_hand,0.057994186878204346,0.9420058131217957,ExponentialSmoothing,0.013611895500045754,0.9863881019166815,0.85,0.75
18402,right_hand,0.09922554343938828,0.9007744789123535,ExponentialSmoothing,0.026453942690947134,0.9735460584660323,0.85,0.75
18452,right_hand,0.4884585440158844,0.5115414261817932,ExponentialSmoothing,0.09575463288968775,0.9042453636233964,0.85,0.75
18477,right_hand,0.6273759603500366,0.37262406945228577,ExponentialSmoothing,0.17549783200874008,0.8245021694977298,0.85,0.75
18502,rest,0.9522050023078918,0.047794971615076065,ExponentialSmoothing,0.2920039075536129,0.7079960898153317,0.85,0.75
18552,rest,0.9915934801101685,0.008406496606767178,ExponentialSmoothing,0.3969423434370962,0.6030576508340469,0.85,0.75
18577,rest,0.9973280429840088,0.0026719102170318365,ExponentialSmoothing,0.4870001983691331,0.5129997897414947,0.85,0.75
18627,rest,0.9982579350471497,0.001742011634632945,ExponentialSmoothing,0.5636888588708356,0.4363111230254655,0.85,0.75
18652,rest,0.9986571073532104,0.0013429116224870086,ExponentialSmoothing,0.6289340961431918,0.37106589131501866,0.85,0.75
18677,rest,0.9985182881355286,0.0014817104674875736,ExponentialSmoothing,0.6843717249420423,0.315628264187889,0.85,0.75
18727,rest,0.9983021020889282,0.0016978224739432335,ExponentialSmoothing,0.7314612815140752,0.2685386979307971,0.85,0.75
18777,left_hand,0.9992468357086182,0.0007532218587584794,ExponentialSmoothing,0.7716291146432567,0.2283708765199913,0.85,0.75
18802,left_hand,0.9995571970939636,0.0004427596286404878,ExponentialSmoothing,0.8058183270108628,0.19418165898628867,0.85,0.75
18856,left_hand,0.9998650550842285,0.00013495417078956962,ExponentialSmoothing,0.8349253362218676,0.1650746532639638,0.85,0.75
18908,left_hand,0.9999209642410278,7.905530219431967e-05,ExponentialSmoothing,0.8596746804247416,0.14032531356969838,0.85,0.75
18933,left_hand,0.9999195337295532,8.04789160611108e-05,ExponentialSmoothing,0.8807114084204634,0.11928858837165279,0.85,0.75
18990,left_hand,0.9999358654022217,6.408859917428344e-05,ExponentialSmoothing,0.8985950769677271,0.10140491340578102,0.85,0.75
19040,left_hand,0.9999433755874634,5.666558354278095e-05,ExponentialSmoothing,0.9137973217606875,0.08620267623244528,0.85,0.75
19065,left_hand,0.9999418258666992,5.818652789457701e-05,ExponentialSmoothing,0.9267189973765892,0.07328100277676268,0.85,0.75
19115,left_hand,0.9999438524246216,5.618261275230907e-05,ExponentialSmoothing,0.9377027256337942,0.06229727975216112,0.85,0.75
19140,left_hand,0.9999340772628784,6.590096018044278e-05,ExponentialSmoothing,0.9470374283781569,0.052962572933364024,0.85,0.75
19190,left_hand,0.9997522234916687,0.0002477767993696034,ExponentialSmoothing,0.9549446476451837,0.04505535351326486,0.85,0.75
19240,left_hand,0.9994530081748962,0.0005469894967973232,ExponentialSmoothing,0.9616209017246407,0.03837909891079473,0.85,0.75
19265,left_hand,0.9993076324462891,0.0006923773908056319,ExponentialSmoothing,0.9672739113328879,0.03272609068279637,0.85,0.75
19290,left_hand,0.9991268515586853,0.0008731638663448393,ExponentialSmoothing,0.9720518523667575,0.027948151660328636,0.85,0.75
19315,left_hand,0.9990022778511047,0.0009977887384593487,ExponentialSmoothing,0.9760944161894096,0.02390559722204824,0.85,0.75
19365,left_hand,0.9991996884346008,0.0008003719267435372,ExponentialSmoothing,0.9795602070261884,0.020439813427752536,0.85,0.75
19415,left_hand,0.9988042116165161,0.0011957496171817183,ExponentialSmoothing,0.9824468077147375,0.017553203856166915,0.85,0.75
19440,left_hand,0.9989053010940552,0.0010947269620373845,ExponentialSmoothing,0.9849155817216351,0.015084432322047486,0.85,0.75
19465,left_hand,0.9982649683952332,0.0017350891139358282,ExponentialSmoothing,0.9869179897226749,0.013082030840830736,0.85,0.75
19520,left_hand,0.9929078817367554,0.007092125713825226,ExponentialSmoothing,0.987816473524787,0.01218354507177991,0.85,0.75
19572,left_hand,0.9353556632995605,0.06464438140392303,ExponentialSmoothing,0.9799473519910029,0.020052670521601382,0.85,0.75
19597,left_hand,0.7800217270851135,0.21997828781604767,ExponentialSmoothing,0.9499585082551194,0.05004151311576833,0.85,0.75
19622,left_hand,0.1232098713517189,0.8767901062965393,ExponentialSmoothing,0.8259462127196092,0.17405380209288399,0.85,0.75
19672,rest,0.0189138762652874,0.9810861349105835,ExponentialSmoothing,0.7048913622514609,0.29510865201553893,0.85,0.75
19722,rest,0.00436231167986989,0.9956377148628235,ExponentialSmoothing,0.5998120046657223,0.40018801144263166,0.85,0.75
19747,rest,0.006428558845072985,0.993571400642395,ExponentialSmoothing,0.5108044877926249,0.4891955198225961,0.85,0.75
19772,rest,0.003134244354441762,0.9968656897544861,ExponentialSmoothing,0.4346539512768974,0.5653460453123796,0.85,0.75
19822,rest,0.0008654704433865845,0.9991346001625061,ExponentialSmoothing,0.3695856791518708,0.6304143285398986,0.85,0.75
19872,rest,0.0003013572422787547,0.9996986389160156,ExponentialSmoothing,0.314193030865432,0.6858069750963162,0.85,0.75
19897,rest,0.00024794507771730423,0.9997521042823792,ExponentialSmoothing,0.2671012679972748,0.7328987444742256,0.85,0.75
19922,right_hand,0.0001611181505722925,0.9998388290405273,ExponentialSmoothing,0.2270602455202694,0.772939757159171,0.85,0.75
19947,right_hand,0.00010921867215074599,0.9998908042907715,ExponentialSmoothing,0.1930175914930516,0.806982414228911,0.85,0.75
20002,right_hand,9.4251983682625e-05,0.9999057054519653,ExponentialSmoothing,0.16407909056664624,0.8359209079123693,0.85,0.75
20052,right_hand,6.012592712067999e-05,0.9999399185180664,ExponentialSmoothing,0.13947624587071739,0.8605237595032238,0.85,0.75
20077,right_hand,4.360639286460355e-05,0.9999563694000244,ExponentialSmoothing,0.11856134994903945,0.8814386509877439,0.85,0.75
20127,right_hand,1.828388121793978e-05,0.9999817609786987,ExponentialSmoothing,0.10077989003886623,0.8992201174863871,0.85,0.75
20177,right_hand,1.8128832380170934e-05,0.9999818801879883,ExponentialSmoothing,0.08566562585789332,0.9143343818916273,0.85,0.75
20227,right_hand,2.1810836187796667e-05,0.9999781847000122,ExponentialSmoothing,0.07281905360463749,0.927180952312885,0.85,0.75
20252,right_hand,1.5973777408362366e-05,0.9999840259552002,ExponentialSmoothing,0.06189859163055311,0.9381014133592323,0.85,0.75
20277,right_hand,9.774362297321204e-06,0.9999902248382568,ExponentialSmoothing,0.052615269040314744,0.947384735081086,0.85,0.75
20327,right_hand,3.90164905184065e-06,0.9999960660934448,ExponentialSmoothing,0.044723563931625306,0.9552764347329398,0.85,0.75
20352,right_hand,3.0386624985112576e-06,0.9999970197677612,ExponentialSmoothing,0.038015485141256286,0.961984522488163,0.85,0.75
20402,right_hand,1.7339591522613773e-06,0.9999982118606567,ExponentialSmoothing,0.032313422463940686,0.9676865758940371,0.85,0.75
20427,right_hand,1.8008447568718111e-06,0.9999982118606567,ExponentialSmoothing,0.027466679221063113,0.97253332128903,0.85,0.75
20452,right_hand,2.1384980755101424e-06,0.9999978542327881,ExponentialSmoothing,0.023346998112614974,0.9766530012305937,0.85,0.75
20502,right_hand,3.970331817981787e-06,0.9999960660934448,ExponentialSmoothing,0.019845543945495425,0.9801544609600213,0.85,0.75
20527,right_hand,6.693316663586302e-06,0.9999933242797852,ExponentialSmoothing,0.016869716351170648,0.983130290457986,0.85,0.75
20552,right_hand,7.223054126370698e-06,0.9999927282333374,ExponentialSmoothing,0.014340342356614005,0.9856596561242887,0.85,0.75
20602,right_hand,8.946587513491977e-06,0.9999910593032837,ExponentialSmoothing,0.012190632991248927,0.9878093666011379,0.85,0.75
20652,right_hand,9.025478902913164e-06,0.9999909400939941,ExponentialSmoothing,0.010363391864397024,0.9896366026250665,0.85,0.75
20702,right_hand,9.900014447339345e-06,0.9999901056289673,ExponentialSmoothing,0.008810368086904571,0.9911896280756516,0.85,0.75
20727,right_hand,1.2072138815710787e-05,0.9999879598617554,ExponentialSmoothing,0.007490623694691242,0.9925093778435672,0.85,0.75
20777,right_hand,2.131943983840756e-05,0.9999786615371704,ExponentialSmoothing,0.006370228056463317,0.9936297703976076,0.85,0.75
20802,right_hand,3.317380469525233e-05,0.9999668598175049,ExponentialSmoothing,0.005419669918698107,0.9945803338105922,0.85,0.75
20852,right_hand,7.592430483782664e-05,0.9999240636825562,ExponentialSmoothing,0.0046181080766190645,0.9953818932913868,0.85,0.75
20902,right_hand,0.00016740703722462058,0.9998325109481812,ExponentialSmoothing,0.003950502920709898,0.9960494859399059,0.85,0.75
20952,right_hand,0.0003986817901022732,0.9996013045310974,ExponentialSmoothing,0.003417729751118754,0.9965822587285846,0.85,0.75
20977,right_hand,0.0006006743060424924,0.9993993043899536,ExponentialSmoothing,0.0029951714343573145,0.99700481557779,0.85,0.75
21033,right_hand,0.0010396318975836039,0.9989603757858276,ExponentialSmoothing,0.002701840503841258,0.9972981496089957,0.85,0.75
21058,right_hand,0.0019326298497617245,0.9980674386024475,ExponentialSmoothing,0.002586458905729328,0.9974135429580133,0.85,0.75
21108,right_hand,0.0071294913068413734,0.9928705096244812,ExponentialSmoothing,0.003267913765896135,0.9967320879579835,0.85,0.75
21133,right_hand,0.0098176384344697,0.9901823401451111,ExponentialSmoothing,0.00425037246618217,0.9957496257860527,0.85,0.75
21183,right_hand,0.01665169931948185,0.9833483099937439,ExponentialSmoothing,0.0061105714941771215,0.9938894284172064,0.85,0.75
21208,right_hand,0.04627840965986252,0.9537215828895569,ExponentialSmoothing,0.012135747219029932,0.9878642515880589,0.85,0.75
21258,right_hand,0.9440947771072388,0.055905234068632126,ExponentialSmoothing,0.15192960170226127,0.8480703989601449,0.85,0.75
21283,rest,0.995789110660553,0.004210874903947115,ExponentialSmoothing,0.27850852804600507,0.7214914703517152,0.85,0.75
21333,rest,0.9994033575057983,0.0005965965683571994,ExponentialSmoothing,0.38664275246497404,0.6133572392842115,0.85,0.75
21358,rest,0.9996974468231201,0.0003025216865353286,ExponentialSmoothing,0.47860095661869595,0.5213990316445601,0.85,0.75
21408,rest,0.9997814297676086,0.0002186177734984085,ExponentialSmoothing,0.5567780275910329,0.44322196956390086,0.85,0.75
21433,rest,0.9998082518577576,0.0001918007474159822,ExponentialSmoothing,0.6232325612310416,0.3767674442414281,0.85,0.75
21483,rest,0.9997668862342834,0.00023317788145504892,ExponentialSmoothing,0.6797127099815279,0.32028730428743213,0.85,0.75
21533,rest,0.9997941851615906,0.0002057804522337392,ExponentialSmoothing,0.7277249312585372,0.27227507571215237,0.85,0.75
21558,left_hand,0.9998065829277039,0.00019345431064721197,ExponentialSmoothing,0.7685371790089122,0.2314628325019266,0.85,0.75
21583,left_hand,0.9997909665107727,0.0002090606139972806,ExponentialSmoothing,0.8032252471341912,0.19677476671873717,0.85,0.75
21608,left_hand,0.9997701048851013,0.00022990511206444353,ExponentialSmoothing,0.8327069757968277,0.16729303747773627,0.85,0.75
21658,left_hand,0.9997652173042297,0.00023482956748921424,ExponentialSmoothing,0.857765712022938,0.1422343062911992,0.85,0.75
21708,left_hand,0.999643087387085,0.0003569088876247406,ExponentialSmoothing,0.87904731832756,0.12095269668066304,0.85,0.75
21733,left_hand,0.9996508359909058,0.00034913074341602623,ExponentialSmoothing,0.8971378459770618,0.10286216179007598,0.85,0.75
21783,left_hand,0.9996161460876465,0.00038383953506127,ExponentialSmoothing,0.9125095909936495,0.08749041345182378,0.85,0.75
21808,left_hand,0.9995442032814026,0.00045575297554023564,ExponentialSmoothing,0.9255647828368125,0.07443521438038124,0.85,0.75
21858,left_hand,0.9995331764221191,0.0004668458423111588,ExponentialSmoothing,0.9366600418746085,0.06333995909967073,0.85,0.75
21883,left_hand,0.9996016621589661,0.000398373871576041,ExponentialSmoothing,0.9461012849172621,0.053898721315456526,0.85,0.75
21908,left_hand,0.9995860457420349,0.0004139062948524952,ExponentialSmoothing,0.954123999040978,0.04587599906236592,0.85,0.75
21962,left_hand,0.9995356798171997,0.00046434448449872434,ExponentialSmoothing,0.9609357511574113,0.03906425087568584,0.85,0.75
21987,left_hand,0.9991169571876526,0.0008830298902466893,ExponentialSmoothing,0.9666629320619474,0.03333706772786997,0.85,0.75
22024,left_hand,0.9991133809089661,0.0008865685667842627,ExponentialSmoothing,0.9715304993890003,0.028469492853707114,0.85,0.75
22074,left_hand,0.9985412359237671,0.001458796439692378,ExponentialSmoothing,0.9755821098692153,0.024417888391604903,0.85,0.75
22124,left_hand,0.9978451728820801,0.0021548736840486526,ExponentialSmoothing,0.978921569321145,0.021078436185471464,0.85,0.75
22174,left_hand,0.9958763122558594,0.004123621620237827,ExponentialSmoothing,0.9814647807613522,0.018535214000686417,0.85,0.75
22224,left_hand,0.9950888752937317,0.004911141935735941,ExponentialSmoothing,0.9835083949412091,0.016491603190943845,0.85,0.75
22249,left_hand,0.9896895885467529,0.010310445912182331,ExponentialSmoothing,0.9844355739820407,0.015564429599129619,0.85,0.75
22299,left_hand,0.9831371903419495,0.01686282642185688,ExponentialSmoothing,0.984240816436027,0.015759189122538708,0.85,0.75
22324,left_hand,0.9718294143676758,0.028170619159936905,ExponentialSmoothing,0.9823791061257744,0.017620903628148436,0.85,0.75
22349,left_hand,0.9705499410629272,0.02945001609623432,ExponentialSmoothing,0.9806047313663473,0.01939527049836132,0.85,0.75
22399,left_hand,0.9112222194671631,0.08877773582935333,ExponentialSmoothing,0.9701973545814697,0.029802640298010125,0.85,0.75
22449,left_hand,0.8846583366394043,0.11534164100885391,ExponentialSmoothing,0.9573665018901598,0.042633490404636695,0.85,0.75
22474,left_hand,0.7314214706420898,0.26857849955558777,ExponentialSmoothing,0.9234747472029493,0.07652524177727936,0.85,0.75
22524,left_hand,0.3545193374156952,0.6454806923866272,ExponentialSmoothing,0.8381314357348612,0.16186855936868155,0.85,0.75
22549,left_hand,0.3147067725658417,0.6852932572364807,ExponentialSmoothing,0.7596177362595082,0.24038226404885144,0.85,0.75
22600,rest,0.17609357833862305,0.823906421661377,ExponentialSmoothing,0.6720891125713755,0.3279108876907303,0.85,0.75
22625,rest,0.22810187935829163,0.771898090839386,ExponentialSmoothing,0.605491027589413,0.39450896816302866,0.85,0.75
22685,rest,0.5882981419563293,0.41170185804367065,ExponentialSmoothing,0.6029120947444504,0.397087901645125,0.85,0.75
22710,rest,0.744497537612915,0.25550249218940735,ExponentialSmoothing,0.6241499111747201,0.37585009022676735,0.85,0.75
22760,rest,0.6994096636772156,0.3005903363227844,ExponentialSmoothing,0.6354388740500945,0.36456112714116995,0.85,0.75
22785,rest,0.5895079970359802,0.41049203276634216,ExponentialSmoothing,0.6285492424979773,0.3714507629849458,0.85,0.75
22810,rest,0.345582515001297,0.6544175148010254,ExponentialSmoothing,0.5861042333734752,0.41389577575735775,0.85,0.75
22860,rest,0.05997173488140106,0.9400282502174377,ExponentialSmoothing,0.507184358599664,0.4928156469263698,0.85,0.75
22885,rest,0.007912866771221161,0.992087185382843,ExponentialSmoothing,0.43229363482539757,0.5677063776948408,0.85,0.75
22935,rest,0.003727094503119588,0.9962729215621948,ExponentialSmoothing,0.3680086537770558,0.6319913592749439,0.85,0.75
22960,rest,0.002940627746284008,0.9970593452453613,ExponentialSmoothing,0.31324844987244005,0.6867515571705065,0.85,0.75
22985,rest,0.00391758419573307,0.9960824251174927,ExponentialSmoothing,0.266848820020934,0.7331511873625545,0.85,0.75
23064,right_hand,0.004892590455710888,0.9951074123382568,ExponentialSmoothing,0.22755538558615054,0.7724446211089099,0.85,0.75
23089,right_hand,0.005279453471302986,0.9947205781936646,ExponentialSmoothing,0.1942139957689234,0.8057860146716231,0.85,0.75
23114,right_hand,0.0070781949907541275,0.9929218888282776,ExponentialSmoothing,0.166143625652198,0.8338563957951213,0.85,0.75
23164,right_hand,0.0036620309110730886,0.9963380098342896,ExponentialSmoothing,0.14177138644102927,0.8582286379009965,0.85,0.75
23189,right_hand,0.0029876516200602055,0.9970123767852783,ExponentialSmoothing,0.1209538262178839,0.8790461987336388,0.85,0.75
23254,right_hand,0.0030416210647672415,0.9969583749771118,ExponentialSmoothing,0.1032669954449164,0.8967330251701597,0.85,0.75
23279,right_hand,0.0012474580435082316,0.9987524747848511,ExponentialSmoothing,0.08796406483470517,0.9120359426123634,0.85,0.75
23304,right_hand,0.0008089776965789497,0.9991909861564636,ExponentialSmoothing,0.07489080176398624,0.9251091991439784,0.85,0.75
23329,right_hand,0.0005428608856163919,0.9994571805000305,ExponentialSmoothing,0.06373861063223075,0.9362613963473863,0.85,0.75
23379,right_hand,0.0008198335999622941,0.9991801381111145,ExponentialSmoothing,0.05430079407739048,0.9456992076119455,0.85,0.75
23431,right_hand,0.0007719620480202138,0.9992280006408691,ExponentialSmoothing,0.046271469272984936,0.953728526566284,0.85,0.75
23456,right_hand,0.000841110129840672,0.9991588592529297,ExponentialSmoothing,0.03945691540151329,0.9605430764692808,0.85,0.75
23506,right_hand,0.0027526910416781902,0.9972472786903381,ExponentialSmoothing,0.033951281747538024,0.9660487068024395,0.85,0.75
23531,right_hand,0.0058026560582220554,0.9941973686218262,ExponentialSmoothing,0.029728987894140628,0.9702710060753474,0.85,0.75
23556,right_hand,0.006318351253867149,0.9936816692352295,ExponentialSmoothing,0.026217392398099604,0.9737826055493298,0.85,0.75
23606,right_hand,0.003117575543001294,0.996882438659668,ExponentialSmoothing,0.022752419869834856,0.9772475805158806,0.85,0.75
23631,right_hand,0.0010329886572435498,0.9989670515060425,ExponentialSmoothing,0.01949450518794616,0.9805055011644048,0.85,0.75
23683,right_hand,0.00022474162688013166,0.999775230884552,ExponentialSmoothing,0.016604040653786255,0.9833959606224268,0.85,0.75
23733,right_hand,0.0003137809399049729,0.9996862411499023,ExponentialSmoothing,0.014160501696704061,0.9858395027015482,0.85,0.75
23758,right_hand,0.00027411707560531795,0.999725878238678,ExponentialSmoothing,0.01207754400353925,0.9879224590321177,0.85,0.75
23808,right_hand,0.001001832657493651,0.99899822473526,ExponentialSmoothing,0.010416187301632409,0.9895838238875891,0.85,0.75
23833,right_hand,0.002942028222605586,0.9970580339431763,ExponentialSmoothing,0.009295063439778385,0.9907049553959273,0.85,0.75
23881,right_hand,0.9492725729942322,0.05072735622525215,ExponentialSmoothing,0.15029168987294647,0.849708315520326,0.85,0.75
23906,rest,1.0,3.593285484947908e-17,ExponentialSmoothing,0.2777479363920045,0.722252068192277,0.85,0.75
23931,rest,1.0,3.375961443958419e-27,ExponentialSmoothing,0.3860857459332039,0.6139142579634355,0.85,0.75
23967,rest,1.0,2.361754036966904e-39,ExponentialSmoothing,0.47817288404322333,0.5218271192689201,0.85,0.75
24017,rest,1.0,4.0637655465419695e-44,ExponentialSmoothing,0.5564469514367398,0.4435530513785821,0.85,0.75
24069,rest,1.0,4.624284932271896e-44,ExponentialSmoothing,0.6229799087212289,0.3770200936717948,0.85,0.75
24094,rest,1.0,3.923635700109488e-44,ExponentialSmoothing,0.6795329224130445,0.32046707962102555,0.85,0.75
24119,rest,1.0,3.6433760072445244e-44,ExponentialSmoothing,0.7276029840510878,0.2723970176778717,0.85,0.75
24169,left_hand,1.0,2.942726775082116e-44,ExponentialSmoothing,0.7684625364434247,0.23153746502619096,0.85,0.75
24194,left_hand,1.0,2.6624670822171524e-44,ExponentialSmoothing,0.803193155976911,0.1968068452722623,0.85,0.75
24244,left_hand,1.0,2.802596928649634e-44,ExponentialSmoothing,0.8327141825803743,0.16728581848142296,0.85,0.75
24269,left_hand,1.0,4.203895392974451e-44,ExponentialSmoothing,0.8578070551933182,0.1421929457092095,0.85,0.75
24319,left_hand,1.0,5.74532370373175e-44,ExponentialSmoothing,0.8791359969143205,0.12086400385282808,0.85,0.75
24369,left_hand,1.0,1.1350517561031018e-43,ExponentialSmoothing,0.8972655973771725,0.10273440327490387,0.85,0.75
24394,left_hand,1.0,2.9287137904388677e-43,ExponentialSmoothing,0.9126757577705966,0.08732424278366828,0.85,0.75
24424,left_hand,1.0,6.922414413764596e-43,ExponentialSmoothing,0.9257743941050072,0.07422560636611804,0.85,0.75
24474,left_hand,1.0,8.099505123797443e-43,ExponentialSmoothing,0.9369082349892561,0.06309176541120033,0.85,0.75
24499,left_hand,1.0,8.772128386673355e-43,ExponentialSmoothing,0.9463719997408677,0.05362800059952028,0.85,0.75
24549,left_hand,1.0,8.113518108440691e-43,ExponentialSmoothing,0.9544161997797376,0.04558380050959224,0.85,0.75
24574,left_hand,1.0,5.773349673018246e-43,ExponentialSmoothing,0.961253769812777,0.0387462304331534,0.85,0.75
24634,left_hand,1.0,1.5134023414708024e-43,ExponentialSmoothing,0.9670657043408605,0.03293429586818039,0.85,0.75
24659,left_hand,1.0,6.58610278232664e-44,ExponentialSmoothing,0.9720058486897314,0.027994151487953332,0.85,0.75
24709,left_hand,1.0,9.80908925027372e-45,ExponentialSmoothing,0.9762049713862717,0.02379502876476033,0.85,0.75
24734,left_hand,1.0,1.1210387714598537e-44,ExponentialSmoothing,0.979774225678331,0.02022577445004628,0.85,0.75
24759,left_hand,1.0,9.80908925027372e-45,ExponentialSmoothing,0.9828080918265814,0.017191908282539338,0.85,0.75
24809,left_hand,1.0,1.401298464324817e-44,ExponentialSmoothing,0.9853868780525942,0.014613122040158437,0.85,0.75
24879,left_hand,1.0,0.0,ExponentialSmoothing,0.987578846344705,0.01242115373413467,0.85,0.75
24929,left_hand,1.0,0.0,ExponentialSmoothing,0.9894420193929993,0.010557980674014469,0.85,0.75
24954,left_hand,1.0,0.0,ExponentialSmoothing,0.9910257164840494,0.008974283572912299,0.85,0.75
25004,left_hand,1.0,0.0,ExponentialSmoothing,0.992371859011442,0.007628141036975454,0.85,0.75
25029,left_hand,1.0,0.0,ExponentialSmoothing,0.9935160801597257,0.006483919881429136,0.85,0.75
25057,left_hand,1.0,0.0,ExponentialSmoothing,0.9944886681357669,0.0055113318992147655,0.85,0.75
25107,left_hand,1.0,0.0,ExponentialSmoothing,0.9953153679154019,0.004684632114332551,0.85,0.75
25132,left_hand,1.0,0.0,ExponentialSmoothing,0.9960180627280916,0.003981937297182668,0.85,0.75
25182,left_hand,1.0,0.0,ExponentialSmoothing,0.9966153533188779,0.0033846467026052676,0.85,0.75
25207,left_hand,1.0,0.0,ExponentialSmoothing,0.9971230503210462,0.0028769496972144773,0.85,0.75
25273,left_hand,1.0,0.0,ExponentialSmoothing,0.9975545927728893,0.0024454072426323054,0.85,0.75
25298,left_hand,1.0,0.0,ExponentialSmoothing,0.9979214038569559,0.0020785961562374594,0.85,0.75
25323,left_hand,1.0,0.0,ExponentialSmoothing,0.9982331932784125,0.0017668067328018404,0.85,0.75
25373,left_hand,1.0,0.0,ExponentialSmoothing,0.9984982142866506,0.0015017857228815643,0.85,0.75
25398,left_hand,1.0,0.0,ExponentialSmoothing,0.998723482143653,0.0012765178644493296,0.85,0.75
25448,left_hand,1.0,0.0,ExponentialSmoothing,0.9989149598221051,0.0010850401847819302,0.85,0.75
25473,left_hand,1.0,0.0,ExponentialSmoothing,0.9990777158487893,0.0009222841570646407,0.85,0.75
25523,left_hand,1.0,0.0,ExponentialSmoothing,0.999216058471471,0.0007839415335049446,0.85,0.75
25573,left_hand,1.0,0.0,ExponentialSmoothing,0.9993336497007503,0.0006663503034792028,0.85,0.75
25631,left_hand,1.0,0.0,ExponentialSmoothing,0.9994336022456378,0.0005663977579573224,0.85,0.75
25656,left_hand,1.0,0.0,ExponentialSmoothing,0.9995185619087922,0.00048143809426372404,0.85,0.75
25706,left_hand,1.0,0.0,ExponentialSmoothing,0.9995907776224734,0.00040922238012416543,0.85,0.75
25756,left_hand,1.0,0.0,ExponentialSmoothing,0.9996521609791024,0.0003478390231055406,0.85,0.75
25781,left_hand,1.0,0.0,ExponentialSmoothing,0.999704336832237,0.0002956631696397095,0.85,0.75
25831,left_hand,1.0,0.0,ExponentialSmoothing,0.9997486863074014,0.00025131369419375307,0.85,0.75
25906,left_hand,1.0,0.0,ExponentialSmoothing,0.9997863833612912,0.0002136166400646901,0.85,0.75
25931,left_hand,1.0,0.0,ExponentialSmoothing,0.9998184258570976,0.00018157414405498657,0.85,0.75
25981,left_hand,1.0,1.2393083618488682e-41,ExponentialSmoothing,0.999845661978533,0.00015433802244673857,0.85,0.75
26006,left_hand,1.0,9.987589388527516e-20,ExponentialSmoothing,0.999868812681753,0.0001311873190797278,0.85,0.75
26056,left_hand,0.9999994039535522,6.203737825671851e-07,ExponentialSmoothing,0.9998884013725229,0.00011160227728515372,0.85,0.75
26106,left_hand,0.995712161064148,0.004287833347916603,ExponentialSmoothing,0.9992619653262667,0.0007380369378798713,0.85,0.75
26131,left_hand,0.6299161911010742,0.37008383870124817,ExponentialSmoothing,0.9438600991924878,0.05613990720238512,0.85,0.75
26156,left_hand,0.5064866542816162,0.4935133457183838,ExponentialSmoothing,0.8782540824558571,0.12174592297978493,0.85,0.75
26206,left_hand,0.028377626091241837,0.9716224074363708,ExponentialSmoothing,0.7507726140011648,0.24922739564827284,0.85,0.75
26231,rest,0.017173022031784058,0.9828269481658936,ExponentialSmoothing,0.6407326752057576,0.359267328525916,0.85,0.75
26281,rest,0.009903770871460438,0.9900962114334106,ExponentialSmoothing,0.5461083395556131,0.4538916609620402,0.85,0.75
26306,rest,0.003476523794233799,0.9965234398841858,ExponentialSmoothing,0.4647135671914062,0.5352864278003621,0.85,0.75
26331,rest,0.0013333694078028202,0.9986666440963745,ExponentialSmoothing,0.3952065375238657,0.604793460244764,0.85,0.75
26381,rest,0.0005406447453424335,0.9994593262672424,ExponentialSmoothing,0.3360066536070872,0.6639933401481357,0.85,0.75
26406,rest,0.00045837232028134167,0.9995416402816772,ExponentialSmoothing,0.28567441141406635,0.7143255851681669,0.85,0.75
26456,right_hand,0.00043301022378727794,0.9995669722557068,ExponentialSmoothing,0.2428882012355245,0.7571117932312978,0.85,0.75
26481,right_hand,0.00036225837538950145,0.9996377229690552,ExponentialSmoothing,0.20650930980650423,0.7934906826919614,0.85,0.75
26531,right_hand,0.00018861089483834803,0.9998114705085754,ExponentialSmoothing,0.17556120496975433,0.8244388008644534,0.85,0.75
26581,right_hand,0.00013262307038530707,0.99986732006073,ExponentialSmoothing,0.149246917684849,0.8507530787438949,0.85,0.75
26606,right_hand,0.00013140930968802422,0.999868631362915,ExponentialSmoothing,0.12687959142857486,0.873120411636748,0.85,0.75
26656,right_hand,0.00010511115397093818,0.9998948574066162,ExponentialSmoothing,0.10786341938738427,0.8921365785022283,0.85,0.75
26681,right_hand,0.00013152036990504712,0.9998685121536255,ExponentialSmoothing,0.09170363453476238,0.9082963685499378,0.85,0.75
26731,right_hand,9.871330257738009e-05,0.999901294708252,ExponentialSmoothing,0.07796289634993463,0.9220371074736848,0.85,0.75
26756,right_hand,8.293159771710634e-05,0.9999170303344727,ExponentialSmoothing,0.06628090163710199,0.933719095902803,0.85,0.75
26806,right_hand,5.8031087974086404e-05,0.9999419450759888,ExponentialSmoothing,0.0563474710547328,0.9436525232787809,0.85,0.75
26856,right_hand,8.10912752058357e-05,0.9999189376831055,ExponentialSmoothing,0.047907514087803756,0.9520924854394296,0.85,0.75
26906,right_hand,0.00010993504110956565,0.9998900890350342,ExponentialSmoothing,0.04073787723079963,0.9592621259787703,0.85,0.75
26956,right_hand,0.0001546026032883674,0.9998453855514526,ExponentialSmoothing,0.03465038603667294,0.9653496149146726,0.85,0.75
26981,right_hand,0.00010879249748541042,0.9998911619186401,ExponentialSmoothing,0.02946914700579481,0.9705308469652677,0.85,0.75
27031,right_hand,5.4102896683616564e-05,0.999945878982544,ExponentialSmoothing,0.02505689038942813,0.9749431017678591,0.85,0.75
27056,right_hand,6.410045170923695e-05,0.9999358654022217,ExponentialSmoothing,0.021307971898770296,0.9786920163130135,0.85,0.75
27081,right_hand,6.162132922327146e-05,0.9999383687973022,ExponentialSmoothing,0.018121019313338243,0.9818789691856569,0.85,0.75
27131,right_hand,6.197350012371317e-05,0.9999380111694336,ExponentialSmoothing,0.015412162441356063,0.9845878254832234,0.85,0.75
27182,right_hand,5.0042734073940665e-05,0.9999499320983887,ExponentialSmoothing,0.013107844485263745,0.9868921414754982,0.85,0.75
27232,right_hand,9.297554788645357e-05,0.9999070167541504,ExponentialSmoothing,0.01115561414465715,0.988844372767296,0.85,0.75
27257,right_hand,8.495414658682421e-05,0.9999150037765503,ExponentialSmoothing,0.0094950151449466,0.9905049674186841,0.85,0.75
27307,right_hand,0.00018200476188212633,0.9998180270195007,ExponentialSmoothing,0.008098063587486928,0.9919019263588067,0.85,0.75
27358,right_hand,0.00023447652347385883,0.9997655749320984,ExponentialSmoothing,0.0069185255278849675,0.9930814736448004,0.85,0.75
27408,right_hand,0.00028624158585444093,0.9997137188911438,ExponentialSmoothing,0.005923682936580388,0.9940763104317518,0.85,0.75
27433,right_hand,0.00027491088258102536,0.9997250437736511,ExponentialSmoothing,0.005076367128480484,0.9949236204330367,0.85,0.75
27483,right_hand,0.0002973820664919913,0.9997026324272156,ExponentialSmoothing,0.00435951936918221,0.9956404722321636,0.85,0.75
27508,right_hand,0.0003852657973766327,0.9996147155761719,ExponentialSmoothing,0.0037633813334113733,0.9962366087337649,0.85,0.75
27558,right_hand,0.0010767914354801178,0.998923122882843,ExponentialSmoothing,0.0033603928487216848,0.9966395858561266,0.85,0.75
27583,right_hand,0.0018349322490394115,0.9981650710105896,ExponentialSmoothing,0.0031315737587693437,0.996868408629296,0.85,0.75
27608,right_hand,0.0022998519707471132,0.9977001547813416,ExponentialSmoothing,0.003006815490566009,0.9969931705521029,0.85,0.75
27665,right_hand,0.009871285408735275,0.9901286959648132,ExponentialSmoothing,0.004036485978291399,0.9959634993640094,0.85,0.75
27690,right_hand,0.019199224188923836,0.9808008074760437,ExponentialSmoothing,0.006310896709886264,0.9936890955808145,0.85,0.75
27715,right_hand,0.07606598734855652,0.9239340424537659,ExponentialSmoothing,0.016774160305686805,0.9832258376117572,0.85,0.75
27771,right_hand,0.6435436010360718,0.3564564287662506,ExponentialSmoothing,0.11078957641524456,0.8892104262849312,0.85,0.75
27796,right_hand,0.67963045835495,0.32036951184272766,ExponentialSmoothing,0.19611570870620038,0.8038842891186007,0.85,0.75
27846,rest,0.8131796717643738,0.18682029843330383,ExponentialSmoothing,0.2886753031649264,0.7113246905158062,0.85,0.75
27871,rest,0.8609718680381775,0.1390281319618225,ExponentialSmoothing,0.3745197878959141,0.6254802067327085,0.85,0.75
27921,rest,0.622199296951294,0.37780073285102844,ExponentialSmoothing,0.4116717142542211,0.5883282856504566,0.85,0.75
27946,rest,0.8153226971626282,0.1846773624420166,ExponentialSmoothing,0.4722193616904822,0.5277806471691906,0.85,0.75
27996,rest,0.9653627872467041,0.034637171775102615,ExponentialSmoothing,0.5461908755239154,0.4538091258600774,0.85,0.75
28046,rest,0.9970456957817078,0.0029542793054133654,ExponentialSmoothing,0.6138190985625842,0.3861808988768778,0.85,0.75
28096,rest,0.9982851147651672,0.0017148652113974094,ExponentialSmoothing,0.6714890009929716,0.32851099382705573,0.85,0.75
28121,rest,0.9989537000656128,0.0010462346253916621,ExponentialSmoothing,0.7206087058538678,0.2793912799468061,0.85,0.75
28186,left_hand,0.9993013143539429,0.0006986763910390437,ExponentialSmoothing,0.7624125971288791,0.23758738941344104,0.85,0.75
28236,left_hand,0.9994369149208069,0.0005631016101688147,ExponentialSmoothing,0.7979662447976683,0.2020337462429502,0.85,0.75
28311,left_hand,0.9995519518852234,0.00044798944145441055,ExponentialSmoothing,0.8282041008608017,0.17179588272272583,0.85,0.75
28336,left_hand,0.9994847774505615,0.0005151694058440626,ExponentialSmoothing,0.8538962023492657,0.14610377572519356,0.85,0.75
28386,left_hand,0.9996906518936157,0.00030941792647354305,ExponentialSmoothing,0.8757653697809181,0.12423462205538556,0.85,0.75
28411,left_hand,0.9997021555900574,0.00029780311160720885,ExponentialSmoothing,0.894355887652289,0.10564409921381882,0.85,0.75
28436,left_hand,0.999768078327179,0.00023196847178041935,ExponentialSmoothing,0.9101677162535224,0.08983227960251305,0.85,0.75
28488,left_hand,0.9998409748077393,0.00015899875143077224,ExponentialSmoothing,0.9236187050366549,0.0763812874748507,0.85,0.75
28513,left_hand,0.9999045133590698,9.544657950755209e-05,ExponentialSmoothing,0.9350615762850172,0.06493841134054924,0.85,0.75
28563,left_hand,0.9999254941940308,7.445924711646512e-05,ExponentialSmoothing,0.9447911639713692,0.05520881852653432,0.85,0.75
28588,left_hand,0.999915599822998,8.433626499027014e-05,ExponentialSmoothing,0.9530598293491135,0.04694014618730271,0.85,0.75
28643,left_hand,0.9998965263366699,0.00010341789311496541,ExponentialSmoothing,0.9600853338972469,0.03991463694317455,0.85,0.75
28668,left_hand,0.999893069267273,0.00010697536345105618,ExponentialSmoothing,0.9660564942027509,0.033943487706216025,0.85,0.75
28693,left_hand,0.9998691082000732,0.00013091065920889378,ExponentialSmoothing,0.9711283863023492,0.028871601149164955,0.85,0.75
28743,left_hand,0.9998040795326233,0.00019596765923779458,ExponentialSmoothing,0.9754297402868903,0.02457025612567588,0.85,0.75
28793,left_hand,0.9998144507408142,0.0001856143499026075,ExponentialSmoothing,0.9790874468549788,0.02091255985930989,0.85,0.75
28818,left_hand,0.999760091304779,0.00023996675736270845,ExponentialSmoothing,0.9821883435224489,0.017811670894017813,0.85,0.75
28843,left_hand,0.9997640252113342,0.00023599086853209883,ExponentialSmoothing,0.9848246957757817,0.015175318890194956,0.85,0.75
28868,left_hand,0.9997392296791077,0.000260800909018144,ExponentialSmoothing,0.9870618758612806,0.012938141193018433,0.85,0.75
28947,left_hand,0.9996826648712158,0.0003173236036673188,ExponentialSmoothing,0.9889549942127709,0.011045018554615765,0.85,0.75
28972,left_hand,0.9996720552444458,0.00032793739228509367,ExponentialSmoothing,0.9905625533675222,0.009437456380266164,0.85,0.75
29022,left_hand,0.9995593428611755,0.0004406980879139155,ExponentialSmoothing,0.9919120717915701,0.008087942636413326,0.85,0.75
29047,left_hand,0.999222993850708,0.0007769461371935904,ExponentialSmoothing,0.9930087101004408,0.0069912931615303655,0.85,0.75
29072,left_hand,0.9993300437927246,0.0006699905497953296,ExponentialSmoothing,0.9939569101542833,0.0060430977697701095,0.85,0.75
29129,left_hand,0.9984062314033508,0.0015937808202579618,ExponentialSmoothing,0.9946243083416435,0.005375700227343287,0.85,0.75
29154,left_hand,0.9987499713897705,0.0012499610893428326,ExponentialSmoothing,0.9952431577988625,0.004756839356643219,0.85,0.75
29204,left_hand,0.9974937438964844,0.002506295219063759,ExponentialSmoothing,0.9955807457135057,0.0044192577360062995,0.85,0.75
29229,left_hand,0.9948086142539978,0.005191372241824865,ExponentialSmoothing,0.9954649259945796,0.0045350749118790844,0.85,0.75
29284,left_hand,0.9878758192062378,0.012124109081923962,ExponentialSmoothing,0.9943265599763284,0.005673430037385816,0.85,0.75
29309,left_hand,0.9792598485946655,0.02074015885591507,ExponentialSmoothing,0.9920665532690789,0.007933439360165204,0.85,0.75
29359,left_hand,0.9586189389228821,0.04138109087944031,ExponentialSmoothing,0.9870494111171494,0.012950587088056471,0.85,0.75
29384,left_hand,0.927410900592804,0.07258904725313187,ExponentialSmoothing,0.9781036345384975,0.02189635611281778,0.85,0.75
29434,left_hand,0.8630496859550476,0.1369503140449524,ExponentialSmoothing,0.96084554225098,0.03915444980263798,0.85,0.75
29459,left_hand,0.9305181503295898,0.06948184967041016,ExponentialSmoothing,0.9562964334627715,0.043703559782803804,0.85,0.75
29509,left_hand,0.8633830547332764,0.13661697506904602,ExponentialSmoothing,0.9423594266533472,0.05764057207574014,0.85,0.75
29534,left_hand,0.9053620100021362,0.09463798254728317,ExponentialSmoothing,0.9368098141556656,0.0631901836464716,0.85,0.75
29559,left_hand,0.6929523348808289,0.30704760551452637,ExponentialSmoothing,0.90023119226444,0.09976879692667981,0.85,0.75
29609,left_hand,0.18342188000679016,0.8165780901908875,ExponentialSmoothing,0.7927097954257926,0.20729019091631096,0.85,0.75
29634,rest,0.181889146566391,0.8181108236312866,ExponentialSmoothing,0.7010866980968823,0.2989132858235573,0.85,0.75
29659,rest,0.11616099625825882,0.8838390111923218,ExponentialSmoothing,0.6133478428210888,0.386652144628872,0.85,0.75
29713,rest,0.14987915754318237,0.8501208424568176,ExponentialSmoothing,0.5438275400294028,0.45617244930306383,0.85,0.75
29765,rest,0.25711557269096375,0.7428844571113586,ExponentialSmoothing,0.5008207449286369,0.49917925047430806,0.85,0.75
29790,rest,0.09671178460121155,0.9032881855964661,ExponentialSmoothing,0.4402044008795231,0.5597955907426317,0.85,0.75
29840,rest,0.02541024051606655,0.9745897650718689,ExponentialSmoothing,0.3779852768250046,0.6220147168920174,0.85,0.75
29865,rest,0.014475949108600616,0.9855239987373352,ExponentialSmoothing,0.323458877667544,0.6765411091688152,0.85,0.75
29890,rest,0.003215797943994403,0.9967842102050781,ExponentialSmoothing,0.27542241570901155,0.7245775743242546,0.85,0.75
29965,right_hand,0.001715584541670978,0.9982843995094299,ExponentialSmoothing,0.23436639103391044,0.765633598102031,0.85,0.75
29990,right_hand,0.0012148554669693112,0.9987851977348328,ExponentialSmoothing,0.19939366069886924,0.8006063380469512,0.85,0.75
30051,right_hand,0.0013059094781056046,0.998694121837616,ExponentialSmoothing,0.1696804980157547,0.830319505615551,0.85,0.75
30076,right_hand,0.0016495034797117114,0.9983505010604858,ExponentialSmoothing,0.14447584883534823,0.8555241549322913,0.85,0.75
30151,right_hand,0.0015283928951248527,0.9984715580940247,ExponentialSmoothing,0.12303373044431472,0.8769662654065513,0.85,0.75
30176,right_hand,0.00230767740868032,0.997692346572876,ExponentialSmoothing,0.10492482248896956,0.8950751775815,0.85,0.75
30201,right_hand,0.002330809598788619,0.9976691603660583,ExponentialSmoothing,0.08953572055544241,0.9104642749991838,0.85,0.75
30251,right_hand,0.0034836861304938793,0.9965163469314575,ExponentialSmoothing,0.07662791539170014,0.9233720857890249,0.85,0.75
30276,right_hand,0.0033501051366329193,0.9966499209403992,ExponentialSmoothing,0.06563624385344005,0.934363761061731,0.85,0.75
30326,right_hand,0.0021492470987141132,0.997850775718689,ExponentialSmoothing,0.05611319434023116,0.9438868132602747,0.85,0.75
30411,right_hand,0.1931222677230835,0.8068776726722717,ExponentialSmoothing,0.07666455534765901,0.9233354421720742,0.85,0.75
30461,right_hand,0.013658209703862667,0.9863417744636536,ExponentialSmoothing,0.06721360350108956,0.932786392015811,0.85,0.75
30486,right_hand,0.0017792179714888334,0.9982207417488098,ExponentialSmoothing,0.057398445671649444,0.9426015444757608,0.85,0.75
30511,right_hand,0.0014877382200211287,0.9985122084617615,ExponentialSmoothing,0.0490118395539052,0.950988144073661,0.85,0.75
30536,right_hand,0.0009622575016692281,0.9990377426147461,ExponentialSmoothing,0.04180440224606981,0.9581955838548237,0.85,0.75
30586,right_hand,0.001255155191756785,0.9987448453903198,ExponentialSmoothing,0.035722015187922854,0.9642779730851481,0.85,0.75
30611,right_hand,0.0017614143434911966,0.9982385635375977,ExponentialSmoothing,0.030627925061258103,0.9693720616530155,0.85,0.75
30636,right_hand,0.001636187662370503,0.9983637928962708,ExponentialSmoothing,0.026279164451424964,0.9737208213395038,0.85,0.75
30686,right_hand,0.002057031961157918,0.9979429841041565,ExponentialSmoothing,0.022645844577884905,0.9773541457542017,0.85,0.75
30715,right_hand,0.0025158512871712446,0.9974840879440308,ExponentialSmoothing,0.019626345584277855,0.980373637082676,0.85,0.75
30765,right_hand,0.0025385599583387375,0.9974614381790161,ExponentialSmoothing,0.017063177740386987,0.9829368072471271,0.85,0.75
30815,right_hand,0.0029308744706213474,0.9970691800117493,ExponentialSmoothing,0.01494333224992214,0.9850566631618204,0.85,0.75
30849,right_hand,0.003859427059069276,0.9961405396461487,ExponentialSmoothing,0.013280746471294212,0.9867192446344696,0.85,0.75
30899,right_hand,0.017880598083138466,0.9821194410324097,ExponentialSmoothing,0.01397072421307085,0.9860292740941605,0.85,0.75
30924,right_hand,0.145871102809906,0.8541288375854492,ExponentialSmoothing,0.03375578100259613,0.9662442086178538,0.85,0.75
30949,right_hand,0.23631998896598816,0.7636800408363342,ExponentialSmoothing,0.06414041219710494,0.9358595834506258,0.85,0.75
30974,right_hand,0.599339485168457,0.40066051483154297,ExponentialSmoothing,0.14442027314280775,0.8555797231577633,0.85,0.75
31038,right_hand,0.7434649467468262,0.25653505325317383,ExponentialSmoothing,0.23427697418341054,0.7657230226720748,0.85,0.75
31118,rest,0.8646674752235413,0.13533248007297516,ExponentialSmoothing,0.32883554933943016,0.6711644412822099,0.85,0.75
31143,rest,0.8684899210929871,0.13151007890701294,ExponentialSmoothing,0.4097837051024637,0.5902162869259303,0.85,0.75
31168,rest,0.8843823671340942,0.11561761051416397,ExponentialSmoothing,0.4809735044072083,0.5190264854641654,0.85,0.75
31218,rest,0.8915582895278931,0.10844170302152634,ExponentialSmoothing,0.5425612221753111,0.45743876809776957,0.85,0.75
31268,rest,0.8904143571853638,0.10958567261695862,ExponentialSmoothing,0.594739192426819,0.40526080377564794,0.85,0.75
31293,rest,0.902621328830719,0.09737866371870041,ExponentialSmoothing,0.640921512887404,0.3590784827671058,0.85,0.75
31343,rest,0.8838186860084534,0.11618126183748245,ExponentialSmoothing,0.6773560888555614,0.32264389962766227,0.85,0.75
31368,rest,0.8730777502059937,0.12692227959632874,ExponentialSmoothing,0.7067143380581262,0.29328565662296224,0.85,0.75
31393,rest,0.8669638633728027,0.13303616642951965,ExponentialSmoothing,0.7307517668553277,0.26924823309394585,0.85,0.75
31443,rest,0.6801612377166748,0.31983882188796997,ExponentialSmoothing,0.7231631874845298,0.2768368214130495,0.85,0.75
31493,rest,0.8018303513526917,0.19816961884498596,ExponentialSmoothing,0.734963262064754,0.26503674102784,0.85,0.75
31518,left_hand,0.9481753706932068,0.051824670284986496,ExponentialSmoothing,0.7669450783590219,0.23305493041641195,0.85,0.75
31568,left_hand,0.9972444772720337,0.0027555671986192465,ExponentialSmoothing,0.8014899881959737,0.19851002593374303,0.85,0.75
31593,left_hand,0.9968421459197998,0.003157881321385503,ExponentialSmoothing,0.8307928118545477,0.1692072042418894,0.85,0.75
31669,left_hand,0.9982742071151733,0.001725746551528573,ExponentialSmoothing,0.8559150211436416,0.14408498558833527,0.85,0.75
31719,left_hand,0.9993852376937866,0.0006147888489067554,ExponentialSmoothing,0.8774355536261633,0.12256445607742099,0.85,0.75
31744,left_hand,0.999503493309021,0.0004965522675774992,ExponentialSmoothing,0.895745744578592,0.10425427050594446,0.85,0.75
31794,left_hand,0.9996460676193237,0.0003538694581948221,ExponentialSmoothing,0.9113307930347017,0.08866921034878202,0.85,0.75
31819,left_hand,0.9996333122253418,0.0003667132696136832,ExponentialSmoothing,0.9245761709132978,0.07542383578690677,0.85,0.75
31869,left_hand,0.9995267391204834,0.0004733169043902308,ExponentialSmoothing,0.9358187561443756,0.0641812579545293,0.85,0.75
31894,left_hand,0.9996086955070496,0.0003913840337190777,ExponentialSmoothing,0.9453872470487767,0.05461277686640776,0.85,0.75
31919,left_hand,0.9994250535964966,0.0005749795818701386,ExponentialSmoothing,0.9534929180309347,0.046507107273727116,0.85,0.75
31969,left_hand,0.9995168447494507,0.0004832086560782045,ExponentialSmoothing,0.960396507038712,0.03960352248107978,0.85,0.75
31994,left_hand,0.999663233757019,0.0003367524186614901,ExponentialSmoothing,0.9662865160464581,0.03371350697171704,0.85,0.75
32046,left_hand,0.9997382760047913,0.0002617337740957737,ExponentialSmoothing,0.9713042800402081,0.028695740992073848,0.85,0.75
32071,left_hand,0.9996138215065002,0.00038616740494035184,ExponentialSmoothing,0.9755507112601519,0.024449304954003822,0.85,0.75
32096,left_hand,0.9995922446250916,0.0004077714984305203,ExponentialSmoothing,0.9791569412648928,0.020843074935667824,0.85,0.75
32146,left_hand,0.9994403719902039,0.0005595754482783377,ExponentialSmoothing,0.9821994558736895,0.0178005500125594,0.85,0.75
32197,left_hand,0.9995549321174622,0.00044505379628390074,ExponentialSmoothing,0.9848027773102555,0.015197225580118075,0.85,0.75
32228,left_hand,0.9994957447052002,0.0005041873664595187,ExponentialSmoothing,0.9870067224194972,0.01299326984806929,0.85,0.75
32278,left_hand,0.9993675351142883,0.0006324879359453917,ExponentialSmoothing,0.9888608443237158,0.011139152561250705,0.85,0.75
32303,left_hand,0.9992891550064087,0.0007108454592525959,ExponentialSmoothing,0.9904250909261197,0.00957490649595099,0.85,0.75
32353,left_hand,0.999377429485321,0.0006225644610822201,ExponentialSmoothing,0.9917679417099999,0.008232055190720674,0.85,0.75
32378,left_hand,0.999154806137085,0.0008451411267742515,ExponentialSmoothing,0.9928759713740627,0.00712401808112871,0.85,0.75
32428,left_hand,0.9992139339447021,0.0007860295590944588,ExponentialSmoothing,0.9938266657596586,0.006173319802823572,0.85,0.75
32453,left_hand,0.9988290667533875,0.0011709548998624086,ExponentialSmoothing,0.994577025908718,0.005422965067379397,0.85,0.75
32503,left_hand,0.9986487030982971,0.0013512650039047003,ExponentialSmoothing,0.9951877774871548,0.004812210057858193,0.85,0.75
32553,left_hand,0.995974600315094,0.004025455564260483,ExponentialSmoothing,0.9953058009113457,0.004694196883818536,0.85,0.75
32578,left_hand,0.9777451157569885,0.022254932671785355,ExponentialSmoothing,0.9926716981381921,0.007328307252013559,0.85,0.75
32603,left_hand,0.7130922675132751,0.28690770268440247,ExponentialSmoothing,0.9507347835444546,0.049265216566871904,0.85,0.75
32653,left_hand,0.4157610535621643,0.5842389464378357,ExponentialSmoothing,0.8704887240471111,0.1295112760475165,0.85,0.75
32678,left_hand,0.1349126398563385,0.8650873303413391,ExponentialSmoothing,0.7601523114184952,0.23984768419158992,0.85,0.75
32703,rest,0.0488542802631855,0.9511457681655884,ExponentialSmoothing,0.6534576067451987,0.3465423967876897,0.85,0.75
32753,rest,0.008005976676940918,0.9919940233230591,ExponentialSmoothing,0.55663986223496,0.4433601407679951,0.85,0.75
32803,rest,0.002653554081916809,0.9973464012145996,ExponentialSmoothing,0.4735419160120035,0.5264580798349858,0.85,0.75
32828,rest,0.0023609090130776167,0.9976390600204468,ExponentialSmoothing,0.4028647649621646,0.597135226862805,0.85,0.75
32878,rest,0.0015564174391329288,0.9984435439109802,ExponentialSmoothing,0.34266851283370986,0.6573314744200311,0.85,0.75
32903,rest,0.0010831712279468775,0.9989168643951416,ExponentialSmoothing,0.2914307115928454,0.7085692829162977,0.85,0.75
32928,right_hand,0.0005773045704700053,0.9994226694107056,ExponentialSmoothing,0.24780270053948908,0.7521972908904588,0.85,0.75
32991,right_hand,0.00038779096212238073,0.9996122717857361,ExponentialSmoothing,0.21069046410288406,0.7893095380247505,0.85,0.75
33016,right_hand,0.00033833939232863486,0.9996616840362549,ExponentialSmoothing,0.17913764539630073,0.820862359926476,0.85,0.75
33041,right_hand,0.00034024668275378644,0.9996597766876221,ExponentialSmoothing,0.15231803558926868,0.8476819724406479,0.85,0.75
33092,right_hand,0.00019274471560493112,0.9998072981834412,ExponentialSmoothing,0.1294992419582191,0.8705007713020669,0.85,0.75
33117,right_hand,0.0001628281461307779,0.9998371601104736,ExponentialSmoothing,0.11009877988640585,0.889901229623328,0.85,0.75
33167,right_hand,0.00010495231981622055,0.9998950958251953,ExponentialSmoothing,0.09359970575141739,0.9064003095536081,0.85,0.75
33192,right_hand,6.851859507150948e-05,0.9999314546585083,ExponentialSmoothing,0.0795700276779655,0.9204299813193431,0.85,0.75
33245,right_hand,4.120037192478776e-05,0.9999587535858154,ExponentialSmoothing,0.0676407035820594,0.932359297159314,0.85,0.75
33270,right_hand,3.799258411163464e-05,0.9999619722366333,ExponentialSmoothing,0.05750029693236723,0.942499698420912,0.85,0.75
33320,right_hand,1.9173956388840452e-05,0.9999808073043823,ExponentialSmoothing,0.04887812848597047,0.9511218647534325,0.85,0.75
33345,right_hand,1.718680141493678e-05,0.9999828338623047,ExponentialSmoothing,0.041548987233287135,0.9584510101197634,0.85,0.75
33370,right_hand,1.2906892152386717e-05,0.9999871253967285,ExponentialSmoothing,0.03531857518211692,0.9646814274113081,0.85,0.75
33445,right_hand,1.3675837180926464e-05,0.9999862909317017,ExponentialSmoothing,0.030022840280376516,0.9699771569393671,0.85,0.75
33470,right_hand,1.1735443877114449e-05,0.999988317489624,ExponentialSmoothing,0.025521174554901604,0.9744788310219057,0.85,0.75
33520,right_hand,1.3538273378799204e-05,0.9999864101409912,ExponentialSmoothing,0.02169502911267318,0.9783049678897686,0.85,0.75
33545,right_hand,1.1724536307156086e-05,0.999988317489624,ExponentialSmoothing,0.018442533426218276,0.9815574703297469,0.85,0.75
33570,right_hand,1.6020674593164586e-05,0.9999840259552002,ExponentialSmoothing,0.01567855651347451,0.9843214536735649,0.85,0.75
33631,right_hand,1.854348556662444e-05,0.9999814033508301,ExponentialSmoothing,0.013329554559288326,0.9866704461251548,0.85,0.75
33656,right_hand,2.3772841814206913e-05,0.9999762773513794,ExponentialSmoothing,0.011333687301667207,0.9886663208090885,0.85,0.75
33681,right_hand,3.016913979081437e-05,0.9999698400497437,ExponentialSmoothing,0.009638159577385747,0.9903618486951867,0.85,0.75
33734,right_hand,4.154266935074702e-05,0.9999585151672363,ExponentialSmoothing,0.008198667041180498,0.9918013486659941,0.85,0.75
33759,right_hand,6.090450915507972e-05,0.9999390840530396,ExponentialSmoothing,0.006978002661376685,0.9930220089740509,0.85,0.75
33812,right_hand,6.094297714298591e-05,0.9999390840530396,ExponentialSmoothing,0.00594044370874163,0.9940595702358992,0.85,0.75
33837,right_hand,6.376233795890585e-05,0.9999362230300903,ExponentialSmoothing,0.005058941503124221,0.9949410681550279,0.85,0.75
33887,right_hand,7.369696686509997e-05,0.9999263286590576,ExponentialSmoothing,0.004311154822685353,0.9956888572306324,0.85,0.75
33912,right_hand,0.00010780872980831191,0.9998922348022461,ExponentialSmoothing,0.003680652908753797,0.9963193638663745,0.85,0.75
33962,right_hand,0.00022688452736474574,0.9997730851173401,ExponentialSmoothing,0.0031625876515454393,0.9968374220540195,0.85,0.75
33987,right_hand,0.0002504239964764565,0.9997496008872986,ExponentialSmoothing,0.002725763103285092,0.9972742488790113,0.85,0.75
34012,right_hand,0.0003688776632770896,0.9996310472488403,ExponentialSmoothing,0.0023722302872838915,0.9976277686344857,0.85,0.75
34067,right_hand,0.0015494832769036293,0.998450517654419,ExponentialSmoothing,0.002248818235726852,0.9977511809874756,0.85,0.75
34117,right_hand,0.004713691305369139,0.9952862858772278,ExponentialSmoothing,0.0026185491961731953,0.9973814467209385,0.85,0.75
34142,right_hand,0.012743232771754265,0.9872567653656006,ExponentialSmoothing,0.004137251732510356,0.9958627445176378,0.85,0.75
34192,right_hand,0.41330310702323914,0.5866968631744385,ExponentialSmoothing,0.06551213002611968,0.9344878623161579,0.85,0.75
34267,right_hand,0.988203227519989,0.011796783655881882,ExponentialSmoothing,0.2039157946502001,0.7960842005171165,0.85,0.75
34292,rest,0.9973840117454529,0.0026159973349422216,ExponentialSmoothing,0.322936027214488,0.6770639700397902,0.85,0.75
34317,rest,0.9987804293632507,0.001219613361172378,ExponentialSmoothing,0.4243126875368024,0.5756873165379975,0.85,0.75
34367,rest,0.9996373653411865,0.00036262793582864106,ExponentialSmoothing,0.5106113892074601,0.4893886132476722,0.85,0.75
34392,rest,0.9997950196266174,0.0002050084585789591,ExponentialSmoothing,0.5839889337703337,0.4160110725293082,0.85,0.75
34454,rest,0.9998518228530884,0.0001481590879848227,ExponentialSmoothing,0.6463683671327469,0.35363163551310967,0.85,0.75
34479,rest,0.9998964071273804,0.00010360268061049283,ExponentialSmoothing,0.699397573131942,0.30060243058823477,0.85,0.75
34529,rest,0.9999157190322876,8.426109707215801e-05,ExponentialSmoothing,0.7444752950169938,0.2555247051645604,0.85,0.75
34554,left_hand,0.9999202489852905,7.978189387358725e-05,ExponentialSmoothing,0.7827920381122384,0.21720796667395736,0.85,0.75
34579,left_hand,0.9999421834945679,5.775801764684729e-05,ExponentialSmoothing,0.8153645599195878,0.18463543537551078,0.85,0.75
34629,left_hand,0.9999654293060303,3.455247133388184e-05,ExponentialSmoothing,0.8430546903275542,0.15694530293988423,0.85,0.75
34654,left_hand,0.9999734163284302,2.663699160621036e-05,ExponentialSmoothing,0.8665924992276856,0.1334075030476425,0.85,0.75
34724,left_hand,0.9999814033508301,1.856627750385087e-05,ExponentialSmoothing,0.8866008348461571,0.1133991625321217,0.85,0.75
34749,left_hand,0.9999799728393555,2.0000970835098997e-05,ExponentialSmoothing,0.9036077055451369,0.09639228829792872,0.85,0.75
34774,left_hand,0.9999834299087524,1.6533376765437424e-05,ExponentialSmoothing,0.9180640641996793,0.08193592505975422,0.85,0.75
34824,left_hand,0.9999839067459106,1.6119352949317545e-05,ExponentialSmoothing,0.930352040581614,0.06964795420373347,0.85,0.75
34849,left_hand,0.999983549118042,1.6404997950303368e-05,ExponentialSmoothing,0.9407967668620782,0.059203221822866,0.85,0.75
34874,left_hand,0.9999899864196777,9.994926585932262e-06,ExponentialSmoothing,0.9496757497957182,0.05032423778842399,0.85,0.75
34899,left_hand,0.9999914169311523,8.580655048717745e-06,ExponentialSmoothing,0.9572230998660334,0.04277688921841769,0.85,0.75
34950,left_hand,0.9999918937683105,8.109150257951114e-06,ExponentialSmoothing,0.9636384189513749,0.03636157220819373,0.85,0.75
35008,left_hand,0.9999901056289673,9.836208846536465e-06,ExponentialSmoothing,0.9690911719530138,0.03090881180829165,0.85,0.75
35033,left_hand,0.9999914169311523,8.548986443202011e-06,ExponentialSmoothing,0.9737262086997346,0.026273772385014382,0.85,0.75
35093,left_hand,0.9999926090240479,7.4106860665779095e-06,ExponentialSmoothing,0.9776661687483816,0.02233381813017221,0.85,0.75
35118,left_hand,0.999990701675415,9.279264304495882e-06,ExponentialSmoothing,0.9810148486874366,0.01898513730029205,0.85,0.75
35143,left_hand,0.9999876022338867,1.2427865840436425e-05,ExponentialSmoothing,0.9838607617194042,0.016139230885124308,0.85,0.75
35193,left_hand,0.9999871253967285,1.2851743122155312e-05,ExponentialSmoothing,0.9862797162710029,0.013720274013823985,0.85,0.75
35218,left_hand,0.9999829530715942,1.7105960068874992e-05,ExponentialSmoothing,0.9883352017910916,0.011664798805760717,0.85,0.75
35268,left_hand,0.9999669790267944,3.3064905437640846e-05,ExponentialSmoothing,0.9900799683764471,0.009920038720712256,0.85,0.75
35293,left_hand,0.9999599456787109,4.006751623819582e-05,ExponentialSmoothing,0.9915619649717866,0.008438043040041147,0.85,0.75
35343,left_hand,0.99992835521698,7.16837530490011e-05,ExponentialSmoothing,0.9928169235085655,0.007183089146992325,0.85,0.75
35393,left_hand,0.9996707439422607,0.00032928737346082926,ExponentialSmoothing,0.9938449965736198,0.0061550188809626,0.85,0.75
35418,left_hand,0.9994615912437439,0.0005383946700021625,ExponentialSmoothing,0.9946874857741383,0.005312525249318534,0.85,0.75
35443,left_hand,0.9992064833641052,0.0007935279281809926,ExponentialSmoothing,0.9953653354126333,0.004634675651147903,0.85,0.75
35493,left_hand,0.9926453828811646,0.007354590110480785,ExponentialSmoothing,0.994957342532913,0.005042662820047836,0.85,0.75
35518,left_hand,0.9431027770042419,0.05689722299575806,ExponentialSmoothing,0.9871791577036124,0.01282084684640437,0.85,0.75
35568,left_hand,0.8825086355209351,0.11749142408370972,ExponentialSmoothing,0.9714785793762108,0.028521433432000174,0.85,0.75
35593,left_hand,0.8440952301025391,0.15590478479862213,ExponentialSmoothing,0.9523710769851601,0.04762893613699347,0.85,0.75
35656,left_hand,0.7164080739021301,0.2835918664932251,ExponentialSmoothing,0.9169766265227055,0.08302337569042822,0.85,0.75
35711,left_hand,0.8051494359970093,0.19485053420066833,ExponentialSmoothing,0.9002025479438511,0.09979744946696424,0.85,0.75
35761,left_hand,0.6061310172080994,0.3938690423965454,ExponentialSmoothing,0.8560918183334884,0.1439081884064014,0.85,0.75
35786,left_hand,0.621938943862915,0.37806105613708496,ExponentialSmoothing,0.8209688871629023,0.17903111856600396,0.85,0.75
35844,rest,0.05295616015791893,0.9470438957214355,ExponentialSmoothing,0.7057669781121548,0.29423303513931875,0.85,0.75
35869,rest,0.01464108843356371,0.9853589534759521,ExponentialSmoothing,0.6020980946603661,0.39790192288981374,0.85,0.75
35903,rest,0.003908050246536732,0.996091902256012,ExponentialSmoothing,0.5123695879982917,0.4876304197947435,0.85,0.75
35928,rest,0.0026008859276771545,0.997399091720581,ExponentialSmoothing,0.4359042826876995,0.5640957205836191,0.85,0.75
35994,rest,0.0017358169425278902,0.9982642531394958,ExponentialSmoothing,0.37077901282592374,0.6292210004670007,0.85,0.75
36019,rest,0.0018708931747823954,0.9981290698051453,ExponentialSmoothing,0.31544279487825255,0.6845572108677224,0.85,0.75
36044,rest,0.0016986713744699955,0.9983012676239014,ExponentialSmoothing,0.26838117635268516,0.7316188193811493,0.85,0.75
36094,right_hand,0.002874972065910697,0.997124969959259,ExponentialSmoothing,0.22855524570966898,0.7714447419678657,0.85,0.75
36119,right_hand,0.0014433517353609204,0.9985566735267639,ExponentialSmoothing,0.19448846161352276,0.8055115317017004,0.85,0.75
36144,right_hand,0.0016168639995157719,0.9983831644058228,ExponentialSmoothing,0.1655577219714217,0.8344422766073187,0.85,0.75
36194,right_hand,0.0012237558839842677,0.9987762570381165,ExponentialSmoothing,0.1409076270583061,0.8590923736719384,0.85,0.75
36244,right_hand,0.0021996325813233852,0.9978002905845642,ExponentialSmoothing,0.12010142788675868,0.8798985612088323,0.85,0.75
36294,right_hand,0.0014273226261138916,0.9985727071762085,ExponentialSmoothing,0.10230031209766197,0.8976996831039387,0.85,0.75
36319,right_hand,0.001154271769337356,0.9988456964492798,ExponentialSmoothing,0.08712840604841328,0.9128715851057398,0.85,0.75
36369,right_hand,0.000833585683722049,0.9991664886474609,ExponentialSmoothing,0.0741841829937096,0.9258158206369981,0.85,0.75
36394,right_hand,0.0006611243588849902,0.9993388056755066,ExponentialSmoothing,0.0631557241984859,0.9368442683927742,0.85,0.75
36419,right_hand,0.0008373676100745797,0.9991626739501953,ExponentialSmoothing,0.0538079707102242,0.9461920292263875,0.85,0.75
36469,right_hand,0.0007168544689193368,0.9992831349372864,ExponentialSmoothing,0.04584430327402847,0.9541556950830223,0.85,0.75
36494,right_hand,0.0007101349183358252,0.999289870262146,ExponentialSmoothing,0.039074178020674574,0.9609258213598909,0.85,0.75
36545,right_hand,0.0010834395652636886,0.9989166259765625,ExponentialSmoothing,0.03337556725236294,0.9666244420523916,0.85,0.75
36570,right_hand,0.0022554928436875343,0.9977445602416992,ExponentialSmoothing,0.028707556091061626,0.9712924597807877,0.85,0.75
36595,right_hand,0.0019085602834820747,0.9980913996696472,ExponentialSmoothing,0.02468770671992469,0.9753123007641166,0.85,0.75
36670,right_hand,0.004230699967592955,0.9957693815231323,ExponentialSmoothing,0.02161915570707493,0.9783808628779689,0.85,0.75
36695,right_hand,0.008009610697627068,0.9919903874397278,ExponentialSmoothing,0.019577723955657753,0.9804222915622327,0.85,0.75
36720,right_hand,0.005798041820526123,0.9942019581794739,ExponentialSmoothing,0.017510771635388007,0.9824892415548189,0.85,0.75
36770,right_hand,0.007737496867775917,0.9922624826431274,ExponentialSmoothing,0.016044780420246194,0.9839552277180652,0.85,0.75
36820,right_hand,0.008146733976900578,0.9918532967567444,ExponentialSmoothing,0.01486007345374435,0.9851399380738671,0.85,0.75
36845,right_hand,0.010845660232007504,0.9891542792320251,ExponentialSmoothing,0.014257911470483824,0.9857420892475908,0.85,0.75
36870,right_hand,0.012027121149003506,0.9879728555679321,ExponentialSmoothing,0.013923292922261774,0.986076704195642,0.85,0.75
36920,right_hand,0.026215026155114174,0.9737849235534668,ExponentialSmoothing,0.015767052907189636,0.9842329370993157,0.85,0.75
36945,right_hand,0.04789722338318825,0.952102780342102,ExponentialSmoothing,0.020586578478589426,0.9794134135857337,0.85,0.75
37005,right_hand,0.1281392127275467,0.8718607425689697,ExponentialSmoothing,0.036719473615933015,0.9632805129332191,0.85,0.75
37030,right_hand,0.1543794721364975,0.8456205129623413,ExponentialSmoothing,0.054368473394017694,0.9456315129375874,0.85,0.75
37056,right_hand,0.13964392244815826,0.8603560924530029,ExponentialSmoothing,0.06715979075213878,0.9328401998648997,0.85,0.75
37106,right_hand,0.277303546667099,0.7226964235305786,ExponentialSmoothing,0.09868135413938281,0.9013186334147515,0.85,0.75
37131,right_hand,0.37062695622444153,0.6293730735778809,ExponentialSmoothing,0.13947319445214162,0.860526799439221,0.85,0.75
37181,right_hand,0.12853752076625824,0.8714624643325806,ExponentialSmoothing,0.1378328433992591,0.8621671491732249,0.85,0.75
37231,right_hand,0.06369709223508835,0.9363028407096863,ExponentialSmoothing,0.1267124807246335,0.8732875029036941,0.85,0.75
37256,right_hand,0.037622999399900436,0.9623769521713257,ExponentialSmoothing,0.11334905852592354,0.8866509202938389,0.85,0.75
37281,right_hand,0.07837024331092834,0.921629786491394,ExponentialSmoothing,0.10810223624367427,0.8918977502234722,0.85,0.75
37306,right_hand,0.03491645306348801,0.9650834798812866,ExponentialSmoothing,0.09712436876664633,0.9028756096721444,0.85,0.75
37371,right_hand,0.018627531826496124,0.9813724756240845,ExponentialSmoothing,0.08534984322562379,0.9146501395649353,0.85,0.75
37421,right_hand,0.007789531257003546,0.9922105073928833,ExponentialSmoothing,0.07371579643033076,0.9262841947391275,0.85,0.75
37446,right_hand,0.011054444126784801,0.9889455437660217,ExponentialSmoothing,0.06431659358479885,0.9356833970931615,0.85,0.75
37471,right_hand,0.010031203739345074,0.9899688363075256,ExponentialSmoothing,0.05617378510798079,0.9438262129753161,0.85,0.75
37521,right_hand,0.009426111355423927,0.9905739426612854,ExponentialSmoothing,0.049161634045097255,0.9508383724282115,0.85,0.75
37571,right_hand,0.007012064103037119,0.9929879307746887,ExponentialSmoothing,0.04283919855378823,0.9571608061801831,0.85,0.75
37596,right_hand,0.00793820433318615,0.9920618534088135,ExponentialSmoothing,0.037604049420697915,0.9623959632644776,0.85,0.75
37621,right_hand,0.008228342980146408,0.9917716383934021,ExponentialSmoothing,0.033197693454615186,0.9668023145338164,0.85,0.75
37671,right_hand,0.01759137026965618,0.9824085831642151,ExponentialSmoothing,0.030856744976871336,0.9691432548283762,0.85,0.75
37696,right_hand,0.03003106079995632,0.9699689745903015,ExponentialSmoothing,0.030732892350334086,0.9692671127926649,0.85,0.75
37746,right_hand,0.06336093693971634,0.9366390705108643,ExponentialSmoothing,0.03562709903874142,0.9643729064503948,0.85,0.75
37796,right_hand,0.1293630450963974,0.8706369400024414,ExponentialSmoothing,0.04968749094738982,0.9503125114832017,0.85,0.75
37821,right_hand,0.12838444113731384,0.8716155886650085,ExponentialSmoothing,0.06149203347587842,0.9385079730604728,0.85,0.75
37846,right_hand,0.18464982509613037,0.8153501749038696,ExponentialSmoothing,0.07996570221891622,0.9200343033369823,0.85,0.75
37896,right_hand,0.14440347254276276,0.8555965423583984,ExponentialSmoothing,0.0896313677674932,0.9103686391901948,0.85,0.75
37948,right_hand,0.32473769783973694,0.6752622723579407,ExponentialSmoothing,0.12489731727832976,0.8751026841653567,0.85,0.75
37973,right_hand,0.3938441872596741,0.6061557531356812,ExponentialSmoothing,0.1652393477755314,0.8347606445109054,0.85,0.75
38023,right_hand,0.4973072409629822,0.5026927590370178,ExponentialSmoothing,0.215049531753649,0.7849504616898222,0.85,0.75
38048,rest,0.6114751100540161,0.3885248899459839,ExponentialSmoothing,0.27451336849870406,0.7254866259282464,0.85,0.75
38098,rest,0.8958925008773804,0.10410751402378082,ExponentialSmoothing,0.3677202383555055,0.6322797591425765,0.85,0.75
38123,rest,0.9812325239181519,0.018767498433589935,ExponentialSmoothing,0.4597470811899025,0.5402529200362286,0.85,0.75
38148,rest,0.9905114769935608,0.009488523006439209,ExponentialSmoothing,0.5393617405604513,0.4606382604817602,0.85,0.75
38203,rest,0.9974706172943115,0.0025294553488492966,ExponentialSmoothing,0.6080780720705303,0.3919219397118236,0.85,0.75
38228,rest,0.9975494742393494,0.0024505744222551584,ExponentialSmoothing,0.6664987823958533,0.3335012349183883,0.85,0.75
38278,rest,0.9984012246131897,0.0015988219529390335,ExponentialSmoothing,0.7162841487284537,0.2837158729735709,0.85,0.75
38328,left_hand,0.9981628060340881,0.001837157178670168,ExponentialSmoothing,0.7585659473242989,0.2414340656043358,0.85,0.75
38353,left_hand,0.9986003041267395,0.001399663626216352,ExponentialSmoothing,0.794571100844665,0.20542890530761787,0.85,0.75
38378,left_hand,0.9990517497062683,0.0009482915047556162,ExponentialSmoothing,0.8252431981739055,0.17475681323718853,0.85,0.75
38428,left_hand,0.999439537525177,0.0005605016485787928,ExponentialSmoothing,0.8513726490765963,0.14862736649889707,0.85,0.75
38478,left_hand,0.9997867941856384,0.00021317292703315616,ExponentialSmoothing,0.8736347708429526,0.12636523746311748,0.85,0.75
38503,left_hand,0.999864935874939,0.0001350098755210638,ExponentialSmoothing,0.8925692955977506,0.107430703324978,0.85,0.75
38528,left_hand,0.9998860359191895,0.00011389212886570022,ExponentialSmoothing,0.9086668066459664,0.09133318164556116,0.85,0.75
38578,left_hand,0.9998925924301147,0.00010735979594755918,ExponentialSmoothing,0.9223506745135888,0.07764930836811912,0.85,0.75
38603,left_hand,0.9998817443847656,0.00011819229985121638,ExponentialSmoothing,0.9339803349942654,0.06601964095787893,0.85,0.75
38659,left_hand,0.9998884201049805,0.00011159689165651798,ExponentialSmoothing,0.9438665477608725,0.05613343434794557,0.85,0.75
38684,left_hand,0.9998936653137207,0.00010633341298671439,ExponentialSmoothing,0.9522706153937998,0.04772936920770174,0.85,0.75
38709,left_hand,0.9998949766159058,0.00010500386269995943,ExponentialSmoothing,0.9594142695771157,0.04058571440595147,0.85,0.75
38759,left_hand,0.9998998641967773,0.000100141522125341,ExponentialSmoothing,0.9654871087700649,0.03451287847337755,0.85,0.75
38784,left_hand,0.9998971223831177,0.00010281444701831788,ExponentialSmoothing,0.9706486108120228,0.029351368869423664,0.85,0.75
38809,left_hand,0.9998968839645386,0.00010313053644495085,ExponentialSmoothing,0.9750358517849002,0.024964133119476855,0.85,0.75
38884,left_hand,0.9999046325683594,9.54059069044888e-05,ExponentialSmoothing,0.9787661689024191,0.021233824037590998,0.85,0.75
38909,left_hand,0.9998854398727417,0.00011454954801592976,ExponentialSmoothing,0.9819340595479675,0.018065932864154737,0.85,0.75
38959,left_hand,0.9998738765716553,0.00012608467659447342,ExponentialSmoothing,0.9846250321015206,0.015374955636020697,0.85,0.75
38984,left_hand,0.9998195767402649,0.00018048399942927063,ExponentialSmoothing,0.9869042137973323,0.013095784890531982,0.85,0.75
39009,left_hand,0.9998151659965515,0.0001848746178438887,ExponentialSmoothing,0.9888408566272151,0.011159148349628768,0.85,0.75
39059,left_hand,0.9998264908790588,0.00017359312914777547,ExponentialSmoothing,0.9904887017649916,0.009511315066556619,0.85,0.75
39084,left_hand,0.9998034834861755,0.00019653538765851408,ExponentialSmoothing,0.9918859190231692,0.008114098114721904,0.85,0.75
39109,left_hand,0.9997401833534241,0.00025978608755394816,ExponentialSmoothing,0.9930640586727075,0.006935951310646711,0.85,0.75
39134,left_hand,0.9997367262840271,0.0002632363175507635,ExponentialSmoothing,0.9940649588144055,0.0059350440616823185,0.85,0.75
39206,left_hand,0.9997312426567078,0.00026877582422457635,ExponentialSmoothing,0.9949149013907509,0.005085103826063657,0.85,0.75
39256,left_hand,0.9996602535247803,0.00033976303529925644,ExponentialSmoothing,0.9956267042108553,0.004373302707448997,0.85,0.75
39281,left_hand,0.9996565580368042,0.00034344225423410535,ExponentialSmoothing,0.9962311822847476,0.003768823639466763,0.85,0.75
39332,left_hand,0.9993891716003418,0.000610845279879868,ExponentialSmoothing,0.9967048806820866,0.0032951268855287287,0.85,0.75
39357,left_hand,0.9994194507598877,0.0005806073313578963,ExponentialSmoothing,0.9971120661937568,0.002887948952403104,0.85,0.75
39407,left_hand,0.9990418553352356,0.0009580946061760187,ExponentialSmoothing,0.9974015345649786,0.002598470800469041,0.85,0.75
39432,left_hand,0.998781144618988,0.0012188950786367059,ExponentialSmoothing,0.99760847607308,0.002391534442194191,0.85,0.75
39457,left_hand,0.9978070855140686,0.0021928728092461824,ExponentialSmoothing,0.9976382674892282,0.0023617351972519897,0.85,0.75
39507,left_hand,0.9156732559204102,0.08432671427726746,ExponentialSmoothing,0.9853435157539054,0.014656482059254312,0.85,0.75
39557,left_hand,0.2686315178871155,0.7313684821128845,ExponentialSmoothing,0.8778367160738869,0.12216328206729886,0.85,0.75
39582,left_hand,0.17236188054084778,0.8276380896568298,ExponentialSmoothing,0.772015490743931,0.22798450320572852,0.85,0.75
39632,rest,0.16444440186023712,0.8355556130409241,ExponentialSmoothing,0.6808798274113769,0.31912016968100787,0.85,0.75
39665,rest,0.16606317460536957,0.8339368104934692,ExponentialSmoothing,0.6036573294904758,0.3963426658028771,0.85,0.75
39715,rest,0.24467436969280243,0.7553256154060364,ExponentialSmoothing,0.5498098855208248,0.450190108243351,0.85,0.75
39740,rest,0.2830805778503418,0.7169194221496582,ExponentialSmoothing,0.5098004893702524,0.4901995053292971,0.85,0.75
39765,rest,0.25221574306488037,0.7477842569351196,ExponentialSmoothing,0.47116277742444657,0.5288372180701705,0.85,0.75
39790,rest,0.3542540967464447,0.6457458734512329,ExponentialSmoothing,0.4536264753227463,0.5463735163773298,0.85,0.75
39846,rest,0.1911141276359558,0.8088858127593994,ExponentialSmoothing,0.41424962316972774,0.5857503608346403,0.85,0.75
39896,rest,0.040616340935230255,0.9593836665153503,ExponentialSmoothing,0.3582046308345531,0.6417953566867468,0.85,0.75
39921,rest,0.046110425144433975,0.9538896083831787,ExponentialSmoothing,0.31139049998103524,0.6886094944412117,0.85,0.75
39971,rest,0.04291254281997681,0.9570873975753784,ExponentialSmoothing,0.27111880640687647,0.7288811799113367,0.85,0.75
39996,right_hand,0.02518915757536888,0.9748108386993408,ExponentialSmoothing,0.23422935908215034,0.7657706287295374,0.85,0.75
40021,right_hand,0.023188667371869087,0.9768113493919373,ExponentialSmoothing,0.20257325532560816,0.7974267368288973,0.85,0.75
40071,right_hand,0.0156282726675272,0.9843717217445374,ExponentialSmoothing,0.174531507926896,0.8254684845662433,0.85,0.75
40096,right_hand,0.012270437553524971,0.9877294898033142,ExponentialSmoothing,0.15019234737089035,0.8498076353518039,0.85,0.75
40121,right_hand,0.007870865985751152,0.9921292066574097,ExponentialSmoothing,0.12884412516311947,0.8711558710476448,0.85,0.75
40173,right_hand,0.004067774396389723,0.9959322810173035,ExponentialSmoothing,0.11012767254811,0.8898723325430936,0.85,0.75
40223,right_hand,0.0036706847604364157,0.9963293671607971,ExponentialSmoothing,0.09415912437995895,0.9058408877357491,0.85,0.75
40273,right_hand,0.004468023777008057,0.9955319166183472,ExponentialSmoothing,0.08070545928951631,0.9192945420681389,0.85,0.75
40298,right_hand,0.005287249572575092,0.994712769985199,ExponentialSmoothing,0.06939272783197513,0.930607276255698,0.85,0.75
40348,right_hand,0.004514646250754595,0.9954853653907776,ExponentialSmoothing,0.05966101559479205,0.94033898962596,0.85,0.75
40373,right_hand,0.005093899089843035,0.9949060678482056,ExponentialSmoothing,0.051475948119049694,0.9485240513592967,0.85,0.75
40423,right_hand,0.0050804466009140015,0.99491947889328,ExponentialSmoothing,0.04451662289132934,0.9554833654893942,0.85,0.75
40448,right_hand,0.0052837491966784,0.994716227054596,ExponentialSmoothing,0.0386316918371317,0.9613682947241744,0.85,0.75
40473,right_hand,0.007022729609161615,0.9929772019386292,ExponentialSmoothing,0.03389034750293619,0.9661096308063426,0.85,0.75
40527,right_hand,0.01213151402771473,0.9878684878349304,ExponentialSmoothing,0.030626522481652967,0.9693734593606307,0.85,0.75
40552,right_hand,0.007990548387169838,0.9920094013214111,ExponentialSmoothing,0.027231126367480495,0.9727688506547477,0.85,0.75
40577,right_hand,0.01384360995143652,0.9861563444137573,ExponentialSmoothing,0.025222998905073898,0.9747769747185993,0.85,0.75
40619,right_hand,0.01268848218023777,0.9873114824295044,ExponentialSmoothing,0.023342821396348478,0.9766571508752351,0.85,0.75
40669,right_hand,0.007109910249710083,0.9928901195526123,ExponentialSmoothing,0.02090788472435272,0.9790920961768417,0.85,0.75
40719,right_hand,0.004710457753390074,0.9952895641326904,ExponentialSmoothing,0.01847827067870832,0.981521716370219,0.85,0.75
40744,right_hand,0.004575859755277634,0.9954240918159485,ExponentialSmoothing,0.016392909040193717,0.9836070726870784,0.85,0.75
40778,right_hand,0.003366030054166913,0.9966339468955994,ExponentialSmoothing,0.014438877192289696,0.9855611038183565,0.85,0.75
40803,right_hand,0.0019341331208124757,0.9980658888816833,ExponentialSmoothing,0.012563165581568113,0.9874368215778555,0.85,0.75
40862,right_hand,0.0019625292625278234,0.9980375170707703,ExponentialSmoothing,0.010973070133712069,0.9890269259017928,0.85,0.75
40887,right_hand,0.0015220657223835588,0.9984779953956604,ExponentialSmoothing,0.009555419472012792,0.990444586325873,0.85,0.75
40912,right_hand,0.0021233016159385443,0.997876763343811,ExponentialSmoothing,0.008440601793601654,0.9915594128785636,0.85,0.75
40987,right_hand,0.02255985513329506,0.9774401187896729,ExponentialSmoothing,0.010558489794555665,0.9894415187652301,0.85,0.75
41012,right_hand,0.013891922309994698,0.9861080050468445,ExponentialSmoothing,0.01105850467187152,0.9889414917074723,0.85,0.75
41062,right_hand,0.09605595469474792,0.9039440751075745,ExponentialSmoothing,0.02380812217530298,0.9761918792174875,0.85,0.75
41087,right_hand,0.01874351128935814,0.9812565445899963,ExponentialSmoothing,0.023048430542411256,0.9769515790233638,0.85,0.75
41112,right_hand,0.041656531393527985,0.9583433866500854,ExponentialSmoothing,0.025839645670078765,0.9741603501673721,0.85,0.75
41163,right_hand,0.6948498487472534,0.3051501512527466,ExponentialSmoothing,0.12619117613165498,0.8738088203301783,0.85,0.75
41188,right_hand,0.6955296397209167,0.30447033047676086,ExponentialSmoothing,0.21159194567004425,0.7884080468521657,0.85,0.75
41238,rest,0.8955903649330139,0.10440965741872787,ExponentialSmoothing,0.3141917085594897,0.68580828843715,0.85,0.75
41263,rest,0.7293965220451355,0.2706034481525421,ExponentialSmoothing,0.3764724305823366,0.6235275623944588,0.85,0.75
41288,rest,0.8785090446472168,0.12149098515510559,ExponentialSmoothing,0.4517779226920686,0.5482220758085558,0.85,0.75
41347,rest,0.9015560746192932,0.098443903028965,ExponentialSmoothing,0.5192446454811523,0.4807553498916171,0.85,0.75
41372,rest,0.9675053358078003,0.03249462693929672,ExponentialSmoothing,0.5864837490301495,0.41351624144876903,0.85,0.75
41422,rest,0.9861481189727783,0.013851874507963657,ExponentialSmoothing,0.6464334045215439,0.3535665864076482,0.85,0.75
41472,rest,0.979670524597168,0.02032950334250927,ExponentialSmoothing,0.6964189725328875,0.30358102394787734,0.85,0.75
41497,rest,0.9955264925956726,0.004473435692489147,ExponentialSmoothing,0.7412851005423053,0.2587148857095691,0.85,0.75
41547,left_hand,0.9996892213821411,0.0003107526572421193,ExponentialSmoothing,0.7800457186682808,0.21995426575172003,0.85,0.75
41572,left_hand,0.9997814297676086,0.00021858922264073044,ExponentialSmoothing,0.81300607533318,0.18699391427235812,0.85,0.75
41622,left_hand,0.9997641444206238,0.00023581698769703507,ExponentialSmoothing,0.8410197856962967,0.15898019967965896,0.85,0.75
41647,left_hand,0.999752938747406,0.0002470964100211859,ExponentialSmoothing,0.864829758653963,0.13517023418921328,0.85,0.75
41672,left_hand,0.9997215867042542,0.00027844958822242916,ExponentialSmoothing,0.8850635328615067,0.11493646649906465,0.85,0.75
41732,left_hand,0.9997599720954895,0.00024004730221349746,ExponentialSmoothing,0.9022679987466042,0.09773200361953698,0.85,0.75
41757,left_hand,0.9998282194137573,0.0001717347331577912,ExponentialSmoothing,0.9169020318466772,0.08309796328658009,0.85,0.75
41807,left_hand,0.9998878240585327,0.00011214242113055661,ExponentialSmoothing,0.9293499006784556,0.07065009015676266,0.85,0.75
41832,left_hand,0.9999158382415771,8.416313357884064e-05,ExponentialSmoothing,0.9399347913129239,0.06006520110328508,0.85,0.75
41857,left_hand,0.9999403953552246,5.964269075775519e-05,ExponentialSmoothing,0.948935631919269,0.051064367341405986,0.85,0.75
41907,left_hand,0.9999470710754395,5.2961422625230625e-05,ExponentialSmoothing,0.9565873477926945,0.04341265645358887,0.85,0.75
41932,left_hand,0.9999507665634155,4.922500011161901e-05,ExponentialSmoothing,0.9630918606083027,0.03690814173556728,0.85,0.75
41982,left_hand,0.9999490976333618,5.0948299758601934e-05,ExponentialSmoothing,0.9686204461620616,0.03137956272019597,0.85,0.75
42060,left_hand,0.9999641180038452,3.587918763514608e-05,ExponentialSmoothing,0.9733219969383291,0.026678010190311845,0.85,0.75
42110,left_hand,0.999966025352478,3.39438920491375e-05,ExponentialSmoothing,0.9773186012004514,0.022681400245572438,0.85,0.75
42165,left_hand,0.999976396560669,2.3575854356749915e-05,ExponentialSmoothing,0.9807172705044841,0.019282726586890085,0.85,0.75
42190,left_hand,0.9999719858169556,2.7963085813098587e-05,ExponentialSmoothing,0.9836054778013548,0.01639451206172854,0.85,0.75
42240,left_hand,0.999968409538269,3.160584674333222e-05,ExponentialSmoothing,0.9860599175618919,0.013940076129480757,0.85,0.75
42290,left_hand,0.9999629259109497,3.7042795156594366e-05,ExponentialSmoothing,0.9881453688142505,0.011854621129332133,0.85,0.75
42315,left_hand,0.9999589920043945,4.101726153749041e-05,ExponentialSmoothing,0.9899174122927721,0.010082580549162936,0.85,0.75
42340,left_hand,0.999955415725708,4.456741226022132e-05,ExponentialSmoothing,0.9914231128077124,0.00857687857862753,0.85,0.75
42370,left_hand,0.9999480247497559,5.194334517000243e-05,ExponentialSmoothing,0.992701849599019,0.0072981382936089,0.85,0.75
42447,left_hand,0.9999337196350098,6.629042036365718e-05,ExponentialSmoothing,0.9937866301044176,0.006213361112622114,0.85,0.75
42509,left_hand,0.9999474287033081,5.256783697404899e-05,ExponentialSmoothing,0.9947107498942511,0.005289242121274904,0.85,0.75
42559,left_hand,0.9999094009399414,9.058652358362451e-05,ExponentialSmoothing,0.9954905475511047,0.0045094437816212115,0.85,0.75
42584,left_hand,0.9999001026153564,9.987773228203878e-05,ExponentialSmoothing,0.9961519808107424,0.0038480088742203354,0.85,0.75
42634,left_hand,0.999896764755249,0.00010318277054466307,ExponentialSmoothing,0.9967136984024185,0.0032862849586689845,0.85,0.75
42659,left_hand,0.9999017715454102,9.817464160732925e-05,ExponentialSmoothing,0.9971919093738673,0.002808068411109736,0.85,0.75
42709,left_hand,0.9998924732208252,0.00010752967500593513,ExponentialSmoothing,0.997596993950911,0.0024029876006941655,0.85,0.75
42734,left_hand,0.9998457431793213,0.00015423302829731256,ExponentialSmoothing,0.9979343063351724,0.0020656744148346375,0.85,0.75
42759,left_hand,0.9997932314872742,0.00020677941211033612,ExponentialSmoothing,0.9982131451079878,0.0017868401644259924,0.85,0.75
42784,left_hand,0.9997182488441467,0.00028173791361041367,ExponentialSmoothing,0.9984389106684115,0.0015610748268036555,0.85,0.75
42841,left_hand,0.9996069073677063,0.00039307089173235,ExponentialSmoothing,0.9986141101733057,0.0013858742365429597,0.85,0.75
42882,left_hand,1.0,5.4100238178200755e-11,ExponentialSmoothing,0.9988219936473098,0.0011779931091765515,0.85,0.75
42932,left_hand,1.0,0.0,ExponentialSmoothing,0.9989986946002134,0.0010012941428000687,0.85,0.75
42957,left_hand,1.0,0.0,ExponentialSmoothing,0.9991488904101814,0.0008511000213800583,0.85,0.75
42982,left_hand,1.0,0.0,ExponentialSmoothing,0.9992765568486542,0.0007234350181730496,0.85,0.75
43010,left_hand,1.0,0.0,ExponentialSmoothing,0.9993850733213561,0.0006149197654470921,0.85,0.75
43068,left_hand,1.0,0.0,ExponentialSmoothing,0.9994773123231526,0.0005226818006300283,0.85,0.75
43118,left_hand,1.0,0.0,ExponentialSmoothing,0.9995557154746797,0.00044427953053552405,0.85,0.75
43143,left_hand,1.0,0.0,ExponentialSmoothing,0.9996223581534778,0.00037763760095519544,0.85,0.75
43193,left_hand,1.0,0.0,ExponentialSmoothing,0.9996790044304561,0.0003209919608119161,0.85,0.75
43218,left_hand,1.0,0.0,ExponentialSmoothing,0.9997271537658877,0.0002728431666901287,0.85,0.75
43268,left_hand,1.0,0.0,ExponentialSmoothing,0.9997680807010045,0.0002319166916866094,0.85,0.75
43293,left_hand,1.0,0.0,ExponentialSmoothing,0.9998028685958539,0.00019712918793361798,0.85,0.75
43318,left_hand,1.0,0.0,ExponentialSmoothing,0.9998324383064758,0.0001675598097435753,0.85,0.75
43370,left_hand,1.0,0.0,ExponentialSmoothing,0.9998575725605044,0.000142425838282039,0.85,0.75
43420,left_hand,1.0,0.0,ExponentialSmoothing,0.9998789366764288,0.00012106196253973315,0.85,0.75
43445,left_hand,1.0,0.0,ExponentialSmoothing,0.9998970961749645,0.00010290266815877318,0.85,0.75
43470,left_hand,1.0,0.0,ExponentialSmoothing,0.9999125317487199,8.74672679349572e-05,0.85,0.75
43528,left_hand,1.0,0.0,ExponentialSmoothing,0.9999256519864119,7.434717774471363e-05,0.85,0.75
43553,left_hand,1.0,0.0,ExponentialSmoothing,0.9999368041884501,6.319510108300658e-05,0.85,0.75
43578,left_hand,1.0,0.0,ExponentialSmoothing,0.9999462835601826,5.371583592055559e-05,0.85,0.75
43628,left_hand,1.0,0.0,ExponentialSmoothing,0.9999543410261552,4.5658460532472253e-05,0.85,0.75
43653,left_hand,1.0,0.0,ExponentialSmoothing,0.9999611898722319,3.8809691452601414e-05,0.85,0.75
43713,left_hand,1.0,0.0,ExponentialSmoothing,0.9999670113913971,3.29882377347112e-05,0.85,0.75
43738,left_hand,1.0,0.0,ExponentialSmoothing,0.9999719596826875,2.8040002074504518e-05,0.85,0.75
43763,left_hand,1.0,0.0,ExponentialSmoothing,0.9999761657302844,2.3834001763328838e-05,0.85,0.75
43813,left_hand,1.0,0.0,ExponentialSmoothing,0.9999797408707417,2.0258901498829513e-05,0.85,0.75
43838,left_hand,1.0,0.0,ExponentialSmoothing,0.9999827797401305,1.7220066274005087e-05,0.85,0.75
43891,left_hand,1.0,0.0,ExponentialSmoothing,0.9999853627791109,1.4637056332904323e-05,0.85,0.75
43916,left_hand,1.0,0.0,ExponentialSmoothing,0.9999875583622443,1.2441497882968675e-05,0.85,0.75
43984,left_hand,1.0,1.5324287908662225e-36,ExponentialSmoothing,0.9999894246079076,1.0575273200523374e-05,0.85,0.75
44034,left_hand,0.9938154220581055,0.006184555124491453,ExponentialSmoothing,0.9990633242254373,0.000936672250894163,0.85,0.75
44084,left_hand,0.00011094138608314097,0.9998890161514282,ExponentialSmoothing,0.8492204667995341,0.15077952383597432,0.85,0.75
44109,rest,0.000216194152017124,0.9997838139533997,ExponentialSmoothing,0.7218698259024066,0.27813016735358814,0.85,0.75
44170,rest,0.000510252604726702,0.9994897842407227,ExponentialSmoothing,0.6136658899077546,0.38633410988665834,0.85,0.75
44195,rest,0.0004000439657829702,0.9995999932289124,ExponentialSmoothing,0.5216760130164589,0.4783239923879965,0.85,0.75
44245,rest,0.0005652151303365827,0.999434769153595,ExponentialSmoothing,0.44350939333354056,0.5564906089028363,0.85,0.75
44270,rest,0.0005396228516474366,0.9994603991508484,ExponentialSmoothing,0.3770639277612566,0.6229360774400381,0.85,0.75
44320,rest,0.0009135503205470741,0.9990864992141724,ExponentialSmoothing,0.3206413711451501,0.6793586407061583,0.85,0.75
44345,rest,0.0007288556662388146,0.9992710947990417,ExponentialSmoothing,0.2726544938233134,0.7273455088200909,0.85,0.75
44395,right_hand,0.0007018633186817169,0.999298095703125,ExponentialSmoothing,0.23186159924761865,0.7681383968525459,0.85,0.75
44420,right_hand,0.0009190347045660019,0.9990808963775635,ExponentialSmoothing,0.19722021456616076,0.8027797717812986,0.85,0.75
44445,right_hand,0.0006087170331738889,0.9993913173675537,ExponentialSmoothing,0.16772848993621273,0.8322715036192367,0.85,0.75
44495,right_hand,0.001161054940894246,0.9988389611244202,ExponentialSmoothing,0.14274337468691498,0.8572566222450143,0.85,0.75
44520,right_hand,0.0025880776811391115,0.9974119067192078,ExponentialSmoothing,0.1217200801360486,0.8782799149161433,0.85,0.75
44574,right_hand,0.008966375142335892,0.9910336136817932,ExponentialSmoothing,0.10480702438699169,0.8951929697309908,0.85,0.75
44599,right_hand,0.027683941647410393,0.9723160266876221,ExponentialSmoothing,0.0932385619760545,0.9067614282744855,0.85,0.75
44649,right_hand,0.026020774617791176,0.9739791750907898,ExponentialSmoothing,0.08315589387231499,0.916844090296931,0.85,0.75
44674,right_hand,0.013630242086946964,0.9863697290420532,ExponentialSmoothing,0.0727270461045098,0.9272729361086993,0.85,0.75
44724,right_hand,0.01876412145793438,0.9812358617782593,ExponentialSmoothing,0.06463260740752348,0.9353673749591334,0.85,0.75
44774,right_hand,0.006992803420871496,0.9930071830749512,ExponentialSmoothing,0.05598663680952568,0.944013346176506,0.85,0.75
44824,right_hand,0.019851339980959892,0.9801486134529114,ExponentialSmoothing,0.05056634228524081,0.9494336362679668,0.85,0.75
44849,right_hand,0.02064032107591629,0.9793596267700195,ExponentialSmoothing,0.04607743910384213,0.9539225348432747,0.85,0.75
44899,right_hand,0.20298293232917786,0.7970170974731445,ExponentialSmoothing,0.06961326308764249,0.9303867192377553,0.85,0.75
44949,right_hand,0.5519585609436035,0.4480413794517517,ExponentialSmoothing,0.14196505776603666,0.8580349182698548,0.85,0.75
44999,right_hand,0.42177507281303406,0.5782249569892883,ExponentialSmoothing,0.18393656002308628,0.8160634240777698,0.85,0.75
45049,right_hand,0.44753167033195496,0.5524683594703674,ExponentialSmoothing,0.22347582656941659,0.7765241643866594,0.85,0.75
45074,rest,0.5394293665885925,0.46057066321372986,ExponentialSmoothing,0.27086885757229295,0.7291311392107199,0.85,0.75
45099,rest,0.7088967561721802,0.2911032438278198,ExponentialSmoothing,0.33657304236227603,0.663426954903285,0.85,0.75
45124,rest,0.6707760691642761,0.3292239308357239,ExponentialSmoothing,0.38670349638257606,0.6132965012931508,0.85,0.75
45149,rest,0.7683567404747009,0.23164325952529907,ExponentialSmoothing,0.44395148299639475,0.556048515027973,0.85,0.75
45214,rest,0.898935854434967,0.10106414556503296,ExponentialSmoothing,0.5121991387121806,0.48780085960853203,0.85,0.75
45239,rest,0.8892881274223328,0.11071180552244186,ExponentialSmoothing,0.5687624870187034,0.43123750149561846,0.85,0.75
45291,rest,0.8333967924118042,0.166603222489357,ExponentialSmoothing,0.6084576328276685,0.3915423596446792,0.85,0.75
45316,rest,0.7859171628952026,0.21408286690711975,ExponentialSmoothing,0.6350765623377986,0.3649234357340453,0.85,0.75
45366,rest,0.6527991890907288,0.34720084071159363,ExponentialSmoothing,0.6377349563507382,0.36226504648067753,0.85,0.75
45416,rest,0.5170338153839111,0.48296621441841125,ExponentialSmoothing,0.6196297852057142,0.3803702216713376,0.85,0.75
45441,rest,0.5212313532829285,0.47876858711242676,ExponentialSmoothing,0.6048700204172963,0.3951299764875009,0.85,0.75
45466,rest,0.2968233525753021,0.7031766176223755,ExponentialSmoothing,0.5586630202409972,0.44133697265773214,0.85,0.75
45491,rest,0.38932326436042786,0.6106767058372498,ExponentialSmoothing,0.5332620568589118,0.4667379326346598,0.85,0.75
45516,rest,0.3226987421512604,0.6773012280464172,ExponentialSmoothing,0.5016775596527641,0.4983224269464234,0.85,0.75
45587,rest,0.1645553857088089,0.8354445695877075,ExponentialSmoothing,0.4511092335611708,0.5488907483426161,0.85,0.75
45637,rest,0.09247506409883499,0.9075249433517456,ExponentialSmoothing,0.39731410814182044,0.6026858775939855,0.85,0.75
45687,rest,0.06536220759153366,0.9346377849578857,ExponentialSmoothing,0.3475213230592774,0.6524786636985705,0.85,0.75
45712,rest,0.15493787825107574,0.8450621366500854,ExponentialSmoothing,0.31863380633804717,0.6813661846412977,0.85,0.75
45762,rest,0.38195163011550903,0.6180484294891357,ExponentialSmoothing,0.32813147990466646,0.6718685213684734,0.85,0.75
45787,rest,0.29332032799720764,0.70667964220047,ExponentialSmoothing,0.32290980711854766,0.6770901894932729,0.85,0.75
45812,rest,0.5572618842124939,0.4427380859851837,ExponentialSmoothing,0.3580626186826396,0.6419373739670595,0.85,0.75
45862,rest,0.9044497609138489,0.09555020928382874,ExponentialSmoothing,0.440020690017321,0.5599792992645749,0.85,0.75
45927,rest,0.9517627954483032,0.04823720082640648,ExponentialSmoothing,0.5167820058319684,0.4832179844988496,0.85,0.75
45952,rest,0.9305315613746643,0.0694684088230133,ExponentialSmoothing,0.5788444391633728,0.42115554814747413,0.85,0.75
46013,rest,0.9516953229904175,0.04830468073487282,ExponentialSmoothing,0.6347720717374294,0.3652279180355839,0.85,0.75
46067,rest,0.955469012260437,0.04453094303607941,ExponentialSmoothing,0.6828766128158805,0.3171233717856582,0.85,0.75
46099,rest,0.9489274621009827,0.05107254534959793,ExponentialSmoothing,0.7227842402086458,0.27721574782024916,0.85,0.75
46149,left_hand,0.9566495418548584,0.0433504581451416,ExponentialSmoothing,0.7578640354555778,0.24213595436898303,0.85,0.75
46174,left_hand,0.9331703782081604,0.06682964414358139,ExponentialSmoothing,0.7841599868684652,0.21584000783517276,0.85,0.75
46224,left_hand,0.9566022753715515,0.043397676199674606,ExponentialSmoothing,0.8100263301439281,0.18997365808984804,0.85,0.75
46249,left_hand,0.9568530321121216,0.043146949261426926,ExponentialSmoothing,0.8320503354391571,0.16794965176558485,0.85,0.75
46299,left_hand,0.9943504929542542,0.005649518687278032,ExponentialSmoothing,0.8563953590664217,0.14360463180383884,0.85,0.75
46349,left_hand,0.9966429471969604,0.0033571210224181414,ExponentialSmoothing,0.8774324972860026,0.12256750518662574,0.85,0.75
46374,left_hand,0.997156023979187,0.00284394808113575,ExponentialSmoothing,0.8953910262899802,0.10460897162080224,0.85,0.75
46424,left_hand,0.9979336261749268,0.00206644251011312,ExponentialSmoothing,0.9107724162727222,0.08922759225419886,0.85,0.75
46474,left_hand,0.9984775185585022,0.001522502745501697,ExponentialSmoothing,0.9239281816155891,0.07607182882789429,0.85,0.75
46499,left_hand,0.9990780353546143,0.000921951315831393,ExponentialSmoothing,0.9352006596764428,0.06479934720108485,0.85,0.75
46562,left_hand,0.9996931552886963,0.00030690335552208126,ExponentialSmoothing,0.9448745340182809,0.055125480624250434,0.85,0.75
46612,left_hand,0.99981290102005,0.00018717013881541789,ExponentialSmoothing,0.9531152890685464,0.04688473405143518,0.85,0.75
46637,left_hand,0.9998621940612793,0.0001377295993734151,ExponentialSmoothing,0.9601273248174562,0.039872683383625915,0.85,0.75
46662,left_hand,0.9998631477355957,0.00013678503455594182,ExponentialSmoothing,0.9660876982551772,0.03391229863126542,0.85,0.75
46712,left_hand,0.9998571872711182,0.0001428047544322908,ExponentialSmoothing,0.9711531216075683,0.028846874549740453,0.85,0.75
46762,left_hand,0.9998375177383423,0.00016249282634817064,ExponentialSmoothing,0.9754557810271843,0.02454421729123161,0.85,0.75
46787,left_hand,0.9998412132263184,0.00015870337665546685,ExponentialSmoothing,0.9791135958570545,0.020886390204045188,0.85,0.75
46868,left_hand,0.9997957348823547,0.00020432818564586341,ExponentialSmoothing,0.9822159167108495,0.01778408090128529,0.85,0.75
46893,left_hand,0.9997929930686951,0.00020702146866824478,ExponentialSmoothing,0.9848524781645263,0.015147521986392732,0.85,0.75
46943,left_hand,0.999756395816803,0.00024364136334042996,ExponentialSmoothing,0.9870880658123677,0.012911939892934887,0.85,0.75
46993,left_hand,0.9996353387832642,0.00036460813134908676,ExponentialSmoothing,0.9889701567580023,0.011029840128697016,0.85,0.75
47018,left_hand,0.9996987581253052,0.0003012751112692058,ExponentialSmoothing,0.9905794469630977,0.009420555376082844,0.85,0.75
47043,left_hand,0.9987642765045166,0.0012357538798823953,ExponentialSmoothing,0.9918071713943106,0.008192835151652776,0.85,0.75
47068,left_hand,0.9932617545127869,0.006738252472132444,ExponentialSmoothing,0.9920253588620821,0.007974647749724726,0.85,0.75
47125,left_hand,0.9948899745941162,0.005109955556690693,ExponentialSmoothing,0.9924550512218873,0.007544943920769621,0.85,0.75
47150,left_hand,0.9416995644569397,0.05830046907067299,ExponentialSmoothing,0.9848417282071451,0.015158272693255127,0.85,0.75
47175,left_hand,0.9183200001716614,0.08167995512485504,ExponentialSmoothing,0.9748634690018225,0.025136525057995115,0.85,0.75
47238,left_hand,0.9109286665916443,0.0890713632106781,ExponentialSmoothing,0.9652732486402958,0.03472675078089757,0.85,0.75
47263,left_hand,0.897174060344696,0.10282595455646515,ExponentialSmoothing,0.9550583703959559,0.04494163134723271,0.85,0.75
47313,left_hand,0.5664653182029724,0.4335346817970276,ExponentialSmoothing,0.8967694125670084,0.10323058891470197,0.85,0.75
47338,left_hand,0.11502449214458466,0.8849754333496094,ExponentialSmoothing,0.7795076745036449,0.2204923155799381,0.85,0.75
47388,rest,0.013292918913066387,0.9867070913314819,ExponentialSmoothing,0.6645754611650582,0.33542453194266963,0.85,0.75
47438,rest,0.004756192676723003,0.9952437281608582,ExponentialSmoothing,0.5656025708918079,0.43439741137539795,0.85,0.75
47488,rest,0.0019458133028820157,0.9980542659759521,ExponentialSmoothing,0.48105405725346895,0.5189459395654811,0.85,0.75
47513,rest,0.0015125825302675366,0.9984873533248901,ExponentialSmoothing,0.4091228360449887,0.5908771516293925,0.85,0.75
47572,rest,0.0005731515120714903,0.9994268417358398,ExponentialSmoothing,0.34784038336505113,0.6521596051453595,0.85,0.75
47622,rest,0.00024392282648477703,0.9997560381889343,ExponentialSmoothing,0.29570091428426615,0.7042990701018959,0.85,0.75
47672,rest,0.0002216869906987995,0.9997783303260803,ExponentialSmoothing,0.251379030190231,0.7486209591355235,0.85,0.75
47722,right_hand,0.00023591640638187528,0.9997641444206238,ExponentialSmoothing,0.21370756312265363,0.7862924369282887,0.85,0.75
47753,right_hand,0.00022830936359241605,0.9997716546058655,ExponentialSmoothing,0.18168567505879443,0.8183143195799252,0.85,0.75
47778,right_hand,0.00023988964676391333,0.999760091304779,ExponentialSmoothing,0.15446880724698986,0.8455311853386532,0.85,0.75
47803,right_hand,0.00021370021568145603,0.9997863173484802,ExponentialSmoothing,0.1313305411922936,0.8686694551401273,0.85,0.75
47878,right_hand,7.650318002561107e-05,0.9999234676361084,ExponentialSmoothing,0.11164243549045338,0.8883575570145245,0.85,0.75
47903,right_hand,5.485536530613899e-05,0.9999451637268066,ExponentialSmoothing,0.0949042984716813,0.9050956980213668,0.85,0.75
47953,right_hand,6.185918755363673e-05,0.9999381303787231,ExponentialSmoothing,0.08067793257906214,0.9193220628749703,0.85,0.75
47978,right_hand,4.496807014220394e-05,0.9999550580978394,ExponentialSmoothing,0.06858298790272414,0.9314170121584007,0.85,0.75
48028,right_hand,3.811305941781029e-05,0.9999618530273438,ExponentialSmoothing,0.058301256676228194,0.9416987382887422,0.85,0.75
48078,right_hand,3.572670539142564e-05,0.9999642372131348,ExponentialSmoothing,0.04956142718060268,0.950438563127401,0.85,0.75
48128,right_hand,5.104609590489417e-05,0.9999489784240723,ExponentialSmoothing,0.04213487001789801,0.9578651254219017,0.85,0.75
48178,right_hand,7.803591142874211e-05,0.9999219179153442,ExponentialSmoothing,0.03582634490192762,0.9641736442959181,0.85,0.75
48203,right_hand,6.559724715771154e-05,0.9999344348907471,ExponentialSmoothing,0.030462232753712133,0.9695377628851425,0.85,0.75
48253,right_hand,6.870827928651124e-05,0.9999313354492188,ExponentialSmoothing,0.02590320408254829,0.974096798769754,0.85,0.75
48278,right_hand,5.7670014939503744e-05,0.9999423027038574,ExponentialSmoothing,0.02202637397240697,0.9779736243598696,0.85,0.75
48303,right_hand,6.449083593906835e-05,0.999935507774353,ExponentialSmoothing,0.018732091501936783,0.981267906872042,0.85,0.75
48353,right_hand,8.838506619213149e-05,0.9999116659164429,ExponentialSmoothing,0.015935535536575087,0.9840644707287021,0.85,0.75
48403,right_hand,8.414804324274883e-05,0.9999158382415771,ExponentialSmoothing,0.013557827412575236,0.9864421758556334,0.85,0.75
48428,right_hand,0.0001865995436673984,0.9998133778572083,ExponentialSmoothing,0.01155214323223906,0.9884478561558696,0.85,0.75
48456,right_hand,0.0002709336986299604,0.9997290968894958,ExponentialSmoothing,0.009859961802197694,0.9901400422659136,0.85,0.75
48516,right_hand,0.0008369683637283742,0.999163031578064,ExponentialSmoothing,0.008506512786427297,0.9914934906627362,0.85,0.75
48541,right_hand,0.0015961530152708292,0.9984038472175598,ExponentialSmoothing,0.0074699588207538265,0.9925300441459598,0.85,0.75
48566,right_hand,0.004677846562117338,0.9953221678733826,ExponentialSmoothing,0.007051141981958353,0.9929488627050732,0.85,0.75
48616,right_hand,0.006635527592152357,0.9933644533157349,ExponentialSmoothing,0.006988799823487453,0.9930112012966724,0.85,0.75
48641,right_hand,0.02350355125963688,0.9764963984489441,ExponentialSmoothing,0.009466012538909867,0.9905339808695132,0.85,0.75
48704,right_hand,0.16320747137069702,0.8367925882339478,ExponentialSmoothing,0.032527231363677946,0.9674727719741784,0.85,0.75
48729,right_hand,0.07570818811655045,0.9242917895317078,ExponentialSmoothing,0.03900437487660882,0.9609956246078077,0.85,0.75
48810,right_hand,0.12513293325901031,0.8748670816421509,ExponentialSmoothing,0.05192365863396905,0.9480763431629592,0.85,0.75
48835,right_hand,0.18636110424995422,0.8136388659477234,ExponentialSmoothing,0.07208927547636683,0.9279107215806738,0.85,0.75
48885,right_hand,0.30149370431900024,0.6985062956809998,ExponentialSmoothing,0.10649993980276184,0.8935000576957227,0.85,0.75
48910,right_hand,0.11931571364402771,0.8806843161582947,ExponentialSmoothing,0.10842230587895171,0.8915776964651085,0.85,0.75
48960,right_hand,0.048467595130205154,0.9515324234962463,ExponentialSmoothing,0.09942909926663973,0.9005709055197791,0.85,0.75
48985,right_hand,0.05958355963230133,0.9404164552688599,ExponentialSmoothing,0.09345226832148897,0.9065477379821413,0.85,0.75
49038,right_hand,0.11675279587507248,0.8832471370697021,ExponentialSmoothing,0.09694734745452649,0.9030526478452754,0.85,0.75
49063,right_hand,0.6427433490753174,0.3572566509246826,ExponentialSmoothing,0.17881674769764513,0.8211832483071865,0.85,0.75
49088,rest,0.8282050490379333,0.17179499566555023,ExponentialSmoothing,0.2762249928986884,0.7237750104109409,0.85,0.75
49154,rest,0.866465151309967,0.133534774184227,ExponentialSmoothing,0.3647610166603802,0.6352389749769338,0.85,0.75
49179,rest,0.9138556122779846,0.08614442497491837,ExponentialSmoothing,0.44712520600302086,0.5528747924766314,0.85,0.75
49204,rest,0.9867875576019287,0.013212429359555244,ExponentialSmoothing,0.528074558742857,0.47192543800906994,0.85,0.75
49254,rest,0.9963390827178955,0.0036609736271202564,ExponentialSmoothing,0.5983142373391128,0.4016857683517775,0.85,0.75
49279,rest,0.9949339032173157,0.0050660683773458,ExponentialSmoothing,0.6578071872208433,0.34219281335561275,0.85,0.75
49329,rest,0.9967243075370789,0.003275751369073987,ExponentialSmoothing,0.7086447552682786,0.2913552540576319,0.85,0.75
49354,left_hand,0.9931303858757019,0.006869579199701548,ExponentialSmoothing,0.7513175998593922,0.24868240282894236,0.85,0.75
49379,left_hand,0.9956969022750854,0.004303046967834234,ExponentialSmoothing,0.7879744952217462,0.21202549944977614,0.85,0.75
49451,left_hand,0.9956988096237183,0.004301176406443119,ExponentialSmoothing,0.819133142382042,0.18086685099327618,0.85,0.75
49476,left_hand,0.9953992962837219,0.004600688815116882,ExponentialSmoothing,0.8455730654672939,0.1544269266665523,0.85,0.75
49526,left_hand,0.9962843060493469,0.003715772880241275,ExponentialSmoothing,0.8681797515546019,0.13182025359860566,0.85,0.75
49551,left_hand,0.9978411197662354,0.002158894669264555,ExponentialSmoothing,0.8876289567863469,0.11237104975920449,0.85,0.75
49586,left_hand,0.9972043633460999,0.0027955633122473955,ExponentialSmoothing,0.9040652677703098,0.09593472679216092,0.85,0.75
49636,left_hand,0.9983970522880554,0.0016029855469241738,ExponentialSmoothing,0.9182150354479717,0.0817849656053754,0.85,0.75
49661,left_hand,0.9984899759292603,0.0015100166201591492,ExponentialSmoothing,0.930256276520165,0.06974372325759297,0.85,0.75
49711,left_hand,0.9992733597755432,0.0007266720640473068,ExponentialSmoothing,0.9406088390084717,0.05939116557856112,0.85,0.75
49776,left_hand,0.9987886548042297,0.0012113861739635468,ExponentialSmoothing,0.9493358113778354,0.05066419866787148,0.85,0.75
49826,left_hand,0.9992642998695374,0.0007356425630860031,ExponentialSmoothing,0.9568250846515907,0.04317491525215366,0.85,0.75
49851,left_hand,0.9993576407432556,0.0006423441227525473,ExponentialSmoothing,0.9632049680653405,0.03679502958274349,0.85,0.75
49901,left_hand,0.9995684027671814,0.0004315753176342696,ExponentialSmoothing,0.9686594832706166,0.03134051144297711,0.85,0.75
49926,left_hand,0.9995759129524231,0.0004240945272613317,ExponentialSmoothing,0.9732969477228876,0.02670304890561974,0.85,0.75
49983,left_hand,0.9997904896736145,0.0002095477539114654,ExponentialSmoothing,0.9772709790154966,0.022729023732863497,0.85,0.75
50008,left_hand,0.999829888343811,0.0001701174769550562,ExponentialSmoothing,0.9806548154147439,0.01934518779447723,0.85,0.75
50033,left_hand,0.999889612197876,0.00011035095667466521,ExponentialSmoothing,0.9835400349322136,0.016459962268806846,0.85,0.75
50058,left_hand,0.9998798370361328,0.00012019560381304473,ExponentialSmoothing,0.9859910052478015,0.014008997269057777,0.85,0.75
50135,left_hand,0.9998973608016968,0.00010259996633976698,ExponentialSmoothing,0.9880769585808857,0.011923037673650074,0.85,0.75
50185,left_hand,0.9998421669006348,0.00015781998808961362,ExponentialSmoothing,0.9898417398288482,0.010158255020816005,0.85,0.75
50235,left_hand,0.9998478889465332,0.000152136868564412,ExponentialSmoothing,0.9913426621965009,0.008657337297978265,0.85,0.75
50285,left_hand,0.9998199343681335,0.00018004652520176023,ExponentialSmoothing,0.9926142530222458,0.007385743682061788,0.85,0.75
50310,left_hand,0.9998130202293396,0.00018703134264796972,ExponentialSmoothing,0.99369406810331,0.006305936831149715,0.85,0.75
50360,left_hand,0.999779999256134,0.00021996931172907352,ExponentialSmoothing,0.9946069577762335,0.005393041703236619,0.85,0.75
50385,left_hand,0.9995720982551575,0.0004279525892343372,ExponentialSmoothing,0.9953517288480721,0.004648278336136276,0.85,0.75
50460,left_hand,0.9973489046096802,0.0026510870084166527,ExponentialSmoothing,0.9956513052123133,0.004348699636978333,0.85,0.75
50485,left_hand,0.994844913482666,0.005155077204108238,ExponentialSmoothing,0.9955303464528662,0.004469656272047819,0.85,0.75
50537,left_hand,0.9880226850509644,0.01197728794068098,ExponentialSmoothing,0.9944041972425809,0.0055958010223427935,0.85,0.75
50562,left_hand,0.9878062605857849,0.012193771079182625,ExponentialSmoothing,0.9934145067440614,0.006585496530868769,0.85,0.75
50612,left_hand,0.9833377003669739,0.016662336885929108,ExponentialSmoothing,0.9919029857874984,0.00809702258412782,0.85,0.75
50662,left_hand,0.9751659035682678,0.02483408711850643,ExponentialSmoothing,0.9893924234546139,0.010607582264284612,0.85,0.75
50687,left_hand,0.9419699907302856,0.05803003907203674,ExponentialSmoothing,0.9822790585459646,0.017720950785447435,0.85,0.75
50737,left_hand,0.8041541576385498,0.19584587216377258,ExponentialSmoothing,0.9555603234098524,0.04443968899219621,0.85,0.75
50812,left_hand,0.03706815093755722,0.9629318714141846,ExponentialSmoothing,0.8177864975390081,0.1822135163554945,0.85,0.75
50837,rest,0.03344070166349411,0.9665593504905701,ExponentialSmoothing,0.700134628157681,0.29986539147575586,0.85,0.75
50876,rest,0.9997679591178894,0.00023199652787297964,ExponentialSmoothing,0.7450796278017122,0.25492038223357344,0.85,0.75
50926,left_hand,1.0,5.463536112148754e-32,ExponentialSmoothing,0.7833176836314554,0.21668232489853742,0.85,0.75
50951,left_hand,1.0,2.802596928649634e-45,ExponentialSmoothing,0.8158200310867371,0.1841799761637568,0.85,0.75
50976,left_hand,1.0,0.0,ExponentialSmoothing,0.8434470264237265,0.15655297973919327,0.85,0.75
51026,left_hand,1.0,0.0,ExponentialSmoothing,0.8669299724601676,0.13307003277831428,0.85,0.75
51051,left_hand,1.0,0.0,ExponentialSmoothing,0.8868904765911424,0.11310952786156714,0.85,0.75
51076,left_hand,1.0,0.0,ExponentialSmoothing,0.9038569051024711,0.09614309868233206,0.85,0.75
51101,left_hand,1.0,0.0,ExponentialSmoothing,0.9182783693371004,0.08172163387998226,0.85,0.75
51185,left_hand,1.0,0.0,ExponentialSmoothing,0.9305366139365353,0.06946338879798492,0.85,0.75
51210,left_hand,1.0,0.0,ExponentialSmoothing,0.940956121846055,0.059043880478287174,0.85,0.75
51260,left_hand,1.0,0.0,ExponentialSmoothing,0.9498127035691468,0.050187298406544095,0.85,0.75
51285,left_hand,1.0,0.0,ExponentialSmoothing,0.9573407980337748,0.04265920364556248,0.85,0.75
51310,left_hand,1.0,0.0,ExponentialSmoothing,0.9637396783287085,0.036260323098728106,0.85,0.75
51360,left_hand,1.0,0.0,ExponentialSmoothing,0.9691787265794023,0.03082127463391889,0.85,0.75
51426,left_hand,1.0,0.0,ExponentialSmoothing,0.9738019175924919,0.026198083438831055,0.85,0.75
51476,left_hand,1.0,0.0,ExponentialSmoothing,0.9777316299536182,0.022268370923006396,0.85,0.75
51501,left_hand,1.0,0.0,ExponentialSmoothing,0.9810718854605754,0.018928115284555437,0.85,0.75
51551,left_hand,1.0,0.0,ExponentialSmoothing,0.9839111026414892,0.01608889799187212,0.85,0.75
51576,left_hand,1.0,0.0,ExponentialSmoothing,0.9863244372452658,0.013675563293091301,0.85,0.75
51601,left_hand,1.0,0.0,ExponentialSmoothing,0.9883757716584759,0.011624228799127606,0.85,0.75
51654,left_hand,1.0,0.0,ExponentialSmoothing,0.9901194059097045,0.009880594479258466,0.85,0.75
51679,left_hand,1.0,0.0,ExponentialSmoothing,0.9916014950232488,0.008398505307369696,0.85,0.75
51706,left_hand,1.0,0.0,ExponentialSmoothing,0.9928612707697615,0.007138729511264242,0.85,0.75
51731,left_hand,1.0,0.0,ExponentialSmoothing,0.9939320801542972,0.006067920084574605,0.85,0.75
51803,left_hand,1.0,0.0,ExponentialSmoothing,0.9948422681311526,0.0051577320718884144,0.85,0.75
51828,left_hand,1.0,0.0,ExponentialSmoothing,0.9956159279114797,0.004384072261105152,0.85,0.75
51883,left_hand,1.0,0.0,ExponentialSmoothing,0.9962735387247578,0.0037264614219393796,0.85,0.75
51933,left_hand,1.0,1.4153114489680652e-42,ExponentialSmoothing,0.996832507916044,0.0031674922086484727,0.85,0.75
51958,left_hand,1.0,2.8695959275726875e-25,ExponentialSmoothing,0.9973076317286375,0.0026923683773512016,0.85,0.75
51985,left_hand,1.0,3.7892591842059176e-11,ExponentialSmoothing,0.9977114869693419,0.00228851312643241,0.85,0.75
52010,left_hand,0.9622959494590759,0.037704091519117355,ExponentialSmoothing,0.992399156342802,0.007600849885335152,0.85,0.75
52082,left_hand,0.019741777330636978,0.9802582263946533,ExponentialSmoothing,0.8465005494909772,0.1534994563617329,0.85,0.75
52107,rest,0.004066235385835171,0.9959338307380676,ExponentialSmoothing,0.7201354023752058,0.2798646125181831,0.85,0.75
52132,rest,0.001557570998556912,0.9984424710273743,ExponentialSmoothing,0.6123487276687084,0.3876512912945618,0.85,0.75
52188,rest,0.0008933281642384827,0.9991067051887512,ExponentialSmoothing,0.5206304177430379,0.4793696033786902,0.85,0.75
52213,rest,0.0007718295673839748,0.9992281198501587,ExponentialSmoothing,0.44265162951668974,0.5573483808494105,0.85,0.75
52263,rest,0.000765673816204071,0.9992343187332153,ExponentialSmoothing,0.37636873616161687,0.6236312715319813,0.85,0.75
52313,rest,0.0013858546735718846,0.9986140727996826,ExponentialSmoothing,0.3201213039384101,0.6798786917221364,0.85,0.75
52369,rest,0.005018997006118298,0.9949809908866882,ExponentialSmoothing,0.2728559578985663,0.7271440365968193,0.85,0.75
52394,right_hand,0.008125615306198597,0.9918743968009949,ExponentialSmoothing,0.23314640650971113,0.7668535906274456,0.85,0.75
52446,right_hand,0.021382972598075867,0.9786170125007629,ExponentialSmoothing,0.20138189142296586,0.7986181039084432,0.85,0.75
52471,right_hand,0.031692024320364,0.9683079719543457,ExponentialSmoothing,0.1759284113575756,0.8240715841153287,0.85,0.75
52527,right_hand,0.025345949456095695,0.9746540784835815,ExponentialSmoothing,0.1533410420723536,0.8466589582705666,0.85,0.75
52577,right_hand,0.031289827078580856,0.96871018409729,ExponentialSmoothing,0.1350333598232877,0.8649666421445751,0.85,0.75
52602,right_hand,0.048070136457681656,0.9519298672676086,ExponentialSmoothing,0.1219888763184468,0.8780111259130301,0.85,0.75
52627,right_hand,0.04251052439212799,0.9574894309043884,ExponentialSmoothing,0.11006712352949899,0.8899328716617338,0.85,0.75
52652,right_hand,0.05590895563364029,0.9440910816192627,ExponentialSmoothing,0.10194339834512017,0.8980566031553632,0.85,0.75
52677,right_hand,0.025412047281861305,0.9745879769325256,ExponentialSmoothing,0.09046369568563134,0.9095363092219375,0.85,0.75
52741,right_hand,0.007447745185345411,0.9925522804260254,ExponentialSmoothing,0.07801130311058845,0.9219887049025508,0.85,0.75
52768,right_hand,0.005405996926128864,0.9945940375328064,ExponentialSmoothing,0.06712050718291951,0.9328795047970893,0.85,0.75
52818,right_hand,0.0037195454351603985,0.9962804913520813,ExponentialSmoothing,0.057610362920755644,0.9423896527803381,0.85,0.75
52868,right_hand,0.001653039245866239,0.9983469247817993,ExponentialSmoothing,0.049216764369522235,0.9507832435805573,0.85,0.75
52893,right_hand,0.00045966790639795363,0.9995403289794922,ExponentialSmoothing,0.04190319990005359,0.9580968063903976,0.85,0.75
52943,right_hand,3.575318987714127e-05,0.9999642372131348,ExponentialSmoothing,0.03562308289352712,0.9643769210138082,0.85,0.75
52968,right_hand,9.164121001958847e-05,0.9999083280563354,ExponentialSmoothing,0.03029336664100099,0.9697066320701873,0.85,0.75
52993,right_hand,0.00010583823313936591,0.9998941421508789,ExponentialSmoothing,0.025765237379821747,0.974234758582291,0.85,0.75
53018,right_hand,0.0006193517474457622,0.9993805885314941,ExponentialSmoothing,0.02199335453496535,0.9780066330746715,0.85,0.75
53086,right_hand,0.0006406105821952224,0.9993594288825989,ExponentialSmoothing,0.018790442942049828,0.9812095524458606,0.85,0.75
53136,right_hand,0.0005650779930874705,0.9994348883628845,ExponentialSmoothing,0.016056638199705472,0.9839433528334142,0.85,0.75
53161,right_hand,0.0005088479374535382,0.9994910955429077,ExponentialSmoothing,0.013724469660367682,0.9862755142398383,0.85,0.75
53211,right_hand,0.00044259571586735547,0.9995574355125427,ExponentialSmoothing,0.011732188568692632,0.988267802430744,0.85,0.75
53236,right_hand,0.0005018329829908907,0.9994981288909912,ExponentialSmoothing,0.010047635230837371,0.9899523513997811,0.85,0.75
53286,right_hand,0.00035503716208040714,0.9996449947357178,ExponentialSmoothing,0.008593745520523827,0.9914062479001716,0.85,0.75
53336,right_hand,0.00016947246331255883,0.9998304843902588,ExponentialSmoothing,0.0073301045619421365,0.9926698833736847,0.85,0.75
53361,right_hand,0.0001345225900877267,0.9998654127120972,ExponentialSmoothing,0.006250767266163975,0.9937492127744465,0.85,0.75
53386,right_hand,7.105666009010747e-05,0.9999289512634277,ExponentialSmoothing,0.005323810675252895,0.9946761735477938,0.85,0.75
53417,right_hand,8.686880755703896e-05,0.9999130964279175,ExponentialSmoothing,0.004538269395098517,0.9954617119798124,0.85,0.75
53453,right_hand,9.732566104503348e-05,0.999902606010437,ExponentialSmoothing,0.0038721278349904947,0.9961278460844061,0.85,0.75
53503,right_hand,0.00010816595749929547,0.9998918771743774,ExponentialSmoothing,0.0033075335533668147,0.9966924507479018,0.85,0.75
53528,right_hand,0.00013489766570273787,0.9998650550842285,ExponentialSmoothing,0.002831638170217203,0.9971683413983509,0.85,0.75
53566,right_hand,0.00010838442540261894,0.9998916387557983,ExponentialSmoothing,0.0024231501084950157,0.9975768360019679,0.85,0.75
53616,right_hand,0.0001931455626618117,0.999806821346283,ExponentialSmoothing,0.002088649426620035,0.9979113338036152,0.85,0.75
53641,right_hand,0.00021626836678478867,0.9997836947441101,ExponentialSmoothing,0.0018077922676447479,0.9981921879446894,0.85,0.75
53691,right_hand,0.0003972068661823869,0.9996028542518616,ExponentialSmoothing,0.0015962044574253937,0.9984037878907652,0.85,0.75
53716,right_hand,0.0007687693578191102,0.999231219291687,ExponentialSmoothing,0.0014720891924844511,0.9985279026009035,0.85,0.75
53766,right_hand,0.001404342008754611,0.998595654964447,ExponentialSmoothing,0.0014619271149249752,0.998538065455435,0.85,0.75
53816,right_hand,0.0015474336687475443,0.9984525442123413,ExponentialSmoothing,0.0014747530979983604,0.998525237268971,0.85,0.75
53866,right_hand,0.00431052315980196,0.9956894516944885,ExponentialSmoothing,0.0019001186072689004,0.9980998694327987,0.85,0.75
53916,right_hand,0.06858459860086441,0.9314153790473938,ExponentialSmoothing,0.011902790606308227,0.988097195874988,0.85,0.75
53966,right_hand,0.30123114585876465,0.6987689137458801,ExponentialSmoothing,0.0553020438941767,0.9446979535556218,0.85,0.75
53991,right_hand,0.4292770326137543,0.5707229375839233,ExponentialSmoothing,0.11139829220211334,0.888601701159867,0.85,0.75
54016,right_hand,0.7872973084449768,0.2127026915550232,ExponentialSmoothing,0.21278314463854286,0.7872168497191404,0.85,0.75
54041,rest,0.8553929924964905,0.14460700750350952,ExponentialSmoothing,0.309174621817235,0.6908253733867957,0.85,0.75
54091,rest,0.9156819581985474,0.08431808650493622,ExponentialSmoothing,0.4001507222744319,0.5998492803545168,0.85,0.75
54141,rest,0.9136267900466919,0.08637317270040512,ExponentialSmoothing,0.4771721324402709,0.5228278642064,0.85,0.75
54166,rest,0.932708203792572,0.06729179620742798,ExponentialSmoothing,0.5455025431431161,0.45449745400655417,0.85,0.75
54216,rest,0.9683564901351929,0.03164352476596832,ExponentialSmoothing,0.6089306351919276,0.39106936462046626,0.85,0.75
54241,rest,0.9690307974815369,0.030969148501753807,ExponentialSmoothing,0.6629456595353691,0.3370543322026594,0.85,0.75
54291,rest,0.9919047355651855,0.008095266297459602,ExponentialSmoothing,0.7122895209398415,0.2877104723168794,0.85,0.75
54316,left_hand,0.9900208711624146,0.00997911300510168,ExponentialSmoothing,0.7539492234732275,0.24605076842011275,0.85,0.75
54341,left_hand,0.9928079843521118,0.0071920654736459255,ExponentialSmoothing,0.78977803760506,0.21022196297814272,0.85,0.75
54409,left_hand,0.9995713829994202,0.00042861889232881367,ExponentialSmoothing,0.8212470394142141,0.17875296136527064,0.85,0.75
54434,left_hand,0.9988073110580444,0.001192706055007875,ExponentialSmoothing,0.8478810801607887,0.1521189230687312,0.85,0.75
54484,left_hand,0.9686265587806702,0.03137347102165222,ExponentialSmoothing,0.8659929019537709,0.13400710526166934,0.85,0.75
54509,left_hand,0.9667602777481079,0.03323972225189209,ExponentialSmoothing,0.8811080083229215,0.11889199781020275,0.85,0.75
54534,left_hand,0.9552435874938965,0.04475640133023262,ExponentialSmoothing,0.8922283451985678,0.10777165833820723,0.85,0.75
54613,left_hand,0.930259644985199,0.06974034011363983,ExponentialSmoothing,0.8979330401665625,0.10206696060452213,0.85,0.75
54638,left_hand,0.9321706295013428,0.0678294375538826,ExponentialSmoothing,0.9030686785667796,0.0969313321469262,0.85,0.75
54663,left_hand,0.9403046369552612,0.05969542637467384,ExponentialSmoothing,0.9086540723250518,0.09134594628108836,0.85,0.75
54688,left_hand,0.9523504972457886,0.047649458050727844,ExponentialSmoothing,0.9152085360631623,0.08479147304653428,0.85,0.75
54738,left_hand,0.9555007815361023,0.044499266892671585,ExponentialSmoothing,0.9212523728841033,0.07874764212345486,0.85,0.75
54788,left_hand,0.950019121170044,0.04998089000582695,ExponentialSmoothing,0.9255673851269944,0.07443262930581067,0.85,0.75
54813,left_hand,0.9551200270652771,0.04488002508878708,ExponentialSmoothing,0.9300002814177368,0.06999973867325712,0.85,0.75
54863,left_hand,0.9831962585449219,0.01680375635623932,ExponentialSmoothing,0.9379796779868146,0.06202034132570445,0.85,0.75
54888,left_hand,0.9894481897354126,0.010551833547651768,ExponentialSmoothing,0.9456999547491043,0.05430006515899655,0.85,0.75
54938,left_hand,0.9933711290359497,0.006628893315792084,ExponentialSmoothing,0.9528506308921312,0.04714938938251587,0.85,0.75
54988,left_hand,0.9934926629066467,0.006507304962724447,ExponentialSmoothing,0.9589469356943086,0.04105307671954716,0.85,0.75
55013,left_hand,0.9945777654647827,0.005422250833362341,ExponentialSmoothing,0.9642915601598797,0.035708452836619435,0.85,0.75
55063,left_hand,0.9953462481498718,0.004653767216950655,ExponentialSmoothing,0.9689497633583786,0.031050249993669118,0.85,0.75
55088,left_hand,0.9932889342308044,0.006711122579872608,ExponentialSmoothing,0.9726006389892425,0.02739938088159964,0.85,0.75
55138,left_hand,0.9860984086990356,0.013901588506996632,ExponentialSmoothing,0.9746253044457115,0.02537471202540919,0.85,0.75
55163,left_hand,0.9884960651397705,0.011503875255584717,ExponentialSmoothing,0.9767059185498204,0.02329408650993552,0.85,0.75
55213,left_hand,0.9848824143409729,0.015117545612156391,ExponentialSmoothing,0.9779323929184932,0.022067605375268654,0.85,0.75
55263,left_hand,0.9674177765846252,0.03258223086595535,ExponentialSmoothing,0.9763552004684131,0.02364479919887166,0.85,0.75
55288,left_hand,0.9535050988197327,0.04649484157562256,ExponentialSmoothing,0.9729276852211111,0.027072305555384295,0.85,0.75
55313,left_hand,0.9414596557617188,0.05854032561182976,ExponentialSmoothing,0.9682074808022022,0.031792508563851116,0.85,0.75
55363,left_hand,0.9693852066993713,0.030614808201789856,ExponentialSmoothing,0.9683841396867775,0.03161585350954193,0.85,0.75
55388,left_hand,0.9733725190162659,0.026627467945218086,ExponentialSmoothing,0.9691323965862008,0.030867595674893354,0.85,0.75
55413,left_hand,0.9964814186096191,0.0035185315646231174,ExponentialSmoothing,0.9732347498897136,0.02676523605835282,0.85,0.75
55438,left_hand,0.9980306029319763,0.0019693474750965834,ExponentialSmoothing,0.976954127846053,0.023045852770864385,0.85,0.75
55488,left_hand,0.99836665391922,0.001633350271731615,ExponentialSmoothing,0.9801660067570279,0.01983397739599447,0.85,0.75
55513,left_hand,0.9988634586334229,0.0011365521932020783,ExponentialSmoothing,0.982970624538487,0.01702936361557561,0.85,0.75
55538,left_hand,0.9989226460456848,0.0010772757232189178,ExponentialSmoothing,0.9853634277645668,0.014636550431722106,0.85,0.75
55590,left_hand,0.9991806149482727,0.0008193982648663223,ExponentialSmoothing,0.9874360058421228,0.012563977606693737,0.85,0.75
55615,left_hand,0.9991685152053833,0.0008315599407069385,ExponentialSmoothing,0.9891958822466118,0.010804114956795717,0.85,0.75
55653,left_hand,0.9989956021308899,0.0010043910006061196,ExponentialSmoothing,0.9906658402292535,0.009334156363367279,0.85,0.75
55678,left_hand,0.9988542795181274,0.0011456900974735618,ExponentialSmoothing,0.9918941061225846,0.008105886423483222,0.85,0.75
55710,left_hand,0.9989421963691711,0.0010577826760709286,ExponentialSmoothing,0.9929513196595725,0.007048670861371378,0.85,0.75
55773,left_hand,0.9983768463134766,0.0016230796463787556,ExponentialSmoothing,0.9937651486576582,0.006234832179122484,0.85,0.75
55798,left_hand,0.9971399307250977,0.002860112814232707,ExponentialSmoothing,0.9942713659677741,0.005728624274389018,0.85,0.75
55873,left_hand,0.9854848980903625,0.014515068382024765,ExponentialSmoothing,0.9929533957861623,0.007046590890534381,0.85,0.75
55898,left_hand,0.8957424163818359,0.10425759851932526,ExponentialSmoothing,0.9783717488755133,0.021628242034853015,0.85,0.75
55923,left_hand,0.5021793842315674,0.497820645570755,ExponentialSmoothing,0.9069428941789214,0.09305710256523833,0.85,0.75
55973,left_hand,0.029957005754113197,0.9700430035591125,ExponentialSmoothing,0.7753950109152001,0.22460498771431947,0.85,0.75
55998,rest,0.005431096535176039,0.994568943977356,ExponentialSmoothing,0.6599004237581966,0.3400995811537749,0.85,0.75
56058,rest,0.0033980864100158215,0.996601939201355,ExponentialSmoothing,0.5614250731559695,0.4385749348609119,0.85,0.75
56111,rest,0.004184323828667402,0.9958156943321228,ExponentialSmoothing,0.4778389607568741,0.5221610487815935,0.85,0.75
56161,rest,0.004338581580668688,0.9956614375114441,ExponentialSmoothing,0.4068139038804433,0.5931861070910711,0.85,0.75
56211,rest,0.004431877285242081,0.9955680966377258,ExponentialSmoothing,0.3464565998911631,0.6535434055230693,0.85,0.75
56236,rest,0.010619488544762135,0.9893804788589478,ExponentialSmoothing,0.296081033189203,0.7039189665234511,0.85,0.75
56261,rest,0.017264826223254204,0.9827352166175842,ExponentialSmoothing,0.2542586021443106,0.745741404037571,0.85,0.75
56311,right_hand,0.005555540788918734,0.9944444298744202,ExponentialSmoothing,0.21695314294100182,0.7830468579130985,0.85,0.75
56388,right_hand,0.1042662188410759,0.8957338333129883,ExponentialSmoothing,0.20005010432601292,0.7999499042230819,0.85,0.75
56446,right_hand,7.684169395361096e-05,0.9999231100082397,ExponentialSmoothing,0.170054114931204,0.8299458850908555,0.85,0.75
56496,right_hand,1.4996919721690927e-12,1.0,ExponentialSmoothing,0.14454599769174836,0.8554540023272272,0.85,0.75
56521,right_hand,1.3047356164225254e-12,1.0,ExponentialSmoothing,0.12286409803818181,0.8771359019781432,0.85,0.75
56574,right_hand,1.8324072727921026e-12,1.0,ExponentialSmoothing,0.1044344833327294,0.8955655166814217,0.85,0.75
56599,right_hand,3.1457460334533005e-12,1.0,ExponentialSmoothing,0.08876931083329184,0.9112306891792085,0.85,0.75
56624,right_hand,3.212002278735193e-12,1.0,ExponentialSmoothing,0.07545391420877987,0.9245460858023272,0.85,0.75
56674,right_hand,2.8190110835935034e-12,1.0,ExponentialSmoothing,0.06413582707788575,0.9358641729319781,0.85,0.75
56699,right_hand,2.6575666580569424e-12,1.0,ExponentialSmoothing,0.05451545301660152,0.9454845469921814,0.85,0.75
56724,right_hand,2.323246846638871e-12,1.0,ExponentialSmoothing,0.04633813506445977,0.9536618649433543,0.85,0.75
56802,right_hand,2.0064039405603973e-12,1.0,ExponentialSmoothing,0.03938741480509177,0.9606125852018511,0.85,0.75
56827,right_hand,2.6109409773100722e-12,1.0,ExponentialSmoothing,0.033479302584719636,0.9665206974215734,0.85,0.75
56877,right_hand,2.8919891655043717e-12,1.0,ExponentialSmoothing,0.028457407197445488,0.9715425928083374,0.85,0.75
56902,right_hand,3.499387411787236e-12,1.0,ExponentialSmoothing,0.024188796118353572,0.9758112038870869,0.85,0.75
56952,right_hand,2.319067464104374e-12,1.0,ExponentialSmoothing,0.020560476700948398,0.9794395233040238,0.85,0.75
57002,right_hand,2.5850942480393213e-12,1.0,ExponentialSmoothing,0.017476405196193902,0.9825235948084202,0.85,0.75
57027,right_hand,1.8752892034373803e-12,1.0,ExponentialSmoothing,0.01485494441704611,0.9851450555871571,0.85,0.75
57052,right_hand,1.9546094343764198e-12,1.0,ExponentialSmoothing,0.012626702754782384,0.9873732972490836,0.85,0.75
57077,right_hand,1.3761631808065222e-12,1.0,ExponentialSmoothing,0.01073269734177145,0.9892673026617211,0.85,0.75
57140,right_hand,2.20740634972183e-12,1.0,ExponentialSmoothing,0.009122792740836843,0.990877207262463,0.85,0.75
57165,right_hand,1.7921185369029757e-12,1.0,ExponentialSmoothing,0.007754373829980134,0.9922456261730935,0.85,0.75
57190,right_hand,2.8874916780524673e-12,1.0,ExponentialSmoothing,0.006591217755916238,0.9934087822471295,0.85,0.75
57244,right_hand,1.3929754051622556e-11,1.0,ExponentialSmoothing,0.005602535094618266,0.9943974649100601,0.85,0.75
57294,right_hand,3.5792466213102614e-11,1.0,ExponentialSmoothing,0.004762154835794397,0.9952378451735511,0.85,0.75
57319,right_hand,3.881028484697957e-11,1.0,ExponentialSmoothing,0.00404783161624678,0.9959521683975184,0.85,0.75
57344,right_hand,2.8580252747767432e-11,1.0,ExponentialSmoothing,0.003440656878096801,0.9965593431378906,0.85,0.75
57369,right_hand,1.987020270544093e-11,1.0,ExponentialSmoothing,0.002924558349362811,0.9970754416672071,0.85,0.75
57434,right_hand,2.9784232805779576e-12,1.0,ExponentialSmoothing,0.0024858745974051526,0.997514125417126,0.85,0.75
57459,right_hand,3.830353460625158e-14,1.0,ExponentialSmoothing,0.002112993407800125,0.9978870066045571,0.85,0.75
57512,right_hand,3.437430201591596e-11,1.0,ExponentialSmoothing,0.0017960444017862513,0.9982039556138735,0.85,0.75
57537,right_hand,7.706978067290038e-05,0.9999228715896606,ExponentialSmoothing,0.0015381982086192486,0.9984617930102416,0.85,0.75
57587,right_hand,0.8582938313484192,0.141706183552742,ExponentialSmoothing,0.13005154317958925,0.8699484515916166,0.85,0.75
57637,right_hand,0.3703908622264862,0.6296091079711914,ExponentialSmoothing,0.1661024410366238,0.8338975500485528,0.85,0.75
57688,right_hand,0.41147464513778687,0.5885253548622131,ExponentialSmoothing,0.20290827165179826,0.7970917207706019,0.85,0.75
57713,right_hand,0.38766106963157654,0.6123389601707458,ExponentialSmoothing,0.23062119134876502,0.7693788066806235,0.85,0.75
57767,right_hand,0.2910531163215637,0.708946943283081,ExponentialSmoothing,0.23968598009468484,0.7603140271709922,0.85,0.75
57792,rest,0.41928884387016296,0.5807111263275146,ExponentialSmoothing,0.26662640966100654,0.7333735920444705,0.85,0.75
57852,rest,0.3332275450229645,0.6667724251747131,ExponentialSmoothing,0.2766165799653002,0.7233834170140069,0.85,0.75
57902,rest,0.397254079580307,0.6027459502220154,ExponentialSmoothing,0.29471220490755123,0.7052877969952082,0.85,0.75
57952,rest,0.6177200675010681,0.3822799623012543,ExponentialSmoothing,0.3431633842965788,0.6568366217911151,0.85,0.75
57977,rest,0.6067613363265991,0.39323869347572327,ExponentialSmoothing,0.38270307710108187,0.6172969325438062,0.85,0.75
58002,rest,0.9233895540237427,0.07661043107509613,ExponentialSmoothing,0.463806048639481,0.5361939573234997,0.85,0.75
58072,rest,0.9644718766212463,0.035528067499399185,ExponentialSmoothing,0.5389059228367459,0.46109407384988466,0.85,0.75
58097,rest,0.9889504313468933,0.011049512773752213,ExponentialSmoothing,0.6064125991132681,0.3935873896884648,0.85,0.75
58147,rest,0.9947165846824646,0.005283408332616091,ExponentialSmoothing,0.6646581969486475,0.3353417924850875,0.85,0.75
58172,rest,0.9966993927955627,0.0033005313016474247,ExponentialSmoothing,0.7144643763256848,0.28553560330757144,0.85,0.75
58232,left_hand,0.9965746402740479,0.0034253920894116163,ExponentialSmoothing,0.7567809159179393,0.24321907162484746,0.85,0.75
58257,left_hand,0.9963135123252869,0.003686479525640607,ExponentialSmoothing,0.7927108053790415,0.20728918280996644,0.85,0.75
58282,left_hand,0.9944856762886047,0.005514354910701513,ExponentialSmoothing,0.822977036015476,0.1770229586250767,0.85,0.75
58307,left_hand,0.9941629767417908,0.005836968310177326,ExponentialSmoothing,0.8486549271244233,0.1513450600778418,0.85,0.75
58365,left_hand,0.9803204536437988,0.019679559394717216,ExponentialSmoothing,0.8684047561023296,0.13159523497537312,0.85,0.75
58415,left_hand,0.9497727751731873,0.05022722855210304,ExponentialSmoothing,0.8806099589629581,0.11939003401188261,0.85,0.75
58465,left_hand,0.6838618516921997,0.3161380887031555,ExponentialSmoothing,0.8510977428723443,0.14890224221557355,0.85,0.75
58490,left_hand,0.6840860843658447,0.3159139156341553,ExponentialSmoothing,0.8260459940963694,0.1739539932283608,0.85,0.75
58515,left_hand,0.7208110094070435,0.2791890501976013,ExponentialSmoothing,0.8102607463929705,0.18973925177374687,0.85,0.75
58565,left_hand,0.9553979635238647,0.04460204765200615,ExponentialSmoothing,0.8320313289626047,0.16796867115548575,0.85,0.75
58590,left_hand,0.9556357860565186,0.04436420649290085,ExponentialSmoothing,0.8505719975266917,0.149428001456098,0.85,0.75
58623,left_hand,0.931691586971283,0.06830842792987823,ExponentialSmoothing,0.8627399359433804,0.13726006542716504,0.85,0.75
58648,left_hand,0.9189768433570862,0.0810231938958168,ExponentialSmoothing,0.8711754720554363,0.1288245346974628,0.85,0.75
58699,left_hand,0.976385235786438,0.02361479215323925,ExponentialSmoothing,0.8869569366150866,0.11304307331582926,0.85,0.75
58749,left_hand,0.9847358465194702,0.015264233574271202,ExponentialSmoothing,0.9016237731007442,0.09837624735459555,0.85,0.75
58799,left_hand,0.9900444746017456,0.009955557063221931,ExponentialSmoothing,0.9148868783258943,0.08511314381088951,0.85,0.75
58824,left_hand,0.9918642044067383,0.008135798387229443,ExponentialSmoothing,0.9264334772380209,0.0735665419973405,0.85,0.75
58849,left_hand,0.9939566850662231,0.0060432786121964455,ExponentialSmoothing,0.9365619584122513,0.0634380524895689,0.85,0.75
58899,left_hand,0.9977013468742371,0.002298716688528657,ExponentialSmoothing,0.9457328666815492,0.054267152119412854,0.85,0.75
58924,left_hand,0.998027503490448,0.0019725291058421135,ExponentialSmoothing,0.9535770622028841,0.04642295866737724,0.85,0.75
58974,left_hand,0.9981696605682373,0.0018302813405171037,ExponentialSmoothing,0.960265951957687,0.03973405706834822,0.85,0.75
59002,left_hand,0.9987691044807434,0.001230916241183877,ExponentialSmoothing,0.9660414248361455,0.03395858594427357,0.85,0.75
59054,left_hand,0.9979214072227478,0.0020786281675100327,ExponentialSmoothing,0.9708234221941359,0.029176592277759036,0.85,0.75
59104,left_hand,0.9956197142601013,0.004380229394882917,ExponentialSmoothing,0.9745428660040307,0.025457137845327618,0.85,0.75
59129,left_hand,0.9955108165740967,0.00448926305398345,ExponentialSmoothing,0.9776880585895406,0.02231195662662599,0.85,0.75
59179,left_hand,0.9952952265739441,0.004704783204942942,ExponentialSmoothing,0.9803291337872011,0.019670880613373534,0.85,0.75
59204,left_hand,0.9927098751068115,0.007290098816156387,ExponentialSmoothing,0.9821862449851426,0.017813763343790964,0.85,0.75
59254,left_hand,0.9839762449264526,0.01602380909025669,ExponentialSmoothing,0.9824547449763391,0.017545270205760823,0.85,0.75
59279,left_hand,0.9813343286514282,0.018665596842765808,ExponentialSmoothing,0.9822866825276024,0.01771331920131157,0.85,0.75
59304,left_hand,0.9728119373321533,0.02718808874487877,ExponentialSmoothing,0.9808654707482851,0.01913453463284665,0.85,0.75
59354,left_hand,0.9576537013053894,0.04234623908996582,ExponentialSmoothing,0.9773837053318508,0.022616290301414523,0.85,0.75
59379,left_hand,0.9361489415168762,0.06385104358196259,ExponentialSmoothing,0.9711984907596045,0.028801503293496733,0.85,0.75
59429,left_hand,0.8421238660812378,0.157876119017601,ExponentialSmoothing,0.9518372970578495,0.04816269565211238,0.85,0.75
59454,left_hand,0.9439536333084106,0.05604633316397667,ExponentialSmoothing,0.9506547474954337,0.04934524127889203,0.85,0.75
59479,left_hand,0.9635316729545593,0.03646828979253769,ExponentialSmoothing,0.9525862863143024,0.04741369855593888,0.85,0.75
59536,left_hand,0.9328058958053589,0.06719408929347992,ExponentialSmoothing,0.9496192277379609,0.05038075716657004,0.85,0.75
59561,left_hand,0.6651806831359863,0.33481937646865845,ExponentialSmoothing,0.9069534460476647,0.09304655006188331,0.85,0.75
59611,left_hand,0.8393226861953735,0.16067732870578766,ExponentialSmoothing,0.8968088320698211,0.10319116685846896,0.85,0.75
59636,left_hand,0.9560052752494812,0.04399476200342178,ExponentialSmoothing,0.9056882985467701,0.09431170613021189,0.85,0.75
59691,left_hand,0.9456597566604614,0.05434025824069977,ExponentialSmoothing,0.9116840172638239,0.08831598894678508,0.85,0.75
59716,left_hand,0.9467282891273499,0.05327172949910164,ExponentialSmoothing,0.9169406580433528,0.08305935002963255,0.85,0.75
59741,left_hand,0.9570779204368591,0.04292212426662445,ExponentialSmoothing,0.9229612474023787,0.07703876616518134,0.85,0.75
59791,left_hand,0.8784917593002319,0.12150827795267105,ExponentialSmoothing,0.9162908241870568,0.0837091929333048,0.85,0.75
59841,left_hand,0.6020135283470154,0.39798644185066223,ExponentialSmoothing,0.8691492298110506,0.1308507802709084,0.85,0.75
59866,left_hand,0.38546517491340637,0.6145347952842712,ExponentialSmoothing,0.796596621576404,0.20340338252291285,0.85,0.75
59916,rest,0.13406509160995483,0.8659349679946899,ExponentialSmoothing,0.6972168920814366,0.3027831203436794,0.85,0.75
59941,rest,0.06593888252973557,0.9340611696243286,ExponentialSmoothing,0.6025251906486814,0.3974748277357768,0.85,0.75
59966,rest,0.09464322030544281,0.9053568243980408,ExponentialSmoothing,0.5263428950971956,0.47365712723511644,0.85,0.75
60016,rest,0.01347863208502531,0.9865213632583618,ExponentialSmoothing,0.44941325564537,0.5505867626386033,0.85,0.75
60041,rest,0.02046220749616623,0.9795377850532532,ExponentialSmoothing,0.3850705984229894,0.6149294160008008,0.85,0.75
60091,rest,0.020052649080753326,0.9799473285675049,ExponentialSmoothing,0.33031790602165395,0.6696821028858064,0.85,0.75
60116,rest,0.03624260053038597,0.9637573957443237,ExponentialSmoothing,0.28620661019796373,0.713793396814584,0.85,0.75
60166,right_hand,0.028614254668354988,0.9713857769966125,ExponentialSmoothing,0.24756775686852242,0.7524322538418884,0.85,0.75
60191,right_hand,0.017045261338353157,0.9829546809196472,ExponentialSmoothing,0.21298938253899702,0.7870106179035523,0.85,0.75
60252,right_hand,0.02622760459780693,0.973772406578064,ExponentialSmoothing,0.1849751158478185,0.815024886204729,0.85,0.75
60302,right_hand,0.058456141501665115,0.9415438771247864,ExponentialSmoothing,0.16599726969589548,0.8340027348427376,0.85,0.75
60327,right_hand,0.05524491146206856,0.9447550773620605,ExponentialSmoothing,0.14938441596082144,0.850615586220636,0.85,0.75
60377,right_hand,0.016673019155859947,0.9833269715309143,ExponentialSmoothing,0.1294777064400772,0.8705222940171777,0.85,0.75
60402,right_hand,0.005164383444935083,0.994835615158081,ExponentialSmoothing,0.11083070799080587,0.8891692921883133,0.85,0.75
60427,right_hand,0.007019402924925089,0.9929805994033813,ExponentialSmoothing,0.09525901223092374,0.9047409882705735,0.85,0.75
60477,right_hand,0.0048057627864181995,0.9951942563056946,ExponentialSmoothing,0.08169102481424792,0.9183089784758416,0.85,0.75
60502,right_hand,0.004651006776839495,0.9953489899635315,ExponentialSmoothing,0.07013502210863666,0.9298649801989951,0.85,0.75
60552,right_hand,0.003969603218138218,0.9960303902626038,ExponentialSmoothing,0.06021020927506189,0.9397897917085364,0.85,0.75
60602,right_hand,0.0030644843354821205,0.9969354867935181,ExponentialSmoothing,0.051638350534124924,0.9483616459712837,0.85,0.75
60652,right_hand,0.00536277424544096,0.9946371912956238,ExponentialSmoothing,0.04469701409082233,0.9553029777699347,0.85,0.75
60708,right_hand,0.002924577333033085,0.9970754384994507,ExponentialSmoothing,0.03843114857715394,0.9615688468793621,0.85,0.75
60733,right_hand,0.00153474195394665,0.9984652996063232,ExponentialSmoothing,0.03289668758367285,0.9671033147884063,0.85,0.75
60758,right_hand,0.0007846376392990351,0.9992153644561768,ExponentialSmoothing,0.028079880092016774,0.9719201222385718,0.85,0.75
60808,right_hand,0.0006660545477643609,0.999333918094635,ExponentialSmoothing,0.02396780626037891,0.9760321916169813,0.85,0.75
60833,right_hand,0.0011894815834239125,0.9988105297088623,ExponentialSmoothing,0.02055105755883566,0.9794489423307634,0.85,0.75
60891,right_hand,0.0015583453932777047,0.9984416365623474,ExponentialSmoothing,0.017702150734001967,0.982297846465501,0.85,0.75
60941,right_hand,0.0016404868802055717,0.9983595013618469,ExponentialSmoothing,0.015292901155932508,0.984707094699953,0.85,0.75
61001,right_hand,0.002845886629074812,0.9971541166305542,ExponentialSmoothing,0.013425848976903854,0.9865741479895431,0.85,0.75
61026,right_hand,0.0020543045829981565,0.9979457259178162,ExponentialSmoothing,0.011720117317817998,0.9882798846787841,0.85,0.75
61076,right_hand,0.0058882650919258595,0.9941117167472839,ExponentialSmoothing,0.010845339483934176,0.9891546594890591,0.85,0.75
61126,right_hand,0.009157158434391022,0.9908428192138672,ExponentialSmoothing,0.010592112326502702,0.9894078834477804,0.85,0.75
61151,right_hand,0.007481137756258249,0.9925189018249512,ExponentialSmoothing,0.010125466140966034,0.989874536204356,0.85,0.75
61176,right_hand,0.010477066040039062,0.9895228743553162,ExponentialSmoothing,0.010178206125826988,0.9898217869270001,0.85,0.75
61226,right_hand,0.02227807231247425,0.9777219295501709,ExponentialSmoothing,0.011993186053824078,0.9880068083204757,0.85,0.75
61251,right_hand,0.033295270055532455,0.9667046666145325,ExponentialSmoothing,0.015188498654080337,0.9848114870645843,0.85,0.75
61301,right_hand,0.06356681138277054,0.9364331960678101,ExponentialSmoothing,0.02244524556338387,0.9775547434150682,0.85,0.75
61379,right_hand,0.22583389282226562,0.7741661071777344,ExponentialSmoothing,0.052953542652216135,0.9470464479794681,0.85,0.75
61404,right_hand,0.5069743394851685,0.49302566051483154,ExponentialSmoothing,0.12105666217715899,0.8789433298597726,0.85,0.75
61454,rest,0.9809519648551941,0.019047999754548073,ExponentialSmoothing,0.25004095757886424,0.7499590303439889,0.85,0.75
61504,rest,0.9897180795669556,0.010281908325850964,ExponentialSmoothing,0.360992525877078,0.6390074620412682,0.85,0.75
61529,rest,0.994118332862854,0.005881698802113533,ExponentialSmoothing,0.45596139692494436,0.544038597555395,0.85,0.75
61579,rest,0.9975056052207947,0.0024944227188825607,ExponentialSmoothing,0.5371930281693219,0.46280697132991805,0.85,0.75
61604,rest,0.997952938079834,0.002047093352302909,ExponentialSmoothing,0.6063070146558988,0.39369298963327576,0.85,0.75
61629,rest,0.9976490139961243,0.0023510162718594074,ExponentialSmoothing,0.6650083145569325,0.3349916936290633,0.85,0.75
61702,rest,0.9975912570953369,0.0024087363854050636,ExponentialSmoothing,0.7148957559376932,0.2851042500425145,0.85,0.75
61752,left_hand,0.9971874356269836,0.002812515012919903,ExponentialSmoothing,0.7572395078910867,0.2427604897880753,0.85,0.75
61777,left_hand,0.9967902302742004,0.0032097171060740948,ExponentialSmoothing,0.7931721162485538,0.20682787388577512,0.85,0.75
61827,left_hand,0.9959729313850403,0.004027076996862888,ExponentialSmoothing,0.8235922385190266,0.17640775435243827,0.85,0.75
61852,left_hand,0.9964264035224915,0.0035736048594117165,ExponentialSmoothing,0.8495173632695464,0.15048263192848427,0.85,0.75
61902,left_hand,0.9965158700942993,0.003484137821942568,ExponentialSmoothing,0.8715671392932594,0.12843285781250302,0.85,0.75
61927,left_hand,0.9942530989646912,0.005746891722083092,ExponentialSmoothing,0.8899700332439742,0.11002996289894003,0.85,0.75
61952,left_hand,0.9932143688201904,0.0067856693640351295,ExponentialSmoothing,0.9054566835804067,0.09454331886870429,0.85,0.75
61977,left_hand,0.9960676431655884,0.00393228093162179,ExponentialSmoothing,0.9190483275181839,0.08095166317814191,0.85,0.75
62027,left_hand,0.995935320854187,0.0040646749548614025,ExponentialSmoothing,0.9305813765185844,0.06941861494464983,0.85,0.75
62077,left_hand,0.9958428740501404,0.004157171584665775,ExponentialSmoothing,0.9403706011483178,0.05962939844065222,0.85,0.75
62127,left_hand,0.9952468276023865,0.0047531286254525185,ExponentialSmoothing,0.9486020351164282,0.05139795796837227,0.85,0.75
62152,left_hand,0.9958695769309998,0.00413035973906517,ExponentialSmoothing,0.955692166388614,0.044307818233976205,0.85,0.75
62202,left_hand,0.9753921031951904,0.024607902392745018,ExponentialSmoothing,0.9586471569096005,0.041352830857791525,0.85,0.75
62227,left_hand,0.8628535866737366,0.13714639842510223,ExponentialSmoothing,0.9442781213742208,0.055721865992888135,0.85,0.75
62277,left_hand,0.24551095068454742,0.7544890642166138,ExponentialSmoothing,0.8394630457707698,0.160536945726447,0.85,0.75
62302,rest,0.09003742039203644,0.90996253490448,ExponentialSmoothing,0.7270492019639598,0.272950784103152,0.85,0.75
62327,rest,0.13074611127376556,0.869253933429718,ExponentialSmoothing,0.6376037383604307,0.3623962565021369,0.85,0.75
62396,rest,0.06806028634309769,0.9319396615028381,ExponentialSmoothing,0.5521722205578308,0.4478277672522421,0.85,0.75
62421,rest,0.05618961900472641,0.9438103437423706,ExponentialSmoothing,0.4777748303248651,0.5222251537257614,0.85,0.75
62471,rest,0.021321874111890793,0.9786781072616577,ExponentialSmoothing,0.40930688689291894,0.5906930967561459,0.85,0.75
62496,rest,0.017165130004286766,0.9828349351882935,ExponentialSmoothing,0.3504856233596241,0.649514372520968,0.85,0.75
62546,rest,0.028935080394148827,0.9710648655891418,ExponentialSmoothing,0.30225304191480273,0.6977469464811941,0.85,0.75
62596,rest,0.013091832399368286,0.9869081974029541,ExponentialSmoothing,0.25887886048748754,0.7411211341194581,0.85,0.75
62621,right_hand,0.010674716904759407,0.9893252849578857,ExponentialSmoothing,0.22164823895007832,0.7783517567452223,0.85,0.75
62646,right_hand,0.009567493572831154,0.9904325604438782,ExponentialSmoothing,0.18983612714349124,0.8101638773000207,0.85,0.75
62731,right_hand,0.01838178187608719,0.9816182255744934,ExponentialSmoothing,0.16411797535338063,0.8358820295411916,0.85,0.75
62781,right_hand,0.017291486263275146,0.9827085137367249,ExponentialSmoothing,0.14209400198986483,0.8579060021705216,0.85,0.75
62806,right_hand,0.015015763230621815,0.9849842190742493,ExponentialSmoothing,0.12303226617597837,0.8769677347060807,0.85,0.75
62831,right_hand,0.009161355905234814,0.9908385872840881,ExponentialSmoothing,0.10595162963536685,0.8940483625927818,0.85,0.75
62881,right_hand,0.003101139795035124,0.996898889541626,ExponentialSmoothing,0.09052405615931709,0.9094759416351084,0.85,0.75
62906,right_hand,0.0025866487994790077,0.9974133372306824,ExponentialSmoothing,0.07733344505534138,0.9226665509744445,0.85,0.75
62956,right_hand,0.0022532984148710966,0.9977466464042664,ExponentialSmoothing,0.06607142305927084,0.9339285652889178,0.85,0.75
63030,right_hand,0.0020362611394375563,0.9979637861251831,ExponentialSmoothing,0.05646614877129585,0.9435338484143576,0.85,0.75
63055,right_hand,0.0033643061760812998,0.9966357350349426,ExponentialSmoothing,0.048500872382013664,0.9514991314074455,0.85,0.75
63105,right_hand,0.002961638616397977,0.9970383644104004,ExponentialSmoothing,0.04166998731717131,0.9583300163578887,0.85,0.75
63130,right_hand,0.003197579877451062,0.9968024492263794,ExponentialSmoothing,0.03589912620121327,0.9641008812881623,0.85,0.75
63180,right_hand,0.009452750906348228,0.990547239780426,ExponentialSmoothing,0.03193216990698351,0.9680678350620018,0.85,0.75
63205,right_hand,0.028609998524188995,0.9713899493217468,ExponentialSmoothing,0.03143384419956434,0.9685661522009636,0.85,0.75
63230,right_hand,0.05062420293688774,0.9493758082389832,ExponentialSmoothing,0.03431239801016285,0.9656876006066666,0.85,0.75
63282,right_hand,0.26090672612190247,0.7390932440757751,ExponentialSmoothing,0.0683015472269238,0.9316984471270329,0.85,0.75
63307,right_hand,0.4093422293663025,0.5906577706336975,ExponentialSmoothing,0.11945764954783061,0.8805423456530326,0.85,0.75
63336,right_hand,0.193881094455719,0.806118905544281,ExponentialSmoothing,0.13062116628401388,0.8693788296367199,0.85,0.75
63404,rest,1.0,1.9058579927847982e-29,ExponentialSmoothing,0.2610279913414118,0.7389720051912119,0.85,0.75
63429,rest,1.0,6.400734799185325e-34,ExponentialSmoothing,0.37187379264020004,0.6281262044125301,0.85,0.75
63454,rest,1.0,0.0,ExponentialSmoothing,0.46609272374417005,0.5339072737506506,0.85,0.75
63504,rest,1.0,0.0,ExponentialSmoothing,0.5461788151825446,0.453821182688053,0.85,0.75
63529,rest,1.0,0.0,ExponentialSmoothing,0.614251992905163,0.38574800528484504,0.85,0.75
63584,rest,1.0,0.0,ExponentialSmoothing,0.6721141939693885,0.3278858044921183,0.85,0.75
63609,rest,1.0,0.0,ExponentialSmoothing,0.7212970648739803,0.2787029338183005,0.85,0.75
63663,left_hand,1.0,0.0,ExponentialSmoothing,0.7631025051428832,0.23689749374555544,0.85,0.75
63688,left_hand,1.0,0.0,ExponentialSmoothing,0.7986371293714508,0.2013628696837221,0.85,0.75
63713,left_hand,1.0,0.0,ExponentialSmoothing,0.8288415599657332,0.17115843923116378,0.85,0.75
63764,left_hand,1.0,0.0,ExponentialSmoothing,0.8545153259708732,0.1454846733464892,0.85,0.75
63789,left_hand,1.0,0.0,ExponentialSmoothing,0.8763380270752422,0.12366197234451583,0.85,0.75
63839,left_hand,1.0,0.0,ExponentialSmoothing,0.8948873230139559,0.10511267649283845,0.85,0.75
63864,left_hand,1.0,0.0,ExponentialSmoothing,0.9106542245618625,0.08934577501891268,0.85,0.75
63925,left_hand,1.0,0.0,ExponentialSmoothing,0.9240560908775831,0.07594390876607578,0.85,0.75
63950,left_hand,1.0,0.0,ExponentialSmoothing,0.9354476772459457,0.0645523224511644,0.85,0.75
63975,left_hand,1.0,0.0,ExponentialSmoothing,0.9451305256590539,0.054869474083489744,0.85,0.75
64025,left_hand,1.0,0.0,ExponentialSmoothing,0.9533609468101958,0.04663905297096628,0.85,0.75
64075,left_hand,1.0,0.0,ExponentialSmoothing,0.9603568047886665,0.039643195025321334,0.85,0.75
64100,left_hand,1.0,0.0,ExponentialSmoothing,0.9663032840703665,0.03369671577152313,0.85,0.75
64150,left_hand,1.0,0.0,ExponentialSmoothing,0.9713577914598115,0.02864220840579466,0.85,0.75
64175,left_hand,1.0,0.0,ExponentialSmoothing,0.9756541227408397,0.024345877144925462,0.85,0.75
64200,left_hand,1.0,0.0,ExponentialSmoothing,0.9793060043297138,0.020693995573186644,0.85,0.75
64225,left_hand,1.0,0.0,ExponentialSmoothing,0.9824101036802567,0.017589896237208646,0.85,0.75
64260,left_hand,1.0,0.0,ExponentialSmoothing,0.9850485881282182,0.014951411801627349,0.85,0.75
64320,left_hand,1.0,0.0,ExponentialSmoothing,0.9872912999089855,0.012708700031383247,0.85,0.75
64370,left_hand,1.0,0.0,ExponentialSmoothing,0.9891976049226376,0.01080239502667576,0.85,0.75
64395,left_hand,1.0,0.0,ExponentialSmoothing,0.990817964184242,0.009182035772674397,0.85,0.75
64445,left_hand,1.0,0.0,ExponentialSmoothing,0.9921952695566056,0.007804730406773237,0.85,0.75
64500,left_hand,1.0,0.0,ExponentialSmoothing,0.9933659791231148,0.006634020845757251,0.85,0.75
64550,left_hand,1.0,4.050415669640435e-14,ExponentialSmoothing,0.9943610822546476,0.005638917718899739,0.85,0.75
64575,left_hand,0.9999992847442627,7.745315429019684e-07,ExponentialSmoothing,0.99520681262809,0.004793196240796212,0.85,0.75
64600,left_hand,0.9982237219810486,0.001776290126144886,ExponentialSmoothing,0.9956593490310337,0.004340660323598513,0.85,0.75
64625,left_hand,0.7949779629707336,0.20502203702926636,ExponentialSmoothing,0.9655571411219888,0.03444286682944869,0.85,0.75
64675,left_hand,0.07374677807092667,0.9262532591819763,ExponentialSmoothing,0.8317855866643294,0.16821442568232786,0.85,0.75
64725,rest,0.031235268339514732,0.9687646627426147,ExponentialSmoothing,0.7117030389156073,0.28829696124137094,0.85,0.75
64750,rest,0.036146972328424454,0.9638530611991882,ExponentialSmoothing,0.6103696289275298,0.38963037623504354,0.85,0.75
64800,rest,0.03691164776682854,0.96308833360672,ExponentialSmoothing,0.5243509317534246,0.475649069840795,0.85,0.75
64825,rest,0.05008484050631523,0.9499151706695557,ExponentialSmoothing,0.45321101806635816,0.5467889849651091,0.85,0.75
64875,rest,0.09073681384325027,0.9092631340026855,ExponentialSmoothing,0.398839887432892,0.6011601073207455,0.85,0.75
64900,rest,0.11074243485927582,0.8892574906349182,ExponentialSmoothing,0.3556252695468496,0.6443747148178715,0.85,0.75
64925,rest,0.12271425873041153,0.8772857189178467,ExponentialSmoothing,0.32068861792438386,0.6793113654328677,0.85,0.75
64977,rest,0.07630255818367004,0.9236974120140076,ExponentialSmoothing,0.28403070896327676,0.7159692724200387,0.85,0.75
65002,rest,0.11415857821702957,0.8858413696289062,ExponentialSmoothing,0.2585498893513397,0.7414500870013688,0.85,0.75
65052,right_hand,0.13699223101139069,0.8630077838897705,ExponentialSmoothing,0.24031624060034734,0.7596837415346291,0.85,0.75
65077,right_hand,0.10036569833755493,0.8996343612670898,ExponentialSmoothing,0.2193236592609285,0.7806763344944982,0.85,0.75
65127,right_hand,0.060884151607751846,0.9391158223152161,ExponentialSmoothing,0.195557733112952,0.804442257667606,0.85,0.75
65177,right_hand,0.0939800888299942,0.9060198664665222,ExponentialSmoothing,0.18032108647050832,0.8196788989874435,0.85,0.75
65202,right_hand,0.061418402940034866,0.938581645488739,ExponentialSmoothing,0.1624856839409373,0.8375143109626378,0.85,0.75
65227,right_hand,0.03350822255015373,0.9664917588233948,ExponentialSmoothing,0.14313906473231974,0.8568609281417514,0.85,0.75
65252,right_hand,0.02720123715698719,0.972798764705658,ExponentialSmoothing,0.12574839059601986,0.8742516036263374,0.85,0.75
65308,right_hand,0.0214501041918993,0.9785498976707458,ExponentialSmoothing,0.11010364763540177,0.8898963477329986,0.85,0.75
65333,right_hand,0.017005154862999916,0.9829948544502258,ExponentialSmoothing,0.0961388737195415,0.9038611237405827,0.85,0.75
65389,right_hand,0.010242479853332043,0.9897575378417969,ExponentialSmoothing,0.08325441463961007,0.9167455858557648,0.85,0.75
65414,right_hand,0.0076304548420012,0.992369532585144,ExponentialSmoothing,0.07191082066996875,0.9280891778651716,0.85,0.75
65439,right_hand,0.009376640431582928,0.990623414516449,ExponentialSmoothing,0.06253069363421088,0.9374693133628633,0.85,0.75
65489,right_hand,0.013537216000258923,0.9864627718925476,ExponentialSmoothing,0.05518167198911808,0.944818332142316,0.85,0.75
65539,right_hand,0.011289999820291996,0.9887099862098694,ExponentialSmoothing,0.04859792116379417,0.951402080252449,0.85,0.75
65564,right_hand,0.008022263646125793,0.9919776916503906,ExponentialSmoothing,0.04251157253614391,0.9574884219621402,0.85,0.75
65589,right_hand,0.008484946563839912,0.991515040397644,ExponentialSmoothing,0.03740757864029831,0.9625924147274658,0.85,0.75
65614,right_hand,0.005845209117978811,0.9941548705101013,ExponentialSmoothing,0.03267322321195039,0.9673267830948612,0.85,0.75
65696,right_hand,0.0046289530582726,0.9953710436820984,ExponentialSmoothing,0.02846658268889872,0.9715334221829468,0.85,0.75
65721,right_hand,0.00578397698700428,0.9942160248756409,ExponentialSmoothing,0.025064191833614552,0.9749358125868509,0.85,0.75
65753,right_hand,0.003769068280234933,0.9962309002876282,ExponentialSmoothing,0.021869923300607608,0.9781300757419675,0.85,0.75
65803,right_hand,0.001550027052871883,0.9984499216079712,ExponentialSmoothing,0.018821938863447248,0.9811780526218681,0.85,0.75
65828,right_hand,0.0014440984232351184,0.9985559582710266,ExponentialSmoothing,0.01621526279741543,0.983784738469242,0.85,0.75
65878,right_hand,0.0006543121417053044,0.9993457198143005,ExponentialSmoothing,0.013881120199058912,0.9861188856710008,0.85,0.75
65903,right_hand,0.0005080443806946278,0.9994919300079346,ExponentialSmoothing,0.01187515882630427,0.9881248423215409,0.85,0.75
65928,right_hand,0.00041060225339606404,0.9995893836021423,ExponentialSmoothing,0.010155475340368038,0.9898445235136311,0.85,0.75
65978,right_hand,0.0003666216507554054,0.9996333122253418,ExponentialSmoothing,0.008687147286926144,0.9913128418203876,0.85,0.75
66003,right_hand,0.00040853238897398114,0.9995915293693542,ExponentialSmoothing,0.007445355052233319,0.9925546449527325,0.85,0.75
66053,right_hand,0.0003311558102723211,0.9996688365936279,ExponentialSmoothing,0.00637822516593917,0.9936217736988668,0.85,0.75
66078,right_hand,0.00042549884528853,0.9995744824409485,ExponentialSmoothing,0.005485316217841573,0.9945146800101791,0.85,0.75
66130,right_hand,0.000698061368893832,0.9993019104003906,ExponentialSmoothing,0.004767227990499412,0.9952327645687109,0.85,0.75
66180,right_hand,0.000881287909578532,0.9991187453269958,ExponentialSmoothing,0.00418433697836128,0.9958156616824536,0.85,0.75
66205,right_hand,0.000977558083832264,0.9990224838256836,ExponentialSmoothing,0.0037033201441819276,0.9962966850039381,0.85,0.75
66255,right_hand,0.0007598363445140421,0.9992401599884033,ExponentialSmoothing,0.003261797574231745,0.9967382062516079,0.85,0.75
66280,right_hand,0.0019244308350607753,0.9980756044387817,ExponentialSmoothing,0.0030611925633560995,0.9969388159796839,0.85,0.75
66336,right_hand,0.00550773274153471,0.9944922924041748,ExponentialSmoothing,0.003428173590082891,0.9965718374433575,0.85,0.75
66361,right_hand,0.008796370588243008,0.9912036657333374,ExponentialSmoothing,0.004233403139806908,0.9957666116868544,0.85,0.75
66386,right_hand,0.017192639410495758,0.9828073978424072,ExponentialSmoothing,0.006177288580410236,0.9938227296101874,0.85,0.75
66411,right_hand,0.04026095196604729,0.959739089012146,ExponentialSmoothing,0.011289838088255795,0.9887101835204811,0.85,0.75
66463,right_hand,0.20666815340518951,0.7933318018913269,ExponentialSmoothing,0.04059658538579586,0.959403426276108,0.85,0.75
66499,right_hand,0.12471549957990646,0.8752845525741577,ExponentialSmoothing,0.05321442251491245,0.9467855952208155,0.85,0.75
66524,right_hand,0.21919728815555573,0.7808027267456055,ExponentialSmoothing,0.07811185236100895,0.921888164949534,0.85,0.75
66574,right_hand,0.5056854486465454,0.4943144917488098,ExponentialSmoothing,0.14224789180383943,0.8577521139694253,0.85,0.75
66599,right_hand,0.5419512987136841,0.4580487012863159,ExponentialSmoothing,0.20220340284031613,0.7977966020669589,0.85,0.75
66649,rest,0.6377837061882019,0.3622162640094757,ExponentialSmoothing,0.267540448342499,0.7324595513583365,0.85,0.75
66699,rest,0.7986997961997986,0.2013002187013626,ExponentialSmoothing,0.34721435052109395,0.6527856514597904,0.85,0.75
66724,rest,0.7452993392944336,0.254700630903244,ExponentialSmoothing,0.4069270988370949,0.5930728983763084,0.85,0.75
66749,rest,0.7045111060142517,0.2954888939857483,ExponentialSmoothing,0.4515646999136684,0.5484352977177244,0.85,0.75
66812,rest,0.7509191036224365,0.24908089637756348,ExponentialSmoothing,0.4964678604699836,0.5035321375167002,0.85,0.75
66872,rest,0.8878191709518433,0.11218087375164032,ExponentialSmoothing,0.5551705570422626,0.4448294479519412,0.85,0.75
66922,rest,0.9018247723579407,0.0981752946972847,ExponentialSmoothing,0.6071686893396143,0.3928313249637427,0.85,0.75
66947,rest,0.916973888874054,0.08302614092826843,ExponentialSmoothing,0.6536394692697802,0.34636054735842153,0.85,0.75
66998,rest,0.9643130898475647,0.035686854273080826,ExponentialSmoothing,0.7002405123564479,0.2997594933956204,0.85,0.75
67023,rest,0.9823836088180542,0.01761634275317192,ExponentialSmoothing,0.7425619768256889,0.25743802079925315,0.85,0.75
67073,left_hand,0.9894689321517944,0.010531052947044373,ExponentialSmoothing,0.7795980201246047,0.22040197562142183,0.85,0.75
67098,left_hand,0.9888784885406494,0.0111215366050601,ExponentialSmoothing,0.8109900903870113,0.18900990976896756,0.85,0.75
67137,left_hand,0.9876359105110168,0.012364053167402744,ExponentialSmoothing,0.8374869634056121,0.16251303127873284,0.85,0.75
67187,left_hand,0.9841371774673462,0.015862783417105675,ExponentialSmoothing,0.8594844955148723,0.14051549409948877,0.85,0.75
67212,left_hand,0.9741602540016174,0.02583977021276951,ExponentialSmoothing,0.8766858592878841,0.12331413551648088,0.85,0.75
67265,left_hand,0.9824432134628296,0.017556829378008842,ExponentialSmoothing,0.8925494624141259,0.10745053959571006,0.85,0.75
67340,left_hand,0.9792659878730774,0.02073405683040619,ExponentialSmoothing,0.9055569412329687,0.09444306718091447,0.85,0.75
67365,left_hand,0.9741065502166748,0.025893524289131165,ExponentialSmoothing,0.9158393825805247,0.08416063574714697,0.85,0.75
67415,left_hand,0.97026526927948,0.029734721407294273,ExponentialSmoothing,0.9240032655853679,0.07599674859616906,0.85,0.75
67440,left_hand,0.986583411693573,0.01341660600155592,ExponentialSmoothing,0.9333902875015987,0.0666097272069771,0.85,0.75
67465,left_hand,0.9951074123382568,0.0048926533199846745,ExponentialSmoothing,0.9426478562270975,0.05735216612392823,0.85,0.75
67531,left_hand,0.9960483908653259,0.003951582126319408,ExponentialSmoothing,0.9506579364228318,0.04934207852428691,0.85,0.75
67581,left_hand,0.995887815952301,0.00411221943795681,ExponentialSmoothing,0.9574424183522522,0.04255759966133739,0.85,0.75
67606,left_hand,0.9954752326011658,0.004524722695350647,ExponentialSmoothing,0.9631473404895892,0.03685266811643938,0.85,0.75
67633,left_hand,0.9946318864822388,0.005368123762309551,ExponentialSmoothing,0.9678700223884866,0.0321299864633199,0.85,0.75
67711,left_hand,0.9925681352615356,0.007431935053318739,ExponentialSmoothing,0.9715747393194439,0.028425278751819726,0.85,0.75
67736,left_hand,0.9946261048316956,0.00537387328222394,ExponentialSmoothing,0.9750324441462817,0.024967567931380358,0.85,0.75
67786,left_hand,0.9926778078079224,0.007322206627577543,ExponentialSmoothing,0.9776792486955277,0.022320763735809934,0.85,0.75
67811,left_hand,0.9894009232521057,0.010599124245345592,ExponentialSmoothing,0.9794374998790143,0.02056251781224028,0.85,0.75
67836,left_hand,0.9679059982299805,0.03209402412176132,ExponentialSmoothing,0.9777077746316591,0.022292243758668437,0.85,0.75
67891,left_hand,0.9907351732254028,0.009264910593628883,ExponentialSmoothing,0.9796618844207208,0.020338143783912504,0.85,0.75
67916,left_hand,0.9998371601104736,0.0001628447644179687,ExponentialSmoothing,0.9826881757741837,0.017311848930988322,0.85,0.75
67977,left_hand,0.9966861605644226,0.0033138806466013193,ExponentialSmoothing,0.9847878734927196,0.015212153688330272,0.85,0.75
68002,left_hand,0.9923524260520935,0.0076475851237773895,ExponentialSmoothing,0.9859225563766256,0.01407746840364734,0.85,0.75
68052,left_hand,0.9811034202575684,0.018896570429205894,ExponentialSmoothing,0.9851996859587671,0.014800333707481125,0.85,0.75
68077,left_hand,0.9744812846183777,0.025518642738461494,ExponentialSmoothing,0.9835919257577086,0.01640808006212818,0.85,0.75
68102,left_hand,0.9727538228034973,0.02724611759185791,ExponentialSmoothing,0.9819662103145769,0.018033785691587638,0.85,0.75
68152,left_hand,0.9593397974967957,0.040660202503204346,ExponentialSmoothing,0.9785722483919097,0.021427748213330145,0.85,0.75
68177,left_hand,0.9615047574043274,0.0384952686727047,ExponentialSmoothing,0.9760121247437723,0.023987876282236326,0.85,0.75
68236,left_hand,0.9548359513282776,0.04516409710049629,ExponentialSmoothing,0.9728356987314482,0.02716430940497532,0.85,0.75
68261,left_hand,0.9504427909851074,0.04955720901489258,ExponentialSmoothing,0.9694767625694971,0.030523244346462912,0.85,0.75
68286,left_hand,0.9599485993385315,0.040051333606243134,ExponentialSmoothing,0.9680475380848522,0.03195245773542994,0.85,0.75
68339,left_hand,0.9622722268104553,0.03772776201367378,ExponentialSmoothing,0.9671812413936927,0.03281875337716652,0.85,0.75
68364,left_hand,0.9568889141082764,0.04311101511120796,ExponentialSmoothing,0.9656373923008802,0.03436259263727274,0.85,0.75
68425,left_hand,0.9531160593032837,0.04688391461968422,ExponentialSmoothing,0.9637591923512407,0.03624079093463446,0.85,0.75
68450,left_hand,0.9673618674278259,0.032638128846883774,ExponentialSmoothing,0.9642995936127285,0.03570039162147186,0.85,0.75
68475,left_hand,0.9661589860916138,0.033840980380773544,ExponentialSmoothing,0.9645785024845612,0.03542147993536711,0.85,0.75
68500,left_hand,0.9721498489379883,0.027850154787302017,ExponentialSmoothing,0.9657142044525753,0.03428578116315734,0.85,0.75
68561,left_hand,0.974190354347229,0.025809621438384056,ExponentialSmoothing,0.9669856269367734,0.033014357204441354,0.85,0.75
68615,left_hand,0.9703490138053894,0.02965102344751358,ExponentialSmoothing,0.9674901349670657,0.03250985714090219,0.85,0.75
68640,left_hand,0.9702383279800415,0.02976163662970066,ExponentialSmoothing,0.9679023639190121,0.03209762406422196,0.85,0.75
68665,left_hand,0.9684801697731018,0.03151986747980118,ExponentialSmoothing,0.9679890347971255,0.03201096057655884,0.85,0.75
68715,left_hand,0.9264403581619263,0.07355967164039612,ExponentialSmoothing,0.9617567333018456,0.03824326723613443,0.85,0.75
68740,left_hand,0.8928931355476379,0.10710687190294266,ExponentialSmoothing,0.9514271936387145,0.04857280793615566,0.85,0.75
68790,left_hand,0.8953830003738403,0.10461694747209549,ExponentialSmoothing,0.9430205646489833,0.05697942886654664,0.85,0.75
68840,left_hand,0.8972609043121338,0.10273906588554382,ExponentialSmoothing,0.9361566155984559,0.06384337441939622,0.85,0.75
68865,left_hand,0.8847100138664246,0.11528997868299484,ExponentialSmoothing,0.9284396253386512,0.07156036505893601,0.85,0.75
68895,left_hand,0.8508061766624451,0.14919380843639374,ExponentialSmoothing,0.9167946080372202,0.08320538156555468,0.85,0.75
68992,left_hand,0.6198655366897583,0.3801344931125641,ExponentialSmoothing,0.8722552473351008,0.1277447482976061,0.85,0.75
69017,left_hand,0.6134799122810364,0.386520117521286,ExponentialSmoothing,0.8334389470769912,0.1665610536811581,0.85,0.75
69042,left_hand,0.4555074870586395,0.5444925427436829,ExponentialSmoothing,0.7767492280742384,0.2232507770405368,0.85,0.75
69096,rest,0.32635363936424255,0.6736463904380798,ExponentialSmoothing,0.709189889767739,0.2908101190501683,0.85,0.75
69121,rest,0.22771860659122467,0.7722813487052917,ExponentialSmoothing,0.6369691972912618,0.36303080349843686,0.85,0.75
69171,rest,0.18765898048877716,0.812341034412384,ExponentialSmoothing,0.5695726647708891,0.43042733813552897,0.85,0.75
69196,rest,0.6596091985702515,0.34039080142974854,ExponentialSmoothing,0.5830781448407935,0.4169218576296619,0.85,0.75
69221,rest,0.7835413813591003,0.21645867824554443,ExponentialSmoothing,0.6131476303185395,0.3868523807220443,0.85,0.75
69255,rest,0.8174597024917603,0.18254031240940094,ExponentialSmoothing,0.6437944411445227,0.3562055704751478,0.85,0.75
69296,rest,0.8131844401359558,0.1868155598640442,ExponentialSmoothing,0.6692029409932376,0.33079706888348226,0.85,0.75
69351,rest,0.8563664555549622,0.14363355934619904,ExponentialSmoothing,0.6972774681774963,0.30272254245288976,0.85,0.75
69385,rest,0.8058707118034363,0.19412928819656372,ExponentialSmoothing,0.7135664547213872,0.28643355431444084,0.85,0.75
69438,left_hand,0.9602491855621338,0.039750806987285614,ExponentialSmoothing,0.7505688643474993,0.24943114221536755,0.85,0.75
69463,left_hand,0.9738536477088928,0.026146290823817253,ExponentialSmoothing,0.7840615818517083,0.215938414506635,0.85,0.75
69488,left_hand,0.8851668834686279,0.11483309417963028,ExponentialSmoothing,0.7992273770942462,0.2007726164575843,0.85,0.75
69538,left_hand,0.6853142976760864,0.3146857023239136,ExponentialSmoothing,0.7821404151815222,0.21785957933753367,0.85,0.75
69563,left_hand,0.6380132436752319,0.3619867265224457,ExponentialSmoothing,0.7605213394555786,0.23947865141527047,0.85,0.75
69624,left_hand,0.730254590511322,0.26974546909332275,ExponentialSmoothing,0.7559813271139401,0.24401867406697833,0.85,0.75
69649,rest,0.681814968585968,0.31818509101867676,ExponentialSmoothing,0.7448563733347443,0.2551436366097331,0.85,0.75
69674,rest,0.5543403625488281,0.4456595778465271,ExponentialSmoothing,0.716278971716857,0.2837210277952522,0.85,0.75
69737,rest,0.5224629640579224,0.47753703594207764,ExponentialSmoothing,0.6872065705680167,0.312793429017276,0.85,0.75
69762,rest,0.49116942286491394,0.5088306069374084,ExponentialSmoothing,0.6578009984125512,0.3421990057052959,0.85,0.75
69812,rest,0.6462675333023071,0.35373252630233765,ExponentialSmoothing,0.6560709786460146,0.3439290337948521,0.85,0.75
69862,rest,0.5039657950401306,0.4960342049598694,ExponentialSmoothing,0.633255201105132,0.3667448094696047,0.85,0.75
69912,rest,0.5264782905578613,0.47352170944213867,ExponentialSmoothing,0.6172386645230414,0.3827613444654848,0.85,0.75
69937,rest,0.6586683988571167,0.3413315713405609,ExponentialSmoothing,0.6234531246731527,0.37654687849674623,0.85,0.75
69987,rest,0.7441381216049194,0.25586190819740295,ExponentialSmoothing,0.6415558742129177,0.35844413295184474,0.85,0.75
70012,rest,0.7455395460128784,0.25446048378944397,ExponentialSmoothing,0.6571534249829118,0.34284658557748465,0.85,0.75
70054,rest,0.7384886145591736,0.2615113854408264,ExponentialSmoothing,0.6693537034193511,0.33064630555698593,0.85,0.75
70107,rest,0.7363736033439636,0.26362645626068115,ExponentialSmoothing,0.679406688408043,0.3205933281625402,0.85,0.75
70132,rest,0.7447687983512878,0.25523126125335693,ExponentialSmoothing,0.6892110048995297,0.3107890181261627,0.85,0.75
70182,rest,0.8043083548545837,0.19569163024425507,ExponentialSmoothing,0.7064756073927878,0.2935244099438766,0.85,0.75
70207,rest,0.840066134929657,0.1599338948726654,ExponentialSmoothing,0.7265141865233182,0.2734858326831949,0.85,0.75
70232,rest,0.8471735119819641,0.1528264433145523,ExponentialSmoothing,0.7446130853421151,0.2553869242778985,0.85,0.75
70285,left_hand,0.88746577501297,0.11253416538238525,ExponentialSmoothing,0.7660409887927433,0.2339590104435715,0.85,0.75
70310,left_hand,0.8921219706535339,0.10787796974182129,ExponentialSmoothing,0.7849531360718618,0.21504685433830895,0.85,0.75
70366,left_hand,0.870388925075531,0.1296110898256302,ExponentialSmoothing,0.7977685044224121,0.20223148966140714,0.85,0.75
70391,left_hand,0.8415689468383789,0.1584310382604599,ExponentialSmoothing,0.8043385707848071,0.19566142195126507,0.85,0.75
70441,left_hand,0.4903542995452881,0.5096457004547119,ExponentialSmoothing,0.7572409300988792,0.24275906372678208,0.85,0.75
70491,rest,0.17914344370365143,0.8208565711975098,ExponentialSmoothing,0.670526307139595,0.3294736898473912,0.85,0.75
70516,rest,0.06901317089796066,0.930986762046814,ExponentialSmoothing,0.5802993367033499,0.41970065067730467,0.85,0.75
70566,rest,0.017678996548056602,0.98232102394104,ExponentialSmoothing,0.49590628568005585,0.5040937066668649,0.85,0.75
70631,rest,0.023174546658992767,0.976825475692749,ExponentialSmoothing,0.42499652482689637,0.5750034720207475,0.85,0.75
70656,rest,0.010081903077661991,0.9899181723594666,ExponentialSmoothing,0.3627593315645112,0.6372406770715554,0.85,0.75
70690,rest,0.0731319785118103,0.9268680214881897,ExponentialSmoothing,0.31931522860660605,0.6806847787340505,0.85,0.75
70751,rest,0.02374759502708912,0.9762524366378784,ExponentialSmoothing,0.27498008356967846,0.7250199274196247,0.85,0.75
70776,right_hand,0.02650669775903225,0.9734932780265808,ExponentialSmoothing,0.23770907569808153,0.7622909300106682,0.85,0.75
70812,right_hand,0.018287984654307365,0.9817119836807251,ExponentialSmoothing,0.2047959120415154,0.7952040880611768,0.85,0.75
70862,right_hand,0.0045515806414186954,0.9954484105110168,ExponentialSmoothing,0.17475926233150088,0.8252407364286529,0.85,0.75
70887,right_hand,0.0012156860902905464,0.9987843632698059,ExponentialSmoothing,0.14872772589531932,0.8512722804548258,0.85,0.75
70912,right_hand,0.00033100805012509227,0.9996689558029175,ExponentialSmoothing,0.12646821821854018,0.8735317817570396,0.85,0.75
70937,right_hand,0.00016879852046258748,0.9998311996459961,ExponentialSmoothing,0.10752330526382853,0.892476694440383,0.85,0.75
70987,right_hand,4.0416849515167996e-05,0.9999595880508423,ExponentialSmoothing,0.09140087200168151,0.9085991284819519,0.85,0.75
71012,right_hand,3.362810821272433e-05,0.9999663829803467,ExponentialSmoothing,0.07769578541766119,0.9223042166567111,0.85,0.75
71037,right_hand,3.580611155484803e-05,0.9999642372131348,ExponentialSmoothing,0.06604678852174523,0.9339532197401746,0.85,0.75
71062,right_hand,3.841344368993305e-05,0.9999616146087646,ExponentialSmoothing,0.05614553226003693,0.9438544789704632,0.85,0.75
71087,right_hand,4.5601020246976987e-05,0.999954342842102,ExponentialSmoothing,0.04773054257406844,0.9522694585512089,0.85,0.75
71137,right_hand,9.406790923094377e-05,0.9999059438705444,ExponentialSmoothing,0.040585071374342814,0.9594149313491092,0.85,0.75
71162,right_hand,0.00014881604874972254,0.9998511075973511,ExponentialSmoothing,0.034519633075503854,0.9654803577863453,0.85,0.75
71187,right_hand,0.0001332158426521346,0.9998667240142822,ExponentialSmoothing,0.029361670490576097,0.9706383127205358,0.85,0.75
71212,right_hand,0.000160209383466281,0.9998397827148438,ExponentialSmoothing,0.024981451324509622,0.9750185332196819,0.85,0.75
71237,right_hand,0.00021936777920927852,0.9997805953025818,ExponentialSmoothing,0.02126713879271457,0.9787328425321169,0.85,0.75
71262,right_hand,0.000438072340330109,0.9995619654655457,ExponentialSmoothing,0.0181427788248569,0.9818572109721312,0.85,0.75
71287,right_hand,0.0007827112567611039,0.9992172718048096,ExponentialSmoothing,0.01553876868964253,0.9844612200970329,0.85,0.75
71287,right_hand,0.0007827112567611039,0.9992172718048096,ExponentialSmoothing,0.013325360074710317,0.9866746278531995,0.85,0.75
