sample,prediction,p_left_raw,p_right_raw,name,p_left_smooth,p_right_smooth,alpha,threshold
4004,right_hand,6.917947030160576e-05,0.9999308586120605,ExponentialSmoothing,6.917947030160576e-05,0.9999308586120605,0.85,0.75
4029,right_hand,6.258211942622438e-05,0.9999374151229858,ExponentialSmoothing,6.818986767029855e-05,0.9999318420886993,0.85,0.75
4079,right_hand,6.23239393462427e-05,0.9999376535415649,ExponentialSmoothing,6.730997842169017e-05,0.9999327138066292,0.85,0.75
4104,right_hand,7.037114846752957e-05,0.999929666519165,ExponentialSmoothing,6.776915392856608e-05,0.9999322567135096,0.85,0.75
4154,right_hand,9.77084127953276e-05,0.9999022483825684,ExponentialSmoothing,7.226004275858032e-05,0.9999277554638685,0.85,0.75
4179,right_hand,0.00010105879482580349,0.9998989105224609,ExponentialSmoothing,7.65798555686638e-05,0.9999234287226573,0.85,0.75
4229,right_hand,0.0001620249531697482,0.9998379945755005,ExponentialSmoothing,8.939662020882646e-05,0.9999106136005838,0.85,0.75
4254,right_hand,0.00022691048798151314,0.9997730851173401,ExponentialSmoothing,0.00011002370037472946,0.9998899843280973,0.85,0.75
4304,right_hand,0.0005579646676778793,0.9994420409202576,ExponentialSmoothing,0.00017721484547020196,0.9998227928169213,0.85,0.75
4329,right_hand,0.0007311200024560094,0.9992688298225403,ExponentialSmoothing,0.0002603006190180731,0.9997396983677642,0.85,0.75
4379,right_hand,0.0010823511984199286,0.9989176988601685,ExponentialSmoothing,0.00038360820592835143,0.9996163984416249,0.85,0.75
4404,right_hand,0.001028337748721242,0.998971700668335,ExponentialSmoothing,0.000480317637347285,0.9995196937756314,0.85,0.75
4454,right_hand,0.001019659684970975,0.9989803433418274,ExponentialSmoothing,0.0005612189444908385,0.9994387912105609,0.85,0.75
4479,right_hand,0.0007314260001294315,0.9992685914039612,ExponentialSmoothing,0.0005867500028366274,0.999413261239571,0.85,0.75
4504,right_hand,0.0005834372714161873,0.9994165897369385,ExponentialSmoothing,0.0005862530931235614,0.9994137605141762,0.85,0.75
4554,right_hand,0.0005414996412582695,0.9994584918022156,ExponentialSmoothing,0.0005795400753437676,0.9994204702073821,0.85,0.75
4604,right_hand,0.0011969073675572872,0.9988031387329102,ExponentialSmoothing,0.0006721451691757955,0.9993278704862113,0.85,0.75
4654,right_hand,0.001287633553147316,0.998712420463562,ExponentialSmoothing,0.0007644684267715236,0.9992355529828139,0.85,0.75
4704,right_hand,0.0013275209348648787,0.9986724853515625,ExponentialSmoothing,0.0008489263029855269,0.9991510928381262,0.85,0.75
4754,right_hand,0.00095063989283517,0.9990493655204773,ExponentialSmoothing,0.0008641833414629735,0.9991358337404789,0.85,0.75
4779,right_hand,0.0007449768017977476,0.9992550015449524,ExponentialSmoothing,0.0008463023605131896,0.99915370891115,0.85,0.75
4829,right_hand,0.0005452183540910482,0.9994547963142395,ExponentialSmoothing,0.0008011397595498684,0.9991988720216134,0.85,0.75
4854,right_hand,0.00043536402517929673,0.9995645880699158,ExponentialSmoothing,0.0007462733993942827,0.9992537294288587,0.85,0.75
4904,right_hand,0.0006080049788579345,0.999392032623291,ExponentialSmoothing,0.0007255331363138304,0.9992744749080236,0.85,0.75
4929,right_hand,0.0004789291706401855,0.9995211362838745,ExponentialSmoothing,0.0006885425414627838,0.9993114741144012,0.85,0.75
4954,right_hand,0.0006599792977795005,0.9993399977684021,ExponentialSmoothing,0.0006842580549102912,0.9993157526625014,0.85,0.75
5004,right_hand,0.0005768975825048983,0.9994231462478638,ExponentialSmoothing,0.0006681539840494823,0.9993318617003057,0.85,0.75
5054,right_hand,0.0002892253687605262,0.999710738658905,ExponentialSmoothing,0.0006113146917561389,0.9993886932440956,0.85,0.75
5079,right_hand,0.00024593769921921194,0.999754011631012,ExponentialSmoothing,0.0005565081428755999,0.999443491002133,0.85,0.75
5129,right_hand,0.0004021170607302338,0.9995978474617004,ExponentialSmoothing,0.0005333494805537949,0.9994666444710683,0.85,0.75
5154,right_hand,0.0005849891458638012,0.9994150400161743,ExponentialSmoothing,0.0005410954303502959,0.9994589038028342,0.85,0.75
5204,right_hand,0.0007500677020289004,0.9992498755455017,ExponentialSmoothing,0.0005724412711020866,0.9994275495642343,0.85,0.75
5229,right_hand,0.0008765144157223403,0.9991235136985779,ExponentialSmoothing,0.0006180522427951246,0.9993819441843859,0.85,0.75
5279,right_hand,0.0010383332846686244,0.9989616870880127,ExponentialSmoothing,0.0006810943990761495,0.9993189056199299,0.85,0.75
5304,right_hand,0.0012055844999849796,0.998794436454773,ExponentialSmoothing,0.0007597679142124741,0.9992402352451563,0.85,0.75
5354,right_hand,0.0020192472729831934,0.9979807734489441,ExponentialSmoothing,0.0009486898180280821,0.9990513159757244,0.85,0.75
5379,right_hand,0.0022039455361664295,0.9977960586547852,ExponentialSmoothing,0.0011369781757488342,0.9988630273775835,0.85,0.75
5429,right_hand,0.0028618278447538614,0.9971381425857544,ExponentialSmoothing,0.0013957056260995883,0.9986042946588092,0.85,0.75
5454,right_hand,0.003415316343307495,0.9965846538543701,ExponentialSmoothing,0.0016986472336807746,0.9983013485381433,0.85,0.75
5504,right_hand,0.003472721204161644,0.9965272545814514,ExponentialSmoothing,0.001964758329252905,0.9980352344446395,0.85,0.75
5529,right_hand,0.0037511736154556274,0.9962487816810608,ExponentialSmoothing,0.0022327206221833132,0.9977672665301027,0.85,0.75
5579,right_hand,0.004919345024973154,0.9950807094573975,ExponentialSmoothing,0.002635714282601789,0.9973642829691969,0.85,0.75
5604,right_hand,0.00563569413498044,0.9943642616271973,ExponentialSmoothing,0.003085711260458587,0.9969142797678969,0.85,0.75
5654,right_hand,0.004294350743293762,0.9957056641578674,ExponentialSmoothing,0.003267007182883863,0.9967329874263926,0.85,0.75
5679,right_hand,0.004364837426692247,0.9956352114677429,ExponentialSmoothing,0.003431681719455121,0.9965683210325952,0.85,0.75
5729,right_hand,0.007067866623401642,0.9929320812225342,ExponentialSmoothing,0.003977109455047099,0.996022885061086,0.85,0.75
5754,right_hand,0.010556264780461788,0.9894437789916992,ExponentialSmoothing,0.004963982753859303,0.9950360191506781,0.85,0.75
5804,right_hand,0.006576234940439463,0.9934237003326416,ExponentialSmoothing,0.005205820581846327,0.9947941713279727,0.85,0.75
5829,right_hand,0.0054301973432302475,0.994569718837738,ExponentialSmoothing,0.005239477096053915,0.9947605034544375,0.85,0.75
5879,right_hand,0.005255171563476324,0.9947448968887329,ExponentialSmoothing,0.005241831266167276,0.9947581624695817,0.85,0.75
5904,right_hand,0.004201941192150116,0.9957980513572693,ExponentialSmoothing,0.005085847755064702,0.9949141458027349,0.85,0.75
5954,right_hand,0.008049115538597107,0.9919508695602417,ExponentialSmoothing,0.005530337922594563,0.9944696543663609,0.85,0.75
5979,right_hand,0.010809232480823994,0.9891908168792725,ExponentialSmoothing,0.006322172106328978,0.9936778287432977,0.85,0.75
6029,right_hand,0.005655988585203886,0.9943439960479736,ExponentialSmoothing,0.006222244578160214,0.9937777538389991,0.85,0.75
6054,right_hand,0.004062111023813486,0.9959379434585571,ExponentialSmoothing,0.005898224545008205,0.9941017822819328,0.85,0.75
6079,right_hand,0.0032622497528791428,0.9967377781867981,ExponentialSmoothing,0.005502828326188846,0.9944971816676625,0.85,0.75
6129,right_hand,0.0030564169865101576,0.9969435334205627,ExponentialSmoothing,0.005135866625237044,0.9948641344305976,0.85,0.75
6179,right_hand,0.003455500118434429,0.9965445399284363,ExponentialSmoothing,0.004883811649216652,0.9951161952552734,0.85,0.75
6204,right_hand,0.004749697167426348,0.9952503442764282,ExponentialSmoothing,0.004863694476948107,0.9951363176084466,0.85,0.75
6254,right_hand,0.005936705972999334,0.9940633177757263,ExponentialSmoothing,0.00502464620135579,0.9949753676335386,0.85,0.75
6279,right_hand,0.0067726243287324905,0.9932274222373962,ExponentialSmoothing,0.005286842920462295,0.9947131758241172,0.85,0.75
6329,right_hand,0.008531369268894196,0.9914686679840088,ExponentialSmoothing,0.00577352187272708,0.994226499648101,0.85,0.75
6354,right_hand,0.01194101944565773,0.9880589842796326,ExponentialSmoothing,0.006698646508666677,0.9933013723428308,0.85,0.75
6404,right_hand,0.01789659820497036,0.9821034073829651,ExponentialSmoothing,0.00837833926311223,0.9916216775988509,0.85,0.75
6429,right_hand,0.052552398294210434,0.9474475979804993,ExponentialSmoothing,0.015004448117776962,0.9849955656560982,0.85,0.75
6479,right_hand,0.1650633066892624,0.8349366784095764,ExponentialSmoothing,0.03751327690349978,0.96248673256912,0.85,0.75
6504,right_hand,0.3272823393344879,0.6727176904678345,ExponentialSmoothing,0.080978636268148,0.9190213762539271,0.85,0.75
6554,right_hand,0.426096647977829,0.5739033222198486,ExponentialSmoothing,0.13274633802460015,0.8672536681488153,0.85,0.75
6579,right_hand,0.830177366733551,0.16982264816761017,ExponentialSmoothing,0.2373609923309428,0.7626390151516346,0.85,0.75
6629,rest,0.9433428049087524,0.05665721744298935,ExponentialSmoothing,0.3432582642176143,0.6567417454953378,0.85,0.75
6654,rest,0.9699049592018127,0.030095091089606285,ExponentialSmoothing,0.4372552684652441,0.5627447473344781,0.85,0.75
6704,rest,0.9915721416473389,0.008427928201854229,ExponentialSmoothing,0.5204027994425583,0.4795972244645845,0.85,0.75
6729,rest,0.9976044297218323,0.002395652700215578,ExponentialSmoothing,0.5919830439844495,0.4080169886999292,0.85,0.75
6779,rest,0.9985906481742859,0.0014093663776293397,ExponentialSmoothing,0.6529741846129249,0.3470258453515842,0.85,0.75
6804,rest,0.998992383480072,0.0010076588951051235,ExponentialSmoothing,0.7048769144429969,0.2951231173831123,0.85,0.75
6854,rest,0.9991219639778137,0.0008779913769103587,ExponentialSmoothing,0.7490136718732194,0.25098634848218204,0.85,0.75
6879,left_hand,0.9992852807044983,0.0007147261640056968,ExponentialSmoothing,0.7865544131979112,0.2134456051344556,0.85,0.75
6929,left_hand,0.9989262223243713,0.0010737378615885973,ExponentialSmoothing,0.8184101845668802,0.18158982504352555,0.85,0.75
6954,left_hand,0.9991627931594849,0.0008372319862246513,ExponentialSmoothing,0.8455230758557709,0.15447693608493043,0.85,0.75
7004,left_hand,0.9988864064216614,0.0011135813547298312,ExponentialSmoothing,0.8685275754406545,0.13147243287540036,0.85,0.75
7029,left_hand,0.9988816380500793,0.0011183838360011578,ExponentialSmoothing,0.8880806848320681,0.11191932551949048,0.85,0.75
7079,left_hand,0.9974265694618225,0.002573418663814664,ExponentialSmoothing,0.9044825675265313,0.09551743949113911,0.85,0.75
7154,left_hand,0.9760257005691528,0.023974310606718063,ExponentialSmoothing,0.9152140374829245,0.08478597015847596,0.85,0.75
7179,left_hand,0.9384745359420776,0.061525486409664154,ExponentialSmoothing,0.9187031122517975,0.08129689759615419,0.85,0.75
7229,left_hand,0.9674502015113831,0.03254982829093933,ExponentialSmoothing,0.9260151756407353,0.07398483720037195,0.85,0.75
7254,left_hand,0.9800833463668823,0.01991664245724678,ExponentialSmoothing,0.9341254012496574,0.06587460798890317,0.85,0.75
7279,left_hand,0.9836782217025757,0.016321806237101555,ExponentialSmoothing,0.9415583243175951,0.058441687726132924,0.85,0.75
7329,left_hand,0.9860398769378662,0.013960165902972221,ExponentialSmoothing,0.9482305572106358,0.05176945945265882,0.85,0.75
7354,left_hand,0.9835553765296936,0.01644466072320938,ExponentialSmoothing,0.9535292801084945,0.0464707396432414,0.85,0.75
7404,left_hand,0.9642605781555176,0.03573940321803093,ExponentialSmoothing,0.9551389748155479,0.04486103917945983,0.85,0.75
7454,left_hand,0.9228503108024597,0.07714961469173431,ExponentialSmoothing,0.9502956752135847,0.049704325506301,0.85,0.75
7479,left_hand,0.9080817699432373,0.0919182300567627,ExponentialSmoothing,0.9439635894230327,0.056036411188870254,0.85,0.75
7529,left_hand,0.7974708676338196,0.2025291621685028,ExponentialSmoothing,0.9219896811546507,0.07801032383581513,0.85,0.75
7554,left_hand,0.6385406851768494,0.36145931482315063,ExponentialSmoothing,0.8794723317579806,0.12052767248391547,0.85,0.75
7604,left_hand,0.11890251189470291,0.8810974359512329,ExponentialSmoothing,0.7653868587784889,0.2346131370040131,0.85,0.75
7629,rest,0.052601855248212814,0.9473981261253357,ExponentialSmoothing,0.6584691082489474,0.3415308853722115,0.85,0.75
7679,rest,0.16376815736293793,0.8362318277359009,ExponentialSmoothing,0.584263965616046,0.4157360267267649,0.85,0.75
7704,rest,0.24692083895206451,0.7530791759490967,ExponentialSmoothing,0.5336624966164487,0.4663374991101147,0.85,0.75
7754,rest,0.29985862970352173,0.7001413702964783,ExponentialSmoothing,0.4985919165795097,0.5014080797880692,0.85,0.75
7779,rest,0.20304396748542786,0.7969560623168945,ExponentialSmoothing,0.4542597242153974,0.545740277167393,0.85,0.75
7804,rest,0.1254509836435318,0.8745490312576294,ExponentialSmoothing,0.40493841312961754,0.5950615902809284,0.85,0.75
7854,rest,0.30124396085739136,0.6987560391426086,ExponentialSmoothing,0.3893842452887836,0.6106157576101805,0.85,0.75
7904,rest,0.3358238637447357,0.6641761064529419,ExponentialSmoothing,0.3813501880571764,0.6186498099365947,0.85,0.75
7929,rest,0.09704253077507019,0.9029574394226074,ExponentialSmoothing,0.3387040394648605,0.6612959543594966,0.85,0.75
7979,rest,0.16238684952259064,0.8376131653785706,ExponentialSmoothing,0.31225646097352,0.6877435360123577,0.85,0.75
8004,rest,0.5834256410598755,0.4165744185447693,ExponentialSmoothing,0.3529318379864733,0.6470681683922194,0.85,0.75
8054,rest,0.9682556986808777,0.03174431622028351,ExponentialSmoothing,0.44523041709063405,0.5547695905664289,0.85,0.75
8079,rest,0.9858124256134033,0.014187638647854328,ExponentialSmoothing,0.5263177183690495,0.47368229777864274,0.85,0.75
8129,rest,0.9948924779891968,0.005107585806399584,ExponentialSmoothing,0.5966039323120715,0.4033960909828062,0.85,0.75
8154,rest,0.990774929523468,0.009225054644048214,ExponentialSmoothing,0.6557295818937809,0.3442704355319925,0.85,0.75
8179,rest,0.9898545145988464,0.010145475156605244,ExponentialSmoothing,0.7058483217995408,0.2941516914756844,0.85,0.75
8229,rest,0.9797363877296448,0.020263588055968285,ExponentialSmoothing,0.7469315316890563,0.25306847596272697,0.85,0.75
8279,left_hand,0.9806514382362366,0.019348634406924248,ExponentialSmoothing,0.7819895176711333,0.21801049972935654,0.85,0.75
8304,left_hand,0.9683568477630615,0.031643204391002655,ExponentialSmoothing,0.8099446171849226,0.19005540542860347,0.85,0.75
8354,left_hand,0.4635472893714905,0.5364527106285095,ExponentialSmoothing,0.7579850180129077,0.24201500120858938,0.85,0.75
8379,rest,0.06684783846139908,0.9331521987915039,ExponentialSmoothing,0.6543144410801814,0.3456855808460266,0.85,0.75
8429,rest,0.18245235085487366,0.8175476789474487,ExponentialSmoothing,0.5835351275463853,0.41646489556123995,0.85,0.75
8454,rest,0.10519755631685257,0.8948023915290833,ExponentialSmoothing,0.5117844918619553,0.48821551995641643,0.85,0.75
8479,rest,0.2060343623161316,0.7939656376838684,ExponentialSmoothing,0.4659219724300817,0.5340780376155343,0.85,0.75
8529,rest,0.5083693265914917,0.4916307032108307,ExponentialSmoothing,0.4722890755542932,0.5277109374548288,0.85,0.75
8579,rest,0.07140642404556274,0.9285935759544373,ExponentialSmoothing,0.41215667782798365,0.5878433332297701,0.85,0.75
8604,rest,0.027062034234404564,0.9729380011558533,ExponentialSmoothing,0.3543924812889468,0.6456075334186826,0.85,0.75
8654,rest,0.013424282893538475,0.9865757822990417,ExponentialSmoothing,0.30324725152963555,0.6967527707507365,0.85,0.75
8679,rest,0.019009938463568687,0.9809900522232056,ExponentialSmoothing,0.2606116545697255,0.7393883629716069,0.85,0.75
8729,right_hand,0.010293867439031601,0.9897061586380005,ExponentialSmoothing,0.22306398650012144,0.7769360323215659,0.85,0.75
8754,right_hand,0.007986423559486866,0.9920136332511902,ExponentialSmoothing,0.19080235205902626,0.8091976724610096,0.85,0.75
8804,right_hand,0.004737848415970802,0.9952621459960938,ExponentialSmoothing,0.16289267651256795,0.8371073434912721,0.85,0.75
8829,right_hand,0.005972262471914291,0.9940277338027954,ExponentialSmoothing,0.13935461440646987,0.8606454020380006,0.85,0.75
8879,right_hand,0.027003265917301178,0.9729967713356018,ExponentialSmoothing,0.12250191213309457,0.8774981074326408,0.85,0.75
8904,right_hand,0.035430144518613815,0.9645698070526123,ExponentialSmoothing,0.10944114699092246,0.8905588623756365,0.85,0.75
8929,right_hand,0.019930414855480194,0.980069637298584,ExponentialSmoothing,0.09601453717060611,0.9039854786140786,0.85,0.75
8979,right_hand,0.03366506099700928,0.9663349986076355,ExponentialSmoothing,0.08666211574456657,0.9133379066131122,0.85,0.75
9004,right_hand,0.008944166824221611,0.9910558462142944,ExponentialSmoothing,0.07500442340651484,0.9249955975532895,0.85,0.75
9054,right_hand,0.007035400718450546,0.9929646253585815,ExponentialSmoothing,0.06480907000330519,0.9351909517240834,0.85,0.75
9104,right_hand,0.006550190504640341,0.993449866771698,ExponentialSmoothing,0.056070238078505454,0.9439297889812255,0.85,0.75
9129,right_hand,0.005556149873882532,0.9944438338279724,ExponentialSmoothing,0.048493124847812014,0.9515068957082375,0.85,0.75
9179,right_hand,0.004384317900985479,0.9956157207489014,ExponentialSmoothing,0.04187680380578804,0.9581232194643371,0.85,0.75
9204,right_hand,0.008425656706094742,0.9915743470191956,ExponentialSmoothing,0.03685913174083404,0.9631408885975659,0.85,0.75
9254,right_hand,0.022942475974559784,0.9770574569702148,ExponentialSmoothing,0.0347716333758929,0.9652283738534633,0.85,0.75
9279,right_hand,0.05394451320171356,0.94605553150177,ExponentialSmoothing,0.037647565349766,0.9623524475007093,0.85,0.75
9329,right_hand,0.03161436691880226,0.9683856964111328,ExponentialSmoothing,0.036742585585121446,0.9632574348372728,0.85,0.75
9354,right_hand,0.004794955253601074,0.9952050447463989,ExponentialSmoothing,0.031950441035393386,0.9680495763236416,0.85,0.75
9379,right_hand,0.0019411996472626925,0.9980587363243103,ExponentialSmoothing,0.027449054827173778,0.972550950323742,0.85,0.75
9429,right_hand,0.0008309448603540659,0.999169111251831,ExponentialSmoothing,0.02345633833215082,0.9765436744629553,0.85,0.75
9479,right_hand,0.0005997876287437975,0.99940025806427,ExponentialSmoothing,0.020027855726639766,0.9799721620031525,0.85,0.75
9504,right_hand,0.0007561014499515295,0.999243974685669,ExponentialSmoothing,0.017137092585136533,0.98286293390553,0.85,0.75
9554,right_hand,0.000755573040805757,0.9992444515228271,ExponentialSmoothing,0.014679864653486916,0.9853201615481246,0.85,0.75
9579,right_hand,0.0005516775418072939,0.9994483590126038,ExponentialSmoothing,0.012560636586734971,0.9874393911677966,0.85,0.75
9629,right_hand,0.0003468235081527382,0.9996532201766968,ExponentialSmoothing,0.010728564624947637,0.9892714655191315,0.85,0.75
9654,right_hand,0.0003754915960598737,0.999624490737915,ExponentialSmoothing,0.009175603670614471,0.990824419301949,0.85,0.75
9704,right_hand,0.0005668370868079364,0.9994331002235413,ExponentialSmoothing,0.007884288683043491,0.9921157214401878,0.85,0.75
9729,right_hand,0.0005417355569079518,0.9994582533836365,ExponentialSmoothing,0.0067829057141231604,0.9932171012317051,0.85,0.75
9754,right_hand,0.0004318755818530917,0.9995681643486023,ExponentialSmoothing,0.005830251194282651,0.9941697606992397,0.85,0.75
9804,right_hand,0.0003284777922090143,0.9996715784072876,ExponentialSmoothing,0.005004985183971605,0.9949950333554469,0.85,0.75
9854,right_hand,0.0005565236788243055,0.9994434714317322,ExponentialSmoothing,0.00433771595819951,0.9956622990668897,0.85,0.75
9879,right_hand,0.0006900855805724859,0.9993098974227905,ExponentialSmoothing,0.0037905714015554564,0.9962094388202749,0.85,0.75
9929,right_hand,0.0010142032988369465,0.9989858269691467,ExponentialSmoothing,0.0033741161861476797,0.9966258970426057,0.85,0.75
9954,right_hand,0.0010025401134043932,0.9989975094795227,ExponentialSmoothing,0.0030183797752361867,0.9969816389081433,0.85,0.75
10004,right_hand,0.0007245184388011694,0.9992755055427551,ExponentialSmoothing,0.002674300574770934,0.9973257189033351,0.85,0.75
10029,right_hand,0.0005686813383363187,0.999431312084198,ExponentialSmoothing,0.002358457689305742,0.9976415578804645,0.85,0.75
10079,right_hand,0.0005003222613595426,0.9994996786117554,ExponentialSmoothing,0.002079737375113812,0.9979202759901582,0.85,0.75
10104,right_hand,0.0004215330700390041,0.9995784163475037,ExponentialSmoothing,0.0018310067293525905,0.9981689970437599,0.85,0.75
10154,right_hand,0.0007664687582291663,0.9992334842681885,ExponentialSmoothing,0.001671326033684077,0.9983286701274242,0.85,0.75
10179,right_hand,0.0009112139814533293,0.9990887641906738,ExponentialSmoothing,0.0015573092258494648,0.9984426842369116,0.85,0.75
10204,right_hand,0.0017060148529708385,0.998293936252594,ExponentialSmoothing,0.0015796150699176708,0.9984203720392639,0.85,0.75
10254,right_hand,0.006738836411386728,0.9932611584663391,ExponentialSmoothing,0.0023534982711380294,0.9976464900033253,0.85,0.75
10304,right_hand,0.05938880145549774,0.9406112432479858,ExponentialSmoothing,0.010908793748791988,0.9890912029900243,0.85,0.75
10329,right_hand,0.450334757566452,0.5496652722358704,ExponentialSmoothing,0.076822688321441,0.9231773133769012,0.85,0.75
10379,right_hand,0.4125339686870575,0.5874660015106201,ExponentialSmoothing,0.12717938037628349,0.872820616596959,0.85,0.75
10404,right_hand,0.2569209635257721,0.7430790066719055,ExponentialSmoothing,0.1466406178487068,0.853359375108201,0.85,0.75
10454,right_hand,0.11932235956192017,0.8806776404380798,ExponentialSmoothing,0.1425428791056888,0.8574571149076828,0.85,0.75
10479,right_hand,0.6024492979049683,0.39755067229270935,ExponentialSmoothing,0.21152884192558075,0.7884711485154369,0.85,0.75
10529,rest,0.953834593296051,0.04616542160511017,ExponentialSmoothing,0.3228747046311513,0.6771252894788878,0.85,0.75
10554,rest,0.9710104465484619,0.02898956835269928,ExponentialSmoothing,0.4200950659187479,0.5799049313099595,0.85,0.75
10579,rest,0.8482975959777832,0.15170244872570038,ExponentialSmoothing,0.48432544542760325,0.5156745589223206,0.85,0.75
10629,rest,0.9073812365531921,0.09261878579854965,ExponentialSmoothing,0.5477838140964416,0.452216192953755,0.85,0.75
10679,rest,0.44359830021858215,0.5564016699790955,ExponentialSmoothing,0.5321559870147627,0.4678440145075561,0.85,0.75
10704,rest,0.6982799768447876,0.3017200529575348,ExponentialSmoothing,0.5570745854892665,0.4429254202750529,0.85,0.75
10754,rest,0.198945090174675,0.8010549545288086,ExponentialSmoothing,0.5033551611920777,0.49664485041311623,0.85,0.75
10779,rest,0.33288297057151794,0.6671169996261597,ExponentialSmoothing,0.4777843325989937,0.5222156727950727,0.85,0.75
10829,rest,0.011326679028570652,0.9886732697486877,ExponentialSmoothing,0.40781568456343026,0.592184312338115,0.85,0.75
10854,rest,0.006264417432248592,0.9937356114387512,ExponentialSmoothing,0.347582994493753,0.6524170072032104,0.85,0.75
10904,rest,0.0022047709207981825,0.9977952241897583,ExponentialSmoothing,0.2957762609578098,0.7042237397511926,0.85,0.75
10929,rest,0.0032617035321891308,0.9967382550239563,ExponentialSmoothing,0.25189907734396666,0.7481009170421071,0.85,0.75
10979,right_hand,0.0033577762078493834,0.9966422319412231,ExponentialSmoothing,0.21461788217354907,0.7853821142769746,0.85,0.75
11004,right_hand,0.003444699104875326,0.9965553283691406,ExponentialSmoothing,0.182941904713248,0.8170580963907994,0.85,0.75
11029,right_hand,0.002676545875146985,0.9973234534263611,ExponentialSmoothing,0.15590210088753284,0.8440978999461337,0.85,0.75
11079,right_hand,0.002689964836463332,0.9973100423812866,ExponentialSmoothing,0.1329202804798724,0.8670797213114066,0.85,0.75
11129,right_hand,0.0017219268484041095,0.9982781410217285,ExponentialSmoothing,0.11324052743515214,0.8867594842679549,0.85,0.75
11154,right_hand,0.0017612861702218652,0.9982386827468872,ExponentialSmoothing,0.09651864124541261,0.9034813640397947,0.85,0.75
11204,right_hand,0.0009951385436579585,0.9990049004554749,ExponentialSmoothing,0.0821901158401494,0.9178098945021468,0.85,0.75
11229,right_hand,0.0008847719291225076,0.9991151690483093,ExponentialSmoothing,0.06999431425349537,0.9300056856840712,0.85,0.75
11279,right_hand,0.0005014057969674468,0.9994986057281494,ExponentialSmoothing,0.059570377985016174,0.9404296236906828,0.85,0.75
11304,right_hand,0.0006006297189742327,0.9993994235992432,ExponentialSmoothing,0.05072491574510988,0.9492750936769668,0.85,0.75
11354,right_hand,0.0005560257704928517,0.9994439482688904,ExponentialSmoothing,0.043199582248917325,0.9568004218657554,0.85,0.75
11379,right_hand,0.0004977115895599127,0.9995023012161255,ExponentialSmoothing,0.03679430165001371,0.9632057037683109,0.85,0.75
11429,right_hand,0.00030398115632124245,0.9996960163116455,ExponentialSmoothing,0.03132075357595984,0.9686792506498111,0.85,0.75
11454,right_hand,0.0003597851609811187,0.9996402263641357,ExponentialSmoothing,0.026676608313713032,0.9733233970069598,0.85,0.75
11504,right_hand,0.0005172749515622854,0.9994827508926392,ExponentialSmoothing,0.02275270830939042,0.9772473000898116,0.85,0.75
11529,right_hand,0.0006061568856239319,0.9993938207626343,ExponentialSmoothing,0.019430725595825444,0.980569278190735,0.85,0.75
11579,right_hand,0.0004552158934529871,0.9995447993278503,ExponentialSmoothing,0.016584399140469577,0.9834156063613024,0.85,0.75
11604,right_hand,0.00041742378380149603,0.9995825886726379,ExponentialSmoothing,0.014159352836969364,0.9858406537080027,0.85,0.75
11654,right_hand,0.00033194979187101126,0.9996680021286011,ExponentialSmoothing,0.01208524238020461,0.9879147559710925,0.85,0.75
11679,right_hand,0.00031457949080504477,0.9996854066848755,ExponentialSmoothing,0.010319642946794676,0.98968035357816,0.85,0.75
11729,right_hand,0.0003650242288131267,0.9996349811553955,ExponentialSmoothing,0.008826450139097443,0.9911735477147453,0.85,0.75
11754,right_hand,0.0006359881372191012,0.9993640780448914,ExponentialSmoothing,0.007597880838815692,0.9924021272642672,0.85,0.75
11804,right_hand,0.000617475132457912,0.999382495880127,ExponentialSmoothing,0.006550819982862025,0.9934491825566462,0.85,0.75
11829,right_hand,0.00038569720345549285,0.9996142387390137,ExponentialSmoothing,0.005626051565951045,0.9943739409840013,0.85,0.75
11854,right_hand,0.00022659786918666214,0.9997734427452087,ExponentialSmoothing,0.004816133511436387,0.9951838662481824,0.85,0.75
11904,right_hand,0.00028569711139425635,0.9997143149375916,ExponentialSmoothing,0.004136568051430067,0.9958634335515939,0.85,0.75
11954,right_hand,0.00055418856209144,0.9994458556175232,ExponentialSmoothing,0.0035992111280292727,0.9964007968614834,0.85,0.75
11979,right_hand,0.0003669521538540721,0.9996330738067627,ExponentialSmoothing,0.0031143722819029925,0.9968856384032753,0.85,0.75
12029,right_hand,0.0002472057822160423,0.9997528195381165,ExponentialSmoothing,0.0026842973069499503,0.9973157155735015,0.85,0.75
12054,right_hand,0.00023795562447048724,0.9997619986534119,ExponentialSmoothing,0.002317346054578031,0.9976826580354881,0.85,0.75
12104,right_hand,0.00029083999106660485,0.9997091889381409,ExponentialSmoothing,0.0020133701450513173,0.997986637670886,0.85,0.75
12129,right_hand,0.00021065074543002993,0.9997894167900085,ExponentialSmoothing,0.001742962235108124,0.9982570545387544,0.85,0.75
12179,right_hand,0.00013938412303104997,0.9998606443405151,ExponentialSmoothing,0.0015024255182965627,0.9984975930090185,0.85,0.75
12204,right_hand,0.00010163787374040112,0.9998983144760132,ExponentialSmoothing,0.0012923073716131384,0.9987077012290677,0.85,0.75
12229,right_hand,8.389101276407018e-05,0.9999160766601562,ExponentialSmoothing,0.001111044917785778,0.998888957543731,0.85,0.75
12279,right_hand,6.0858408687636256e-05,0.9999390840530396,ExponentialSmoothing,0.0009535169414210567,0.9990464765201272,0.85,0.75
12329,right_hand,6.008281707181595e-05,0.9999399185180664,ExponentialSmoothing,0.0008195018227686706,0.999180492819818,0.85,0.75
12354,right_hand,4.7357912990264595e-05,0.9999526739120483,ExponentialSmoothing,0.0007036802363019097,0.9992963199836526,0.85,0.75
12404,right_hand,4.178829840384424e-05,0.9999581575393677,ExponentialSmoothing,0.0006043964456171999,0.99939559561701,0.85,0.75
12429,right_hand,3.833783193840645e-05,0.9999616146087646,ExponentialSmoothing,0.0005194876535653809,0.9994804984657732,0.85,0.75
12479,right_hand,5.376144326874055e-05,0.9999462366104126,ExponentialSmoothing,0.0004496287220208848,0.9995503591874693,0.85,0.75
12504,right_hand,5.417290230980143e-05,0.999945878982544,ExponentialSmoothing,0.00039031034906422224,0.9996096871567304,0.85,0.75
12554,right_hand,4.2118124838452786e-05,0.9999579191207886,ExponentialSmoothing,0.0003380815154303568,0.9996619219513391,0.85,0.75
12579,right_hand,3.746045695152134e-05,0.999962568283081,ExponentialSmoothing,0.0002929883566585315,0.9997070189011004,0.85,0.75
12604,right_hand,3.522197948768735e-05,0.9999648332595825,ExponentialSmoothing,0.00025432340008290483,0.9997456910548727,0.85,0.75
12654,right_hand,3.489556547719985e-05,0.9999650716781616,ExponentialSmoothing,0.00022140922489204907,0.999778598148366,0.85,0.75
12679,right_hand,4.049327253596857e-05,0.9999594688415527,ExponentialSmoothing,0.00019427183203863697,0.999805728752344,0.85,0.75
12729,right_hand,5.031890032114461e-05,0.9999496936798096,ExponentialSmoothing,0.00017267889228101313,0.9998273234914639,0.85,0.75
12779,right_hand,5.690824764315039e-05,0.9999431371688843,ExponentialSmoothing,0.0001553132955853337,0.999844695543077,0.85,0.75
12804,right_hand,4.563390393741429e-05,0.999954342842102,ExponentialSmoothing,0.0001388613868381458,0.9998611426379307,0.85,0.75
12854,right_hand,2.718351606745273e-05,0.9999728202819824,ExponentialSmoothing,0.00012210970622254184,0.9998778942845384,0.85,0.75
12879,right_hand,2.6621881261235103e-05,0.9999734163284302,ExponentialSmoothing,0.00010778653247834583,0.9998922225911222,0.85,0.75
12929,right_hand,2.9584052754216827e-05,0.9999704360961914,ExponentialSmoothing,9.605616051972647e-05,0.9999039546168825,0.85,0.75
12954,right_hand,2.7780459276982583e-05,0.9999722242355347,ExponentialSmoothing,8.581480533331489e-05,0.9999141950596804,0.85,0.75
13004,right_hand,3.356879824423231e-05,0.9999663829803467,ExponentialSmoothing,7.79779042699525e-05,0.9999220232477803,0.85,0.75
13029,right_hand,4.040524800075218e-05,0.9999595880508423,ExponentialSmoothing,7.234200582957245e-05,0.9999276579682397,0.85,0.75
13079,right_hand,7.857519813114777e-05,0.999921441078186,ExponentialSmoothing,7.327698467480875e-05,0.9999267254347317,0.85,0.75
13104,right_hand,0.0001276372786378488,0.9998723268508911,ExponentialSmoothing,8.143102876926475e-05,0.9999185656471556,0.85,0.75
13154,right_hand,0.00032403337536379695,0.999675989151001,ExponentialSmoothing,0.00011782138075844459,0.9998821791727325,0.85,0.75
13179,right_hand,0.00048331188736483455,0.9995167255401611,ExponentialSmoothing,0.00017264495674940307,0.9998273611278468,0.85,0.75
13229,right_hand,0.0006339849205687642,0.9993659853935242,ExponentialSmoothing,0.00024184595132230725,0.9997581547676984,0.85,0.75
13254,right_hand,0.0009692605235613883,0.9990307092666626,ExponentialSmoothing,0.00035095813715816943,0.9996490379425431,0.85,0.75
13304,right_hand,0.0014150281203910708,0.9985849857330322,ExponentialSmoothing,0.0005105686346431047,0.9994894301111165,0.85,0.75
13329,right_hand,0.0023101752158254385,0.9976898431777954,ExponentialSmoothing,0.0007805096218204548,0.9992194920711184,0.85,0.75
13354,right_hand,0.0031740886624902487,0.9968259334564209,ExponentialSmoothing,0.001139546477920924,0.9988604582789138,0.85,0.75
13404,right_hand,0.004030562937259674,0.9959694147109985,ExponentialSmoothing,0.0015731989468217365,0.9984268017437266,0.85,0.75
13429,right_hand,0.004838514141738415,0.9951614737510681,ExponentialSmoothing,0.0020629962260592383,0.9979370025448278,0.85,0.75
13479,right_hand,0.011226052418351173,0.9887739419937134,ExponentialSmoothing,0.003437454654903029,0.9965625434621606,0.85,0.75
13529,right_hand,0.4168377220630646,0.583162248134613,ExponentialSmoothing,0.06544749476612727,0.9345524991630284,0.85,0.75
13554,right_hand,0.9551993012428284,0.04480074346065521,ExponentialSmoothing,0.19891026573763246,0.8010897358076724,0.85,0.75
13579,rest,0.9716084599494934,0.02839149720966816,ExponentialSmoothing,0.3148149948694116,0.6851850000179718,0.85,0.75
13629,rest,0.9848158359527588,0.015184192918241024,ExponentialSmoothing,0.4153151210319137,0.5846848789530122,0.85,0.75
13679,rest,0.9946118593215942,0.005388213321566582,ExponentialSmoothing,0.5022096317753657,0.4977903791082954,0.85,0.75
13704,rest,0.99617600440979,0.003824022365733981,ExponentialSmoothing,0.5763045876705294,0.4236954255969112,0.85,0.75
13754,rest,0.995200514793396,0.004799469839781523,ExponentialSmoothing,0.6391389767389595,0.36086103223334176,0.85,0.75
13779,rest,0.9945888519287109,0.005411106627434492,ExponentialSmoothing,0.6924564580174222,0.3075435433924557,0.85,0.75
13829,rest,0.9621292948722839,0.03787076473236084,ExponentialSmoothing,0.7329073835456514,0.2670926265934415,0.85,0.75
13854,left_hand,0.9054927229881287,0.09450729191303253,ExponentialSmoothing,0.7587951844620231,0.24120482639138016,0.85,0.75
13879,left_hand,0.9457526803016663,0.05424734577536583,ExponentialSmoothing,0.7868388088379696,0.213161204298978,0.85,0.75
13929,left_hand,0.8152450323104858,0.18475496768951416,ExponentialSmoothing,0.7910997423588471,0.20890026880755844,0.85,0.75
13979,rest,0.20568512380123138,0.7943148016929626,ExponentialSmoothing,0.7032875495752047,0.29671244874036906,0.85,0.75
14004,rest,0.2528110444545746,0.747188925743103,ExponentialSmoothing,0.6357160738071101,0.36428392029077916,0.85,0.75
14054,rest,0.032241955399513245,0.967758059501648,ExponentialSmoothing,0.5451949560459706,0.4548050411724095,0.85,0.75
14079,rest,0.034373145550489426,0.9656268358230591,ExponentialSmoothing,0.46857168447164843,0.5314283103700069,0.85,0.75
14129,rest,0.035917870700359344,0.9640821814537048,ExponentialSmoothing,0.40367361240595506,0.5963263910325616,0.85,0.75
14154,rest,0.027258606627583504,0.972741425037384,ExponentialSmoothing,0.3472113615391993,0.652788646133285,0.85,0.75
14179,rest,0.02826368249952793,0.9717363119125366,ExponentialSmoothing,0.2993692096832486,0.7006307960001728,0.85,0.75
14229,rest,0.017784904688596725,0.9822151064872742,ExponentialSmoothing,0.2571315639340508,0.7428684425732379,0.85,0.75
14279,right_hand,0.004334599711000919,0.9956653714179993,ExponentialSmoothing,0.2192120193005933,0.7807879818999521,0.85,0.75
14304,right_hand,0.004115646239370108,0.995884358882904,ExponentialSmoothing,0.18694756334140983,0.8130524384473949,0.85,0.75
14354,right_hand,0.0024112300015985966,0.9975887537002563,ExponentialSmoothing,0.15926711334043814,0.8407328857353242,0.85,0.75
14379,right_hand,0.0019680378027260303,0.9980319142341614,ExponentialSmoothing,0.13567225200978134,0.8643277400101498,0.85,0.75
14429,right_hand,0.0009825825691223145,0.9990173578262329,ExponentialSmoothing,0.11546880159368247,0.8845311826825623,0.85,0.75
14454,right_hand,0.0006765130674466491,0.9993234872817993,ExponentialSmoothing,0.0982499583147471,0.9017500283724478,0.85,0.75
14504,right_hand,0.0003728944284375757,0.9996271133422852,ExponentialSmoothing,0.08356839873180066,0.9164315911179234,0.85,0.75
14529,right_hand,0.0003900042793247849,0.9996100068092346,ExponentialSmoothing,0.07109163956392928,0.92890835347162,0.85,0.75
14554,right_hand,0.0002649404341354966,0.9997350573539734,ExponentialSmoothing,0.060467634694460204,0.939532359053973,0.85,0.75
14604,right_hand,0.0001621720875846222,0.9998377561569214,ExponentialSmoothing,0.05142181530342887,0.9485781686194152,0.85,0.75
14654,right_hand,0.00013921756180934608,0.9998607635498047,ExponentialSmoothing,0.04372942564218594,0.9562705578589736,0.85,0.75
14679,right_hand,0.00012414398952387273,0.9998757839202881,ExponentialSmoothing,0.03718863339428663,0.9628113417681708,0.85,0.75
14704,right_hand,0.00014690902025904506,0.9998530149459839,ExponentialSmoothing,0.03163237473818249,0.9683675927448427,0.85,0.75
14754,right_hand,0.0002662008337210864,0.9997337460517883,ExponentialSmoothing,0.02692744865251328,0.9730725157408846,0.85,0.75
14804,right_hand,0.00021180618205107749,0.999788224697113,ExponentialSmoothing,0.02292010228194395,0.9770798720843188,0.85,0.75
14829,right_hand,0.00013487631804309785,0.9998650550842285,ExponentialSmoothing,0.01950231838735882,0.9804976495343053,0.85,0.75
14879,right_hand,7.91806960478425e-05,0.9999208450317383,ExponentialSmoothing,0.016588847733662173,0.9834111288589202,0.85,0.75
14904,right_hand,5.968096957076341e-05,0.9999402761459351,ExponentialSmoothing,0.014109472719048461,0.9858905009519725,0.85,0.75
14954,right_hand,5.2615538152167574e-05,0.9999474287033081,ExponentialSmoothing,0.012000944141914016,0.9879990401146728,0.85,0.75
14979,right_hand,3.823538281721994e-05,0.9999617338180542,ExponentialSmoothing,0.010206537828049497,0.9897934441701799,0.85,0.75
15029,right_hand,3.473345350357704e-05,0.9999653100967407,ExponentialSmoothing,0.008680767171867608,0.991319224059164,0.85,0.75
15054,right_hand,2.881128057197202e-05,0.9999711513519287,ExponentialSmoothing,0.007382973788173262,0.9926170131530787,0.85,0.75
15104,right_hand,3.545403524185531e-05,0.9999645948410034,ExponentialSmoothing,0.006280845825233551,0.9937191504062675,0.85,0.75
15129,right_hand,3.814160663750954e-05,0.9999618530273438,ExponentialSmoothing,0.005344440192444145,0.9946555557994289,0.85,0.75
15154,right_hand,4.5881362893851474e-05,0.999954104423523,ExponentialSmoothing,0.0045496563680116,0.995450338093043,0.85,0.75
15204,right_hand,6.561489135492593e-05,0.9999344348907471,ExponentialSmoothing,0.0038770501465130993,0.9961229526126986,0.85,0.75
15254,right_hand,7.72454877733253e-05,0.9999227523803711,ExponentialSmoothing,0.0033070794477021333,0.9966929225778495,0.85,0.75
15279,right_hand,0.00010176550131291151,0.9998981952667236,ExponentialSmoothing,0.0028262823557437503,0.9971737134811807,0.85,0.75
15329,right_hand,0.0001705125905573368,0.9998294115066528,ExponentialSmoothing,0.002427916890965788,0.9975720681850015,0.85,0.75
15354,right_hand,0.00019285758025944233,0.9998071789741516,ExponentialSmoothing,0.0020926579943598366,0.997907334803374,0.85,0.75
15404,right_hand,0.00019172740576323122,0.9998082518577576,ExponentialSmoothing,0.0018075184060703457,0.9981924723615316,0.85,0.75
15429,right_hand,0.00019638403318822384,0.9998036026954651,ExponentialSmoothing,0.0015658482501380274,0.9984341419116216,0.85,0.75
15479,right_hand,0.0001945549447555095,0.9998055100440979,ExponentialSmoothing,0.0013601542543306496,0.998639847131493,0.85,0.75
15504,right_hand,0.00019044072541873902,0.9998095631599426,ExponentialSmoothing,0.001184697224993863,0.9988153045357605,0.85,0.75
15529,right_hand,0.00019008625531569123,0.9998099207878113,ExponentialSmoothing,0.001035505579542137,0.9989644969735682,0.85,0.75
15579,right_hand,0.00025844021001830697,0.9997414946556091,ExponentialSmoothing,0.0009189457741135625,0.9990810466258744,0.85,0.75
15629,right_hand,0.00031322799623012543,0.9996868371963501,ExponentialSmoothing,0.000828088107431047,0.9991719152114458,0.85,0.75
15654,right_hand,0.0002761052455753088,0.9997238516807556,ExponentialSmoothing,0.0007452906781526863,0.9992547056818422,0.85,0.75
15704,right_hand,0.0005089436890557408,0.9994909763336182,ExponentialSmoothing,0.0007098386297881444,0.9992901462796085,0.85,0.75
15729,right_hand,0.0007787324720993638,0.9992212057113647,ExponentialSmoothing,0.0007201727061348274,0.999279805194372,0.85,0.75
15779,right_hand,0.0014270296087488532,0.9985729455947876,ExponentialSmoothing,0.0008262012415269313,0.9991737762544344,0.85,0.75
15804,right_hand,0.0018772073090076447,0.9981227517127991,ExponentialSmoothing,0.0009838521516490383,0.9990161225731891,0.85,0.75
15829,right_hand,0.0022798022255301476,0.9977201819419861,ExponentialSmoothing,0.0011782446627312047,0.9988217314785086,0.85,0.75
15879,right_hand,0.0021134614944458008,0.9978864789009094,ExponentialSmoothing,0.001318527187488394,0.9986814435918687,0.85,0.75
15904,right_hand,0.0025528811383992434,0.99744713306427,ExponentialSmoothing,0.0015036802801250216,0.9984962970127289,0.85,0.75
15954,right_hand,0.002275388687849045,0.9977245926856995,ExponentialSmoothing,0.001619436541283625,0.9983805413636745,0.85,0.75
16004,right_hand,0.00164716353174299,0.9983528852462769,ExponentialSmoothing,0.00162359558985253,0.9983763929460648,0.85,0.75
16029,right_hand,0.0010745697654783726,0.9989253878593445,ExponentialSmoothing,0.0015412417161964063,0.9984587421830569,0.85,0.75
16079,right_hand,0.0011864298721775413,0.9988136291503906,ExponentialSmoothing,0.0014880199395935765,0.9985119752281569,0.85,0.75
16104,right_hand,0.0013870404800400138,0.9986129999160767,ExponentialSmoothing,0.001472873020660542,0.9985271289313449,0.85,0.75
16154,right_hand,0.002432392444461584,0.9975676536560059,ExponentialSmoothing,0.0016168009342306985,0.9983832076400441,0.85,0.75
16179,right_hand,0.002611616626381874,0.9973884224891663,ExponentialSmoothing,0.0017660232880533748,0.9982339898674124,0.85,0.75
16229,right_hand,0.0025353622622787952,0.997464656829834,ExponentialSmoothing,0.0018814241341871879,0.9981185899117756,0.85,0.75
16254,right_hand,0.002325858687981963,0.9976741671562195,ExponentialSmoothing,0.0019480893172564044,0.9980519264984422,0.85,0.75
16304,right_hand,0.00572788855060935,0.9942721128463745,ExponentialSmoothing,0.0025150592022593465,0.9974849544506321,0.85,0.75
16329,right_hand,0.006616900209337473,0.9933831095695496,ExponentialSmoothing,0.0031303353533210657,0.9968696777184698,0.85,0.75
16354,right_hand,0.006891592405736446,0.9931083917617798,ExponentialSmoothing,0.0036945239111833726,0.9963054848249664,0.85,0.75
16404,right_hand,0.0077461558394134045,0.992253839969635,ExponentialSmoothing,0.004302268700417878,0.9956977380966667,0.85,0.75
16454,right_hand,0.0029348316602408886,0.9970651268959045,ExponentialSmoothing,0.00409715314439133,0.9959028464165525,0.85,0.75
16479,right_hand,0.0030761214438825846,0.9969238638877869,ExponentialSmoothing,0.003943998389315018,0.9960559990372376,0.85,0.75
16504,right_hand,0.004487402271479368,0.9955125451087952,ExponentialSmoothing,0.00402550897163967,0.9959744809479714,0.85,0.75
16554,right_hand,0.017820682376623154,0.9821793437004089,ExponentialSmoothing,0.006094784982387193,0.993905210360837,0.85,0.75
16604,right_hand,0.015105028636753559,0.9848950505256653,ExponentialSmoothing,0.007446321530542148,0.9925536863855613,0.85,0.75
16629,right_hand,0.016701163724064827,0.9832988381385803,ExponentialSmoothing,0.00883454785957055,0.9911654591485142,0.85,0.75
16679,right_hand,0.037955719977617264,0.9620442986488342,ExponentialSmoothing,0.013202723677277556,0.9867972850735621,0.85,0.75
16704,right_hand,0.1772523671388626,0.8227475881576538,ExponentialSmoothing,0.03781017019651532,0.9621898305361758,0.85,0.75
16754,right_hand,0.9610397219657898,0.038960255682468414,ExponentialSmoothing,0.17629460296190652,0.8237053943081196,0.85,0.75
16779,rest,0.9908319115638733,0.009168067015707493,ExponentialSmoothing,0.29847519925220156,0.7015247952142577,0.85,0.75
16829,rest,0.9950130581855774,0.004986959509551525,ExponentialSmoothing,0.40295587809220795,0.5970441198585518,0.85,0.75
16854,rest,0.996376097202301,0.0036238504108041525,ExponentialSmoothing,0.49196891095872197,0.5080310794413896,0.85,0.75
16904,rest,0.9975941777229309,0.002405752195045352,ExponentialSmoothing,0.5678127009733533,0.43218728035443793,0.85,0.75
16929,rest,0.9981666803359985,0.0018332446925342083,ExponentialSmoothing,0.6323657978777502,0.3676341750051524,0.85,0.75
16979,rest,0.9981870055198669,0.0018129409290850163,ExponentialSmoothing,0.6872389790240676,0.31276098989374224,0.85,0.75
17004,rest,0.9983579516410828,0.0016419789753854275,ExponentialSmoothing,0.73390682491662,0.26609313825598874,0.85,0.75
17054,left_hand,0.9991414546966553,0.0008585172472521663,ExponentialSmoothing,0.7736920193836253,0.22630794510467825,0.85,0.75
17079,left_hand,0.9992951154708862,0.0007048958796076477,ExponentialSmoothing,0.8075324837967144,0.19246748772091765,0.85,0.75
17129,left_hand,0.9993746876716614,0.0006252989987842739,ExponentialSmoothing,0.8363088143779565,0.16369115941259765,0.85,0.75
17154,left_hand,0.9994351267814636,0.0005649051745422184,ExponentialSmoothing,0.8607777612384826,0.13922222127688935,0.85,0.75
17204,left_hand,0.9995558857917786,0.00044408373651094735,ExponentialSmoothing,0.881594479921477,0.11840550064583259,0.85,0.75
17279,left_hand,0.9997368454933167,0.00026313794660381973,ExponentialSmoothing,0.899315834757253,0.10068414624094828,0.85,0.75
17304,left_hand,0.9998341798782349,0.00016573538596276194,ExponentialSmoothing,0.9143935865254003,0.08560638461270045,0.85,0.75
17354,left_hand,0.9999227523803711,7.72076309658587e-05,ExponentialSmoothing,0.9272229614036459,0.07277700806544025,0.85,0.75
17379,left_hand,0.9999363422393799,6.364072032738477e-05,ExponentialSmoothing,0.9381299685290061,0.06187000296367332,0.85,0.75
17429,left_hand,0.9999127388000488,8.729381806915626e-05,ExponentialSmoothing,0.9473973840696626,0.052602596591832695,0.85,0.75
17454,left_hand,0.9999033212661743,9.663218224886805e-05,ExponentialSmoothing,0.9552732746491392,0.044726701930395116,0.85,0.75
17504,left_hand,0.9999083280563354,9.168938413495198e-05,ExponentialSmoothing,0.9619685326602188,0.03803145004845609,0.85,0.75
17529,left_hand,0.9999228715896606,7.707845361437649e-05,ExponentialSmoothing,0.9676616834996351,0.03233829430922983,0.85,0.75
17554,left_hand,0.9999300241470337,6.995203148107976e-05,ExponentialSmoothing,0.9725019345967449,0.02749804296756752,0.85,0.75
17604,left_hand,0.999925971031189,7.402730989269912e-05,ExponentialSmoothing,0.9766155400619116,0.023384440618916296,0.85,0.75
17654,left_hand,0.9998618364334106,0.00013811323151458055,ExponentialSmoothing,0.9801024845176365,0.019897491510806036,0.85,0.75
17679,left_hand,0.9998235106468201,0.00017656559066381305,ExponentialSmoothing,0.983060638437014,0.016939352622784704,0.85,0.75
17729,left_hand,0.9997968077659607,0.00020322090131230652,ExponentialSmoothing,0.985571063836356,0.014428932864563844,0.85,0.75
17754,left_hand,0.9998340606689453,0.00016595998022239655,ExponentialSmoothing,0.9877105133612444,0.012289486931912627,0.85,0.75
17804,left_hand,0.9998786449432373,0.00012136990699218586,ExponentialSmoothing,0.9895357330985433,0.010464269378174561,0.85,0.75
17829,left_hand,0.999895453453064,0.00010457229655003175,ExponentialSmoothing,0.9910896911517214,0.008910314815930881,0.85,0.75
17879,left_hand,0.9999074935913086,9.252042218577117e-05,ExponentialSmoothing,0.9924123615176594,0.007587645656869114,0.85,0.75
17904,left_hand,0.9999066591262817,9.330186003353447e-05,ExponentialSmoothing,0.9935365061589527,0.006463494087343777,0.85,0.75
17929,left_hand,0.9998953342437744,0.00010466088133398443,ExponentialSmoothing,0.994490330371676,0.005509669106442308,0.85,0.75
17979,left_hand,0.9998775720596313,0.00012235762551426888,ExponentialSmoothing,0.9952984166248693,0.004701572384303103,0.85,0.75
18029,left_hand,0.9998797178268433,0.00012028446508338675,ExponentialSmoothing,0.9959856118051653,0.004014379196420145,0.85,0.75
18054,left_hand,0.9998949766159058,0.00010497612674953416,ExponentialSmoothing,0.9965720165267764,0.0034279687359695535,0.85,0.75
18104,left_hand,0.9998725652694702,0.00012738317309413105,ExponentialSmoothing,0.9970670988381805,0.00293288090153824,0.85,0.75
18129,left_hand,0.9998654127120972,0.00013452912389766425,ExponentialSmoothing,0.9974868459192681,0.0025131281348921538,0.85,0.75
18179,left_hand,0.9998425245285034,0.00015747922589071095,ExponentialSmoothing,0.9978401977106535,0.0021597807985419375,0.85,0.75
18204,left_hand,0.9998492002487183,0.0001507840643171221,ExponentialSmoothing,0.9981415480913632,0.001858431288408215,0.85,0.75
18229,left_hand,0.9998307228088379,0.0001692242658464238,ExponentialSmoothing,0.9983949242989845,0.0016050502350239465,0.85,0.75
18279,left_hand,0.9997053742408752,0.00029465247644111514,ExponentialSmoothing,0.9985914917902681,0.0014084905712365217,0.85,0.75
18329,left_hand,0.9996917247772217,0.0003082590119447559,ExponentialSmoothing,0.9987565267383112,0.0012434558373427568,0.85,0.75
18354,left_hand,0.999671459197998,0.0003285651619080454,ExponentialSmoothing,0.9988937666072641,0.0011062222360275502,0.85,0.75
18379,left_hand,0.9996829032897949,0.0003170970594510436,ExponentialSmoothing,0.9990121371096438,0.0009878534595410742,0.85,0.75
18429,left_hand,0.9996161460876465,0.00038378775934688747,ExponentialSmoothing,0.9991027384563441,0.0008972436045119462,0.85,0.75
18479,left_hand,0.9994933605194092,0.000506650423631072,ExponentialSmoothing,0.9991613317658039,0.0008386546273798151,0.85,0.75
18504,left_hand,0.9992555975914001,0.0007443363429047167,ExponentialSmoothing,0.9991754716396434,0.0008245068847085504,0.85,0.75
18529,left_hand,0.9993257522583008,0.0006742203840985894,ExponentialSmoothing,0.9991980137324421,0.0008019639096170563,0.85,0.75
18554,left_hand,0.9992916584014893,0.0007082886877469718,ExponentialSmoothing,0.9992120604327992,0.0007879126263365437,0.85,0.75
18629,left_hand,0.9989770650863647,0.0010229123290628195,ExponentialSmoothing,0.9991768111308341,0.000823162581745485,0.85,0.75
18654,left_hand,0.9986844658851624,0.0013155872002243996,ExponentialSmoothing,0.9991029593439833,0.0008970262745173222,0.85,0.75
18704,left_hand,0.995686948299408,0.004312967415899038,ExponentialSmoothing,0.998590557687297,0.0014094174457245797,0.85,0.75
18729,left_hand,0.9936836957931519,0.00631636381149292,ExponentialSmoothing,0.9978545284031752,0.002145459400589831,0.85,0.75
18779,left_hand,0.991455614566803,0.008544355630874634,ExponentialSmoothing,0.9968946913277194,0.003105293835132552,0.85,0.75
18804,left_hand,0.9924827218055725,0.007517287973314524,ExponentialSmoothing,0.9962328958993973,0.0037670929558598475,0.85,0.75
18854,left_hand,0.9725014567375183,0.027498487383127213,ExponentialSmoothing,0.9926731800251155,0.007326802119949953,0.85,0.75
18879,left_hand,0.9568936228752136,0.04310636594891548,ExponentialSmoothing,0.9873062464526302,0.012693736694294782,0.85,0.75
18929,left_hand,0.7505447268486023,0.2494552880525589,ExponentialSmoothing,0.951792018512026,0.04820796939803441,0.85,0.75
18954,left_hand,0.4832957088947296,0.516704261302948,ExponentialSmoothing,0.8815175720694315,0.11848241318377145,0.85,0.75
19004,left_hand,0.1539338082075119,0.8460662364959717,ExponentialSmoothing,0.7723800074901436,0.22761998668060152,0.85,0.75
19029,rest,0.11618204414844513,0.8838179707527161,ExponentialSmoothing,0.6739503129888887,0.32604968429141873,0.85,0.75
19079,rest,0.04396979883313179,0.9560302495956421,ExponentialSmoothing,0.5794532358655251,0.42054676908705224,0.85,0.75
19104,rest,0.023704465478658676,0.9762955904006958,ExponentialSmoothing,0.49609092030749513,0.5039090922840987,0.85,0.75
19154,rest,0.015461049973964691,0.9845389723777771,ExponentialSmoothing,0.42399643975746554,0.5760035742981505,0.85,0.75
19179,rest,0.01065889373421669,0.9893410801887512,ExponentialSmoothing,0.3619958078539782,0.6380042001817406,0.85,0.75
19204,rest,0.005864832550287247,0.9941351413726807,ExponentialSmoothing,0.30857616155842454,0.6914238413603816,0.85,0.75
19254,rest,0.004780737217515707,0.9952192902565002,ExponentialSmoothing,0.26300684790728823,0.7369931586947993,0.85,0.75
19304,right_hand,0.003128586569800973,0.9968714118003845,ExponentialSmoothing,0.22402510870666512,0.7759748966606371,0.85,0.75
19329,right_hand,0.004819927271455526,0.9951801300048828,ExponentialSmoothing,0.19114433149138368,0.808855681662274,0.85,0.75
19354,right_hand,0.006439948454499245,0.9935600757598877,ExponentialSmoothing,0.16343867403585102,0.836561340776916,0.85,0.75
19404,right_hand,0.0067755114287137985,0.9932244420051575,ExponentialSmoothing,0.13993919964478044,0.8600608059611522,0.85,0.75
19454,right_hand,0.0015681141521781683,0.9984318614006042,ExponentialSmoothing,0.1191835368208901,0.88081646427707,0.85,0.75
19479,right_hand,0.0012017425615340471,0.9987982511520386,ExponentialSmoothing,0.1014862676819867,0.8985137323083154,0.85,0.75
19529,right_hand,0.0007774185505695641,0.9992225170135498,ExponentialSmoothing,0.08637994031227411,0.9136200500141006,0.85,0.75
19554,right_hand,0.0009507104987278581,0.9990492463111877,ExponentialSmoothing,0.07356555584024217,0.9264344294586637,0.85,0.75
19604,right_hand,0.0012956352438777685,0.9987043142318726,ExponentialSmoothing,0.06272506775078751,0.9372749121746451,0.85,0.75
19629,right_hand,0.0009980325121432543,0.9990020394325256,ExponentialSmoothing,0.05346601246499087,0.9465339812633271,0.85,0.75
19679,right_hand,0.0010705924360081553,0.9989294409751892,ExponentialSmoothing,0.04560669946064347,0.9543933002201064,0.85,0.75
19754,right_hand,0.003469635033980012,0.9965303540229797,ExponentialSmoothing,0.03928613979664395,0.9607138582905373,0.85,0.75
19779,right_hand,0.0051179807633161545,0.9948819875717163,ExponentialSmoothing,0.03416091594164478,0.9658390776827142,0.85,0.75
19829,right_hand,0.002766769379377365,0.9972332119941711,ExponentialSmoothing,0.029451793957304667,0.9705481978294327,0.85,0.75
19854,right_hand,0.0027108234353363514,0.9972891807556152,ExponentialSmoothing,0.02544064837900942,0.9745593452683601,0.85,0.75
19879,right_hand,0.0033623387571424246,0.9966377019882202,ExponentialSmoothing,0.022128901935729372,0.9778710987763392,0.85,0.75
19929,right_hand,0.001076621818356216,0.9989233613014221,ExponentialSmoothing,0.0189710599181234,0.9810289381551016,0.85,0.75
19979,right_hand,0.0006035160622559488,0.9993964433670044,ExponentialSmoothing,0.016215928339743283,0.983784063936887,0.85,0.75
20004,right_hand,0.00039987466880120337,0.9996001124382019,ExponentialSmoothing,0.013843520289101971,0.9861564712120843,0.85,0.75
20029,right_hand,0.0004388974339235574,0.9995611310005188,ExponentialSmoothing,0.011832826860825207,0.9881671701803494,0.85,0.75
20079,right_hand,0.0006323285051621497,0.9993676543235779,ExponentialSmoothing,0.010152752107475748,0.9898472428018337,0.85,0.75
20129,right_hand,0.0007236276287585497,0.999276340007782,ExponentialSmoothing,0.008738383435668167,0.991261607382726,0.85,0.75
20154,right_hand,0.000562879431527108,0.999437153339386,ExponentialSmoothing,0.007512057835047008,0.9924879392762249,0.85,0.75
20204,right_hand,0.00026821650681085885,0.999731719493866,ExponentialSmoothing,0.006425481635811585,0.993574506308871,0.85,0.75
20229,right_hand,0.00014690536772832274,0.9998530149459839,ExponentialSmoothing,0.005483695195599095,0.9945162826044379,0.85,0.75
20279,right_hand,0.00014838417700957507,0.9998515844345093,ExponentialSmoothing,0.004683398542810667,0.9953165778789487,0.85,0.75
20304,right_hand,0.00011854016338475049,0.999881386756897,ExponentialSmoothing,0.00399866978589678,0.996001299210641,0.85,0.75
20329,right_hand,0.00014160039427224547,0.9998583793640137,ExponentialSmoothing,0.0034201093771530997,0.9965798612336468,0.85,0.75
20379,right_hand,0.00015358082600869238,0.999846339225769,ExponentialSmoothing,0.0029301300944814383,0.9970698329324652,0.85,0.75
20404,right_hand,0.00017268430383410305,0.9998273253440857,ExponentialSmoothing,0.002516513225884338,0.9974834567942084,0.85,0.75
20454,right_hand,0.00011279276077402756,0.999887228012085,ExponentialSmoothing,0.0021559551561177916,0.9978440224768899,0.85,0.75
20504,right_hand,0.000103708342066966,0.9998962879180908,ExponentialSmoothing,0.0018481181340101677,0.99815186229307,0.85,0.75
20529,right_hand,0.00010859971371246502,0.9998914003372192,ExponentialSmoothing,0.0015871903709655123,0.9984127929996924,0.85,0.75
20579,right_hand,0.00013102605589665473,0.9998689889907837,ExponentialSmoothing,0.0013687657237051835,0.9986312223983562,0.85,0.75
20604,right_hand,8.993590745376423e-05,0.9999099969863892,ExponentialSmoothing,0.0011769412512674707,0.9988230385865612,0.85,0.75
20654,right_hand,4.421090488904156e-05,0.9999557733535767,ExponentialSmoothing,0.0010070316993107062,0.9989929488016136,0.85,0.75
20679,right_hand,3.103732524323277e-05,0.9999690055847168,ExponentialSmoothing,0.0008606325432005852,0.9991393573190791,0.85,0.75
20729,right_hand,3.778969039558433e-05,0.9999622106552124,ExponentialSmoothing,0.0007372061152798351,0.9992627853194991,0.85,0.75
20754,right_hand,4.527957571553998e-05,0.9999547004699707,ExponentialSmoothing,0.0006334171343451907,0.9993665725920698,0.85,0.75
20804,right_hand,6.899413710925728e-05,0.9999309778213501,ExponentialSmoothing,0.0005487536847598006,0.9994512333764618,0.85,0.75
20829,right_hand,0.00011049647582694888,0.9998894929885864,ExponentialSmoothing,0.00048301510341987287,0.9995169723182805,0.85,0.75
20879,right_hand,0.00031034767744131386,0.9996896982192993,ExponentialSmoothing,0.000457114989523089,0.9995428812034333,0.85,0.75
20904,right_hand,0.0004738495626952499,0.9995261430740356,ExponentialSmoothing,0.00045962517549891316,0.9995403704840237,0.85,0.75
20954,right_hand,0.0009542860789224505,0.9990456700325012,ExponentialSmoothing,0.0005338243110124438,0.9994661654162953,0.85,0.75
20979,right_hand,0.000984179088845849,0.9990158081054688,ExponentialSmoothing,0.0006013775276874545,0.9993986118196714,0.85,0.75
21029,right_hand,0.0011566608445718884,0.9988433122634888,ExponentialSmoothing,0.0006846700252201197,0.999315316886244,0.85,0.75
21054,right_hand,0.001728351810015738,0.9982715845108032,ExponentialSmoothing,0.0008412222929394625,0.9991587570299278,0.85,0.75
21104,right_hand,0.005656013265252113,0.9943439960479736,ExponentialSmoothing,0.0015634409387863604,0.9984365428826347,0.85,0.75
21129,right_hand,0.015379725955426693,0.984620213508606,ExponentialSmoothing,0.003635883691282411,0.9963640934765304,0.85,0.75
21179,right_hand,0.019092801958322525,0.9809072613716125,ExponentialSmoothing,0.005954421431338428,0.9940455686607927,0.85,0.75
21204,right_hand,0.018587160855531693,0.9814128875732422,ExponentialSmoothing,0.007849332344967418,0.9921506664976601,0.85,0.75
21229,right_hand,0.038781534880399704,0.9612184166908264,ExponentialSmoothing,0.012489162725282263,0.987510829026635,0.85,0.75
21279,right_hand,0.41010719537734985,0.5898928046226501,ExponentialSmoothing,0.07213186762309241,0.9278681253660372,0.85,0.75
21329,right_hand,0.9465810656547546,0.053418926894664764,ExponentialSmoothing,0.20329924732784177,0.7967007455953313,0.85,0.75
21354,rest,0.9861798882484436,0.013820063322782516,ExponentialSmoothing,0.320731343465932,0.679268643254449,0.85,0.75
21404,rest,0.9966082572937012,0.003391766920685768,ExponentialSmoothing,0.42211288054009743,0.5778871118043845,0.85,0.75
21429,rest,0.9970170259475708,0.002982946578413248,ExponentialSmoothing,0.5083485023512184,0.4916514870204888,0.85,0.75
21479,rest,0.9952408075332642,0.0047592283226549625,ExponentialSmoothing,0.5813823481285253,0.4186176482158137,0.85,0.75
21504,rest,0.9934123158454895,0.0065877060405910015,ExponentialSmoothing,0.6431868432860699,0.3568131568895303,0.85,0.75
21554,rest,0.9980908036231995,0.0019092144211754203,ExponentialSmoothing,0.6964224373366393,0.30357756551927706,0.85,0.75
21579,rest,0.9984976053237915,0.001502368482761085,ExponentialSmoothing,0.7417337125347121,0.2582662859637997,0.85,0.75
21604,left_hand,0.9984377026557922,0.0015622586943209171,ExponentialSmoothing,0.7802393110528741,0.21976068187337786,0.85,0.75
21654,left_hand,0.9980658888816833,0.0019341184524819255,ExponentialSmoothing,0.8129132977271956,0.18708669736024347,0.85,0.75
21704,left_hand,0.9978255033493042,0.0021745336707681417,ExponentialSmoothing,0.8406501285705119,0.15934987280682217,0.85,0.75
21729,left_hand,0.9980906844139099,0.0019092934671789408,ExponentialSmoothing,0.8642662119470217,0.1357337859058757,0.85,0.75
21779,left_hand,0.9969884753227234,0.003011564491316676,ExponentialSmoothing,0.884174551453377,0.11582545269369184,0.85,0.75
21804,left_hand,0.9980851411819458,0.0019148635910823941,ExponentialSmoothing,0.9012611399126623,0.09873886432830042,0.85,0.75
21854,left_hand,0.9976429343223572,0.0023570016492158175,ExponentialSmoothing,0.9157184090741165,0.08428158492643772,0.85,0.75
21879,left_hand,0.9970104694366455,0.0029894544277340174,ExponentialSmoothing,0.9279122181284958,0.07208776535163217,0.85,0.75
21929,left_hand,0.9978126287460327,0.0021873575169593096,ExponentialSmoothing,0.9383972797211264,0.06160270417643123,0.85,0.75
21954,left_hand,0.9982662796974182,0.0017337077297270298,ExponentialSmoothing,0.9473776297175702,0.0526223547094256,0.85,0.75
22004,left_hand,0.9986937642097473,0.0013062466168776155,ExponentialSmoothing,0.9550750498913968,0.044924938495543396,0.85,0.75
22029,left_hand,0.9989432692527771,0.0010567029239609838,ExponentialSmoothing,0.9616552827956039,0.03834470315980604,0.85,0.75
22054,left_hand,0.999157190322876,0.0008428125875070691,ExponentialSmoothing,0.9672805689246947,0.03271941957396119,0.85,0.75
22104,left_hand,0.9990744590759277,0.0009255542536266148,ExponentialSmoothing,0.9720496524473796,0.027950339775911003,0.85,0.75
22154,left_hand,0.998778760433197,0.0012212926521897316,ExponentialSmoothing,0.9760590186452522,0.02394098270735281,0.85,0.75
22179,left_hand,0.998264491558075,0.001735482132062316,ExponentialSmoothing,0.9793898395821756,0.020610157621059236,0.85,0.75
22229,left_hand,0.9970318078994751,0.0029681664891541004,ExponentialSmoothing,0.9820361348297706,0.017963858951273465,0.85,0.75
22254,left_hand,0.9948534369468689,0.005146525334566832,ExponentialSmoothing,0.9839587301473354,0.01604125890876747,0.85,0.75
22304,left_hand,0.9834165573120117,0.016583463177084923,ExponentialSmoothing,0.9838774042220368,0.016122589549015087,0.85,0.75
22329,left_hand,0.9643118977546692,0.03568807244300842,ExponentialSmoothing,0.9809425782519317,0.019057411983114086,0.85,0.75
22379,left_hand,0.8673824071884155,0.13261759281158447,ExponentialSmoothing,0.9639085525924043,0.036091439107384646,0.85,0.75
22404,left_hand,0.6260979175567627,0.3739020526409149,ExponentialSmoothing,0.913236957337058,0.0867630311374142,0.85,0.75
22454,left_hand,0.18190951645374298,0.8180904388427734,ExponentialSmoothing,0.8035378412045607,0.1964621422932181,0.85,0.75
22479,rest,0.04367891326546669,0.956321120262146,ExponentialSmoothing,0.6895590020136966,0.3104409889885573,0.85,0.75
22529,rest,0.008328135125339031,0.9916718602180481,ExponentialSmoothing,0.5873743719804428,0.41262561967298095,0.85,0.75
22554,rest,0.003825744381174445,0.9961742758750916,ExponentialSmoothing,0.49984207784055257,0.5001579181032976,0.85,0.75
22604,rest,0.0027520626317709684,0.9972478747367859,ExponentialSmoothing,0.4252785755592353,0.5747214115983208,0.85,0.75
22629,rest,0.000868129834998399,0.9991318583488464,ExponentialSmoothing,0.36161700870059976,0.6383829786108997,0.85,0.75
22679,rest,0.0006150959525257349,0.999384880065918,ExponentialSmoothing,0.30746672178838863,0.6925332638291524,0.85,0.75
22704,rest,0.0002858488296624273,0.9997140765190125,ExponentialSmoothing,0.2613895908445797,0.7386103857326314,0.85,0.75
22754,right_hand,0.00031689158640801907,0.999683141708374,ExponentialSmoothing,0.22222868595585393,0.7777712991289928,0.85,0.75
22779,right_hand,0.0003050835512112826,0.9996949434280396,ExponentialSmoothing,0.1889401455951575,0.8110598457738498,0.85,0.75
22829,right_hand,0.0002861389657482505,0.9997138381004333,ExponentialSmoothing,0.1606420446007461,0.8393579446228373,0.85,0.75
22854,right_hand,0.0001521104568382725,0.9998478889465332,ExponentialSmoothing,0.13656855447915991,0.8634314362713917,0.85,0.75
22879,right_hand,0.00013785822375211865,0.9998620748519897,ExponentialSmoothing,0.11610395004084874,0.8838960320584814,0.85,0.75
22929,right_hand,6.731385656166822e-05,0.9999326467514038,ExponentialSmoothing,0.09869845461320567,0.9013015242624198,0.85,0.75
22979,right_hand,2.8368052880978212e-05,0.9999716281890869,ExponentialSmoothing,0.08389794162915697,0.9161020398514199,0.85,0.75
23004,right_hand,2.1223913790890947e-05,0.99997878074646,ExponentialSmoothing,0.07131643397185206,0.9286835509856759,0.85,0.75
23054,right_hand,1.9874851204804145e-05,0.999980092048645,ExponentialSmoothing,0.060621950103754964,0.9393780321451213,0.85,0.75
23079,right_hand,1.8112090401700698e-05,0.9999818801879883,ExponentialSmoothing,0.05153137440175197,0.9484686093515513,0.85,0.75
23129,right_hand,2.4745409973547794e-05,0.9999752044677734,ExponentialSmoothing,0.043805380052985204,0.9561945986189846,0.85,0.75
23154,right_hand,2.8886306608910672e-05,0.9999711513519287,ExponentialSmoothing,0.03723890599102876,0.9627610815289263,0.85,0.75
23204,right_hand,3.766028385143727e-05,0.999962329864502,ExponentialSmoothing,0.03165871913495216,0.9683412687792625,0.85,0.75
23229,right_hand,4.2860821849899366e-05,0.9999570846557617,ExponentialSmoothing,0.02691634038798682,0.9730836411607374,0.85,0.75
23279,right_hand,6.718142685713246e-05,0.9999327659606934,ExponentialSmoothing,0.022888966543817366,0.9771110098807307,0.85,0.75
23304,right_hand,0.00010652217315509915,0.9998934268951416,ExponentialSmoothing,0.019471599888218026,0.9805283724328924,0.85,0.75
23354,right_hand,0.00013223756104707718,0.9998677968978882,ExponentialSmoothing,0.016570695539142383,0.9834292861026417,0.85,0.75
23379,right_hand,0.00014969588664826006,0.9998502731323242,ExponentialSmoothing,0.014107545591268264,0.985892434157094,0.85,0.75
23429,right_hand,0.0003927341604139656,0.999607264995575,ExponentialSmoothing,0.012050323876640118,0.9879496587828662,0.85,0.75
23454,right_hand,0.0005768885021097958,0.9994231462478638,ExponentialSmoothing,0.010329308570460568,0.9896706819026158,0.85,0.75
23504,right_hand,0.0014081480912864208,0.9985918402671814,ExponentialSmoothing,0.008991134498584446,0.9910088556573006,0.85,0.75
23529,right_hand,0.0025472049601376057,0.9974527955055237,ExponentialSmoothing,0.00802454506781742,0.9919754466345341,0.85,0.75
23579,right_hand,0.0032294068951159716,0.9967706203460693,ExponentialSmoothing,0.007305274341912202,0.9926947226912644,0.85,0.75
23604,right_hand,0.004145944956690073,0.9958541393280029,ExponentialSmoothing,0.006831374934128882,0.9931686351867751,0.85,0.75
23654,right_hand,0.005214886274188757,0.9947851300239563,ExponentialSmoothing,0.006588901635137864,0.9934111094123522,0.85,0.75
23679,right_hand,0.00393750099465251,0.9960624575614929,ExponentialSmoothing,0.00619119153906506,0.9938088116347233,0.85,0.75
23704,right_hand,0.002749096369370818,0.9972508549690247,ExponentialSmoothing,0.005674877263610924,0.9943251181348685,0.85,0.75
23754,right_hand,0.0037711241748183966,0.9962288737297058,ExponentialSmoothing,0.005389314300292045,0.994610681474094,0.85,0.75
23804,right_hand,0.0055973120033741,0.9944027066230774,ExponentialSmoothing,0.005420513955754353,0.9945794852464416,0.85,0.75
23829,right_hand,0.006632631178945303,0.9933673739433289,ExponentialSmoothing,0.005602331539232996,0.9943976685509748,0.85,0.75
23879,right_hand,0.009617538191378117,0.9903824925422668,ExponentialSmoothing,0.006204612537054764,0.9937953921496686,0.85,0.75
23904,right_hand,0.00610861973837018,0.9938913583755493,ExponentialSmoothing,0.006190213617252077,0.9938097870835507,0.85,0.75
23954,right_hand,0.0051652067340910435,0.9948347806930542,ExponentialSmoothing,0.006036462584777922,0.9939635361249763,0.85,0.75
23979,right_hand,0.0063466839492321014,0.9936532974243164,ExponentialSmoothing,0.006082995789446048,0.9939170003198774,0.85,0.75
24029,right_hand,0.013328132219612598,0.9866718649864197,ExponentialSmoothing,0.007169766253971031,0.9928302300198588,0.85,0.75
24054,right_hand,0.021745439618825912,0.9782545566558838,ExponentialSmoothing,0.009356117258699264,0.9906438790152625,0.85,0.75
24079,right_hand,0.027917340397834778,0.9720826745033264,ExponentialSmoothing,0.012140300729569592,0.9878596983384721,0.85,0.75
24129,right_hand,0.26856517791748047,0.7314348220825195,ExponentialSmoothing,0.05060403230775623,0.9493959669000792,0.85,0.75
24154,right_hand,0.25712719559669495,0.7428728342056274,ExponentialSmoothing,0.08158250680109705,0.9184174969959114,0.85,0.75
24179,right_hand,0.5659996867179871,0.43400028347969055,ExponentialSmoothing,0.15424508378863055,0.8457549149684782,0.85,0.75
24254,right_hand,0.6099710464477539,0.3900289535522461,ExponentialSmoothing,0.22260397818749905,0.7773960207560434,0.85,0.75
24279,rest,0.7805057168006897,0.21949425339698792,ExponentialSmoothing,0.3062892389794777,0.6937107556521851,0.85,0.75
24329,rest,0.6663879156112671,0.3336120545864105,ExponentialSmoothing,0.36030404047424613,0.6396959504923189,0.85,0.75
24354,rest,0.3946516513824463,0.6053484082221985,ExponentialSmoothing,0.36545618211047615,0.6345438191518008,0.85,0.75
24404,rest,0.6459751129150391,0.35402485728263855,ExponentialSmoothing,0.4075340217311606,0.5924659748714264,0.85,0.75
24429,rest,0.7423512935638428,0.2576487362384796,ExponentialSmoothing,0.4577566125060629,0.5422433890764844,0.85,0.75
24479,rest,0.9547518491744995,0.04524816572666168,ExponentialSmoothing,0.5323058980063284,0.467694105574011,0.85,0.75
24504,rest,0.9567484855651855,0.04325147345662117,ExponentialSmoothing,0.5959722861401571,0.4040277107564025,0.85,0.75
24529,rest,0.9550710916519165,0.04492891952395439,ExponentialSmoothing,0.6498371069669211,0.3501628920715353,0.85,0.75
24579,rest,0.9882149696350098,0.01178506575524807,ExponentialSmoothing,0.7005937863671344,0.2994062181240922,0.85,0.75
24629,rest,0.9960861206054688,0.003913890570402145,ExponentialSmoothing,0.7449176365028846,0.25508236899103864,0.85,0.75
24654,left_hand,0.9957962036132812,0.004203770309686661,ExponentialSmoothing,0.782549421569444,0.21745057918883584,0.85,0.75
24704,left_hand,0.996567964553833,0.00343204103410244,ExponentialSmoothing,0.8146522030171023,0.18534779846562582,0.85,0.75
24729,left_hand,0.9970282912254333,0.0029717842116951942,ExponentialSmoothing,0.842008616248352,0.15799139632753623,0.85,0.75
24779,left_hand,0.998353123664856,0.0016468435060232878,ExponentialSmoothing,0.8654602923608276,0.13453971340430929,0.85,0.75
24804,left_hand,0.9987753033638,0.0012247109552845359,ExponentialSmoothing,0.8854575440112735,0.11454246303695556,0.85,0.75
24854,left_hand,0.9990045428276062,0.0009954291163012385,ExponentialSmoothing,0.9024895938337234,0.0975104079488574,0.85,0.75
24879,left_hand,0.9987465143203735,0.0012535093119367957,ExponentialSmoothing,0.916928131906721,0.08307187315331932,0.85,0.75
24904,left_hand,0.9974780678749084,0.002521890914067626,ExponentialSmoothing,0.9290106223019491,0.07098937581743157,0.85,0.75
24954,left_hand,0.994905948638916,0.005094051361083984,ExponentialSmoothing,0.9388949212524942,0.061105077148979434,0.85,0.75
25004,left_hand,0.9932816028594971,0.006718316115438938,ExponentialSmoothing,0.9470529234935446,0.05294706299394836,0.85,0.75
25029,left_hand,0.9909691214561462,0.009030907414853573,ExponentialSmoothing,0.9536403531879349,0.04635963965708414,0.85,0.75
25079,left_hand,0.985683023929596,0.014316984452307224,ExponentialSmoothing,0.9584467537991841,0.0415532413763676,0.85,0.75
25104,left_hand,0.9930718541145325,0.006928115151822567,ExponentialSmoothing,0.9636405188464864,0.03635947244268584,0.85,0.75
25154,left_hand,0.9966185092926025,0.0033814345952123404,ExponentialSmoothing,0.9685872174134038,0.031412766765564815,0.85,0.75
25179,left_hand,0.998608410358429,0.0013915646122768521,ExponentialSmoothing,0.9730903963551576,0.026909586442571617,0.85,0.75
25229,left_hand,0.9994184970855713,0.0005815027398057282,ExponentialSmoothing,0.9770396114647196,0.022960373887156733,0.85,0.75
25254,left_hand,0.9996340274810791,0.000365989631973207,ExponentialSmoothing,0.9804287738671735,0.019571216248879204,0.85,0.75
25279,left_hand,0.9996663331985474,0.0003336154040880501,ExponentialSmoothing,0.9833144077668796,0.016685576122160532,0.85,0.75
25329,left_hand,0.9995884299278259,0.0004115285992156714,ExponentialSmoothing,0.9857555110910216,0.014244468993718803,0.85,0.75
25379,left_hand,0.9995836615562439,0.0004162971454206854,ExponentialSmoothing,0.987829733660805,0.012170243216474084,0.85,0.75
25404,left_hand,0.9995384216308594,0.0004616150981746614,ExponentialSmoothing,0.9895860368563132,0.010413948998729172,0.85,0.75
25454,left_hand,0.9989851117134094,0.0010148624423891306,ExponentialSmoothing,0.9909958980848776,0.009004086015278166,0.85,0.75
25479,left_hand,0.9986476302146912,0.0013524005189538002,ExponentialSmoothing,0.9921436579043497,0.00785633319082951,0.85,0.75
25529,left_hand,0.9961085915565491,0.0038914592005312443,ExponentialSmoothing,0.9927383979521796,0.00726160209228477,0.85,0.75
25554,left_hand,0.9961603879928589,0.003839610144495964,ExponentialSmoothing,0.9932516964582814,0.006748303300116449,0.85,0.75
25604,left_hand,0.9958364963531494,0.004163550678640604,ExponentialSmoothing,0.9936394164425115,0.0063605904068950725,0.85,0.75
25629,left_hand,0.9959548711776733,0.004045146983116865,ExponentialSmoothing,0.9939867346527858,0.006013273893328341,0.85,0.75
25679,left_hand,0.9908374547958374,0.009162559174001217,ExponentialSmoothing,0.9935143426742434,0.0064856666854292725,0.85,0.75
25704,left_hand,0.9928582906723022,0.007141734007745981,ExponentialSmoothing,0.9934159348739522,0.006584076783776779,0.85,0.75
25729,left_hand,1.0,4.781809063297837e-12,ExponentialSmoothing,0.9944035446428594,0.005596465266927534,0.85,0.75
25779,left_hand,1.0,2.537260647403307e-35,ExponentialSmoothing,0.9952430129464305,0.004756995476888404,0.85,0.75
25829,left_hand,1.0,0.0,ExponentialSmoothing,0.995956561004466,0.004043446155355143,0.85,0.75
25854,left_hand,1.0,0.0,ExponentialSmoothing,0.9965630768537961,0.0034369292320518712,0.85,0.75
25904,left_hand,1.0,0.0,ExponentialSmoothing,0.9970786153257267,0.0029213898472440904,0.85,0.75
25979,left_hand,1.0,0.0,ExponentialSmoothing,0.9975168230268677,0.002483181370157477,0.85,0.75
26004,left_hand,1.0,0.0,ExponentialSmoothing,0.9978892995728376,0.0021107041646338553,0.85,0.75
26054,left_hand,1.0,0.0,ExponentialSmoothing,0.998205904636912,0.001794098539938777,0.85,0.75
26079,left_hand,1.0,0.0,ExponentialSmoothing,0.9984750189413751,0.0015249837589479604,0.85,0.75
26104,left_hand,1.0,0.0,ExponentialSmoothing,0.9987037661001689,0.0012962361951057663,0.85,0.75
26154,left_hand,1.0,0.0,ExponentialSmoothing,0.9988982011851435,0.0011018007658399013,0.85,0.75
26179,left_hand,1.0,0.0,ExponentialSmoothing,0.999063471007372,0.000936530650963916,0.85,0.75
26229,left_hand,1.0,0.0,ExponentialSmoothing,0.9992039503562662,0.0007960510533193285,0.85,0.75
26279,left_hand,1.0,0.0,ExponentialSmoothing,0.9993233578028262,0.0006766433953214292,0.85,0.75
26304,left_hand,1.0,0.0,ExponentialSmoothing,0.9994248541324023,0.0005751468860232149,0.85,0.75
26354,left_hand,1.0,0.0,ExponentialSmoothing,0.999511126012542,0.0004888748531197327,0.85,0.75
26379,left_hand,1.0,0.0,ExponentialSmoothing,0.9995844571106607,0.00041554362515177273,0.85,0.75
26429,left_hand,1.0,0.0,ExponentialSmoothing,0.9996467885440616,0.0003532120813790068,0.85,0.75
26454,left_hand,1.0,0.0,ExponentialSmoothing,0.9996997702624524,0.0003002302691721558,0.85,0.75
26504,left_hand,1.0,0.0,ExponentialSmoothing,0.9997448047230846,0.0002551957287963324,0.85,0.75
26529,left_hand,1.0,0.0,ExponentialSmoothing,0.9997830840146219,0.00021691636947688254,0.85,0.75
26554,left_hand,1.0,0.0,ExponentialSmoothing,0.9998156214124286,0.00018437891405535014,0.85,0.75
26604,left_hand,1.0,0.0,ExponentialSmoothing,0.9998432782005643,0.00015672207694704762,0.85,0.75
26654,left_hand,1.0,1.8901078024413857e-39,ExponentialSmoothing,0.9998667864704797,0.00013321376540499047,0.85,0.75
26679,left_hand,1.0,3.569590973893212e-27,ExponentialSmoothing,0.9998867684999078,0.0001132317005942419,0.85,0.75
26729,left_hand,0.976600170135498,0.023399844765663147,ExponentialSmoothing,0.9963937787452464,0.0036062236603545783,0.85,0.75
26754,left_hand,0.5509189367294312,0.44908103346824646,ExponentialSmoothing,0.9295725524428741,0.07042744513153838,0.85,0.75
26804,left_hand,0.09513884037733078,0.9048612117767334,ExponentialSmoothing,0.8044074956330425,0.19559251012831766,0.85,0.75
26829,rest,0.05201957747340202,0.9479804635047913,ExponentialSmoothing,0.6915493079090964,0.30845070313478873,0.85,0.75
26854,rest,0.04414892569184303,0.9558510184288025,ExponentialSmoothing,0.5944392505765085,0.40556075042889084,0.85,0.75
26904,rest,0.020177772268652916,0.9798222184181213,ExponentialSmoothing,0.5083000288303302,0.49169997062727544,0.85,0.75
26929,rest,0.01683490164577961,0.9831650257110596,ExponentialSmoothing,0.4345802597526476,0.565419728889843,0.85,0.75
26979,rest,0.01581992208957672,0.9841800928115845,ExponentialSmoothing,0.371766209103187,0.6282337834781042,0.85,0.75
27029,rest,0.0058700889348983765,0.9941298961639404,ExponentialSmoothing,0.3168817910779437,0.6831182003809797,0.85,0.75
27054,rest,0.003995859529823065,0.9960041642189026,ExponentialSmoothing,0.2699489013457256,0.7300510949566682,0.85,0.75
27104,right_hand,0.0028044201899319887,0.9971956014633179,ExponentialSmoothing,0.22987722917235653,0.7701227709326657,0.85,0.75
27129,right_hand,0.002993462374433875,0.9970065951347351,ExponentialSmoothing,0.19584466415266813,0.8041553445629761,0.85,0.75
27179,right_hand,0.0014551557833328843,0.9985448122024536,ExponentialSmoothing,0.16668623789726783,0.8333137647088977,0.85,0.75
27204,right_hand,0.001345134456641972,0.998654842376709,ExponentialSmoothing,0.14188507238117395,0.8581149263590695,0.85,0.75
27229,right_hand,0.0011119075352326035,0.9988880753517151,ExponentialSmoothing,0.12076909765428276,0.8792308987079663,0.85,0.75
27279,right_hand,0.0005154515965841711,0.9994845390319824,ExponentialSmoothing,0.10273105074562798,0.8972689447565687,0.85,0.75
27304,right_hand,0.00036185936187393963,0.9996380805969238,ExponentialSmoothing,0.08737567203806487,0.9126243151326221,0.85,0.75
27354,right_hand,0.00035613137879408896,0.9996438026428223,ExponentialSmoothing,0.07432274093917425,0.9256772382591522,0.85,0.75
27379,right_hand,0.000257625913945958,0.999742329120636,ExponentialSmoothing,0.06321297368539,0.9367870018883748,0.85,0.75
27429,right_hand,0.00023428811982739717,0.9997656941413879,ExponentialSmoothing,0.053766170850555614,0.9462338057263268,0.85,0.75
27479,right_hand,0.0002903254935517907,0.9997096657752991,ExponentialSmoothing,0.045744794047005044,0.9542551847336725,0.85,0.75
27504,right_hand,0.0003364061703905463,0.9996635913848877,ExponentialSmoothing,0.03893353586551287,0.9610664457313548,0.85,0.75
27554,right_hand,0.00022463985078502446,0.9997753500938416,ExponentialSmoothing,0.03312720146330369,0.9668727813857279,0.85,0.75
27579,right_hand,0.0003084251075051725,0.9996916055679321,ExponentialSmoothing,0.02820438500993391,0.9717956050130585,0.85,0.75
27629,right_hand,0.0007195661892183125,0.9992803931236267,ExponentialSmoothing,0.02408166218682657,0.9759183232296438,0.85,0.75
27654,right_hand,0.0012491001980379224,0.9987509250640869,ExponentialSmoothing,0.02065677788850827,0.9793432135048102,0.85,0.75
27679,right_hand,0.0013997283531352878,0.9986003041267395,ExponentialSmoothing,0.017768220458202325,0.9822317770980997,0.85,0.75
27729,right_hand,0.0012466480256989598,0.9987533092498779,ExponentialSmoothing,0.01528998459332682,0.9847100069208664,0.85,0.75
27754,right_hand,0.0009151001577265561,0.9990849494934082,ExponentialSmoothing,0.01313375192798678,0.9868662483067476,0.85,0.75
27804,right_hand,0.0009495472186245024,0.9990504384040833,ExponentialSmoothing,0.011306121221582439,0.9886938768213479,0.85,0.75
27854,right_hand,0.0009867773624137044,0.9990131855010986,ExponentialSmoothing,0.009758219642707129,0.9902417731233105,0.85,0.75
27879,right_hand,0.0007135243504308164,0.9992864727973938,ExponentialSmoothing,0.008401515348865681,0.991598478074423,0.85,0.75
27929,right_hand,0.0006081480532884598,0.9993917942047119,ExponentialSmoothing,0.007232510254529098,0.9927674754939664,0.85,0.75
27954,right_hand,0.00044945834088139236,0.9995505213737488,ExponentialSmoothing,0.006215052467481942,0.9937849323759337,0.85,0.75
27979,right_hand,0.00038580677937716246,0.9996141195297241,ExponentialSmoothing,0.005340665614266224,0.9946593104490022,0.85,0.75
28029,right_hand,0.00026742875343188643,0.9997325539588928,ExponentialSmoothing,0.004579680085141074,0.995420296975486,0.85,0.75
28079,right_hand,0.0003079676243942231,0.9996920824050903,ExponentialSmoothing,0.003938923216029047,0.9960610647899266,0.85,0.75
28104,right_hand,0.00035632122308015823,0.9996436834335327,ExponentialSmoothing,0.003401532917086713,0.9965984575864675,0.85,0.75
28154,right_hand,0.0005990377976559103,0.9994009733200073,ExponentialSmoothing,0.0029811586491720926,0.9970188349464985,0.85,0.75
28179,right_hand,0.0006325722788460553,0.9993674159049988,ExponentialSmoothing,0.002628870693623187,0.9973711220902735,0.85,0.75
28229,right_hand,0.000631342176347971,0.9993687272071838,ExponentialSmoothing,0.0023292414160319044,0.99767076285781,0.85,0.75
28254,right_hand,0.0005505412700586021,0.9994494318962097,ExponentialSmoothing,0.0020624363941359088,0.9979375632135699,0.85,0.75
28304,right_hand,0.0010988849680870771,0.9989011287689209,ExponentialSmoothing,0.001917903680228584,0.9980820980468725,0.85,0.75
28329,right_hand,0.0012047934578731656,0.9987951517105103,ExponentialSmoothing,0.0018109371468752714,0.9981890560964182,0.85,0.75
28379,right_hand,0.0016761139268055558,0.9983238577842712,ExponentialSmoothing,0.001790713663864814,0.9982092763495961,0.85,0.75
28404,right_hand,0.0011355793103575706,0.9988644123077393,ExponentialSmoothing,0.0016924435108387275,0.9983075467433176,0.85,0.75
28454,right_hand,0.0007042479119263589,0.999295711517334,ExponentialSmoothing,0.0015442141710018723,0.99845577145942,0.85,0.75
28479,right_hand,0.0005097616231068969,0.9994902610778809,ExponentialSmoothing,0.001389046288817626,0.9986109449021892,0.85,0.75
28529,right_hand,0.0006402492290362716,0.9993597865104675,ExponentialSmoothing,0.0012767267298504227,0.9987232711434308,0.85,0.75
28554,right_hand,0.0004851359117310494,0.9995148181915283,ExponentialSmoothing,0.0011579881071325168,0.9988420032006454,0.85,0.75
28579,right_hand,0.000557567982468754,0.9994423985481262,ExponentialSmoothing,0.0010679250884329523,0.9989320625027676,0.85,0.75
28629,right_hand,0.0004094729956705123,0.9995905756950378,ExponentialSmoothing,0.0009691572745185863,0.9990308394816081,0.85,0.75
28679,right_hand,0.0005763826193287969,0.999423623085022,ExponentialSmoothing,0.0009102410762401177,0.9990897570221202,0.85,0.75
28704,right_hand,0.0005898625822737813,0.9994101524353027,ExponentialSmoothing,0.0008621843021451673,0.9991378163340976,0.85,0.75
28754,right_hand,0.0007290456560440361,0.9992709755897522,ExponentialSmoothing,0.0008422135052299976,0.9991577902224458,0.85,0.75
28779,right_hand,0.0010711188660934567,0.9989288449287415,ExponentialSmoothing,0.0008765493093595164,0.9991234484283901,0.85,0.75
28829,right_hand,0.0017157861730083823,0.9982841610908508,ExponentialSmoothing,0.0010024348389068463,0.9989975553277592,0.85,0.75
28854,right_hand,0.0025939508341252804,0.9974060654640198,ExponentialSmoothing,0.0012411622381896116,0.9987588318481984,0.85,0.75
28904,right_hand,0.007426186464726925,0.9925738573074341,ExponentialSmoothing,0.002168915872170209,0.9978310856670837,0.85,0.75
28929,right_hand,0.007479614578187466,0.9925204515457153,ExponentialSmoothing,0.0029655206780727977,0.9970344905488784,0.85,0.75
28954,right_hand,0.012811645865440369,0.9871883392333984,ExponentialSmoothing,0.004442439456177933,0.9955575678515565,0.85,0.75
29004,right_hand,0.01611265353858471,0.9838873744010925,ExponentialSmoothing,0.0061929715685389505,0.9938070388339869,0.85,0.75
29054,right_hand,0.027581727132201195,0.9724182486534119,ExponentialSmoothing,0.009401284903088288,0.9905987203069007,0.85,0.75
29079,right_hand,0.03491382673382759,0.9650861620903015,ExponentialSmoothing,0.013228166177699183,0.9867718365744107,0.85,0.75
29129,right_hand,0.41241687536239624,0.5875831246376038,ExponentialSmoothing,0.07310647255540376,0.9268935297838896,0.85,0.75
29154,right_hand,0.7146561145782471,0.28534382581710815,ExponentialSmoothing,0.16933891885883026,0.8306610741888724,0.85,0.75
29204,rest,0.9586651921272278,0.04133480787277222,ExponentialSmoothing,0.2877378598490899,0.7122621342414572,0.85,0.75
29229,rest,0.9357291460037231,0.06427077949047089,ExponentialSmoothing,0.3849365527722849,0.6150634310288093,0.85,0.75
29279,rest,0.9912257790565491,0.008774176239967346,ExponentialSmoothing,0.47587993671492457,0.5241200428104831,0.85,0.75
29304,rest,0.9955160021781921,0.004483991302549839,ExponentialSmoothing,0.5538253465344147,0.4461746350842931,0.85,0.75
29354,rest,0.9985626339912415,0.0014373461017385125,ExponentialSmoothing,0.6205359396529387,0.3794640417369099,0.85,0.75
29379,rest,0.9992942810058594,0.0007056395406834781,ExponentialSmoothing,0.6773496908558768,0.3226502814074759,0.85,0.75
29404,rest,0.9993583559989929,0.0006416472024284303,ExponentialSmoothing,0.7256509906273443,0.2743489862767188,0.85,0.75
29454,left_hand,0.9990777969360352,0.0009221687796525657,ExponentialSmoothing,0.766665011573648,0.23333496365215883,0.85,0.75
29504,left_hand,0.9991680383682251,0.0008320176275447011,ExponentialSmoothing,0.8015404655928344,0.1984595217484667,0.85,0.75
29579,left_hand,0.9995110034942627,0.0004890068667009473,ExponentialSmoothing,0.8312360462780487,0.16876394451620183,0.85,0.75
29604,left_hand,0.9995298385620117,0.00047021423233672976,ExponentialSmoothing,0.8564801151206431,0.14351988497362206,0.85,0.75
29654,left_hand,0.9992252588272095,0.0007747469935566187,ExponentialSmoothing,0.8778918866766281,0.12210811427661224,0.85,0.75
29679,left_hand,0.9987208247184753,0.0012791039189323783,ExponentialSmoothing,0.8960162273829052,0.10398376272296025,0.85,0.75
29729,left_hand,0.9969736337661743,0.00302632967941463,ExponentialSmoothing,0.9111598383403956,0.08884014776642842,0.85,0.75
29754,left_hand,0.9938650727272034,0.006134899333119392,ExponentialSmoothing,0.9235656234984169,0.07643436050143207,0.85,0.75
29779,left_hand,0.9903428554534912,0.00965716503560543,ExponentialSmoothing,0.933582208291678,0.06641778118155807,0.85,0.75
29829,left_hand,0.9646481275558472,0.03535190224647522,ExponentialSmoothing,0.9382420961813034,0.061757899341295636,0.85,0.75
29854,left_hand,0.8308753967285156,0.1691245585680008,ExponentialSmoothing,0.9221370912633853,0.0778628982253014,0.85,0.75
29904,left_hand,0.22863057255744934,0.771369457244873,ExponentialSmoothing,0.8181111134574949,0.18188888207823717,0.85,0.75
29954,rest,0.09642044454813004,0.9035794734954834,ExponentialSmoothing,0.7098575131210901,0.2901424707908241,0.85,0.75
29979,rest,0.11698642373085022,0.8830136060714722,ExponentialSmoothing,0.6209268497125541,0.37907314108292134,0.85,0.75
30029,rest,0.1850036382675171,0.8149963021278381,ExponentialSmoothing,0.5555383679957986,0.4444616152396589,0.85,0.75
30054,rest,0.2895503342151642,0.7104496359825134,ExponentialSmoothing,0.5156401629287034,0.4843598183510871,0.85,0.75
30104,rest,0.06916995346546173,0.9308300614356995,ExponentialSmoothing,0.4486696315092171,0.551330354813779,0.85,0.75
30129,rest,0.022310877218842506,0.9776891469955444,ExponentialSmoothing,0.38471581836566093,0.6152841736410438,0.85,0.75
30179,rest,0.0016578100621700287,0.9983421564102173,ExponentialSmoothing,0.3272571171201373,0.6727428710564198,0.85,0.75
30204,rest,0.0006784325232729316,0.9993215799331665,ExponentialSmoothing,0.2782703144306076,0.7217296773879318,0.85,0.75
30229,right_hand,0.00016971291915979236,0.9998302459716797,ExponentialSmoothing,0.23655522420389044,0.7634447626754939,0.85,0.75
30279,right_hand,2.8828264476032928e-05,0.9999711513519287,ExponentialSmoothing,0.20107626481297827,0.7989237209769592,0.85,0.75
30329,right_hand,1.080317724699853e-05,0.9999891519546509,ExponentialSmoothing,0.1709164455676186,0.829083535623613,0.85,0.75
30354,right_hand,1.0960898180201184e-05,0.9999890327453613,ExponentialSmoothing,0.14528062286720284,0.8547193601918753,0.85,0.75
30404,right_hand,1.2117097867303528e-05,0.9999878406524658,ExponentialSmoothing,0.1234903470018025,0.8765096322609639,0.85,0.75
30429,right_hand,9.891689842334017e-06,0.9999901056289673,ExponentialSmoothing,0.10496827870500847,0.8950317032661644,0.85,0.75
30479,right_hand,9.398212569067255e-06,0.9999905824661255,ExponentialSmoothing,0.08922444663114255,0.9107755351461586,0.85,0.75
30504,right_hand,7.930872016004287e-06,0.9999920129776001,ExponentialSmoothing,0.07584196926727356,0.9241580068208749,0.85,0.75
30554,right_hand,7.49941318645142e-06,0.9999924898147583,ExponentialSmoothing,0.06446679878916049,0.9355331792699574,0.85,0.75
30579,right_hand,1.1095283298345748e-05,0.9999889135360718,ExponentialSmoothing,0.05479844326328116,0.9452015394098745,0.85,0.75
30604,right_hand,1.6674493963364512e-05,0.9999833106994629,ExponentialSmoothing,0.046581177947883495,0.9534188051033128,0.85,0.75
30654,right_hand,3.2613443181617185e-05,0.9999673366546631,ExponentialSmoothing,0.039598893272178214,0.9604010848360154,0.85,0.75
30704,right_hand,0.00011721360351657495,0.9998828172683716,ExponentialSmoothing,0.03367664132187897,0.9663233447008688,0.85,0.75
30729,right_hand,0.00016796524869278073,0.999832034111023,ExponentialSmoothing,0.02865033991090104,0.971349648112392,0.85,0.75
30779,right_hand,0.0010243644937872887,0.9989756345748901,ExponentialSmoothing,0.024506443598333975,0.9754935460817667,0.85,0.75
30804,right_hand,0.0014121353160589933,0.9985878467559814,ExponentialSmoothing,0.021042297355992726,0.978957691182899,0.85,0.75
30854,right_hand,0.0013581649400293827,0.9986417889595032,ExponentialSmoothing,0.018089677493598223,0.9819103058493897,0.85,0.75
30879,right_hand,0.0016194145428016782,0.9983805418014526,ExponentialSmoothing,0.015619138050978741,0.9843808412421992,0.85,0.75
30904,right_hand,0.0027607805095613003,0.9972392320632935,ExponentialSmoothing,0.013690384419766125,0.9863095998653633,0.85,0.75
30954,right_hand,0.002208892023190856,0.997791051864624,ExponentialSmoothing,0.011968160560279835,0.9880318176652524,0.85,0.75
31004,right_hand,0.0027969847433269024,0.99720299243927,ExponentialSmoothing,0.010592484187736895,0.989407493881355,0.85,0.75
31029,right_hand,0.005872018169611692,0.9941279888153076,ExponentialSmoothing,0.009884414285018114,0.9901155681214479,0.85,0.75
31079,right_hand,0.041383206844329834,0.9586167931556702,ExponentialSmoothing,0.014609233168914874,0.9853907518765812,0.85,0.75
31104,right_hand,0.21638108789920807,0.7836189270019531,ExponentialSmoothing,0.044875011378458854,0.955124978145387,0.85,0.75
31154,right_hand,0.5797851085662842,0.4202149212360382,ExponentialSmoothing,0.12511152595663266,0.8748884696089846,0.85,0.75
31179,right_hand,0.7167819738388062,0.2832179665565491,ExponentialSmoothing,0.2138620931389587,0.7861378941511192,0.85,0.75
31229,rest,0.9390358328819275,0.06096412241458893,ExponentialSmoothing,0.32263815410040403,0.6773618283906397,0.85,0.75
31254,rest,0.9691243767738342,0.03087565489113331,ExponentialSmoothing,0.41961108750141857,0.5803889023657137,0.85,0.75
31304,rest,0.9874387383460999,0.012561317533254623,ExponentialSmoothing,0.5047852351281208,0.49521476464084485,0.85,0.75
31329,rest,0.9837860465049744,0.016213878989219666,ExponentialSmoothing,0.5766353568346488,0.4233646317931011,0.85,0.75
31379,rest,0.9891093969345093,0.010890658013522625,ExponentialSmoothing,0.6385064628496279,0.3614935357261643,0.85,0.75
31404,rest,0.9892672300338745,0.010732751339673996,ExponentialSmoothing,0.6911205779272649,0.30887941806819075,0.85,0.75
31454,rest,0.983619749546051,0.016380229964852333,ExponentialSmoothing,0.7349954536700828,0.26500453985268996,0.85,0.75
31479,left_hand,0.9777936339378357,0.022206412628293037,ExponentialSmoothing,0.7714151807102457,0.22858482076903042,0.85,0.75
31504,left_hand,0.9815660715103149,0.018433954566717148,ExponentialSmoothing,0.8029378143302561,0.1970621908386834,0.85,0.75
31554,left_hand,0.9866358637809753,0.013364098034799099,ExponentialSmoothing,0.830492521747864,0.16950747691810075,0.85,0.75
31604,left_hand,0.9738648533821106,0.026135118678212166,ExponentialSmoothing,0.8519983714930011,0.14800162318211746,0.85,0.75
31629,left_hand,0.9603601694107056,0.03963983803987503,ExponentialSmoothing,0.8682526411806567,0.13174735541078111,0.85,0.75
31679,left_hand,0.8751141428947449,0.12488581985235214,ExponentialSmoothing,0.86928186643777,0.13071812507701677,0.85,0.75
31704,left_hand,0.913358747959137,0.08664131164550781,ExponentialSmoothing,0.875893398665975,0.12410660306229042,0.85,0.75
31754,left_hand,0.9799706935882568,0.020029298961162567,ExponentialSmoothing,0.8915049929043173,0.10849500744712125,0.85,0.75
31779,left_hand,0.9789931774139404,0.021006828173995018,ExponentialSmoothing,0.9046282205807608,0.09537178055615231,0.85,0.75
31829,left_hand,0.9549696445465088,0.04503040760755539,ExponentialSmoothing,0.912179434175623,0.08782057461386276,0.85,0.75
31854,left_hand,0.9455614686012268,0.054438523948192596,ExponentialSmoothing,0.9171867393394635,0.08281326701401223,0.85,0.75
31879,left_hand,0.9314398765563965,0.06856018304824829,ExponentialSmoothing,0.9193247099220034,0.08067530441914765,0.85,0.75
31929,left_hand,0.42538636922836304,0.574613630771637,ExponentialSmoothing,0.8452339588179574,0.15476605337202107,0.85,0.75
31979,rest,0.06495097279548645,0.9350489974021912,ExponentialSmoothing,0.7281915109145867,0.2718084949765466,0.85,0.75
32004,rest,0.01873379573225975,0.9812661409378052,ExponentialSmoothing,0.6217728536372377,0.37822714187073536,0.85,0.75
32054,rest,0.008988957852125168,0.9910110235214233,ExponentialSmoothing,0.5298552692694708,0.4701447241183386,0.85,0.75
32079,rest,0.011058662086725235,0.9889413714408875,ExponentialSmoothing,0.4520357781920589,0.5479642212167208,0.85,0.75
32129,rest,0.007044833619147539,0.9929551482200623,ExponentialSmoothing,0.38528713650612223,0.614712860267222,0.85,0.75
32154,rest,0.006263951305299997,0.9937360286712646,ExponentialSmoothing,0.3284336587259989,0.6715663355278285,0.85,0.75
32179,rest,0.0035740905441343784,0.9964259266853333,ExponentialSmoothing,0.2797047234987192,0.7202952742014541,0.85,0.75
32229,right_hand,0.0018194036092609167,0.998180627822876,ExponentialSmoothing,0.23802192551530046,0.7619780772446674,0.85,0.75
32254,right_hand,0.001241533667780459,0.9987584352493286,ExponentialSmoothing,0.20250486673817247,0.7974951309453666,0.85,0.75
32304,right_hand,0.0019765780307352543,0.9980233907699585,ExponentialSmoothing,0.1724256234320569,0.8275743699190554,0.85,0.75
32354,right_hand,0.004322031978517771,0.9956780076026917,ExponentialSmoothing,0.14721008471402602,0.8527899155716009,0.85,0.75
32379,right_hand,0.003924379590898752,0.9960755705833435,ExponentialSmoothing,0.12571722894555692,0.8742827638233622,0.85,0.75
32429,right_hand,0.00202743848785758,0.9979725480079651,ExponentialSmoothing,0.10716376037690202,0.8928362314510526,0.85,0.75
32454,right_hand,0.0012523425975814462,0.9987475872039795,ExponentialSmoothing,0.09127704771000393,0.9087229348139916,0.85,0.75
32504,right_hand,0.0005918990354984999,0.9994081258773804,ExponentialSmoothing,0.07767427540882811,0.9223257134734999,0.85,0.75
32529,right_hand,0.0004150622698944062,0.999584972858429,ExponentialSmoothing,0.06608539343798805,0.9339146023812392,0.85,0.75
32579,right_hand,0.0004276630061212927,0.9995723366737366,ExponentialSmoothing,0.05623673387320804,0.9437632625251139,0.85,0.75
32604,right_hand,0.00040343019645661116,0.9995965361595154,ExponentialSmoothing,0.047861738321695324,0.9521382535702742,0.85,0.75
32629,right_hand,0.00032217902480624616,0.9996777772903442,ExponentialSmoothing,0.04073080442716196,0.9592691821282846,0.85,0.75
32679,right_hand,0.00015275565965566784,0.9998471736907959,ExponentialSmoothing,0.03464409711203602,0.9653558808626613,0.85,0.75
32729,right_hand,0.00011944403377128765,0.9998805522918701,ExponentialSmoothing,0.029465399150296306,0.9705345815770426,0.85,0.75
32754,right_hand,0.00011643314064713195,0.9998835325241089,ExponentialSmoothing,0.02506305424884893,0.9749369242191026,0.85,0.75
32804,right_hand,0.00023849053832236677,0.9997615218162537,ExponentialSmoothing,0.021339369692269943,0.9786606138586752,0.85,0.75
32829,right_hand,0.0002960259735118598,0.9997039437294006,ExponentialSmoothing,0.01818286813445623,0.9818171133392841,0.85,0.75
32879,right_hand,0.0007518721977248788,0.9992480874061584,ExponentialSmoothing,0.015568218743946526,0.9844317594493153,0.85,0.75
32904,right_hand,0.0008054743520915508,0.9991945624351501,ExponentialSmoothing,0.01335380708516828,0.9866461798971904,0.85,0.75
32954,right_hand,0.0009455578401684761,0.999054491519928,ExponentialSmoothing,0.011492569698418309,0.9885074266406011,0.85,0.75
32979,right_hand,0.0007196828373707831,0.9992803931236267,ExponentialSmoothing,0.00987663666926118,0.9901233716130549,0.85,0.75
33029,right_hand,0.0006983308703638613,0.9993016719818115,ExponentialSmoothing,0.008499890799426582,0.9915001166683683,0.85,0.75
33054,right_hand,0.0006002600421197712,0.9993997812271118,ExponentialSmoothing,0.007314946185830559,0.9926850663521799,0.85,0.75
33079,right_hand,0.0006142740603536367,0.9993857145309448,ExponentialSmoothing,0.006309845367009021,0.9936901635789946,0.85,0.75
33129,right_hand,0.001198437763378024,0.998801589012146,ExponentialSmoothing,0.005543134226464371,0.9944568773939674,0.85,0.75
33179,right_hand,0.0008459388045594096,0.9991540908813477,ExponentialSmoothing,0.004838554913178627,0.9951614594170743,0.85,0.75
33204,right_hand,0.00048054681974463165,0.9995194673538208,ExponentialSmoothing,0.004184853699163527,0.9958151606075862,0.85,0.75
33254,right_hand,0.00032811379060149193,0.9996719360351562,ExponentialSmoothing,0.0036063427128792216,0.9963936769217218,0.85,0.75
33279,right_hand,0.000390653993235901,0.9996094107627869,ExponentialSmoothing,0.0031239894049327234,0.9968760369978815,0.85,0.75
33329,right_hand,0.00087884342065081,0.9991211295127869,ExponentialSmoothing,0.0027872175072904365,0.9972128008751173,0.85,0.75
33354,right_hand,0.0012801082339137793,0.9987199306488037,ExponentialSmoothing,0.0025611511162839376,0.9974388703411703,0.85,0.75
33404,right_hand,0.0016463373322039843,0.9983537197113037,ExponentialSmoothing,0.0024239290486719445,0.9975760977466903,0.85,0.75
33429,right_hand,0.0024545593187212944,0.9975454211235046,ExponentialSmoothing,0.002428523589179347,0.9975714962532124,0.85,0.75
33479,right_hand,0.002698614727705717,0.9973013997077942,ExponentialSmoothing,0.0024690372599583026,0.9975309817713996,0.85,0.75
33504,right_hand,0.003556519979611039,0.9964434504508972,ExponentialSmoothing,0.002632159667906213,0.9973678520733243,0.85,0.75
33554,right_hand,0.007355234120041132,0.9926447868347168,ExponentialSmoothing,0.0033406208357264515,0.9966593922875332,0.85,0.75
33579,right_hand,0.03782239928841591,0.9621776342391968,ExponentialSmoothing,0.00851288760362987,0.9914871285802828,0.85,0.75
33629,right_hand,0.5154221057891846,0.48457789421081543,ExponentialSmoothing,0.08454927033146309,0.9154507434248627,0.85,0.75
33654,right_hand,0.6232869029045105,0.3767130672931671,ExponentialSmoothing,0.16535991521742022,0.8346400920051082,0.85,0.75
33704,right_hand,0.13862024247646332,0.8613797426223755,ExponentialSmoothing,0.16134896430627668,0.8386510395976983,0.85,0.75
33729,right_hand,0.11718123406171799,0.8828186988830566,ExponentialSmoothing,0.15472380476959288,0.845276188490502,0.85,0.75
33779,right_hand,0.03952307626605034,0.9604769945144653,ExponentialSmoothing,0.1374436954940615,0.8625563093940964,0.85,0.75
33804,right_hand,0.08826407790184021,0.9117359519004822,ExponentialSmoothing,0.1300667528552283,0.8699332557700543,0.85,0.75
33829,right_hand,0.10649482905864716,0.8935051560401917,ExponentialSmoothing,0.12653096428574115,0.873469040810575,0.85,0.75
33879,right_hand,0.3056439459323883,0.6943560242652893,ExponentialSmoothing,0.15339791153273824,0.8466020883287821,0.85,0.75
33904,right_hand,0.7176951169967651,0.28230488300323486,ExponentialSmoothing,0.2380424923523423,0.7619575075299501,0.85,0.75
33954,rest,0.8594453930854797,0.14055459201335907,ExponentialSmoothing,0.33125292746231294,0.6687470702024614,0.85,0.75
34004,rest,0.9218380451202393,0.07816200703382492,ExponentialSmoothing,0.4198406951110019,0.5801593107271659,0.85,0.75
34029,rest,0.9433273077011108,0.05667264759540558,ExponentialSmoothing,0.4983636869995183,0.5016363112574018,0.85,0.75
34079,rest,0.9515591859817505,0.04844081401824951,ExponentialSmoothing,0.5663430118468531,0.43365698667152897,0.85,0.75
34104,rest,0.9636326432228088,0.03636733815073967,ExponentialSmoothing,0.6259364565532465,0.3740635393934106,0.85,0.75
34154,rest,0.9255613684654236,0.07443863153457642,ExponentialSmoothing,0.670880193340073,0.32911980321458545,0.85,0.75
34179,rest,0.9117554426193237,0.08824454993009567,ExponentialSmoothing,0.7070114807319605,0.292988515221912,0.85,0.75
34229,rest,0.39092034101486206,0.6090796589851379,ExponentialSmoothing,0.6595978097743957,0.3404021867863959,0.85,0.75
34254,rest,0.4932308495044708,0.5067691206932068,ExponentialSmoothing,0.6346427657339071,0.3653572268724175,0.85,0.75
34279,rest,0.4983294904232025,0.5016704797744751,ExponentialSmoothing,0.6141957744373013,0.3858042148077262,0.85,0.75
34329,rest,0.06766936182975769,0.9323306679725647,ExponentialSmoothing,0.5322168125461698,0.46778318278245196,0.85,0.75
34379,rest,0.015096593648195267,0.9849033355712891,ExponentialSmoothing,0.45464877971147366,0.5453512057007776,0.85,0.75
34404,rest,0.011119270697236061,0.9888807535171509,ExponentialSmoothing,0.388119353359338,0.6118806378732335,0.85,0.75
34454,rest,0.0038682222366333008,0.9961317777633667,ExponentialSmoothing,0.3304816836909323,0.6695183088567536,0.85,0.75
34479,rest,0.0021964292973279953,0.9978035092353821,ExponentialSmoothing,0.28123889553189163,0.7187610889135478,0.85,0.75
34529,right_hand,0.001141635118983686,0.9988583326339722,ExponentialSmoothing,0.23922430646995543,0.7607756754716115,0.85,0.75
34554,right_hand,0.0010569064179435372,0.9989431500434875,ExponentialSmoothing,0.20349919646215364,0.7965007966573929,0.85,0.75
34604,right_hand,0.0011252278927713633,0.9988747239112854,ExponentialSmoothing,0.17314310117674628,0.8268568857454768,0.85,0.75
34629,right_hand,0.0007657220121473074,0.9992343187332153,ExponentialSmoothing,0.14728649430205643,0.8527135006936375,0.85,0.75
34679,right_hand,0.0006040449952706695,0.9993959665298462,ExponentialSmoothing,0.12528412690603855,0.8747158705690689,0.85,0.75
34704,right_hand,0.0005078042740933597,0.9994921684265137,ExponentialSmoothing,0.10656767851124677,0.8934323152476856,0.85,0.75
34754,right_hand,0.000838494161143899,0.9991614818572998,ExponentialSmoothing,0.09070830085873133,0.9092916902391277,0.85,0.75
34779,right_hand,0.0007761184242554009,0.9992238283157349,ExponentialSmoothing,0.07721847349355994,0.9227815109506188,0.85,0.75
34829,right_hand,0.0016719142440706491,0.9983280301094055,ExponentialSmoothing,0.06588648960613655,0.9341134888244368,0.85,0.75
34879,right_hand,0.003003886202350259,0.9969961643218994,ExponentialSmoothing,0.0564540990955686,0.9435458901490562,0.85,0.75
34929,right_hand,0.004431883804500103,0.9955680966377258,ExponentialSmoothing,0.04865076680190833,0.9513492211223566,0.85,0.75
34979,right_hand,0.0116474824026227,0.9883524775505066,ExponentialSmoothing,0.043100274142015484,0.9568997095865792,0.85,0.75
35004,right_hand,0.012468592263758183,0.9875313639640808,ExponentialSmoothing,0.03850552186027689,0.9614944577432045,0.85,0.75
35054,right_hand,0.03053564578294754,0.9694643020629883,ExponentialSmoothing,0.03731004044867749,0.9626899343911721,0.85,0.75
35079,right_hand,0.0468953400850296,0.9531046748161316,ExponentialSmoothing,0.038747835394130306,0.9612521454549161,0.85,0.75
35104,right_hand,0.11069200187921524,0.8893080353736877,ExponentialSmoothing,0.04953946036689305,0.9504605289427319,0.85,0.75
35154,right_hand,0.5331507921218872,0.46684926748275757,ExponentialSmoothing,0.12208116013014218,0.8779188397237357,0.85,0.75
35179,right_hand,0.7555195689201355,0.24448038637638092,ExponentialSmoothing,0.21709692144864118,0.7829030717216324,0.85,0.75
35204,rest,0.9609091281890869,0.039090901613235474,ExponentialSmoothing,0.32866875245970806,0.6713312462053729,0.85,0.75
35279,rest,0.9972615242004395,0.0027384834829717875,ExponentialSmoothing,0.4289576682208178,0.5710423317970127,0.85,0.75
35304,rest,0.9982512593269348,0.0017486587166786194,ExponentialSmoothing,0.5143517068867354,0.48564828083496253,0.85,0.75
35354,rest,0.9991162419319153,0.0008837934001348913,ExponentialSmoothing,0.5870663871435124,0.41293360771973836,0.85,0.75
35379,rest,0.9993341565132141,0.0006657733465544879,ExponentialSmoothing,0.6489065525489677,0.3510934325637608,0.85,0.75
35429,rest,0.9995177984237671,0.00048217017319984734,ExponentialSmoothing,0.7014982394301876,0.29850174320517664,0.85,0.75
35454,rest,0.9995375871658325,0.0004624548018909991,ExponentialSmoothing,0.7462041415905343,0.2537958499446838,0.85,0.75
35504,left_hand,0.9995445609092712,0.00045544005115516484,ExponentialSmoothing,0.7842052044883449,0.21579478846065447,0.85,0.75
35529,left_hand,0.9996253252029419,0.0003746316651813686,ExponentialSmoothing,0.8165182225955344,0.1834817649413335,0.85,0.75
35554,left_hand,0.9997856020927429,0.00021439082047436386,ExponentialSmoothing,0.8440083295201157,0.15599165882320462,0.85,0.75
35604,left_hand,0.999826967716217,0.00017306178051512688,ExponentialSmoothing,0.8673811252495309,0.1326188692668012,0.85,0.75
35654,left_hand,0.9997976422309875,0.0002024197019636631,ExponentialSmoothing,0.8872436027967494,0.11275640183207555,0.85,0.75
35679,left_hand,0.9997599720954895,0.0002400019729975611,ExponentialSmoothing,0.9041210581915604,0.09587894185321386,0.85,0.75
35729,left_hand,0.9996230602264404,0.00037696369690820575,ExponentialSmoothing,0.9184463584967925,0.08155364512976801,0.85,0.75
35754,left_hand,0.9995177984237671,0.0004822375485673547,ExponentialSmoothing,0.9306070744858387,0.06939293399258792,0.85,0.75
35804,left_hand,0.9996398687362671,0.000360170059138909,ExponentialSmoothing,0.940961993623403,0.059038019402570564,0.85,0.75
35829,left_hand,0.9996091723442078,0.00039081540307961404,ExponentialSmoothing,0.9497590704315237,0.05024093880264692,0.85,0.75
35854,left_hand,0.999660849571228,0.00033919003908522427,ExponentialSmoothing,0.9572443373024794,0.04275567648811267,0.85,0.75
35904,left_hand,0.9996108412742615,0.0003891380038112402,ExponentialSmoothing,0.9635993128982467,0.03640069571546745,0.85,0.75
35929,left_hand,0.9996933937072754,0.0003065781493205577,ExponentialSmoothing,0.9690134250196011,0.03098657808054542,0.85,0.75
35979,left_hand,0.9998152852058411,0.00018477681442163885,ExponentialSmoothing,0.9736337040475371,0.026366307890626852,0.85,0.75
36029,left_hand,0.9998063445091248,0.00019365637854207307,ExponentialSmoothing,0.9775596001167753,0.022440410163814133,0.85,0.75
36054,left_hand,0.9997385144233704,0.00026150577468797565,ExponentialSmoothing,0.9808864372627646,0.019113574505445208,0.85,0.75
36104,left_hand,0.999629020690918,0.0003709802695084363,ExponentialSmoothing,0.9836978247769876,0.016302185370054692,0.85,0.75
36129,left_hand,0.9992462396621704,0.0007537977653555572,ExponentialSmoothing,0.986030087009765,0.013969927229349822,0.85,0.75
36154,left_hand,0.9991322159767151,0.0008677610312588513,ExponentialSmoothing,0.9879954063548075,0.012004602299636177,0.85,0.75
36204,left_hand,0.9981695413589478,0.0018304033437743783,ExponentialSmoothing,0.9895215266054286,0.010478472456256906,0.85,0.75
36254,left_hand,0.9974613189697266,0.002538715722039342,ExponentialSmoothing,0.9907124954600732,0.00928750894612427,0.85,0.75
36279,left_hand,0.9967086315155029,0.0032913819886744022,ExponentialSmoothing,0.9916119158683877,0.008388089902506791,0.85,0.75
36329,left_hand,0.9968991279602051,0.0031008832156658173,ExponentialSmoothing,0.9924049976821603,0.007595008899480645,0.85,0.75
36354,left_hand,0.997634768486023,0.002365169348195195,ExponentialSmoothing,0.9931894633027396,0.006810532966787827,0.85,0.75
36404,left_hand,0.9981153011322021,0.0018847003811970353,ExponentialSmoothing,0.993928338977159,0.006071658078949209,0.85,0.75
36429,left_hand,0.9982454776763916,0.0017545208102092147,ExponentialSmoothing,0.9945759097820439,0.00542408748863821,0.85,0.75
36479,left_hand,0.9973390698432922,0.002660949481651187,ExponentialSmoothing,0.9949903837912311,0.005009616787590156,0.85,0.75
36504,left_hand,0.9977005124092102,0.0022994361352175474,ExponentialSmoothing,0.9953969030839279,0.004603089689734265,0.85,0.75
36554,left_hand,0.9956711530685425,0.004328806418925524,ExponentialSmoothing,0.9954380405816201,0.004561947199112954,0.85,0.75
36579,left_hand,0.9919613003730774,0.008038756437599659,ExponentialSmoothing,0.9949165295503388,0.00508346858488596,0.85,0.75
36629,left_hand,0.991795003414154,0.008204996585845947,ExponentialSmoothing,0.9944483006299112,0.005551697785029958,0.85,0.75
36654,left_hand,0.9344845414161682,0.06551551073789597,ExponentialSmoothing,0.9854537367478498,0.01454626972795986,0.85,0.75
36679,left_hand,0.2848588228225708,0.7151411771774292,ExponentialSmoothing,0.8803644996590578,0.11963550584538027,0.85,0.75
36729,left_hand,0.013361628167331219,0.9866384267807007,ExponentialSmoothing,0.7503140689352988,0.24968594398567834,0.85,0.75
36754,rest,0.0037182096857577562,0.9962818026542664,ExponentialSmoothing,0.6383246900478676,0.3616753227859666,0.85,0.75
36804,rest,0.0012469009961932898,0.9987530708312988,ExponentialSmoothing,0.5427630216901165,0.45723698499276644,0.85,0.75
36829,rest,0.00037066140794195235,0.9996293783187866,ExponentialSmoothing,0.4614041676477903,0.5385958439916695,0.85,0.75
36879,rest,0.0001964718831004575,0.9998036026954651,ExponentialSmoothing,0.3922230132830868,0.6077770077972389,0.85,0.75
36929,rest,0.00011074848589487374,0.9998892545700073,ExponentialSmoothing,0.333406173563508,0.6665938448131541,0.85,0.75
37004,rest,0.00014065288996789604,0.9998593330383301,ExponentialSmoothing,0.28341634546247696,0.7165836680469305,0.85,0.75
37029,right_hand,0.00012188891560072079,0.9998780488967896,ExponentialSmoothing,0.24092217698044552,0.7590778251744094,0.85,0.75
37079,right_hand,0.00012741329555865377,0.9998725652694702,ExponentialSmoothing,0.20480296242771248,0.7951970361886684,0.85,0.75
37104,right_hand,0.0001343988551525399,0.9998655319213867,ExponentialSmoothing,0.17410267789182848,0.8258973105485762,0.85,0.75
37129,right_hand,0.00010042724898084998,0.9998995065689087,ExponentialSmoothing,0.14800234029540135,0.851997639951626,0.85,0.75
37179,right_hand,5.368690108298324e-05,0.9999463558197021,ExponentialSmoothing,0.1258100422862536,0.8741899473318374,0.85,0.75
37229,right_hand,2.6358522518421523e-05,0.9999736547470093,ExponentialSmoothing,0.10694248972169332,0.8930575034441133,0.85,0.75
37254,right_hand,1.7978270989260636e-05,0.9999819993972778,ExponentialSmoothing,0.0909038130040877,0.9090961778370881,0.85,0.75
37304,right_hand,1.0438679055368993e-05,0.9999895095825195,ExponentialSmoothing,0.07726980685533286,0.9227301775989027,0.85,0.75
37329,right_hand,1.0746150110207964e-05,0.9999892711639404,ExponentialSmoothing,0.06568094774954945,0.9343190416336584,0.85,0.75
37379,right_hand,1.5426438039867207e-05,0.999984622001648,ExponentialSmoothing,0.05583111955282301,0.9441688786888569,0.85,0.75
37404,right_hand,1.5019361853774171e-05,0.9999849796295166,ExponentialSmoothing,0.04745870452417762,0.9525412938299558,0.85,0.75
37454,right_hand,1.4367190487973858e-05,0.9999855756759644,ExponentialSmoothing,0.04034205392412417,0.9596579361068571,0.85,0.75
37479,right_hand,1.5265921319951303e-05,0.9999847412109375,ExponentialSmoothing,0.034293035723703534,0.9657069568724692,0.85,0.75
37504,right_hand,1.706310831650626e-05,0.9999829530715942,ExponentialSmoothing,0.02915163983139548,0.9708483563023379,0.85,0.75
37554,right_hand,2.852882244042121e-05,0.9999715089797974,ExponentialSmoothing,0.024783173180052222,0.9752168292039569,0.85,0.75
37579,right_hand,4.152263136347756e-05,0.9999585151672363,ExponentialSmoothing,0.02107192559774891,0.9789280820984488,0.85,0.75
37629,right_hand,6.687321001663804e-05,0.999933123588562,ExponentialSmoothing,0.01792116773958907,0.9820788383219659,0.85,0.75
37679,right_hand,0.0001099335786420852,0.9998900890350342,ExponentialSmoothing,0.015249482615447021,0.9847505259289261,0.85,0.75
37704,right_hand,0.0001374070270685479,0.999862551689148,ExponentialSmoothing,0.012982671277190251,0.9870173297929593,0.85,0.75
37754,right_hand,0.0003302115947008133,0.9996697902679443,ExponentialSmoothing,0.011084802324816836,0.9889151988642071,0.85,0.75
37779,right_hand,0.0004975558258593082,0.999502420425415,ExponentialSmoothing,0.009496715349973206,0.9905032820983883,0.85,0.75
37829,right_hand,0.0008929640171118081,0.9991070628166199,ExponentialSmoothing,0.008206152650043996,0.991793849206123,0.85,0.75
37854,right_hand,0.0010473242728039622,0.9989526271820068,ExponentialSmoothing,0.00713232839345799,0.9928676659025055,0.85,0.75
37904,right_hand,0.0018864457961171865,0.9981135129928589,ExponentialSmoothing,0.00634544600385687,0.9936545429660585,0.85,0.75
37929,right_hand,0.0030108874198049307,0.9969891905784607,ExponentialSmoothing,0.005845262216249079,0.9941547401079187,0.85,0.75
37979,right_hand,0.003975727129727602,0.9960242509841919,ExponentialSmoothing,0.005564831953270857,0.9944351667393596,0.85,0.75
38004,right_hand,0.0020815895404666662,0.997918426990509,ExponentialSmoothing,0.0050423455913502285,0.9949576557770321,0.85,0.75
38054,right_hand,0.0018929322250187397,0.9981070756912231,ExponentialSmoothing,0.004569933586400505,0.9954300687641608,0.85,0.75
38104,right_hand,0.0034389549400657415,0.9965609908103943,ExponentialSmoothing,0.0044002867894502905,0.9955997070710958,0.85,0.75
38154,right_hand,0.0037033678963780403,0.9962965846061707,ExponentialSmoothing,0.004295748955489453,0.995704238701357,0.85,0.75
38179,right_hand,0.004356030840426683,0.9956439733505249,ExponentialSmoothing,0.004304791238230037,0.9956951988987321,0.85,0.75
38229,right_hand,0.006936769001185894,0.9930632710456848,ExponentialSmoothing,0.004699587902673415,0.995300409720775,0.85,0.75
38279,right_hand,0.0056918030604720116,0.9943081736564636,ExponentialSmoothing,0.004848420176343204,0.9951515743111283,0.85,0.75
38304,right_hand,0.0036633657291531563,0.9963365793228149,ExponentialSmoothing,0.004670662009264697,0.9953293250628814,0.85,0.75
38354,right_hand,0.002232612343505025,0.997767448425293,ExponentialSmoothing,0.004304954559400747,0.9956950435672431,0.85,0.75
38379,right_hand,0.0018320316448807716,0.9981679916381836,ExponentialSmoothing,0.00393401612222275,0.9960659857778842,0.85,0.75
38404,right_hand,0.0012918271822854877,0.9987081289291382,ExponentialSmoothing,0.003537687781232161,0.9964623072505723,0.85,0.75
38454,right_hand,0.0006442821468226612,0.9993557333946228,ExponentialSmoothing,0.003103676936070736,0.9968963211721799,0.85,0.75
38504,right_hand,0.0005015069036744535,0.9994984865188599,ExponentialSmoothing,0.002713351431211294,0.9972866459741819,0.85,0.75
38529,right_hand,0.000640058540739119,0.9993599057197571,ExponentialSmoothing,0.0024023574976404674,0.9975976349360183,0.85,0.75
38579,right_hand,0.0008328636176884174,0.9991672039031982,ExponentialSmoothing,0.00216693341564766,0.9978330702810954,0.85,0.75
38604,right_hand,0.0010706939501687884,0.9989293217658997,ExponentialSmoothing,0.0020024974958258294,0.9979975080038159,0.85,0.75
38654,right_hand,0.0008206102065742016,0.9991794228553772,ExponentialSmoothing,0.0018252144024380854,0.9981747952315501,0.85,0.75
38679,right_hand,0.0007895563030615449,0.9992103576660156,ExponentialSmoothing,0.0016698656875316043,0.99833012959672,0.85,0.75
38729,right_hand,0.0005843275575898588,0.9994156360626221,ExponentialSmoothing,0.0015070349680403423,0.9984929555666053,0.85,0.75
38754,right_hand,0.0005449986783787608,0.9994550347328186,ExponentialSmoothing,0.001362729524591105,0.9986372674415374,0.85,0.75
38779,right_hand,0.0005549102206714451,0.9994450211524963,ExponentialSmoothing,0.001241556629003156,0.9987584304981811,0.85,0.75
38829,right_hand,0.0007090596482157707,0.999290943145752,ExponentialSmoothing,0.0011616820818850483,0.9988383073953168,0.85,0.75
38879,right_hand,0.0008289278484880924,0.9991711378097534,ExponentialSmoothing,0.0011117689468755048,0.9988882319574822,0.85,0.75
38904,right_hand,0.0017132764915004373,0.9982866644859314,ExponentialSmoothing,0.0012019950785692448,0.9987979968367496,0.85,0.75
38954,right_hand,0.004417764022946358,0.9955822825431824,ExponentialSmoothing,0.0016843604202258118,0.9983156396927146,0.85,0.75
38979,right_hand,0.006148298736661673,0.9938516616821289,ExponentialSmoothing,0.0023539511676911908,0.9976460429911267,0.85,0.75
39029,right_hand,0.006538626737892628,0.9934613704681396,ExponentialSmoothing,0.002981652503221406,0.9970183421126786,0.85,0.75
39054,right_hand,0.011844523251056671,0.9881554841995239,ExponentialSmoothing,0.004311083115396696,0.9956889134257054,0.85,0.75
39104,right_hand,0.015068062581121922,0.9849318861961365,ExponentialSmoothing,0.00592463003525548,0.9940753593412701,0.85,0.75
39129,right_hand,0.018960852175951004,0.9810391664505005,ExponentialSmoothing,0.00788006335635981,0.9921199304076547,0.85,0.75
39154,right_hand,0.016706004738807678,0.9832940101623535,ExponentialSmoothing,0.009203954563726989,0.9907960423708595,0.85,0.75
39204,right_hand,0.049033552408218384,0.9509664177894592,ExponentialSmoothing,0.0151783942404007,0.9848215986836495,0.85,0.75
39254,right_hand,0.1407891809940338,0.8592107892036438,ExponentialSmoothing,0.03402001225344567,0.9659799772616486,0.85,0.75
39279,right_hand,0.6656291484832764,0.33437085151672363,ExponentialSmoothing,0.12876138268792028,0.87123860839991,0.85,0.75
39329,rest,0.988808810710907,0.011191179044544697,ExponentialSmoothing,0.2577684968913683,0.7422314939966052,0.85,0.75
39354,rest,0.9954302310943604,0.004569758661091328,ExponentialSmoothing,0.3684177570218171,0.6315822336962781,0.85,0.75
39404,rest,0.9960197806358337,0.003980254288762808,ExponentialSmoothing,0.4625580605639196,0.5374419367851508,0.85,0.75
39429,rest,0.993938684463501,0.006061321124434471,ExponentialSmoothing,0.5422651541488568,0.4577348444360434,0.85,0.75
39479,rest,0.9924156665802002,0.007584254257380962,ExponentialSmoothing,0.6097877310135583,0.390212255909244,0.85,0.75
39504,rest,0.995201826095581,0.004798215348273516,ExponentialSmoothing,0.6675998452758617,0.33240014982509847,0.85,0.75
39529,rest,0.9961739182472229,0.0038261115550994873,ExponentialSmoothing,0.7168859562215658,0.2831140440845986,0.85,0.75
39579,left_hand,0.9972660541534424,0.002734009176492691,ExponentialSmoothing,0.7589429709113473,0.24105703884838273,0.85,0.75
39604,left_hand,0.9981405735015869,0.0018594266148284078,ExponentialSmoothing,0.7948226112998833,0.20517739701334958,0.85,0.75
39654,left_hand,0.9988042116165161,0.0011958401883020997,ExponentialSmoothing,0.8254198513473783,0.17458016348959243,0.85,0.75
39704,left_hand,0.9991776347160339,0.0008223052136600018,ExponentialSmoothing,0.8514835188526766,0.14851648474820256,0.85,0.75
39729,left_hand,0.999187171459198,0.000812828540802002,ExponentialSmoothing,0.8736390667436549,0.12636093631709247,0.85,0.75
39779,left_hand,0.9992772936820984,0.000722677621524781,ExponentialSmoothing,0.8924848007844214,0.10751519751275732,0.85,0.75
39804,left_hand,0.9994075298309326,0.0005924944998696446,ExponentialSmoothing,0.908523210141398,0.09147679206082417,0.85,0.75
39879,left_hand,0.9994681477546692,0.0005318147013895214,ExponentialSmoothing,0.9221649507833887,0.07783504545690896,0.85,0.75
39929,left_hand,0.9995254278182983,0.0004745714832097292,ExponentialSmoothing,0.9337690223386252,0.06623097436085408,0.85,0.75
39954,left_hand,0.9994327425956726,0.0005672756815329194,ExponentialSmoothing,0.9436185803771824,0.056381419558955904,0.85,0.75
40004,left_hand,0.9989226460456848,0.0010772999376058578,ExponentialSmoothing,0.9519141902274577,0.04808580161575339,0.85,0.75
40029,left_hand,0.99826580286026,0.001734183169901371,ExponentialSmoothing,0.9588669321223781,0.04113305884887559,0.85,0.75
40079,left_hand,0.9954373240470886,0.004562649410218,ExponentialSmoothing,0.9643524909110847,0.03564749743307695,0.85,0.75
40104,left_hand,0.9840072989463806,0.01599271222949028,ExponentialSmoothing,0.967300712116379,0.03269927965253895,0.85,0.75
40154,left_hand,0.8844209313392639,0.11557906121015549,ExponentialSmoothing,0.9548687449998118,0.045131246886181434,0.85,0.75
40179,left_hand,0.753007709980011,0.246992290019989,ExponentialSmoothing,0.9245895897468417,0.07541040335625257,0.85,0.75
40229,left_hand,0.26901692152023315,0.7309830784797668,ExponentialSmoothing,0.8262536895128504,0.17374630462477975,0.85,0.75
40254,rest,0.06251156330108643,0.9374884366989136,ExponentialSmoothing,0.7116923705810858,0.28830762443589986,0.85,0.75
40304,rest,0.007865505293011665,0.9921344518661499,ExponentialSmoothing,0.6061183407878746,0.3938816485504374,0.85,0.75
40329,rest,0.005003851372748613,0.994996190071106,ExponentialSmoothing,0.5159511673756056,0.4840488297785377,0.85,0.75
40379,rest,0.006593162193894386,0.9934067726135254,ExponentialSmoothing,0.439547466598349,0.5604525212037859,0.85,0.75
40404,rest,0.0027884647715836763,0.9972115159034729,ExponentialSmoothing,0.3740336163243342,0.6259663704087389,0.85,0.75
40429,rest,0.002258139429613948,0.9977418184280396,ExponentialSmoothing,0.31826729479012617,0.681732687611634,0.85,0.75
40479,rest,0.0006382506689988077,0.9993618130683899,ExponentialSmoothing,0.27062293817195704,0.7293770564301474,0.85,0.75
40529,right_hand,0.00023318098101299256,0.9997667670249939,ExponentialSmoothing,0.23006447459331542,0.7699355130193744,0.85,0.75
40554,right_hand,0.0001539541408419609,0.9998459815979004,ExponentialSmoothing,0.1955778965254444,0.8044220833061533,0.85,0.75
40604,right_hand,0.00011303545034024864,0.9998869895935059,ExponentialSmoothing,0.16625816736417878,0.8337418192492562,0.85,0.75
40629,right_hand,8.961001003626734e-05,0.9999103546142578,ExponentialSmoothing,0.1413328837610574,0.8586670995540064,0.85,0.75
40679,right_hand,5.415022678789683e-05,0.999945878982544,ExponentialSmoothing,0.12014107373091698,0.8798589164682871,0.85,0.75
40704,right_hand,4.202516356599517e-05,0.9999579191207886,ExponentialSmoothing,0.10212621644581432,0.8978737668661623,0.85,0.75
40754,right_hand,3.8722617318853736e-05,0.999961256980896,ExponentialSmoothing,0.08681309237154,0.9131868903833723,0.85,0.75
40779,right_hand,3.5425844544079155e-05,0.9999645948410034,ExponentialSmoothing,0.07379644239249061,0.926203546052017,0.85,0.75
40804,right_hand,3.742214175872505e-05,0.999962568283081,ExponentialSmoothing,0.06273258935488082,0.9372673993866767,0.85,0.75
40854,right_hand,6.176458555273712e-05,0.9999382495880127,ExponentialSmoothing,0.05333196563948161,0.9466680269168771,0.85,0.75
40904,right_hand,0.00019628687005024403,0.9998037219047546,ExponentialSmoothing,0.04536161382406691,0.9546383811650587,0.85,0.75
40929,right_hand,0.0003313711495138705,0.9996685981750488,ExponentialSmoothing,0.038607077422883954,0.9613929137165572,0.85,0.75
40979,right_hand,0.0006859884015284479,0.9993140697479248,ExponentialSmoothing,0.03291891406968062,0.9670810871212623,0.85,0.75
41004,right_hand,0.0012596197193488479,0.9987403750419617,ExponentialSmoothing,0.028170019917130855,0.9718299803093673,0.85,0.75
41054,right_hand,0.004156790673732758,0.995843231678009,ExponentialSmoothing,0.02456803553062114,0.9754319680146636,0.85,0.75
41079,right_hand,0.007202930748462677,0.9927970767021179,ExponentialSmoothing,0.021963269813297367,0.9780367343177817,0.85,0.75
41129,right_hand,0.08148709684610367,0.9185129404067993,ExponentialSmoothing,0.030891843868218312,0.9691081652311343,0.85,0.75
41154,right_hand,0.09124623984098434,0.9087537527084351,ExponentialSmoothing,0.03994500326413322,0.9600550033527293,0.85,0.75
41179,right_hand,0.2764173150062561,0.7235826253890991,ExponentialSmoothing,0.07541585002545165,0.9245841466581848,0.85,0.75
41229,right_hand,0.9125671982765198,0.08743277192115784,ExponentialSmoothing,0.20098855226311188,0.7990114404476307,0.85,0.75
41254,rest,0.9661639332771301,0.03383614867925644,ExponentialSmoothing,0.3157648594152146,0.6842351466823746,0.85,0.75
41304,rest,0.9408320188522339,0.05916794016957283,ExponentialSmoothing,0.40952493333076745,0.5904750657054543,0.85,0.75
41354,rest,0.9932292699813843,0.0067707328125834465,ExponentialSmoothing,0.49708058382835996,0.5029194157715237,0.85,0.75
41379,rest,0.9940791130065918,0.005920917261391878,ExponentialSmoothing,0.5716303632050947,0.4283696409950039,0.85,0.75
41429,rest,0.9987305998802185,0.0012693516910076141,ExponentialSmoothing,0.6356953987063634,0.3643045975994044,0.85,0.75
41454,rest,0.9990443587303162,0.0009555934811942279,ExponentialSmoothing,0.6901977427099564,0.30980224698167286,0.85,0.75
41504,rest,0.9995517134666443,0.00044821432675234973,ExponentialSmoothing,0.7366008383234596,0.26339914208343473,0.85,0.75
41529,left_hand,0.9995332956314087,0.00046668920549564064,ExponentialSmoothing,0.776040706919652,0.22395927415174388,0.85,0.75
41579,left_hand,0.9997405409812927,0.000259405467659235,ExponentialSmoothing,0.8095956820288981,0.19040429384913118,0.85,0.75
41604,left_hand,0.9997627139091492,0.0002373409370193258,ExponentialSmoothing,0.8381207368109357,0.1618792509123144,0.85,0.75
41654,left_hand,0.9997422099113464,0.0002577984123490751,ExponentialSmoothing,0.8623639577759973,0.13763603303731958,0.85,0.75
41679,left_hand,0.999616265296936,0.00038367180968634784,ExponentialSmoothing,0.8829518039041382,0.11704817885317459,0.85,0.75
41729,left_hand,0.9994476437568665,0.0005522953579202294,ExponentialSmoothing,0.9004261798820474,0.09957379632888642,0.85,0.75
41754,left_hand,0.9994718432426453,0.0005281997146084905,ExponentialSmoothing,0.915283029386137,0.08471695683674473,0.85,0.75
41804,left_hand,0.9987697005271912,0.0012302873656153679,ExponentialSmoothing,0.9278060300572951,0.07219395641607533,0.85,0.75
41829,left_hand,0.9985442161560059,0.0014557670801877975,ExponentialSmoothing,0.9384167579721018,0.0615832280156922,0.85,0.75
41879,left_hand,0.9967707395553589,0.0032292581163346767,ExponentialSmoothing,0.9471698552095904,0.05283013253078857,0.85,0.75
41904,left_hand,0.9964444041252136,0.003555602626875043,ExponentialSmoothing,0.9545610375469338,0.04543895304520154,0.85,0.75
41954,left_hand,0.9980016350746155,0.001998309511691332,ExponentialSmoothing,0.9610771271760861,0.038922856515175006,0.85,0.75
41979,left_hand,0.9973841309547424,0.0026158643886446953,ExponentialSmoothing,0.9665231777428844,0.03347680769619546,0.85,0.75
42004,left_hand,0.9980594515800476,0.0019405698403716087,ExponentialSmoothing,0.9712536188184588,0.02874637201782188,0.85,0.75
42054,left_hand,0.9990664124488831,0.0009336465154774487,ExponentialSmoothing,0.9754255378630226,0.024574463192470215,0.85,0.75
42079,left_hand,0.9992484450340271,0.0007515190518461168,ExponentialSmoothing,0.9789989739386733,0.0210010215713766,0.85,0.75
42129,left_hand,0.9993070363998413,0.0006929648807272315,ExponentialSmoothing,0.9820451833078485,0.017954813067779192,0.85,0.75
42154,left_hand,0.9992560744285583,0.0007438687025569379,ExponentialSmoothing,0.984626816975955,0.015373171412995854,0.85,0.75
42204,left_hand,0.9996145963668823,0.00038538002991117537,ExponentialSmoothing,0.986874983884594,0.013125002705533153,0.85,0.75
42229,left_hand,0.999625563621521,0.00037441618042066693,ExponentialSmoothing,0.988787570845133,0.01121241472676628,0.85,0.75
42279,left_hand,0.9996629953384399,0.0003369616169948131,ExponentialSmoothing,0.9904188845191291,0.00958109676030056,0.85,0.75
42329,left_hand,0.9996615648269653,0.00033845295547507703,ExponentialSmoothing,0.9918052865653044,0.008194700189576737,0.85,0.75
42354,left_hand,0.9996429681777954,0.0003570720728021115,ExponentialSmoothing,0.9929809388071781,0.007019055972060543,0.85,0.75
42404,left_hand,0.9995354413986206,0.0004645627341233194,ExponentialSmoothing,0.9939641141958945,0.006035881986369959,0.85,0.75
42429,left_hand,0.99946528673172,0.000534718856215477,ExponentialSmoothing,0.9947892900762683,0.005210707516846786,0.85,0.75
42454,left_hand,0.9993510842323303,0.0006489584338851273,ExponentialSmoothing,0.9954735591996775,0.004526445154402537,0.85,0.75
42504,left_hand,0.9996942281723022,0.00030577395227737725,ExponentialSmoothing,0.9961066595455712,0.003893344474083763,0.85,0.75
42554,left_hand,0.9997997879981995,0.0002001970133278519,ExponentialSmoothing,0.9966606288134655,0.003339372354970376,0.85,0.75
42579,left_hand,0.9998252987861633,0.00017469067825004458,ExponentialSmoothing,0.9971353293093702,0.0028646701034623265,0.85,0.75
42629,left_hand,0.9998986721038818,0.0001013146829791367,ExponentialSmoothing,0.997549830728547,0.0024501667903898483,0.85,0.75
42654,left_hand,0.9999167919158936,8.317459287354723e-05,ExponentialSmoothing,0.9979048749066489,0.0020951179607624033,0.85,0.75
42704,left_hand,0.9999278783798218,7.214225479401648e-05,ExponentialSmoothing,0.9982083254276248,0.0017916716048671452,0.85,0.75
42729,left_hand,0.9999103546142578,8.963462460087612e-05,ExponentialSmoothing,0.9984636298056198,0.0015363660578272048,0.85,0.75
42779,left_hand,0.9999234676361084,7.650245242984965e-05,ExponentialSmoothing,0.998682605480193,0.0013173865170176015,0.85,0.75
42804,left_hand,0.9999023675918579,9.760756074683741e-05,ExponentialSmoothing,0.9988655697969429,0.001134419673576987,0.85,0.75
42829,left_hand,0.9998701810836792,0.00012984202476218343,ExponentialSmoothing,0.9990162614899534,0.0009837330262547665,0.85,0.75
42879,left_hand,0.9998390674591064,0.00016086346295196563,ExponentialSmoothing,0.9991396823853264,0.0008603025917593463,0.85,0.75
42929,left_hand,0.9997885823249817,0.00021140991884749383,ExponentialSmoothing,0.9992370173762746,0.0007629686908225685,0.85,0.75
42954,left_hand,0.9996683597564697,0.00033161262399517,ExponentialSmoothing,0.9993017187333039,0.0006982652807984587,0.85,0.75
43004,left_hand,0.9992235898971558,0.0007764080655761063,ExponentialSmoothing,0.9992899994078817,0.0007099866985151058,0.85,0.75
43079,left_hand,0.9992884397506714,0.0007115190965123475,ExponentialSmoothing,0.9992897654593,0.0007102165582146921,0.85,0.75
43104,left_hand,0.9991559982299805,0.000843977031763643,ExponentialSmoothing,0.9992697003749021,0.0007302806292470347,0.85,0.75
43154,left_hand,0.9992654919624329,0.0007345025078393519,ExponentialSmoothing,0.9992690691130317,0.0007309139110358823,0.85,0.75
43179,left_hand,0.9992333650588989,0.0007665904122404754,ExponentialSmoothing,0.9992637135049118,0.0007362653862165711,0.85,0.75
43229,left_hand,0.9994950294494629,0.0005049160099588335,ExponentialSmoothing,0.9992984108965945,0.0007015629797779105,0.85,0.75
43254,left_hand,0.9994584918022156,0.0005415721680037677,ExponentialSmoothing,0.9993224230324377,0.000677564358011789,0.85,0.75
43279,left_hand,0.9993212223052979,0.0006788393948227167,ExponentialSmoothing,0.9993222429233668,0.0006777556135334282,0.85,0.75
43329,left_hand,0.9990578293800354,0.0009422200382687151,ExponentialSmoothing,0.9992825808918671,0.0007174252772437213,0.85,0.75
43379,left_hand,0.9984849095344543,0.0015150837134569883,ExponentialSmoothing,0.9991629301882552,0.0008370740426757113,0.85,0.75
43404,left_hand,0.997605562210083,0.0023943993728607893,ExponentialSmoothing,0.9989293249915294,0.0010706728422034731,0.85,0.75
43454,left_hand,0.9952557682991028,0.004744218196719885,ExponentialSmoothing,0.9983782914876654,0.001621704645380935,0.85,0.75
43479,left_hand,0.9904345273971558,0.009565509855747223,ExponentialSmoothing,0.997186726874089,0.002813275426935878,0.85,0.75
43529,left_hand,0.7685732841491699,0.23142671585083008,ExponentialSmoothing,0.9628947104653511,0.03710529149052002,0.85,0.75
43554,left_hand,0.42057564854621887,0.5794243812561035,ExponentialSmoothing,0.8815468511774813,0.11845315495535755,0.85,0.75
43604,left_hand,0.029019620269536972,0.9709803462028503,ExponentialSmoothing,0.7536677665412896,0.24633223364248147,0.85,0.75
43629,rest,0.024445680901408195,0.9755542874336243,ExponentialSmoothing,0.6442844536953074,0.35571554171115294,0.85,0.75
43679,rest,0.21736149489879608,0.7826385498046875,ExponentialSmoothing,0.5802460098758307,0.4197539929251831,0.85,0.75
43704,rest,0.7560971975326538,0.24390284717082977,ExponentialSmoothing,0.6066236880243543,0.3933763210620301,0.85,0.75
43754,rest,0.9432105422019958,0.05678948014974594,ExponentialSmoothing,0.6571117161510005,0.34288829492518746,0.85,0.75
43779,rest,0.9739432334899902,0.026056727394461632,ExponentialSmoothing,0.704636443751849,0.29536355979557855,0.85,0.75
43829,rest,0.8683009743690491,0.13169901072978973,ExponentialSmoothing,0.729186123344429,0.27081387743571017,0.85,0.75
43904,rest,0.7241243720054626,0.27587559819221497,ExponentialSmoothing,0.7284268606435841,0.2715731355491859,0.85,0.75
43929,rest,0.6676819324493408,0.33231809735298157,ExponentialSmoothing,0.7193151214144475,0.28068487981975526,0.85,0.75
43979,rest,0.5921648144721985,0.4078351855278015,ExponentialSmoothing,0.7002425753731102,0.2997574256759622,0.85,0.75
44004,rest,0.3778635561466217,0.6221364736557007,ExponentialSmoothing,0.6518857224891369,0.34811428287292295,0.85,0.75
44054,rest,0.20536227524280548,0.7946376800537109,ExponentialSmoothing,0.5849072054021872,0.41509279245004116,0.85,0.75
44079,rest,0.12428959459066391,0.8757104277610779,ExponentialSmoothing,0.5158145637804588,0.48418543774669665,0.85,0.75
44104,rest,0.03545253351330757,0.9645475149154663,ExponentialSmoothing,0.44376025924038603,0.5562397493220121,0.85,0.75
44154,rest,0.015590991824865341,0.9844090342521667,ExponentialSmoothing,0.3795348691280579,0.6204651420615354,0.85,0.75
44204,rest,0.010377495549619198,0.9896224737167358,ExponentialSmoothing,0.32416126309129206,0.6758387418098154,0.85,0.75
44229,rest,0.010985398665070534,0.9890145659446716,ExponentialSmoothing,0.27718488342735886,0.7228151154300438,0.85,0.75
44279,right_hand,0.01544463075697422,0.9845554232597351,ExponentialSmoothing,0.23792384552680115,0.7620761616044975,0.85,0.75
44304,right_hand,0.011940388940274715,0.9880595803260803,ExponentialSmoothing,0.20402632703882218,0.795973674412735,0.85,0.75
44354,right_hand,0.022461773827672005,0.9775381684303284,ExponentialSmoothing,0.17679164405714964,0.823208348515374,0.85,0.75
44379,right_hand,0.03002838045358658,0.9699715375900269,ExponentialSmoothing,0.15477715451661517,0.845222826876572,0.85,0.75
44429,right_hand,0.22309760749340057,0.7769023776054382,ExponentialSmoothing,0.16502522246313298,0.8349747594859019,0.85,0.75
44454,right_hand,0.5499745607376099,0.45002543926239014,ExponentialSmoothing,0.22276762320430452,0.7772323614523752,0.85,0.75
44479,rest,0.8175246119499207,0.18247537314891815,ExponentialSmoothing,0.31198117151614696,0.6880188132068566,0.85,0.75
44529,rest,0.986724853515625,0.013275155797600746,ExponentialSmoothing,0.4131927238160687,0.5868072645954683,0.85,0.75
44579,rest,0.9891002774238586,0.010899674147367477,ExponentialSmoothing,0.4995788568572372,0.5004211260282532,0.85,0.75
44604,rest,0.9864452481269836,0.013554712757468224,ExponentialSmoothing,0.5726088155476992,0.42739116403763544,0.85,0.75
44629,rest,0.9902092218399048,0.009790714830160141,ExponentialSmoothing,0.6352488764915301,0.3647510966565141,0.85,0.75
44679,rest,0.9858432412147522,0.014156825840473175,ExponentialSmoothing,0.6878380312000134,0.31216195603410796,0.85,0.75
44729,rest,0.984531044960022,0.015468926168978214,ExponentialSmoothing,0.7323419832640147,0.2676580015543385,0.85,0.75
44754,left_hand,0.969167172908783,0.03083277866244316,ExponentialSmoothing,0.76786576171073,0.23213421812055418,0.85,0.75
44804,left_hand,0.9441986083984375,0.055801428854465485,ExponentialSmoothing,0.794315688713886,0.20568429973064087,0.85,0.75
44829,left_hand,0.9494261145591736,0.050573837012052536,ExponentialSmoothing,0.8175822525906792,0.1824177303228526,0.85,0.75
44854,left_hand,0.9397214651107788,0.06027848273515701,ExponentialSmoothing,0.8359031344686941,0.16409684318469825,0.85,0.75
44904,left_hand,0.30591627955436707,0.6940837502479553,ExponentialSmoothing,0.7564051062315451,0.24359487924418682,0.85,0.75
44929,rest,0.1477355808019638,0.8522643446922302,ExponentialSmoothing,0.6651046774171079,0.33489529906139337,0.85,0.75
44979,rest,0.0511980801820755,0.9488018751144409,ExponentialSmoothing,0.5730186878318531,0.42698128546935055,0.85,0.75
45029,rest,0.041175153106451035,0.9588248133659363,ExponentialSmoothing,0.49324215762304274,0.5067578146538384,0.85,0.75
45054,rest,0.09417296946048737,0.9058270454406738,ExponentialSmoothing,0.4333817793986594,0.5666181992718637,0.85,0.75
45104,rest,0.04993985593318939,0.9500601291656494,ExponentialSmoothing,0.3758654908788389,0.6241344887559317,0.85,0.75
45129,rest,0.22665905952453613,0.7733409404754639,ExponentialSmoothing,0.3534845261756935,0.6465154565138616,0.85,0.75
45179,rest,0.3976878523826599,0.6023121476173401,ExponentialSmoothing,0.36011502510673843,0.6398849601793833,0.85,0.75
45204,rest,0.7582923173904419,0.2417076677083969,ExponentialSmoothing,0.41984161894929395,0.5801583663087353,0.85,0.75
45229,rest,0.8579329252243042,0.1420671045780182,ExponentialSmoothing,0.4855553148905455,0.5144446770491277,0.85,0.75
45279,rest,0.8401519656181335,0.15984810888767242,ExponentialSmoothing,0.5387448124996836,0.46125519182490937,0.85,0.75
45329,rest,0.7011260986328125,0.2988739311695099,ExponentialSmoothing,0.5631020054196529,0.43689800272659945,0.85,0.75
45354,rest,0.8624271154403687,0.13757288455963135,ExponentialSmoothing,0.6080007719227603,0.3919992350015542,0.85,0.75
45404,rest,0.29918500781059265,0.700814962387085,ExponentialSmoothing,0.5616784073059351,0.4383215941093838,0.85,0.75
45429,rest,0.1627132147550583,0.8372867703437805,ExponentialSmoothing,0.5018336284233036,0.4981663705445433,0.85,0.75
45479,rest,0.014724033884704113,0.9852759838104248,ExponentialSmoothing,0.4287671892425136,0.5712328125344255,0.85,0.75
45504,rest,0.01262732781469822,0.9873726963996887,ExponentialSmoothing,0.3663462100283413,0.6336537951142149,0.85,0.75
45554,rest,0.0030474262312054634,0.9969525337219238,ExponentialSmoothing,0.3118513924587709,0.6881486059053712,0.85,0.75
45579,rest,0.0026126112788915634,0.9973873496055603,ExponentialSmoothing,0.265465575281789,0.7345344174603996,0.85,0.75
45629,right_hand,0.003004453144967556,0.9969955682754517,ExponentialSmoothing,0.2260964069612658,0.7739035900826574,0.85,0.75
45654,right_hand,0.004436877090483904,0.9955631494522095,ExponentialSmoothing,0.19284747748064848,0.8071525239880901,0.85,0.75
45704,right_hand,0.004724509082734585,0.9952754974365234,ExponentialSmoothing,0.16462903222096137,0.8353709700053551,0.85,0.75
45729,right_hand,0.0032536988146603107,0.996746301651001,ExponentialSmoothing,0.1404227322100162,0.859577269752202,0.85,0.75
45754,right_hand,0.002816766034811735,0.9971832633018494,ExponentialSmoothing,0.11978183728373552,0.8802181687846491,0.85,0.75
45804,right_hand,0.0017997948452830315,0.9982001781463623,ExponentialSmoothing,0.10208453091796765,0.897915470188906,0.85,0.75
45854,right_hand,0.002168449107557535,0.9978315234184265,ExponentialSmoothing,0.08709711864640612,0.9129028781733342,0.85,0.75
45879,right_hand,0.0032845684327185154,0.9967154264450073,ExponentialSmoothing,0.07452523611435298,0.9254747604140852,0.85,0.75
45929,right_hand,0.007474044803529978,0.9925259351730347,ExponentialSmoothing,0.06446755741772953,0.9355324366279276,0.85,0.75
45954,right_hand,0.0075423321686685085,0.9924577474594116,ExponentialSmoothing,0.055928773630370375,0.9440712332526502,0.85,0.75
46004,right_hand,0.007499684114009142,0.992500364780426,ExponentialSmoothing,0.04866441020291619,0.9513356029818165,0.85,0.75
46029,right_hand,0.003798908554017544,0.9962010979652405,ExponentialSmoothing,0.04193458495558139,0.9580654272293301,0.85,0.75
46054,right_hand,0.004370423033833504,0.9956295490264893,ExponentialSmoothing,0.036299960667319206,0.963700045498904,0.85,0.75
46104,right_hand,0.0015647278632968664,0.9984353184700012,ExponentialSmoothing,0.031089675746715853,0.9689103364445686,0.85,0.75
46129,right_hand,0.0013047873508185148,0.9986951947212219,ExponentialSmoothing,0.02662194248733125,0.9733780651860666,0.85,0.75
46179,right_hand,0.0008716832962818444,0.9991282820701599,ExponentialSmoothing,0.022759403608673838,0.9772405977186807,0.85,0.75
46229,right_hand,0.0007448497344739735,0.9992551207542419,ExponentialSmoothing,0.019457220527543857,0.9805427761740149,0.85,0.75
46254,right_hand,0.0007387463701888919,0.999261200428009,ExponentialSmoothing,0.01664944940394061,0.983350539812114,0.85,0.75
46304,right_hand,0.0006474339752458036,0.9993525147438049,ExponentialSmoothing,0.014249147089636389,0.9857508360518676,0.85,0.75
46329,right_hand,0.0007680751732550561,0.9992319345474243,ExponentialSmoothing,0.012226986302179188,0.9877730008262011,0.85,0.75
46379,right_hand,0.0010489503620192409,0.9989510774612427,ExponentialSmoothing,0.010550280911155195,0.9894497123214574,0.85,0.75
46404,right_hand,0.0011244633933529258,0.9988755583763123,ExponentialSmoothing,0.009136408283484854,0.9908635892296856,0.85,0.75
46454,right_hand,0.0016807160573080182,0.9983192086219788,ExponentialSmoothing,0.008018054449558328,0.9919819321385296,0.85,0.75
46479,right_hand,0.0020628347992897034,0.9979372024536133,ExponentialSmoothing,0.007124771502018034,0.9928752226857922,0.85,0.75
46504,right_hand,0.0029631105717271566,0.9970369338989258,ExponentialSmoothing,0.006500522362474402,0.9934994793677623,0.85,0.75
46554,right_hand,0.004463887307792902,0.9955360889434814,ExponentialSmoothing,0.0061950271042721765,0.9938049708041201,0.85,0.75
46579,right_hand,0.012892917729914188,0.9871070981025696,ExponentialSmoothing,0.007199710698118478,0.9928002898988875,0.85,0.75
46629,right_hand,0.0728975385427475,0.9271025061607361,ExponentialSmoothing,0.017054384874812832,0.9829456223381647,0.85,0.75
46679,right_hand,0.9821351766586304,0.017864879220724106,ExponentialSmoothing,0.1618165036423855,0.8381835108705487,0.85,0.75
46704,rest,0.9955385327339172,0.004461436532437801,ExponentialSmoothing,0.2868748080061153,0.713125199719832,0.85,0.75
46754,rest,0.9409971237182617,0.05900293216109276,ExponentialSmoothing,0.3849931553629373,0.6150068595860211,0.85,0.75
46779,rest,0.672562837600708,0.327437162399292,ExponentialSmoothing,0.42812860769860295,0.5718714050080117,0.85,0.75
46804,rest,0.3278445601463318,0.672155499458313,ExponentialSmoothing,0.4130860005657623,0.5869140191755569,0.85,0.75
46854,rest,0.02503317780792713,0.9749668836593628,ExponentialSmoothing,0.354878077152087,0.6451219488481278,0.85,0.75
46904,rest,0.06077941879630089,0.9392205476760864,ExponentialSmoothing,0.31076327839871914,0.6892367386723216,0.85,0.75
46929,rest,0.08728255331516266,0.9127174615859985,ExponentialSmoothing,0.27724116963618567,0.7227588471093731,0.85,0.75
46954,right_hand,0.026990629732608795,0.9730094075202942,ExponentialSmoothing,0.2397035886506491,0.7602964311710112,0.85,0.75
47004,right_hand,0.01948324777185917,0.9805167317390442,ExponentialSmoothing,0.2066705375188306,0.7933294762562162,0.85,0.75
47029,right_hand,0.007670770399272442,0.9923292994499207,ExponentialSmoothing,0.17682057245089688,0.8231794497352718,0.85,0.75
47079,right_hand,0.004276415333151817,0.9957236051559448,ExponentialSmoothing,0.1509389488832351,0.8490610730483727,0.85,0.75
47129,right_hand,0.004902571905404329,0.9950974583625793,ExponentialSmoothing,0.12903349233656047,0.8709665308455037,0.85,0.75
47204,right_hand,0.016364727169275284,0.9836353063583374,ExponentialSmoothing,0.11213317756146769,0.8878668471724288,0.85,0.75
47229,right_hand,0.02251587249338627,0.9774840474128723,ExponentialSmoothing,0.09869058180125546,0.9013094272084954,0.85,0.75
47279,right_hand,0.03979923203587532,0.9602007865905762,ExponentialSmoothing,0.08985687933644844,0.9101431311158075,0.85,0.75
47304,right_hand,0.025052441284060478,0.9749475717544556,ExponentialSmoothing,0.08013621362859023,0.9198637972116047,0.85,0.75
47354,right_hand,0.00925117265433073,0.9907488226890564,ExponentialSmoothing,0.0695034574824513,0.9304965510332225,0.85,0.75
47379,right_hand,0.00455127190798521,0.9954487681388855,ExponentialSmoothing,0.059760629646281385,0.9402393835990719,0.85,0.75
47429,right_hand,0.00251326197758317,0.9974867105484009,ExponentialSmoothing,0.05117352449597665,0.9488264826414712,0.85,0.75
47454,right_hand,0.0010823161574080586,0.9989176988601685,ExponentialSmoothing,0.04365984324519136,0.9563401650742758,0.85,0.75
47504,right_hand,0.00040028165676631033,0.9995997548103333,ExponentialSmoothing,0.0371709090069276,0.9628291035346844,0.85,0.75
47529,right_hand,0.000247889751335606,0.9997521042823792,ExponentialSmoothing,0.031632456118588795,0.9683675536468387,0.85,0.75
47579,right_hand,0.00013879949983675033,0.9998612403869629,ExponentialSmoothing,0.026908407625775985,0.9730916066578572,0.85,0.75
47604,right_hand,0.00012081023305654526,0.9998791217803955,ExponentialSmoothing,0.02289026801686807,0.977109733926238,0.85,0.75
47629,right_hand,0.00015194679144769907,0.9998480081558228,ExponentialSmoothing,0.019479519833055015,0.9805204750606757,0.85,0.75
47679,right_hand,0.0002577018167357892,0.999742329120636,ExponentialSmoothing,0.016596247130607127,0.9834037531696698,0.85,0.75
47729,right_hand,0.0006272699683904648,0.9993727803230286,ExponentialSmoothing,0.014200900556274628,0.9857991072426735,0.85,0.75
47754,right_hand,0.0006129298126325011,0.9993870258331299,ExponentialSmoothing,0.012162704944728308,0.987837295031242,0.85,0.75
47779,right_hand,0.0006390220951288939,0.999360978603363,ExponentialSmoothing,0.010434152517288395,0.9895658475670601,0.85,0.75
47829,right_hand,0.0004879171319771558,0.9995120763778687,ExponentialSmoothing,0.00894221720949171,0.9910577818886814,0.85,0.75
47879,right_hand,0.0010493106674402952,0.9989506006240845,ExponentialSmoothing,0.0077582812281839966,0.9922417046989919,0.85,0.75
47904,right_hand,0.0013424137141555548,0.9986575841903687,ExponentialSmoothing,0.00679590110107973,0.9932040866226983,0.85,0.75
47954,right_hand,0.01018337532877922,0.9898166656494141,ExponentialSmoothing,0.007304022235234653,0.9926959734767056,0.85,0.75
47979,right_hand,0.03597945719957352,0.9640205502510071,ExponentialSmoothing,0.011605337479885484,0.9883946599928508,0.85,0.75
48029,right_hand,0.02530701272189617,0.9746929407119751,ExponentialSmoothing,0.013660588766187087,0.9863394021007195,0.85,0.75
48054,right_hand,0.015976879745721817,0.9840230941772461,ExponentialSmoothing,0.014008032413117297,0.9859919559121983,0.85,0.75
48104,right_hand,0.003830450354143977,0.9961695075035095,ExponentialSmoothing,0.0124813951042713,0.987518588650895,0.85,0.75
48129,right_hand,0.002400915138423443,0.9975990653038025,ExponentialSmoothing,0.01096932310939412,0.9890306601488311,0.85,0.75
48154,right_hand,0.002547226846218109,0.9974527955055237,ExponentialSmoothing,0.009706008669917717,0.990293980452335,0.85,0.75
48204,right_hand,0.001866895821876824,0.99813312292099,ExponentialSmoothing,0.008530141742711583,0.9914698518226333,0.85,0.75
48254,right_hand,0.00414924556389451,0.9958508014678955,ExponentialSmoothing,0.007873007315889021,0.9921269942694226,0.85,0.75
48279,right_hand,0.004218192771077156,0.9957817792892456,ExponentialSmoothing,0.007324785134167241,0.9926752120223961,0.85,0.75
48329,right_hand,0.009559327736496925,0.9904407262802124,ExponentialSmoothing,0.007659966524516694,0.9923400391610686,0.85,0.75
48354,right_hand,0.01666686125099659,0.983333170413971,ExponentialSmoothing,0.009011000733488678,0.9909890088490039,0.85,0.75
48404,right_hand,0.27836474776268005,0.7216352820396423,ExponentialSmoothing,0.04941406278786739,0.9505859498275997,0.85,0.75
48429,right_hand,0.5777134299278259,0.4222865700721741,ExponentialSmoothing,0.1286589678588612,0.8713410428642858,0.85,0.75
48479,rest,0.9895371198654175,0.010462883859872818,ExponentialSmoothing,0.2577906906598446,0.7422093190136239,0.85,0.75
48504,rest,0.9928515553474426,0.007148411124944687,ExponentialSmoothing,0.36804982036298434,0.631950182830322,0.85,0.75
48554,rest,0.9920244216918945,0.007975625805556774,ExponentialSmoothing,0.46164601056232085,0.5383539992766072,0.85,0.75
48579,rest,0.9909667372703552,0.009033194743096828,ExponentialSmoothing,0.541044119568526,0.45895587859658066,0.85,0.75
48604,rest,0.9895808100700378,0.01041920855641365,ExponentialSmoothing,0.6083246231437529,0.3916753780905556,0.85,0.75
48654,rest,0.9556562304496765,0.0443437285721302,ExponentialSmoothing,0.6604243642396415,0.3395756306627917,0.85,0.75
48679,rest,0.9404957294464111,0.05950426682829857,ExponentialSmoothing,0.7024350690206569,0.29756492608761775,0.85,0.75
48729,rest,0.5032329559326172,0.4967670142650604,ExponentialSmoothing,0.6725547520574509,0.32744523931423414,0.85,0.75
48779,rest,0.10924924165010452,0.8907507658004761,ExponentialSmoothing,0.5880589254963489,0.4119410682871704,0.85,0.75
48804,rest,0.058914221823215485,0.9410857558250427,ExponentialSmoothing,0.5086872199453788,0.4913127714178513,0.85,0.75
48854,rest,0.012777978554368019,0.9872220158576965,ExponentialSmoothing,0.4343008337367272,0.5656991580838281,0.85,0.75
48879,rest,0.010424298234283924,0.9895756244659424,ExponentialSmoothing,0.3707193534113607,0.6292806280411453,0.85,0.75
48929,rest,0.13659417629241943,0.8634058833122253,ExponentialSmoothing,0.3356005768435195,0.6643994163318073,0.85,0.75
48954,rest,0.27566781640052795,0.7243321537971497,ExponentialSmoothing,0.3266106627770708,0.6733893269516087,0.85,0.75
48979,rest,0.6628533601760864,0.33714669942855835,ExponentialSmoothing,0.3770470673869232,0.6229529328231511,0.85,0.75
49029,rest,0.9472724199295044,0.05272760987281799,ExponentialSmoothing,0.4625808702683104,0.5374191343806012,0.85,0.75
49079,rest,0.9499825239181519,0.05001749470829964,ExponentialSmoothing,0.5356911183157866,0.46430888842975593,0.85,0.75
49129,rest,0.8508051037788391,0.14919491112232208,ExponentialSmoothing,0.5829582161352445,0.4170417918336408,0.85,0.75
49179,rest,0.9482184648513794,0.051781535148620605,ExponentialSmoothing,0.6377472534426647,0.3622527533308878,0.85,0.75
49229,rest,0.9777040481567383,0.022295987233519554,ExponentialSmoothing,0.6887407726497757,0.31125923841628256,0.85,0.75
49254,rest,0.9796724319458008,0.020327536389231682,ExponentialSmoothing,0.7323805215441795,0.2676194831122249,0.85,0.75
49304,left_hand,0.9821975231170654,0.017802530899643898,ExponentialSmoothing,0.7698530717801124,0.23014694028033775,0.85,0.75
49329,left_hand,0.9839175939559937,0.016082430258393288,ExponentialSmoothing,0.8019627501064945,0.19803726377704606,0.85,0.75
49379,left_hand,0.9922885298728943,0.007711481302976608,ExponentialSmoothing,0.8305116170714546,0.16948839640593563,0.85,0.75
49404,left_hand,0.9916377663612366,0.008362197317183018,ExponentialSmoothing,0.854680539464922,0.14531946654262273,0.85,0.75
49429,left_hand,0.9939126372337341,0.00608730036765337,ExponentialSmoothing,0.8755653541302438,0.12443464161637732,0.85,0.75
49479,left_hand,0.9967989921569824,0.003200995037332177,ExponentialSmoothing,0.8937503998342546,0.10624959462952055,0.85,0.75
49529,left_hand,0.9986076951026917,0.001392291858792305,ExponentialSmoothing,0.9094789941245203,0.09052099921391131,0.85,0.75
49554,left_hand,0.9987008571624756,0.0012991230469197035,ExponentialSmoothing,0.9228622735802136,0.07713771778886257,0.85,0.75
49604,left_hand,0.9994761347770691,0.0005239082383923233,ExponentialSmoothing,0.9343543527597419,0.06564564635629203,0.85,0.75
49629,left_hand,0.9994787573814392,0.0005212526302784681,ExponentialSmoothing,0.9441230134529964,0.05587698729738999,0.85,0.75
49679,left_hand,0.999638557434082,0.0003614671586547047,ExponentialSmoothing,0.9524503450501592,0.0475496592765797,0.85,0.75
49704,left_hand,0.9996114373207092,0.000388569722417742,ExponentialSmoothing,0.9595245088907418,0.0404754958434554,0.85,0.75
49754,left_hand,0.9997105002403259,0.0002894708886742592,ExponentialSmoothing,0.9655524075931794,0.03444759210023823,0.85,0.75
49804,left_hand,0.9995206594467163,0.0004793918051291257,ExponentialSmoothing,0.9706476453712098,0.02935236205597186,0.85,0.75
49854,left_hand,0.9993460774421692,0.0006539340247400105,ExponentialSmoothing,0.9749524101818537,0.02504759785128708,0.85,0.75
49904,left_hand,0.999188244342804,0.0008117600227706134,ExponentialSmoothing,0.9785877853059963,0.02141222217700961,0.85,0.75
49929,left_hand,0.9990409016609192,0.000959124939981848,ExponentialSmoothing,0.9816557527592348,0.018344257591455443,0.85,0.75
49979,left_hand,0.9990215301513672,0.0009785039583221078,ExponentialSmoothing,0.9842606193680546,0.015739394546485444,0.85,0.75
50004,left_hand,0.998985230922699,0.0010147052817046642,ExponentialSmoothing,0.9864693111012512,0.013530691156768327,0.85,0.75
50054,left_hand,0.999119222164154,0.0008807434351183474,ExponentialSmoothing,0.9883667977606867,0.01163319899852083,0.85,0.75
50079,left_hand,0.9991722106933594,0.0008278259192593396,ExponentialSmoothing,0.9899876097005875,0.010012393036631605,0.85,0.75
50154,left_hand,0.9996863603591919,0.0003136260202154517,ExponentialSmoothing,0.9914424222993783,0.008557577984169182,0.85,0.75
50204,left_hand,0.9997060894966125,0.00029392968281172216,ExponentialSmoothing,0.9926819723789634,0.007318030738965563,0.85,0.75
50229,left_hand,0.9997013211250305,0.0002986259351018816,ExponentialSmoothing,0.9937348746908734,0.0062651200183860105,0.85,0.75
50279,left_hand,0.9996517896652222,0.00034821778535842896,ExponentialSmoothing,0.9946224119370257,0.005377584683431873,0.85,0.75
50304,left_hand,0.9996210336685181,0.00037894141860306263,ExponentialSmoothing,0.9953722051967495,0.004627788193707551,0.85,0.75
50354,left_hand,0.9993504881858826,0.0006494514527730644,ExponentialSmoothing,0.9959689476451195,0.004031037682567378,0.85,0.75
50379,left_hand,0.9989927411079407,0.0010072533041238785,ExponentialSmoothing,0.9964225166645426,0.003577470025800853,0.85,0.75
50429,left_hand,0.9980461597442627,0.0019538819324225187,ExponentialSmoothing,0.9966660631265006,0.0033339318117941025,0.85,0.75
50454,left_hand,0.9982774257659912,0.0017225333722308278,ExponentialSmoothing,0.9969077675224243,0.003092222045859611,0.85,0.75
50504,left_hand,0.9983689188957214,0.0016310472274199128,ExponentialSmoothing,0.9971269402284189,0.0028730458230936565,0.85,0.75
50529,left_hand,0.9985201954841614,0.0014798329211771488,ExponentialSmoothing,0.9973359285167802,0.00266406388780618,0.85,0.75
50579,left_hand,0.9984232187271118,0.0015767832519486547,ExponentialSmoothing,0.99749902204833,0.0025009717924275514,0.85,0.75
50604,left_hand,0.9988778233528137,0.0011221644235774875,ExponentialSmoothing,0.9977058422440026,0.002294150687100042,0.85,0.75
50629,left_hand,0.998736560344696,0.0012635034509003162,ExponentialSmoothing,0.9978604499591066,0.002139553601670083,0.85,0.75
50679,left_hand,0.9982903599739075,0.001709680538624525,ExponentialSmoothing,0.9979249364613267,0.002075072642213249,0.85,0.75
50729,left_hand,0.9973311424255371,0.0026688792277127504,ExponentialSmoothing,0.9978358673559583,0.0021641436300381743,0.85,0.75
50754,left_hand,0.9960468411445618,0.003953108564019203,ExponentialSmoothing,0.9975675134242488,0.0024324883701353286,0.85,0.75
50804,left_hand,0.9931607246398926,0.0068392446264624596,ExponentialSmoothing,0.9969064951065953,0.0030935018085843985,0.85,0.75
50829,left_hand,0.9950386881828308,0.004961357451975346,ExponentialSmoothing,0.9966263240680306,0.003373680155093041,0.85,0.75
50879,left_hand,0.9964432120323181,0.003556809388101101,ExponentialSmoothing,0.9965988572626738,0.00340114954004425,0.85,0.75
50904,left_hand,0.9975971579551697,0.0024028609041124582,ExponentialSmoothing,0.9967486023665482,0.003251406244654481,0.85,0.75
50954,left_hand,0.997957706451416,0.0020422632806003094,ExponentialSmoothing,0.9969299679792784,0.003070034800046355,0.85,0.75
50979,left_hand,0.996852457523346,0.0031475257128477097,ExponentialSmoothing,0.9969183414108884,0.003081658436966558,0.85,0.75
51004,left_hand,0.9932742118835449,0.006725737825036049,ExponentialSmoothing,0.9963717219817869,0.003628270345176982,0.85,0.75
51054,left_hand,0.9852473735809326,0.014752602204680443,ExponentialSmoothing,0.9947030697216588,0.005296920124102501,0.85,0.75
51104,left_hand,0.9725872874259949,0.027412671595811844,ExponentialSmoothing,0.9913857023773093,0.008614282844858902,0.85,0.75
51129,left_hand,0.9584826827049255,0.041517242789268494,ExponentialSmoothing,0.9864502494264518,0.01354972683652034,0.85,0.75
51179,left_hand,0.6692355871200562,0.33076438307762146,ExponentialSmoothing,0.9388680500804925,0.06113192527268552,0.85,0.75
51204,left_hand,0.32184040546417236,0.6781595945358276,ExponentialSmoothing,0.8463139033880445,0.15368607566215686,0.85,0.75
51254,rest,0.11731375008821487,0.8826862573623657,ExponentialSmoothing,0.73696388039307,0.2630361029171882,0.85,0.75
51279,rest,0.24903739988803864,0.7509625554084778,ExponentialSmoothing,0.6637749083173152,0.33622507079088165,0.85,0.75
51329,rest,0.21001645922660828,0.7899835705757141,ExponentialSmoothing,0.5957111409537091,0.4042888457586065,0.85,0.75
51354,rest,0.2058313637971878,0.7941686511039734,ExponentialSmoothing,0.537229174380231,0.4627708165604116,0.85,0.75
51404,rest,0.013220742344856262,0.9867792129516602,ExponentialSmoothing,0.4586279095749248,0.5413720760190989,0.85,0.75
51429,rest,0.006657162215560675,0.9933428168296814,ExponentialSmoothing,0.3908322974710201,0.6091676871406863,0.85,0.75
51454,rest,0.0018364401767030358,0.9981635212898254,ExponentialSmoothing,0.33248291887687254,0.6675170622630571,0.85,0.75
51504,rest,0.0008603086462244391,0.999139666557312,ExponentialSmoothing,0.2827395273422753,0.7172604529071953,0.85,0.75
51554,right_hand,0.00028892248519696295,0.9997110962867737,ExponentialSmoothing,0.24037193661371353,0.7596280494141321,0.85,0.75
51579,right_hand,0.00035698318970389664,0.9996429681777954,ExponentialSmoothing,0.2043696936001121,0.7956302872286816,0.85,0.75
51629,right_hand,0.0003801461134571582,0.9996198415756226,ExponentialSmoothing,0.17377126147711383,0.8262287203807228,0.85,0.75
51654,right_hand,0.0006710024317726493,0.9993289709091187,ExponentialSmoothing,0.14780622262031265,0.8521937579599821,0.85,0.75
51704,right_hand,0.0007824349449947476,0.9992175102233887,ExponentialSmoothing,0.12575265446901496,0.874247320799493,0.85,0.75
51729,right_hand,0.0008485735161229968,0.9991514682769775,ExponentialSmoothing,0.10701704232608115,0.8929829429211157,0.85,0.75
51779,right_hand,0.0004736845730803907,0.9995263814926147,ExponentialSmoothing,0.09103553866313104,0.9089644587068405,0.85,0.75
51804,right_hand,0.0003848803462460637,0.9996150732040405,ExponentialSmoothing,0.07743793991559829,0.9225620508814205,0.85,0.75
51829,right_hand,0.0002871315518859774,0.9997128844261169,ExponentialSmoothing,0.06586531866104144,0.934134675913125,0.85,0.75
51879,right_hand,0.0002771216386463493,0.9997228980064392,ExponentialSmoothing,0.05602708910768217,0.9439729092271222,0.85,0.75
51929,right_hand,0.00019279838306829333,0.9998071789741516,ExponentialSmoothing,0.047651945498990086,0.9523480496891766,0.85,0.75
51954,right_hand,0.00017222503083758056,0.9998277425765991,ExponentialSmoothing,0.040529987428767206,0.95947000362229,0.85,0.75
52004,right_hand,8.545741729903966e-05,0.9999145269393921,ExponentialSmoothing,0.03446330792704698,0.9655366821198553,0.85,0.75
52029,right_hand,7.115382322808728e-05,0.9999288320541382,ExponentialSmoothing,0.029304484811474147,0.9706955046099978,0.85,0.75
52079,right_hand,0.00011854794865939766,0.999881386756897,ExponentialSmoothing,0.024926594282051934,0.9750733869320326,0.85,0.75
52104,right_hand,0.00012820032134186476,0.9998717308044434,ExponentialSmoothing,0.02120683518794542,0.9787931385128943,0.85,0.75
52129,right_hand,0.0001713509700493887,0.999828577041626,ExponentialSmoothing,0.018051512555261013,0.981948454292204,0.85,0.75
52154,right_hand,0.00020174781093373895,0.9997982382774353,ExponentialSmoothing,0.015374047843611922,0.9846259218899887,0.85,0.75
52204,right_hand,0.0002222181501565501,0.9997777342796326,ExponentialSmoothing,0.013101273389593616,0.9868986937484353,0.85,0.75
52254,right_hand,0.0002661861071828753,0.9997337460517883,ExponentialSmoothing,0.011176010297232005,0.9888239515939383,0.85,0.75
52279,right_hand,0.0003562631318345666,0.9996436834335327,ExponentialSmoothing,0.00955304822242239,0.9904469113698775,0.85,0.75
52329,right_hand,0.0006752817425876856,0.9993246793746948,ExponentialSmoothing,0.008221383250447184,0.9917785765706001,0.85,0.75
52379,right_hand,0.0020017779897898436,0.9979981780052185,ExponentialSmoothing,0.007288442461348583,0.9927115167857928,0.85,0.75
52404,right_hand,0.003708238946273923,0.9962917566299438,ExponentialSmoothing,0.0067514119340873835,0.9932485527624155,0.85,0.75
52454,right_hand,0.012180636636912823,0.9878193140029907,ExponentialSmoothing,0.007565795639511199,0.9924341669485017,0.85,0.75
52479,right_hand,0.013921715319156647,0.9860782623291016,ExponentialSmoothing,0.008519183591458018,0.9914807812555917,0.85,0.75
52504,right_hand,0.01883879490196705,0.9811611771583557,ExponentialSmoothing,0.010067125288034372,0.9899328406410064,0.85,0.75
52554,right_hand,0.02197089046239853,0.978029191493988,ExponentialSmoothing,0.011852690064188997,0.9881472932689537,0.85,0.75
52604,right_hand,0.008376823738217354,0.9916231036186218,ExponentialSmoothing,0.011331310115293251,0.9886686648214039,0.85,0.75
52629,right_hand,0.0037526069208979607,0.9962473511695862,ExponentialSmoothing,0.010194504636133958,0.9898054677736313,0.85,0.75
52654,right_hand,0.0017229681834578514,0.9982770681381226,ExponentialSmoothing,0.008923774168232541,0.991076207828305,0.85,0.75
52704,right_hand,0.002122120698913932,0.9978779554367065,ExponentialSmoothing,0.007903526147834749,0.9920964699695651,0.85,0.75
52754,right_hand,0.002135866554453969,0.9978641867637634,ExponentialSmoothing,0.007038377208827632,0.9929616274886948,0.85,0.75
52779,right_hand,0.0022125577088445425,0.9977874755859375,ExponentialSmoothing,0.006314504283830168,0.9936855047032812,0.85,0.75
52829,right_hand,0.0029288087971508503,0.9970711469650269,ExponentialSmoothing,0.00580664996082827,0.9941933510425431,0.85,0.75
52854,right_hand,0.0025751707144081593,0.997424840927124,ExponentialSmoothing,0.005321928073865253,0.9946780745252303,0.85,0.75
52904,right_hand,0.0027933232486248016,0.9972066283226013,ExponentialSmoothing,0.004942637350079186,0.9950573575948359,0.85,0.75
52929,right_hand,0.0023627677001059055,0.9976372718811035,ExponentialSmoothing,0.004555656902583194,0.9954443447377761,0.85,0.75
52979,right_hand,0.003532519331201911,0.9964674711227417,ExponentialSmoothing,0.004402186266876002,0.9955978136955209,0.85,0.75
53004,right_hand,0.0032573877833783627,0.9967426657676697,ExponentialSmoothing,0.004230466494351356,0.9957695415063432,0.85,0.75
53054,right_hand,0.004170771222561598,0.995829164981842,ExponentialSmoothing,0.004221512203582892,0.9957784850276681,0.85,0.75
53079,right_hand,0.005716722458600998,0.9942832589149475,ExponentialSmoothing,0.0044457937418356085,0.99555420111076,0.85,0.75
53104,right_hand,0.01035698689520359,0.9896429777145386,ExponentialSmoothing,0.005332472714840806,0.9946675176013269,0.85,0.75
53154,right_hand,0.015768885612487793,0.984231173992157,ExponentialSmoothing,0.006897934649487854,0.9931020660599514,0.85,0.75
53204,right_hand,0.04027886316180229,0.9597211480140686,ExponentialSmoothing,0.011905073926335021,0.9880949283530691,0.85,0.75
53229,right_hand,0.038255803287029266,0.9617441892623901,ExponentialSmoothing,0.01585768333043916,0.9841423174894672,0.85,0.75
53279,right_hand,0.09231811761856079,0.9076818823814392,ExponentialSmoothing,0.027326748473657403,0.9726732522232631,0.85,0.75
53304,right_hand,0.03705676645040512,0.9629432559013367,ExponentialSmoothing,0.02878625117016956,0.9712137527749741,0.85,0.75
53329,right_hand,0.03739338740706444,0.9626065492630005,ExponentialSmoothing,0.030077321605703793,0.969922672248178,0.85,0.75
53379,right_hand,0.005842486396431923,0.9941575527191162,ExponentialSmoothing,0.026442096324313012,0.9735579043188187,0.85,0.75
53429,right_hand,0.01196086686104536,0.9880390763282776,ExponentialSmoothing,0.024269911904822864,0.9757300801202375,0.85,0.75
53454,right_hand,0.014590742997825146,0.9854093194007874,ExponentialSmoothing,0.02281803656877321,0.97718196601232,0.85,0.75
53504,right_hand,0.12474232167005539,0.875257670879364,ExponentialSmoothing,0.03810667933396554,0.9618933217423766,0.85,0.75
53529,right_hand,0.3080257177352905,0.6919742822647095,ExponentialSmoothing,0.0785945350941643,0.9214054658207266,0.85,0.75
53579,right_hand,0.9705225825309753,0.02947748452425003,ExponentialSmoothing,0.21238374220968598,0.7876162686262551,0.85,0.75
53604,rest,0.9816104173660278,0.018389636650681496,ExponentialSmoothing,0.3277677434831373,0.672232273829919,0.85,0.75
53654,rest,0.9783473014831543,0.02165265567600727,ExponentialSmoothing,0.4253546771831399,0.5746453311068322,0.85,0.75
53679,rest,0.9863179922103882,0.013681991957128048,ExponentialSmoothing,0.5094991744372271,0.49050083023437663,0.85,0.75
53729,rest,0.9942092895507812,0.005790701135993004,ExponentialSmoothing,0.5822056917042603,0.41779431086961905,0.85,0.75
53754,rest,0.9960551261901855,0.003944923169910908,ExponentialSmoothing,0.6442831068771491,0.35571690271466283,0.85,0.75
53779,rest,0.9980066418647766,0.0019933765288442373,ExponentialSmoothing,0.6973416371252932,0.30265837378679,0.85,0.75
53829,rest,0.9993569254875183,0.0006430387147702277,ExponentialSmoothing,0.742643930379627,0.257356073525987,0.85,0.75
53879,left_hand,0.9995518326759338,0.00044810795225203037,ExponentialSmoothing,0.781180115724073,0.21881987868992675,0.85,0.75
53904,left_hand,0.999610960483551,0.0003890421357937157,ExponentialSmoothing,0.8139447424379946,0.18605525320680677,0.85,0.75
53954,left_hand,0.9995658993721008,0.00043408144847489893,ExponentialSmoothing,0.8417879159781105,0.158212077443057,0.85,0.75
53979,left_hand,0.9995195865631104,0.0004804345953743905,ExponentialSmoothing,0.8654476665658605,0.1345523310159046,0.85,0.75
54029,left_hand,0.9992913007736206,0.0007086603436619043,ExponentialSmoothing,0.8855242116970244,0.1144757804150682,0.85,0.75
54054,left_hand,0.9991723299026489,0.0008277154411189258,ExponentialSmoothing,0.902571429427868,0.09742857066897581,0.85,0.75
54104,left_hand,0.9991782307624817,0.0008217153954319656,ExponentialSmoothing,0.9170624496280602,0.08293754237794423,0.85,0.75
54129,left_hand,0.9990543723106384,0.0009455694234929979,ExponentialSmoothing,0.9293612380304469,0.07063874643477654,0.85,0.75
54179,left_hand,0.9989368319511414,0.0010631937766447663,ExponentialSmoothing,0.9397975771185512,0.06020241353605677,0.85,0.75
54204,left_hand,0.9990147352218628,0.0009852593066170812,ExponentialSmoothing,0.9486801508340479,0.051319840401640816,0.85,0.75
54254,left_hand,0.9991872906684875,0.0008127177134156227,ExponentialSmoothing,0.9562562218092139,0.04374377199840704,0.85,0.75
54279,left_hand,0.999127209186554,0.0008727919775992632,ExponentialSmoothing,0.9626868699158149,0.03731312499528587,0.85,0.75
54304,left_hand,0.9987868666648865,0.0012131325202062726,ExponentialSmoothing,0.9681018694281756,0.031898126124023936,0.85,0.75
54354,left_hand,0.9980781078338623,0.0019218350062146783,ExponentialSmoothing,0.9725983051890286,0.027401682456352546,0.85,0.75
54404,left_hand,0.9957054257392883,0.004294589627534151,ExponentialSmoothing,0.9760643732715675,0.023935618532029787,0.85,0.75
54429,left_hand,0.9933858513832092,0.006614132784307003,ExponentialSmoothing,0.9786625949883136,0.02133739566987137,0.85,0.75
54479,left_hand,0.9703152179718018,0.029684817418456078,ExponentialSmoothing,0.9774104884358368,0.022589508932159073,0.85,0.75
54504,left_hand,0.9749933481216431,0.025006575509905815,ExponentialSmoothing,0.9770479173887077,0.022952068918821088,0.85,0.75
54554,left_hand,0.9350058436393738,0.06499414891004562,ExponentialSmoothing,0.9707416063263076,0.02925838091750477,0.85,0.75
54579,left_hand,0.8516008257865906,0.1483992040157318,ExponentialSmoothing,0.95287048924535,0.04712950438223883,0.85,0.75
54629,left_hand,0.5637906789779663,0.4362093508243561,ExponentialSmoothing,0.8945085177052425,0.10549148134855643,0.85,0.75
54654,left_hand,0.2913902997970581,0.7086097002029419,ExponentialSmoothing,0.8040407850190148,0.19595921417671425,0.85,0.75
54704,rest,0.05710037052631378,0.9428995847702026,ExponentialSmoothing,0.6919997228451096,0.3080002697657375,0.85,0.75
54729,rest,0.019036103039979935,0.980963945388794,ExponentialSmoothing,0.5910551798743401,0.408944821109196,0.85,0.75
54779,rest,0.0029721753671765327,0.9970278143882751,ExponentialSmoothing,0.5028427291982656,0.49715727010105787,0.85,0.75
54829,rest,0.0012341353576630354,0.9987659454345703,ExponentialSmoothing,0.4276014401221752,0.5723985714010847,0.85,0.75
54854,rest,0.0006788151222281158,0.9993212223052979,ExponentialSmoothing,0.3635630463721831,0.6364369690367166,0.85,0.75
54929,rest,0.0003748592280317098,0.9996250867843628,ExponentialSmoothing,0.3090848183005604,0.6909151866988635,0.85,0.75
54954,rest,0.0003137094608973712,0.9996863603591919,ExponentialSmoothing,0.2627691519746109,0.7372308627479127,0.85,0.75
55004,right_hand,0.000209860474569723,0.9997901320457458,ExponentialSmoothing,0.22338525824960473,0.7766147531425877,0.85,0.75
55029,right_hand,0.0001606168516445905,0.9998393058776855,ExponentialSmoothing,0.1899015620399107,0.8100984360528524,0.85,0.75
55054,right_hand,0.00015978602459654212,0.9998401403427124,ExponentialSmoothing,0.16144029563761356,0.8385596916963314,0.85,0.75
55104,right_hand,0.00014948462194297463,0.9998505115509033,ExponentialSmoothing,0.13724667398526297,0.8627533146745172,0.85,0.75
55129,right_hand,0.00014331357670016587,0.99985671043396,ExponentialSmoothing,0.11668116992397855,0.8833188240384336,0.85,0.75
55179,right_hand,0.00011172551603522152,0.9998883008956909,ExponentialSmoothing,0.09919575326278705,0.9008042455670222,0.85,0.75
55229,right_hand,9.86432860372588e-05,0.999901294708252,ExponentialSmoothing,0.08433118676627459,0.9156688029382066,0.85,0.75
55254,right_hand,7.703569281147793e-05,0.9999229907989502,ExponentialSmoothing,0.07169306410525512,0.9283069311173182,0.85,0.75
55304,right_hand,6.432733061956242e-05,0.9999356269836426,ExponentialSmoothing,0.06094875358905979,0.9390512354972669,0.85,0.75
55329,right_hand,4.041561624035239e-05,0.9999595880508423,ExponentialSmoothing,0.05181250289313687,0.9481874883803032,0.85,0.75
55379,right_hand,3.455688784015365e-05,0.9999654293060303,ExponentialSmoothing,0.044045810992342366,0.9559541795191623,0.85,0.75
55404,right_hand,2.0515220967354253e-05,0.9999794960021973,ExponentialSmoothing,0.03744201662663611,0.9625579769916176,0.85,0.75
55454,right_hand,2.2716243620379828e-05,0.9999772310256958,ExponentialSmoothing,0.03182912156918375,0.9681708650967293,0.85,0.75
55479,right_hand,2.119076634699013e-05,0.99997878074646,ExponentialSmoothing,0.027057931948758236,0.972942052444189,0.85,0.75
55504,right_hand,1.5947871361277066e-05,0.9999840259552002,ExponentialSmoothing,0.02300163433714869,0.9769983484708407,0.85,0.75
55554,right_hand,1.3417837180895731e-05,0.9999865293502808,ExponentialSmoothing,0.01955340186215352,0.9804465756027566,0.85,0.75
55604,right_hand,2.3771186533849686e-05,0.9999762773513794,ExponentialSmoothing,0.01662395726081057,0.9833760308650501,0.85,0.75
55629,right_hand,3.1109360861591995e-05,0.9999688863754272,ExponentialSmoothing,0.014135030075818223,0.9858649591916067,0.85,0.75
55679,right_hand,0.00016637555381748825,0.9998335838317871,ExponentialSmoothing,0.012039731897518112,0.9879602528876337,0.85,0.75
55704,right_hand,0.00030542229069396853,0.9996945858001709,ExponentialSmoothing,0.01027958545649449,0.9897204028245142,0.85,0.75
55754,right_hand,0.001051866915076971,0.9989481568336487,ExponentialSmoothing,0.008895427675281863,0.9911045659258844,0.85,0.75
55779,right_hand,0.0013345846673473716,0.998665452003479,ExponentialSmoothing,0.007761301224091689,0.9922386988375236,0.85,0.75
55829,right_hand,0.002280445536598563,0.9977195858955383,ExponentialSmoothing,0.00693917287096772,0.9930608318962258,0.85,0.75
55854,right_hand,0.002966008149087429,0.997033953666687,ExponentialSmoothing,0.006343198162685676,0.9936568001617951,0.85,0.75
55904,right_hand,0.007572018541395664,0.9924280047416687,ExponentialSmoothing,0.006527521219492174,0.9934724808487763,0.85,0.75
55929,right_hand,0.013440851122140884,0.9865591526031494,ExponentialSmoothing,0.00756452070488948,0.9924354816119323,0.85,0.75
55954,right_hand,0.03499288111925125,0.9650071263313293,ExponentialSmoothing,0.011678774767043747,0.9883212283198419,0.85,0.75
56004,right_hand,0.08136343955993652,0.9186365604400635,ExponentialSmoothing,0.022131474485977666,0.9778685281378752,0.85,0.75
56054,right_hand,0.08814363926649094,0.9118563532829285,ExponentialSmoothing,0.03203329920305466,0.9679667019096332,0.85,0.75
56079,right_hand,0.11622582376003265,0.8837742209434509,ExponentialSmoothing,0.04466217788660136,0.9553378297647058,0.85,0.75
56104,right_hand,0.239168182015419,0.7608318328857422,ExponentialSmoothing,0.07383807850592401,0.9261619302328613,0.85,0.75
56154,right_hand,0.47183534502983093,0.5281646847724915,ExponentialSmoothing,0.13353766848451004,0.8664623434138059,0.85,0.75
56204,right_hand,0.5365720391273499,0.46342796087265015,ExponentialSmoothing,0.19399282408093604,0.8060071860326325,0.85,0.75
56229,right_hand,0.2819363474845886,0.7180636525154114,ExponentialSmoothing,0.20718435259148393,0.7928156560050493,0.85,0.75
56254,right_hand,0.13131199777126312,0.8686879873275757,ExponentialSmoothing,0.1958034993684508,0.8041965057034283,0.85,0.75
56304,right_hand,0.17504842579364777,0.8249515295028687,ExponentialSmoothing,0.19269023833223034,0.8073097592733443,0.85,0.75
56329,right_hand,0.2649284899234772,0.7350714802742004,ExponentialSmoothing,0.20352597607091735,0.7964740174234726,0.85,0.75
56379,right_hand,0.5001056790351868,0.49989426136016846,ExponentialSmoothing,0.24801293151555776,0.7519870540139769,0.85,0.75
56429,rest,0.9702714681625366,0.029728511348366737,ExponentialSmoothing,0.3563517120126046,0.6436482726141354,0.85,0.75
56454,rest,0.9870651960372925,0.012934803031384945,ExponentialSmoothing,0.4509587346163078,0.5490412521767228,0.85,0.75
56504,rest,0.9943806529045105,0.005619348958134651,ExponentialSmoothing,0.5324720223595383,0.4675279666939346,0.85,0.75
56529,rest,0.9884862899780273,0.011513687670230865,ExponentialSmoothing,0.6008741625023116,0.399125824840379,0.85,0.75
56579,rest,0.7959244847297668,0.20407553017139435,ExponentialSmoothing,0.6301317108364299,0.3698682806400313,0.85,0.75
56604,rest,0.1826944351196289,0.8173055648803711,ExponentialSmoothing,0.5630161194789097,0.43698387327608224,0.85,0.75
56654,rest,0.04642016813158989,0.9535797834396362,ExponentialSmoothing,0.4855267267768117,0.5144732598006154,0.85,0.75
56679,rest,0.02850881591439247,0.9714912176132202,ExponentialSmoothing,0.41697404014744877,0.5830259534725062,0.85,0.75
56704,rest,0.009345787577331066,0.9906541705131531,ExponentialSmoothing,0.3558298022619311,0.6441701860286033,0.85,0.75
56754,rest,0.012516729533672333,0.9874832630157471,ExponentialSmoothing,0.3043328413526923,0.6956671475766749,0.85,0.75
56779,rest,0.007876472547650337,0.992123544216156,ExponentialSmoothing,0.25986438603193596,0.7401356070725971,0.85,0.75
56829,right_hand,0.0037470883689820766,0.9962528944015503,ExponentialSmoothing,0.22144679138249285,0.7785532001719401,0.85,0.75
56879,right_hand,0.0009509044466540217,0.9990491271018982,ExponentialSmoothing,0.18837240834211702,0.8116275892114337,0.85,0.75
56904,right_hand,0.0005065840086899698,0.9994933605194092,ExponentialSmoothing,0.16019253469210296,0.8398074549076301,0.85,0.75
56954,right_hand,0.00032665871549397707,0.9996733665466309,ExponentialSmoothing,0.1362126532956116,0.8637873416534803,0.85,0.75
56979,right_hand,0.00029968004673719406,0.9997003078460693,ExponentialSmoothing,0.11582570730828044,0.8841742865823685,0.85,0.75
57029,right_hand,0.0004288575437385589,0.9995711445808411,ExponentialSmoothing,0.09851617984359916,0.9014838152821394,0.85,0.75
57054,right_hand,0.0005508394679054618,0.9994491934776306,ExponentialSmoothing,0.0838213787872451,0.916178622011463,0.85,0.75
57104,right_hand,0.0012604017974808812,0.9987396597862244,ExponentialSmoothing,0.07143723223878047,0.9285627776776773,0.85,0.75
57129,right_hand,0.002514713676646352,0.9974852800369263,ExponentialSmoothing,0.061098854454460345,0.9389011530315646,0.85,0.75
57154,right_hand,0.0039261882193386555,0.996073842048645,ExponentialSmoothing,0.05252295451919209,0.9474770563841267,0.85,0.75
57204,right_hand,0.004200777970254421,0.9957992434501648,ExponentialSmoothing,0.045274628036851436,0.9547253844440324,0.85,0.75
57254,right_hand,0.004484615288674831,0.9955154061317444,ExponentialSmoothing,0.03915612612462495,0.9608438876971892,0.85,0.75
57279,right_hand,0.004765779711306095,0.9952341914176941,ExponentialSmoothing,0.033997574162627116,0.966002433255265,0.85,0.75
57329,right_hand,0.0027007278986275196,0.9972992539405823,ExponentialSmoothing,0.029303047223027175,0.9706969563580626,0.85,0.75
57354,right_hand,0.004168092273175716,0.9958319067955017,ExponentialSmoothing,0.025532803980549457,0.9744671989236785,0.85,0.75
57379,right_hand,0.008265216834843159,0.9917347431182861,ExponentialSmoothing,0.022942665908693514,0.9770573305528696,0.85,0.75
57429,right_hand,0.06687884777784348,0.9331211447715759,ExponentialSmoothing,0.02953309318906601,0.9704669026856755,0.85,0.75
57454,right_hand,0.24163907766342163,0.7583609223365784,ExponentialSmoothing,0.06134899086021936,0.9386510056333109,0.85,0.75
57504,right_hand,0.7128446102142334,0.2871553599834442,ExponentialSmoothing,0.15907333376332147,0.840926658785831,0.85,0.75
57554,rest,0.8921951651573181,0.10780489444732666,ExponentialSmoothing,0.269041608472421,0.7309583941350553,0.85,0.75
57579,rest,0.9179056882858276,0.08209430426359177,ExponentialSmoothing,0.366371220444432,0.6336287806543358,0.85,0.75
57629,rest,0.9629737734794617,0.03702618181705475,ExponentialSmoothing,0.45586160339968645,0.5441383908287436,0.85,0.75
57654,rest,0.975341260433197,0.02465873770415783,ExponentialSmoothing,0.533783551954713,0.4662164428600557,0.85,0.75
57704,rest,0.986828625202179,0.013171324506402016,ExponentialSmoothing,0.6017403129418329,0.39825967510700766,0.85,0.75
57729,rest,0.9910303354263306,0.008969672955572605,ExponentialSmoothing,0.6601338163145076,0.3398661747842924,0.85,0.75
57779,rest,0.9975849390029907,0.0024150628596544266,ExponentialSmoothing,0.71075148471778,0.2892485079955967,0.85,0.75
57804,left_hand,0.9984586238861084,0.001541401376016438,ExponentialSmoothing,0.7539075555930294,0.24609244200265964,0.85,0.75
57854,left_hand,0.9992374181747437,0.0007626212318427861,ExponentialSmoothing,0.7907070349802865,0.2092929688870371,0.85,0.75
57879,left_hand,0.9993380904197693,0.0006619428168050945,ExponentialSmoothing,0.8220016932962089,0.17799831497650231,0.85,0.75
57904,left_hand,0.9994044303894043,0.0005955466767773032,ExponentialSmoothing,0.8486121038601881,0.15138789973154354,0.85,0.75
57954,left_hand,0.9996283054351807,0.0003716407809406519,ExponentialSmoothing,0.871264534096437,0.1287354608889531,0.85,0.75
57979,left_hand,0.9995892643928528,0.0004107676795683801,ExponentialSmoothing,0.8905132436408993,0.10948675690754539,0.85,0.75
58029,left_hand,0.9996877908706665,0.000312282849336043,ExponentialSmoothing,0.9068894257253644,0.093110585798814,0.85,0.75
58079,left_hand,0.9997592568397522,0.00024072227824945003,ExponentialSmoothing,0.9208199003925226,0.07918010627072931,0.85,0.75
58104,left_hand,0.9998306035995483,0.00016942287038546056,ExponentialSmoothing,0.9326715058735764,0.06732850376067773,0.85,0.75
58154,left_hand,0.9998351335525513,0.00016486253298353404,ExponentialSmoothing,0.9427460500254226,0.0572539575765236,0.85,0.75
58179,left_hand,0.9998506307601929,0.0001493217860115692,ExponentialSmoothing,0.9513117371356381,0.048688262207946795,0.85,0.75
58229,left_hand,0.9998183846473694,0.00018160500621888787,ExponentialSmoothing,0.9585877342623979,0.04141226362768761,0.85,0.75
58254,left_hand,0.9997873902320862,0.00021266296971589327,ExponentialSmoothing,0.9647676826578511,0.035232323528991846,0.85,0.75
58304,left_hand,0.9996582269668579,0.00034178493660874665,ExponentialSmoothing,0.9700012643042021,0.02999874274013438,0.85,0.75
58329,left_hand,0.9995535016059875,0.00044646792230196297,ExponentialSmoothing,0.9744340998994698,0.025565901517459515,0.85,0.75
58379,left_hand,0.9992066025733948,0.0007933703018352389,ExponentialSmoothing,0.9781499753005586,0.021850021835115873,0.85,0.75
58404,left_hand,0.998941957950592,0.0010580563684925437,ExponentialSmoothing,0.9812687726980636,0.01873122701512237,0.85,0.75
58454,left_hand,0.9990519881248474,0.0009480462758801877,ExponentialSmoothing,0.9839362550120812,0.016063749904236042,0.85,0.75
58479,left_hand,0.9989938139915466,0.0010061570210382342,ExponentialSmoothing,0.986194888859001,0.01380511097175637,0.85,0.75
58529,left_hand,0.998501181602478,0.0014988054754212499,ExponentialSmoothing,0.9880408327705225,0.011959165147306102,0.85,0.75
58554,left_hand,0.9981458187103271,0.0018541639437898993,ExponentialSmoothing,0.9895565806614932,0.01044341496677867,0.85,0.75
58604,left_hand,0.9977444410324097,0.0022555687464773655,ExponentialSmoothing,0.9907847597171306,0.009215238033733475,0.85,0.75
58629,left_hand,0.996881365776062,0.0031186770647764206,ExponentialSmoothing,0.9916992506259703,0.008300753888389916,0.85,0.75
58679,left_hand,0.9964445233345032,0.0035555404610931873,ExponentialSmoothing,0.9924110415322502,0.007588971874295407,0.85,0.75
58704,left_hand,0.9945818781852722,0.005418076179921627,ExponentialSmoothing,0.9927366670302035,0.0072633375201393395,0.85,0.75
58729,left_hand,0.9943227767944336,0.005677262786775827,ExponentialSmoothing,0.992974583494838,0.007025426310134812,0.85,0.75
58779,left_hand,0.9903869032859802,0.009613041765987873,ExponentialSmoothing,0.9925864314635093,0.007413568628512771,0.85,0.75
58804,left_hand,0.979478120803833,0.02052188292145729,ExponentialSmoothing,0.9906201848645579,0.009379815772454449,0.85,0.75
58854,left_hand,0.73948734998703,0.26051265001296997,ExponentialSmoothing,0.9529502596329287,0.047049740908531784,0.85,0.75
58904,left_hand,0.41969725489616394,0.5803027153015137,ExponentialSmoothing,0.8729623089224139,0.1270376870674791,0.85,0.75
58929,left_hand,0.42034339904785156,0.5796566009521484,ExponentialSmoothing,0.8050694724412296,0.1949305241501795,0.85,0.75
58979,rest,0.33349505066871643,0.6665049195289612,ExponentialSmoothing,0.7343333091753527,0.26566668345699673,0.85,0.75
59004,rest,0.48050862550735474,0.5194913148880005,ExponentialSmoothing,0.696259606625153,0.30374037817164734,0.85,0.75
59054,rest,0.38879939913749695,0.6112006306648254,ExponentialSmoothing,0.6501405755020045,0.34985941604562404,0.85,0.75
59079,rest,0.7668033838272095,0.23319663107395172,ExponentialSmoothing,0.6676399967507853,0.33235999829987317,0.85,0.75
59129,rest,0.9232040047645569,0.07679599523544312,ExponentialSmoothing,0.7059745979528511,0.29402539784020865,0.85,0.75
59154,rest,0.8854138255119324,0.11458613723516464,ExponentialSmoothing,0.7328904820867133,0.26710950874945205,0.85,0.75
59179,left_hand,0.9291343688964844,0.07086560130119324,ExponentialSmoothing,0.7623270651081788,0.23767292263221323,0.85,0.75
59229,left_hand,0.9530202150344849,0.04697978496551514,ExponentialSmoothing,0.7909310375971247,0.2090689519822085,0.85,0.75
59279,left_hand,0.990000307559967,0.009999720379710197,ExponentialSmoothing,0.8207914280915511,0.17920856724183376,0.85,0.75
59304,left_hand,0.9911162853240967,0.00888371467590332,ExponentialSmoothing,0.846340156676433,0.1536598393569442,0.85,0.75
59354,left_hand,0.9943108558654785,0.0056891427375376225,ExponentialSmoothing,0.86853576155479,0.1314642348640332,0.85,0.75
59379,left_hand,0.9920346140861511,0.007965385913848877,ExponentialSmoothing,0.8870605894344941,0.11293940752150554,0.85,0.75
59429,left_hand,0.9944413304328918,0.005558623932301998,ExponentialSmoothing,0.9031677005842538,0.096832289983125,0.85,0.75
59454,left_hand,0.994030237197876,0.005969800055027008,ExponentialSmoothing,0.9167970810762971,0.08320291649391029,0.85,0.75
59504,left_hand,0.9877880215644836,0.01221200916916132,ExponentialSmoothing,0.9274457221495251,0.07255428039519794,0.85,0.75
59529,left_hand,0.9812886714935303,0.018711306154727936,ExponentialSmoothing,0.9355221645511259,0.06447783425912744,0.85,0.75
59554,left_hand,0.9797812700271606,0.020218754187226295,ExponentialSmoothing,0.9421610303725312,0.057838972248342266,0.85,0.75
59604,left_hand,0.9812053442001343,0.018794698640704155,ExponentialSmoothing,0.9480176774466718,0.05198233120719655,0.85,0.75
59629,left_hand,0.9770528078079224,0.022947236895561218,ExponentialSmoothing,0.9523729470008594,0.04762706706045125,0.85,0.75
59679,left_hand,0.9844748973846436,0.015525169670581818,ExponentialSmoothing,0.957188239558427,0.042811782451970835,0.85,0.75
59729,left_hand,0.9927122592926025,0.007287738844752312,ExponentialSmoothing,0.9625168425185533,0.03748317591088805,0.85,0.75
59754,left_hand,0.9942650198936462,0.005734961945563555,ExponentialSmoothing,0.9672790691248172,0.03272094381608938,0.85,0.75
59779,left_hand,0.9946229457855225,0.005377118941396475,ExponentialSmoothing,0.9713806506239231,0.028619370084885444,0.85,0.75
59829,left_hand,0.9937325119972229,0.006267440039664507,ExponentialSmoothing,0.9747334298299181,0.025266580578102302,0.85,0.75
59854,left_hand,0.9902087450027466,0.009791242890059948,ExponentialSmoothing,0.9770547271058423,0.02294527992489595,0.85,0.75
59904,left_hand,0.93670654296875,0.06329351663589478,ExponentialSmoothing,0.9710024994852784,0.028997515431545776,0.85,0.75
59954,left_hand,0.8075124621391296,0.19248758256435394,ExponentialSmoothing,0.9464789938833561,0.05352102550146701,0.85,0.75
59979,left_hand,0.4218593239784241,0.5781406760215759,ExponentialSmoothing,0.8677860433976162,0.13221397307948335,0.85,0.75
60004,left_hand,0.3665293753147125,0.6334705948829651,ExponentialSmoothing,0.7925975431851806,0.20740246635000562,0.85,0.75
60054,rest,0.26662129163742065,0.7333787083625793,ExponentialSmoothing,0.7137011054530166,0.2862989026518917,0.85,0.75
60104,rest,0.1635824590921402,0.836417555809021,ExponentialSmoothing,0.6311833084988852,0.36881670062546107,0.85,0.75
60129,rest,0.027410512790083885,0.9725895524024963,ExponentialSmoothing,0.540617389142565,0.4593826283920164,0.85,0.75
60179,rest,0.003283438505604863,0.9967165589332581,ExponentialSmoothing,0.46001729654702095,0.5399827179732026,0.85,0.75
60204,rest,0.0008626225753687322,0.9991374015808105,ExponentialSmoothing,0.3911440954512731,0.6088559205143438,0.85,0.75
60229,rest,0.0006733335903845727,0.9993267059326172,ExponentialSmoothing,0.3325734811721398,0.6674265383270848,0.85,0.75
60279,rest,0.00017789534467738122,0.9998220801353455,ExponentialSmoothing,0.2827141432980204,0.7172858695983239,0.85,0.75
60329,right_hand,0.00011690462270053104,0.9998830556869507,ExponentialSmoothing,0.2403245574967224,0.7596754475116179,0.85,0.75
60354,right_hand,9.931312524713576e-05,0.9999006986618042,ExponentialSmoothing,0.2042907708410011,0.7957092351841458,0.85,0.75
60404,right_hand,6.379190745064989e-05,0.9999362230300903,ExponentialSmoothing,0.17365672400096854,0.8263432833610375,0.85,0.75
60429,right_hand,7.689360063523054e-05,0.9999231100082397,ExponentialSmoothing,0.14761974944091855,0.8523802573581178,0.85,0.75
60454,right_hand,6.365031731547788e-05,0.9999363422393799,ExponentialSmoothing,0.1254863345723781,0.8745136700903071,0.85,0.75
60504,right_hand,5.0652059144340456e-05,0.9999493360519409,ExponentialSmoothing,0.10667098219539302,0.8933290199845522,0.85,0.75
60554,right_hand,5.908885577809997e-05,0.9999408721923828,ExponentialSmoothing,0.09067919819445078,0.9093207978157267,0.85,0.75
60629,right_hand,7.9206598456949e-05,0.9999208450317383,ExponentialSmoothing,0.0770891994550517,0.9229108048981285,0.85,0.75
60654,right_hand,7.343039033003151e-05,0.9999265670776367,ExponentialSmoothing,0.06553683409534344,0.9344631692250547,0.85,0.75
60704,right_hand,8.819932554615662e-05,0.9999117851257324,ExponentialSmoothing,0.055719538879873846,0.9442804616101563,0.85,0.75
60729,right_hand,9.458087879465893e-05,0.9999054670333862,ExponentialSmoothing,0.047375795179711966,0.9526242124236408,0.85,0.75
60779,right_hand,0.00013405253412202,0.9998658895492554,ExponentialSmoothing,0.04028953378287347,0.959710463992483,0.85,0.75
60804,right_hand,0.00016248709289357066,0.9998375177383423,ExponentialSmoothing,0.03427047677937648,0.9657295220543619,0.85,0.75
60829,right_hand,0.00023514614440500736,0.9997648596763611,ExponentialSmoothing,0.02916517718413076,0.9708348226976617,0.85,0.75
60879,right_hand,0.00021719851065427065,0.9997828602790833,ExponentialSmoothing,0.024822980383109285,0.9751770283348751,0.85,0.75
60929,right_hand,0.0003108333039563149,0.9996892213821411,ExponentialSmoothing,0.021146158321236338,0.9788538572919651,0.85,0.75
60954,right_hand,0.00040216383058577776,0.9995978474617004,ExponentialSmoothing,0.018034559147638754,0.9819654558174253,0.85,0.75
61004,right_hand,0.0007384538766928017,0.9992615580558777,ExponentialSmoothing,0.01544014335699686,0.9845598711531932,0.85,0.75
61029,right_hand,0.0016016772715374827,0.9983983635902405,ExponentialSmoothing,0.013364373444177954,0.9866356450187502,0.85,0.75
61079,right_hand,0.006395986303687096,0.9936040043830872,ExponentialSmoothing,0.012319115373104324,0.9876808989234007,0.85,0.75
61104,right_hand,0.022754579782485962,0.9772453904151917,ExponentialSmoothing,0.013884435034511571,0.9861155726471694,0.85,0.75
61154,right_hand,0.08649014681577682,0.9135097861289978,ExponentialSmoothing,0.024775291801701363,0.9752247046694437,0.85,0.75
61179,right_hand,0.13326992094516754,0.8667300939559937,ExponentialSmoothing,0.041049486173221295,0.9589505130624261,0.85,0.75
61229,right_hand,0.11317290365695953,0.8868270516395569,ExponentialSmoothing,0.051867998795782036,0.9481319938489956,0.85,0.75
61254,right_hand,0.23619338870048523,0.7638065814971924,ExponentialSmoothing,0.07951680728148752,0.9204831819962251,0.85,0.75
61304,right_hand,0.6030139327049255,0.39698606729507446,ExponentialSmoothing,0.15804137609500324,0.8419586147910525,0.85,0.75
61329,right_hand,0.48604816198349,0.51395183801651,ExponentialSmoothing,0.20724239397827626,0.7927575982748711,0.85,0.75
61379,right_hand,0.033994100987911224,0.9660059213638306,ExponentialSmoothing,0.18125515002972148,0.818744846738215,0.85,0.75
61404,right_hand,0.0342368558049202,0.9657631516456604,ExponentialSmoothing,0.15920240589600126,0.8407975924743318,0.85,0.75
61429,right_hand,0.029367554932832718,0.9706323742866516,ExponentialSmoothing,0.139727178251526,0.8602728097461798,0.85,0.75
61479,right_hand,0.017747940495610237,0.9822520017623901,ExponentialSmoothing,0.12143029258813864,0.8785696885486114,0.85,0.75
61529,right_hand,0.01991836354136467,0.9800816178321838,ExponentialSmoothing,0.10620350323112254,0.8937964779411472,0.85,0.75
61554,right_hand,0.02076965570449829,0.9792303442955017,ExponentialSmoothing,0.0933884261021289,0.9066115578943004,0.85,0.75
61604,right_hand,0.04081319272518158,0.9591867327690125,ExponentialSmoothing,0.08550214109558679,0.9144978341255072,0.85,0.75
61629,right_hand,0.03447984158992767,0.9655201435089111,ExponentialSmoothing,0.07784879616973793,0.9221511805330178,0.85,0.75
61654,right_hand,0.03529610112309456,0.9647039175033569,ExponentialSmoothing,0.07146589191274143,0.9285340910785687,0.85,0.75
61704,right_hand,0.025373080745339394,0.974626898765564,ExponentialSmoothing,0.06455197023763112,0.935448012231618,0.85,0.75
61754,right_hand,0.030820125713944435,0.9691798090934753,ExponentialSmoothing,0.05949219355907812,0.9405077817608967,0.85,0.75
61829,right_hand,0.03299805894494057,0.9670019149780273,ExponentialSmoothing,0.055518073366957486,0.9444819017434662,0.85,0.75
61854,right_hand,0.016666172072291374,0.9833337664604187,ExponentialSmoothing,0.049690288172757564,0.950309681451009,0.85,0.75
61904,right_hand,0.007968173362314701,0.9920318126678467,ExponentialSmoothing,0.04343197095119113,0.9565680011335347,0.85,0.75
61929,right_hand,0.009005730971693993,0.9909942746162415,ExponentialSmoothing,0.03826803495426656,0.9617319421559407,0.85,0.75
61979,right_hand,0.009139902889728546,0.990860104560852,ExponentialSmoothing,0.033898815144585856,0.9661011665166774,0.85,0.75
62004,right_hand,0.014629789628088474,0.9853701591491699,ExponentialSmoothing,0.031008461317111248,0.9689915154115514,0.85,0.75
62054,right_hand,0.019600436091423035,0.980399489402771,ExponentialSmoothing,0.029297257533258014,0.9707027115102342,0.85,0.75
62079,right_hand,0.06945443153381348,0.9305455684661865,ExponentialSmoothing,0.035320833633341334,0.9646791400536272,0.85,0.75
62104,right_hand,0.24584753811359406,0.7541524171829224,ExponentialSmoothing,0.06689983930537925,0.9331001316230214,0.85,0.75
62154,right_hand,0.7492623329162598,0.25073760747909546,ExponentialSmoothing,0.16925421334701135,0.8307457530014325,0.85,0.75
62204,rest,0.9795641303062439,0.020435843616724014,ExponentialSmoothing,0.29080070089089627,0.7091992665937262,0.85,0.75
62229,rest,0.992358386516571,0.007641645614057779,ExponentialSmoothing,0.3960343537347475,0.603965623446776,0.85,0.75
62279,rest,0.9979921579360962,0.0020078399684280157,ExponentialSmoothing,0.4863280243649498,0.5136719559250238,0.85,0.75
62304,rest,0.9986246824264526,0.0013753605308011174,ExponentialSmoothing,0.5631725230741752,0.4368274666158904,0.85,0.75
62354,rest,0.9987908005714417,0.0012092406395822763,ExponentialSmoothing,0.6285152646987652,0.37148473271944416,0.85,0.75
62379,rest,0.999231219291687,0.0007687807083129883,ExponentialSmoothing,0.6841226578877035,0.3158773399177745,0.85,0.75
62404,rest,0.9993430972099304,0.0006569360848516226,ExponentialSmoothing,0.7314057237860375,0.26859427934283603,0.85,0.75
62454,left_hand,0.9994483590126038,0.0005515828379429877,ExponentialSmoothing,0.7716121190700225,0.22838787486710208,0.85,0.75
62479,left_hand,0.9994704127311707,0.0005295966402627528,ExponentialSmoothing,0.8057908631191947,0.19420913313307617,0.85,0.75
62529,left_hand,0.9995614886283875,0.0004384913481771946,ExponentialSmoothing,0.8348564569455736,0.1651435368653413,0.85,0.75
62554,left_hand,0.9996144771575928,0.00038545241113752127,ExponentialSmoothing,0.8595701599773764,0.14042982419721076,0.85,0.75
62604,left_hand,0.9997817873954773,0.0002181862946599722,ExponentialSmoothing,0.8806019040900915,0.11939807851182813,0.85,0.75
62654,left_hand,0.9997372031211853,0.00026277091819792986,ExponentialSmoothing,0.8984721989447556,0.10152778237278359,0.85,0.75
62679,left_hand,0.9995737671852112,0.0004262422153260559,ExponentialSmoothing,0.9136374341808239,0.08636255134916496,0.85,0.75
62704,left_hand,0.9992672801017761,0.0007327445782721043,ExponentialSmoothing,0.9264819110689666,0.07351808033353104,0.85,0.75
62754,left_hand,0.9976656436920166,0.0023344240617007017,ExponentialSmoothing,0.9371594709624241,0.06284053189275648,0.85,0.75
62804,left_hand,0.9971542358398438,0.002845696872100234,ExponentialSmoothing,0.946158685694037,0.05384130663965805,0.85,0.75
62829,left_hand,0.9942728877067566,0.005727107636630535,ExponentialSmoothing,0.953375815995945,0.04662417678920392,0.85,0.75
62879,left_hand,0.9920381307601929,0.007961882278323174,ExponentialSmoothing,0.9591751632105823,0.040824832612571804,0.85,0.75
62904,left_hand,0.9823057055473328,0.01769426465034485,ExponentialSmoothing,0.9626447445610948,0.03735524741823776,0.85,0.75
62954,left_hand,0.9806450009346008,0.01935494877398014,ExponentialSmoothing,0.9653447830171207,0.034655202621599115,0.85,0.75
62979,left_hand,0.9659503102302551,0.03404974937438965,ExponentialSmoothing,0.9654356120990909,0.0345643846345177,0.85,0.75
63029,left_hand,0.9523870348930359,0.04761289432644844,ExponentialSmoothing,0.9634783255181827,0.03652166108830731,0.85,0.75
63104,left_hand,0.7708398699760437,0.2291601449251175,ExponentialSmoothing,0.9345825571868619,0.06541743366382884,0.85,0.75
63129,left_hand,0.6364927887916565,0.3635071814060211,ExponentialSmoothing,0.8898690919275811,0.11013089582515768,0.85,0.75
63179,left_hand,0.6219041347503662,0.3780958652496338,ExponentialSmoothing,0.8496743483509989,0.1503256412388291,0.85,0.75
63204,left_hand,0.2968364655971527,0.7031635642051697,ExponentialSmoothing,0.766748665937922,0.2332513296837802,0.85,0.75
63254,rest,0.09388434886932373,0.9061155915260315,ExponentialSmoothing,0.6658190183776322,0.33418096896011795,0.85,0.75
63279,rest,0.027432002127170563,0.9725679755210876,ExponentialSmoothing,0.5700609659400631,0.4299390199442634,0.85,0.75
63304,rest,0.023641906678676605,0.9763581156730652,ExponentialSmoothing,0.4880981070508551,0.5119018843035836,0.85,0.75
63354,rest,0.006274322047829628,0.9937257170677185,ExponentialSmoothing,0.4158245393004013,0.5841754592182038,0.85,0.75
63404,rest,0.003193504409864545,0.9968065023422241,ExponentialSmoothing,0.3539298840668208,0.6460701156868068,0.85,0.75
63429,rest,0.0015568051021546125,0.9984431862831116,ExponentialSmoothing,0.30107392222212087,0.6989260762762526,0.85,0.75
63479,rest,0.00145271560177207,0.9985472559928894,ExponentialSmoothing,0.2561307412290686,0.7438692532337481,0.85,0.75
63504,right_hand,0.0007429038523696363,0.9992570281028748,ExponentialSmoothing,0.21782256562256375,0.7821774194641171,0.85,0.75
63554,right_hand,0.0005194212426431477,0.999480664730072,ExponentialSmoothing,0.18522709396557566,0.8147729062540103,0.85,0.75
63579,right_hand,0.0005690473481081426,0.9994309544563293,ExponentialSmoothing,0.15752838697295551,0.8424716134843582,0.85,0.75
63629,right_hand,0.0006307281437329948,0.9993693232536316,ExponentialSmoothing,0.13399373814857216,0.8660062699497492,0.85,0.75
63654,right_hand,0.0006384945590980351,0.9993614554405212,ExponentialSmoothing,0.11399045161015103,0.8860095477733649,0.85,0.75
63679,right_hand,0.0008256664732471108,0.9991742968559265,ExponentialSmoothing,0.09701573383961544,0.9029842601357492,0.85,0.75
63729,right_hand,0.0006813093787059188,0.9993187189102173,ExponentialSmoothing,0.08256557017047901,0.9174344289519194,0.85,0.75
63779,right_hand,0.0008797135087661445,0.99912029504776,ExponentialSmoothing,0.07031269167122209,0.9296873088662955,0.85,0.75
63779,right_hand,0.0008797135087661445,0.99912029504776,ExponentialSmoothing,0.059897744946853695,0.9401022567935152,0.85,0.75
