sample,prediction,p_left_raw,p_right_raw,name,p_left_smooth,p_right_smooth,alpha,threshold
3986,right_hand,0.0003864517202600837,0.9996135830879211,ExponentialSmoothing,0.0003864517202600837,0.9996135830879211,0.85,0.75
4011,right_hand,0.0005729303229600191,0.999427080154419,ExponentialSmoothing,0.000414423510665074,0.9995856076478957,0.85,0.75
4061,right_hand,0.0005594067042693496,0.999440610408783,ExponentialSmoothing,0.0004361709897057154,0.9995638580620289,0.85,0.75
4086,right_hand,0.00038785141077823937,0.9996121525764465,ExponentialSmoothing,0.000428923052866594,0.9995711022391915,0.85,0.75
4111,right_hand,0.0003019652795046568,0.9996980428695679,ExponentialSmoothing,0.0004098793868623034,0.999590143333748,0.85,0.75
4161,right_hand,0.0005130480858497322,0.9994869232177734,ExponentialSmoothing,0.00042535469171041775,0.9995746603163518,0.85,0.75
4211,right_hand,0.0010052103316411376,0.998994767665863,ExponentialSmoothing,0.0005123330377000257,0.9994876764187784,0.85,0.75
4236,right_hand,0.002314710058271885,0.9976853132247925,ExponentialSmoothing,0.0007826895907858046,0.9992173219396806,0.85,0.75
4286,right_hand,0.019305748865008354,0.9806942939758301,ExponentialSmoothing,0.0035611484819191874,0.996438867745103,0.85,0.75
4311,right_hand,0.08134042471647263,0.9186596274375916,ExponentialSmoothing,0.015228039917102205,0.9847719816989763,0.85,0.75
4361,right_hand,0.9755793809890747,0.02442064881324768,ExponentialSmoothing,0.1592807410778981,0.8407192817661169,0.85,0.75
4386,rest,0.9914247989654541,0.008575149811804295,ExponentialSmoothing,0.28410234976103155,0.7158976619729699,0.85,0.75
4436,rest,0.9962210655212402,0.0037788888439536095,ExponentialSmoothing,0.3909201571250629,0.6090798460036174,0.85,0.75
4461,rest,0.9977346658706665,0.002265291754156351,ExponentialSmoothing,0.4819423334369034,0.5180576628661983,0.85,0.75
4486,rest,0.9987188577651978,0.0012811291962862015,ExponentialSmoothing,0.5594588120861476,0.4405411828157114,0.85,0.75
4536,rest,0.9989957213401794,0.0010043071815744042,ExponentialSmoothing,0.6253893484742523,0.37461065147059086,0.85,0.75
4586,rest,0.9987383484840393,0.0012617079773917794,ExponentialSmoothing,0.6813916984757205,0.318608309946611,0.85,0.75
4611,rest,0.9980015158653259,0.001998421736061573,ExponentialSmoothing,0.7288831710841613,0.27111682671502857,0.85,0.75
4661,left_hand,0.9983376264572144,0.0016623797127977014,ExponentialSmoothing,0.7693013393901194,0.23069865966469394,0.85,0.75
4686,left_hand,0.9986010193824768,0.0013989299768581986,ExponentialSmoothing,0.8036962913889729,0.19630370021151858,0.85,0.75
4736,left_hand,0.9985501170158386,0.0014498677337542176,ExponentialSmoothing,0.8329243652330027,0.1670756253398539,0.85,0.75
4761,left_hand,0.9991638660430908,0.0008361772052012384,ExponentialSmoothing,0.8578602903545158,0.142139708119656,0.85,0.75
4811,left_hand,0.9990399479866028,0.0009600372868590057,ExponentialSmoothing,0.8790372389993288,0.12096275749473645,0.85,0.75
4836,left_hand,0.999078631401062,0.0009213730809278786,ExponentialSmoothing,0.8970434478595888,0.10295654983266515,0.85,0.75
4861,left_hand,0.9989147186279297,0.0010852597188204527,ExponentialSmoothing,0.91232413847484,0.08767585631558844,0.85,0.75
4911,left_hand,0.9990196228027344,0.0009803799912333488,ExponentialSmoothing,0.925328461124024,0.07467153486693517,0.85,0.75
4936,left_hand,0.9989069700241089,0.001092981081455946,ExponentialSmoothing,0.9363652374590368,0.06363475179911328,0.85,0.75
4986,left_hand,0.9994438290596008,0.0005561875295825303,ExponentialSmoothing,0.9458270261991214,0.054172967158683666,0.85,0.75
5036,left_hand,0.9993900060653687,0.0006099978927522898,ExponentialSmoothing,0.9538614731790586,0.04613852176879396,0.85,0.75
5061,left_hand,0.9995877146720886,0.000412273861002177,ExponentialSmoothing,0.9607204094030131,0.03927958458262519,0.85,0.75
5086,left_hand,0.9995536208152771,0.0004463440563995391,ExponentialSmoothing,0.9665453911148527,0.03345459850369134,0.85,0.75
5136,left_hand,0.9997265934944153,0.0002733966975938529,ExponentialSmoothing,0.9715225714717872,0.02847741823277672,0.85,0.75
5161,left_hand,0.9997565150260925,0.00024352408945560455,ExponentialSmoothing,0.975757663004933,0.024242334111278553,0.85,0.75
5211,left_hand,0.9998204112052917,0.00017964646394830197,ExponentialSmoothing,0.9793670752349868,0.020632930964179015,0.85,0.75
5236,left_hand,0.9997637867927551,0.00023622476146556437,ExponentialSmoothing,0.982426581968652,0.017573425033771996,0.85,0.75
5286,left_hand,0.9998512268066406,0.00014878484944347292,ExponentialSmoothing,0.9850402786943503,0.014959729006122717,0.85,0.75
5311,left_hand,0.9998421669006348,0.00015784062270540744,ExponentialSmoothing,0.987260561925293,0.01273944574861012,0.85,0.75
5361,left_hand,0.9998089671134949,0.00019108755805063993,ExponentialSmoothing,0.9891428227035233,0.010857192020026198,0.85,0.75
5411,left_hand,0.9996209144592285,0.00037901909672655165,ExponentialSmoothing,0.990714536466879,0.009285466081531251,0.85,0.75
5436,left_hand,0.9996498823165894,0.0003501647734083235,ExponentialSmoothing,0.9920548383443356,0.007945170885312812,0.85,0.75
5486,left_hand,0.9996218681335449,0.00037815075484104455,ExponentialSmoothing,0.9931898928127171,0.006810117865742047,0.85,0.75
5511,left_hand,0.9998034834861755,0.0001964990224223584,ExponentialSmoothing,0.9941819314137359,0.005818075039244093,0.85,0.75
5561,left_hand,0.9997790455818176,0.00022101290232967585,ExponentialSmoothing,0.9950214985389483,0.00497851571870693,0.85,0.75
5586,left_hand,0.9997336268424988,0.0002664059866219759,ExponentialSmoothing,0.9957283177844809,0.004271699258894187,0.85,0.75
5636,left_hand,0.999626636505127,0.0003733705962076783,ExponentialSmoothing,0.9963130655925778,0.0036869499594912106,0.85,0.75
5661,left_hand,0.999617338180542,0.0003826144093181938,ExponentialSmoothing,0.9968087064807725,0.0031912996269652582,0.85,0.75
5686,left_hand,0.999502420425415,0.0004975306219421327,ExponentialSmoothing,0.9972127635724688,0.002787234276211789,0.85,0.75
5736,left_hand,0.9996174573898315,0.0003825000603683293,ExponentialSmoothing,0.9975734676450732,0.00242652414383527,0.85,0.75
5786,left_hand,0.9993377327919006,0.0006622962537221611,ExponentialSmoothing,0.9978381074170972,0.0021618899603183038,0.85,0.75
5811,left_hand,0.9991393089294434,0.0008606693590991199,ExponentialSmoothing,0.9980332876439492,0.001966706870135426,0.85,0.75
5861,left_hand,0.9971269965171814,0.0028730593621730804,ExponentialSmoothing,0.997897343974934,0.0021026597439410743,0.85,0.75
5886,left_hand,0.9956621527671814,0.004337894264608622,ExponentialSmoothing,0.9975620652937711,0.0024379449220412065,0.85,0.75
5936,left_hand,0.9926062822341919,0.0073937345296144485,ExponentialSmoothing,0.9968186978348342,0.003181313363177193,0.85,0.75
5961,left_hand,0.9922661185264587,0.007733887992799282,ExponentialSmoothing,0.9961358109385778,0.003864199557620506,0.85,0.75
6011,left_hand,0.9322509169578552,0.06774904578924179,ExponentialSmoothing,0.9865530768414694,0.0134469264923637,0.85,0.75
6036,left_hand,0.5878592729568481,0.41214078664779663,ExponentialSmoothing,0.9267490062587762,0.07325100551567865,0.85,0.75
6061,left_hand,0.13423539698123932,0.8657646179199219,ExponentialSmoothing,0.8078719648671456,0.19212804737631517,0.85,0.75
6111,rest,0.01483535673469305,0.9851646423339844,ExponentialSmoothing,0.6889164736472778,0.3110835366199656,0.85,0.75
6136,rest,0.007473418954759836,0.9925265312194824,ExponentialSmoothing,0.5867000154434001,0.41329998580989313,0.85,0.75
6186,rest,0.0020834344904869795,0.9979165196418762,ExponentialSmoothing,0.49900752830046313,0.5009924658846906,0.85,0.75
6236,rest,0.001085414900444448,0.9989145994186401,ExponentialSmoothing,0.4243192112904603,0.575680785914783,0.85,0.75
6261,rest,0.0007518872153013945,0.9992480874061584,ExponentialSmoothing,0.3607841126791865,0.6392158811384894,0.85,0.75
6311,rest,0.00035814358852803707,0.9996418952941895,ExponentialSmoothing,0.3067202173155877,0.6932797832618445,0.85,0.75
6336,rest,0.00023328440147452056,0.9997667670249939,ExponentialSmoothing,0.2607471773784707,0.7392528308263169,0.85,0.75
6386,right_hand,9.265408880310133e-05,0.999907374382019,ExponentialSmoothing,0.22164899888502057,0.7783510123596722,0.85,0.75
6411,right_hand,5.208848961046897e-05,0.9999479055404663,ExponentialSmoothing,0.18840946232570904,0.8115905463367913,0.85,0.75
6461,right_hand,2.3227888959809206e-05,0.9999767541885376,ExponentialSmoothing,0.16015152716019665,0.8398484775145533,0.85,0.75
6486,right_hand,1.9230614270782098e-05,0.9999808073043823,ExponentialSmoothing,0.13613168267830777,0.8638683269830276,0.85,0.75
6511,right_hand,1.4547361388395075e-05,0.9999854564666748,ExponentialSmoothing,0.11571411238076987,0.8842858964055748,0.85,0.75
6561,right_hand,8.292533493658993e-06,0.9999916553497314,ExponentialSmoothing,0.09835823940367844,0.9016417602471982,0.85,0.75
6611,right_hand,6.886336450406816e-06,0.999993085861206,ExponentialSmoothing,0.08360553644359424,0.9163944590892994,0.85,0.75
6636,right_hand,7.328263109229738e-06,0.9999927282333374,ExponentialSmoothing,0.07106580521652148,0.928934199460905,0.85,0.75
6686,right_hand,6.8673048190248664e-06,0.999993085861206,ExponentialSmoothing,0.060406964529766106,0.9395930324209502,0.85,0.75
6711,right_hand,8.012506441446021e-06,0.9999920129776001,ExponentialSmoothing,0.0513471217262674,0.9486528795044477,0.85,0.75
6761,right_hand,1.0459733857715037e-05,0.9999895095825195,ExponentialSmoothing,0.04364662242740595,0.9563533740161584,0.85,0.75
6786,right_hand,1.1824834473372903e-05,0.9999881982803345,ExponentialSmoothing,0.037101402788466055,0.9628985976557849,0.85,0.75
6836,right_hand,1.6155365301528946e-05,0.9999837875366211,ExponentialSmoothing,0.03153861567499138,0.9684613761379104,0.85,0.75
6861,right_hand,1.613151835044846e-05,0.9999839067459106,ExponentialSmoothing,0.02681024305149524,0.9731897557291105,0.85,0.75
6911,right_hand,2.2086142053012736e-05,0.9999779462814331,ExponentialSmoothing,0.022792019515078903,0.9772079843119589,0.85,0.75
6936,right_hand,2.8792188459192403e-05,0.9999711513519287,ExponentialSmoothing,0.019377535416085948,0.9806224593679543,0.85,0.75
6961,right_hand,3.134389771730639e-05,0.9999686479568481,ExponentialSmoothing,0.016475606688330653,0.9835243876562884,0.85,0.75
7011,right_hand,3.363731229910627e-05,0.9999663829803467,ExponentialSmoothing,0.01400931128192592,0.9859906869548971,0.85,0.75
7061,right_hand,9.201117063639686e-05,0.9999079704284668,ExponentialSmoothing,0.011921716265232491,0.9880782794759326,0.85,0.75
7086,right_hand,9.508820221526548e-05,0.9999048709869385,ExponentialSmoothing,0.010147722055779908,0.9898522682025835,0.85,0.75
7111,right_hand,0.00012423685984686017,0.9998757839202881,ExponentialSmoothing,0.00864419927638995,0.9913557955602392,0.85,0.75
7161,right_hand,0.0001753682881826535,0.9998247027397156,ExponentialSmoothing,0.007373874628158856,0.9926261316371606,0.85,0.75
7211,right_hand,0.00015256351616699249,0.999847412109375,ExponentialSmoothing,0.006290677961360076,0.9937093237079928,0.85,0.75
7236,right_hand,0.0001289764913963154,0.999871015548706,ExponentialSmoothing,0.005366422740865512,0.9946335774840999,0.85,0.75
7286,right_hand,0.0001382028276566416,0.9998618364334106,ExponentialSmoothing,0.004582189753884181,0.9954178163264964,0.85,0.75
7311,right_hand,0.00012499449076130986,0.9998749494552612,ExponentialSmoothing,0.00391361046441575,0.9960863862958111,0.85,0.75
7336,right_hand,0.00014542913413606584,0.999854564666748,ExponentialSmoothing,0.0033483832648737973,0.9966516130514517,0.85,0.75
7386,right_hand,0.00016434694407507777,0.9998356103897095,ExponentialSmoothing,0.0028707778167539892,0.9971292126521902,0.85,0.75
7436,right_hand,0.00025105554959736764,0.9997488856315613,ExponentialSmoothing,0.002477819476680496,0.9975221635990958,0.85,0.75
7461,right_hand,0.00021217242465354502,0.9997878670692444,ExponentialSmoothing,0.002137972418876453,0.9978620191196181,0.85,0.75
7486,right_hand,0.00019263853027950972,0.9998074173927307,ExponentialSmoothing,0.0018461723355869114,0.998153828860585,0.85,0.75
7536,right_hand,9.464041795581579e-05,0.9999053478240967,ExponentialSmoothing,0.0015834425479422471,0.9984165567051118,0.85,0.75
7586,right_hand,8.180692384485155e-05,0.9999182224273682,ExponentialSmoothing,0.0013581972043276377,0.9986418065634501,0.85,0.75
7611,right_hand,7.40762407076545e-05,0.999925971031189,ExponentialSmoothing,0.0011655790597846403,0.998834431233611,0.85,0.75
7661,right_hand,0.00018797711527440697,0.9998120665550232,ExponentialSmoothing,0.0010189387681081052,0.9989810765318228,0.85,0.75
7686,right_hand,0.00022847289801575243,0.9997715353965759,ExponentialSmoothing,0.0009003688875942522,0.9990996453615357,0.85,0.75
7736,right_hand,0.0014428006252273917,0.9985571503639221,ExponentialSmoothing,0.0009817336482392232,0.9990182711118938,0.85,0.75
7761,right_hand,0.0016408116789534688,0.9983591437339783,ExponentialSmoothing,0.0010805953528463602,0.9989194020052065,0.85,0.75
7786,right_hand,0.004288658034056425,0.9957113265991211,ExponentialSmoothing,0.00156180475502787,0.9984381906942936,0.85,0.75
7836,right_hand,0.015313521027565002,0.9846864938735962,ExponentialSmoothing,0.00362456219590844,0.996375436171189,0.85,0.75
7886,right_hand,0.0309890303760767,0.9690110087394714,ExponentialSmoothing,0.00772923242293368,0.9922707720564313,0.85,0.75
7911,right_hand,0.025741035118699074,0.9742588996887207,ExponentialSmoothing,0.01043100282729849,0.9895689912012747,0.85,0.75
7961,right_hand,0.019006090238690376,0.9809938669204712,ExponentialSmoothing,0.011717265939007272,0.9882827225591542,0.85,0.75
7986,right_hand,0.012279960326850414,0.9877200722694397,ExponentialSmoothing,0.011801670097183744,0.9881983250156969,0.85,0.75
8036,right_hand,0.0177144892513752,0.9822854995727539,ExponentialSmoothing,0.012688592970312463,0.9873114011992555,0.85,0.75
8061,right_hand,0.014409196563065052,0.9855908155441284,ExponentialSmoothing,0.012946683509225352,0.9870533133509864,0.85,0.75
8086,right_hand,0.021852141246199608,0.9781478643417358,ExponentialSmoothing,0.014282502169771491,0.9857174959995989,0.85,0.75
8136,right_hand,0.12213504314422607,0.8778649568557739,ExponentialSmoothing,0.030460383315939678,0.9695396151280251,0.85,0.75
8161,right_hand,0.3454555869102478,0.6545444130897522,ExponentialSmoothing,0.0777096638550859,0.9222903348222842,0.85,0.75
8211,right_hand,0.8292183876037598,0.17078164219856262,ExponentialSmoothing,0.19043597241738702,0.8095640309287259,0.85,0.75
8261,rest,0.9288284182548523,0.07117162644863129,ExponentialSmoothing,0.30119483929300683,0.6988051702567116,0.85,0.75
8286,rest,0.8849222660064697,0.11507775634527206,ExponentialSmoothing,0.38875395330002627,0.6112460581699957,0.85,0.75
8336,rest,0.9335225224494934,0.06647754460573196,ExponentialSmoothing,0.4704692386724464,0.5295307811353561,0.85,0.75
8361,rest,0.9594981074333191,0.04050184413790703,ExponentialSmoothing,0.5438235689865774,0.45617644058573875,0.85,0.75
8411,rest,0.9947100877761841,0.005289941094815731,ExponentialSmoothing,0.6114565468050184,0.38854346566210024,0.85,0.75
8436,rest,0.9982706308364868,0.0017293732380494475,ExponentialSmoothing,0.6694786594097387,0.33052135179849257,0.85,0.75
8486,rest,0.9994611144065857,0.0005388991557992995,ExponentialSmoothing,0.7189760276592657,0.2810239839020886,0.85,0.75
8511,left_hand,0.9992971420288086,0.0007028371910564601,ExponentialSmoothing,0.7610241948146972,0.2389758118954338,0.85,0.75
8536,left_hand,0.9974040389060974,0.0025959513150155544,ExponentialSmoothing,0.7964811714284072,0.20351883280837105,0.85,0.75
8586,left_hand,0.9684457182884216,0.03155431151390076,ExponentialSmoothing,0.8222758534574095,0.1777241546142005,0.85,0.75
8611,left_hand,0.8897082209587097,0.11029179394245148,ExponentialSmoothing,0.8323907085826046,0.16760930051343814,0.85,0.75
8661,left_hand,0.8323273062705994,0.16767272353172302,ExponentialSmoothing,0.8323811982358038,0.16761881396618086,0.85,0.75
8711,left_hand,0.862712025642395,0.13728797435760498,ExponentialSmoothing,0.8369308223467925,0.16306918802489448,0.85,0.75
8736,left_hand,0.8214384913444519,0.17856146395206451,ExponentialSmoothing,0.8346069726964415,0.16539302941397,0.85,0.75
8786,left_hand,0.8097313642501831,0.19026866555213928,ExponentialSmoothing,0.8308756314295027,0.1691243748346954,0.85,0.75
8811,left_hand,0.7483673691749573,0.2516326308250427,ExponentialSmoothing,0.8184993920913209,0.18150061323324748,0.85,0.75
8861,rest,0.2927815914154053,0.7072184681892395,ExponentialSmoothing,0.7396417219899336,0.2603582914766463,0.85,0.75
8886,rest,0.1060362309217453,0.8939637541770935,ExponentialSmoothing,0.6446008983297054,0.3553991108817134,0.85,0.75
8911,rest,0.0326291099190712,0.967370867729187,ExponentialSmoothing,0.5528051300681102,0.44719487440883443,0.85,0.75
8961,rest,0.005583376623690128,0.9944165945053101,ExponentialSmoothing,0.47072186705144714,0.5292781324233058,0.85,0.75
8986,rest,0.003641529008746147,0.9963584542274475,ExponentialSmoothing,0.400659816345042,0.5993401806939271,0.85,0.75
9036,rest,0.0021374057978391647,0.9978626370429993,ExponentialSmoothing,0.34088145476296156,0.659118549146288,0.85,0.75
9086,rest,0.0016171665629372,0.9983828067779541,ExponentialSmoothing,0.2899918115329579,0.710008187791038,0.85,0.75
9111,right_hand,0.0017640001606196165,0.9982359409332275,ExponentialSmoothing,0.24675763982710716,0.7532423507623665,0.85,0.75
9161,right_hand,0.0019634163472801447,0.9980365633964539,ExponentialSmoothing,0.2100385063051331,0.7899614826574796,0.85,0.75
9186,right_hand,0.002610937226563692,0.9973891377449036,ExponentialSmoothing,0.17892437094334768,0.8210756309205931,0.85,0.75
9236,right_hand,0.0036510243080556393,0.9963489770889282,ExponentialSmoothing,0.15263336894805388,0.8473666328458433,0.85,0.75
9261,right_hand,0.006154380273073912,0.9938456416130066,ExponentialSmoothing,0.13066152064680686,0.8693384841609177,0.85,0.75
9311,right_hand,0.014190765097737312,0.9858092665672302,ExponentialSmoothing,0.11319090731444643,0.8868091015218647,0.85,0.75
9336,right_hand,0.03320484235882759,0.9667951464653015,ExponentialSmoothing,0.1011929975711036,0.8988070082633802,0.85,0.75
9361,right_hand,0.058236248791217804,0.9417637586593628,ExponentialSmoothing,0.09474948525412073,0.9052505208227777,0.85,0.75
9411,right_hand,0.1095304787158966,0.8904695510864258,ExponentialSmoothing,0.09696663427338711,0.9030333753623249,0.85,0.75
9461,right_hand,0.4645364284515381,0.5354635715484619,ExponentialSmoothing,0.15210210340010977,0.8478979047902455,0.85,0.75
9486,right_hand,0.6278375387191772,0.37216243147850037,ExponentialSmoothing,0.2234624186979699,0.7765375837934838,0.85,0.75
9536,rest,0.5395048260688782,0.4604952037334442,ExponentialSmoothing,0.27086877980360613,0.7291312267844778,0.85,0.75
9561,rest,0.30689093470573425,0.6931090354919434,ExponentialSmoothing,0.27627210303892535,0.7237278980905977,0.85,0.75
9611,right_hand,0.043679650872945786,0.9563203454017639,ExponentialSmoothing,0.2413832352140284,0.7586167651872726,0.85,0.75
9636,right_hand,0.011350723914802074,0.9886492490768433,ExponentialSmoothing,0.20687835851914446,0.7931216377707082,0.85,0.75
9686,right_hand,0.004950122907757759,0.9950498938560486,ExponentialSmoothing,0.17658912317743644,0.8234108761835093,0.85,0.75
9711,right_hand,0.003934177104383707,0.9960657954216003,ExponentialSmoothing,0.1506908812664785,0.8493091140692229,0.85,0.75
9736,right_hand,0.0037826457992196083,0.9962173104286194,ExponentialSmoothing,0.12865464594638967,0.8713453435231324,0.85,0.75
9786,right_hand,0.012087601236999035,0.9879123568534851,ExponentialSmoothing,0.11116958923998108,0.8888303955226853,0.85,0.75
9811,right_hand,0.018297594040632248,0.981702446937561,ExponentialSmoothing,0.09723878996007874,0.9027612032349166,0.85,0.75
9861,right_hand,0.09533623605966568,0.9046638011932373,ExponentialSmoothing,0.09695340687501677,0.9030465929286647,0.85,0.75
9886,right_hand,0.10804080963134766,0.8919592499732971,ExponentialSmoothing,0.0986165172884664,0.9013834914853596,0.85,0.75
9936,right_hand,0.6185712218284607,0.3814287781715393,ExponentialSmoothing,0.17660972296946556,0.8233902844882866,0.85,0.75
9986,rest,0.9545540809631348,0.04544588550925255,ExponentialSmoothing,0.29330137666851597,0.7066986246414315,0.85,0.75
10011,rest,0.9817620515823364,0.01823790743947029,ExponentialSmoothing,0.3965704779055891,0.6034295170611373,0.85,0.75
10061,rest,0.9909091591835022,0.009090790525078773,ExponentialSmoothing,0.4857212800972761,0.5142787080807285,0.85,0.75
10086,rest,0.9853025674819946,0.014697411097586155,ExponentialSmoothing,0.560658473204984,0.4393415135332571,0.85,0.75
10136,rest,0.9653837084770203,0.03461632505059242,ExponentialSmoothing,0.6213672584957894,0.3786327352608574,0.85,0.75
10161,rest,0.9549069404602051,0.04509308934211731,ExponentialSmoothing,0.6713982107904518,0.3286017883730463,0.85,0.75
10186,rest,0.9119576811790466,0.08804234117269516,ExponentialSmoothing,0.707482131348741,0.29251787129299367,0.85,0.75
10236,rest,0.8803147077560425,0.11968524008989334,ExponentialSmoothing,0.7334070178098363,0.2665929766125286,0.85,0.75
10286,rest,0.6592866778373718,0.3407132923603058,ExponentialSmoothing,0.7222889668139666,0.27771102397469516,0.85,0.75
10311,rest,0.5715469121932983,0.4284530580043793,ExponentialSmoothing,0.6996776586208664,0.3003223290791478,0.85,0.75
10361,rest,0.8214722275733948,0.17852775752544403,ExponentialSmoothing,0.7179468439637456,0.2820531433460922,0.85,0.75
10386,rest,0.8680053949356079,0.13199463486671448,ExponentialSmoothing,0.7404556266095249,0.25954436707418554,0.85,0.75
10436,left_hand,0.9754035472869873,0.02459651418030262,ExponentialSmoothing,0.7756978147111443,0.2243021891401031,0.85,0.75
10461,left_hand,0.9787008166313171,0.02129921317100525,ExponentialSmoothing,0.8061482649991702,0.19385174274473843,0.85,0.75
10511,left_hand,0.9883877635002136,0.011612249538302422,ExponentialSmoothing,0.8334841897743267,0.16651581876377303,0.85,0.75
10536,left_hand,0.9915465712547302,0.00845341756939888,ExponentialSmoothing,0.8571935469963873,0.14280645858461688,0.85,0.75
10586,left_hand,0.9959944486618042,0.004005484748631716,ExponentialSmoothing,0.8780136822461999,0.1219863125092191,0.85,0.75
10611,left_hand,0.995598554611206,0.004401391372084618,ExponentialSmoothing,0.8956514131009509,0.10434857433864893,0.85,0.75
10636,left_hand,0.9958482980728149,0.004151673521846533,ExponentialSmoothing,0.9106809458467305,0.08931903921612856,0.85,0.75
10686,left_hand,0.9956455826759338,0.004354351200163364,ExponentialSmoothing,0.923425641371111,0.07657433601373377,0.85,0.75
10736,left_hand,0.9950941801071167,0.0049058906733989716,ExponentialSmoothing,0.9341759221815119,0.06582406921268355,0.85,0.75
10761,left_hand,0.9956027269363403,0.004397230688482523,ExponentialSmoothing,0.9433899428947362,0.056610043434053396,0.85,0.75
10811,left_hand,0.9983783960342407,0.0016215768409892917,ExponentialSmoothing,0.9516382108656619,0.048361773445093785,0.85,0.75
10836,left_hand,0.997925877571106,0.00207405723631382,ExponentialSmoothing,0.9585813608714786,0.041418616013776784,0.85,0.75
10886,left_hand,0.997848629951477,0.00215136562474072,ExponentialSmoothing,0.9644714512334784,0.03552852845542137,0.85,0.75
10911,left_hand,0.9977614879608154,0.0022385111078619957,ExponentialSmoothing,0.9694649567425789,0.030535025853287462,0.85,0.75
10961,left_hand,0.9898908138275146,0.010109164752066135,ExponentialSmoothing,0.9725288353053193,0.027471146688104263,0.85,0.75
10986,left_hand,0.9922133088111877,0.007786713074892759,ExponentialSmoothing,0.9754815063311996,0.02451848164612254,0.85,0.75
11011,left_hand,0.99126797914505,0.008732031099498272,ExponentialSmoothing,0.9778494772532772,0.0221505140641289,0.85,0.75
11061,left_hand,0.9901531338691711,0.009846853092312813,ExponentialSmoothing,0.9796950257456614,0.020304964918356486,0.85,0.75
11111,left_hand,0.9495469331741333,0.05045304819941521,ExponentialSmoothing,0.9751728118599321,0.024827177410515294,0.85,0.75
11136,left_hand,0.9374375939369202,0.06256233155727386,ExponentialSmoothing,0.9695125291714803,0.03048745053252908,0.85,0.75
11186,left_hand,0.8997072577476501,0.10029271245002747,ExponentialSmoothing,0.9590417384579057,0.04095823982015384,0.85,0.75
11211,left_hand,0.9097381234169006,0.09026183933019638,ExponentialSmoothing,0.9516461962017551,0.048353779746660226,0.85,0.75
11261,left_hand,0.8115453720092773,0.18845459818840027,ExponentialSmoothing,0.9306310725728835,0.06936890251292123,0.85,0.75
11286,left_hand,0.7673895359039307,0.23261050879955292,ExponentialSmoothing,0.9061448420725405,0.09385514345591599,0.85,0.75
11336,left_hand,0.10992967337369919,0.890070378780365,ExponentialSmoothing,0.7867125667677144,0.21328742875458334,0.85,0.75
11361,rest,0.1295442283153534,0.8704557418823242,ExponentialSmoothing,0.6881373159998602,0.3118626757237445,0.85,0.75
11411,rest,0.024441106244921684,0.9755589365959167,ExponentialSmoothing,0.5885828845366194,0.41141711485457033,0.85,0.75
11436,rest,0.02215021476149559,0.9778498411178589,ExponentialSmoothing,0.5036179840703509,0.4963820237940636,0.85,0.75
11461,rest,0.013643894344568253,0.9863561391830444,ExponentialSmoothing,0.43012187061148344,0.5698781411024108,0.85,0.75
11511,rest,0.0035278729628771544,0.9964721202850342,ExponentialSmoothing,0.36613277096419244,0.6338672379798043,0.85,0.75
11561,rest,0.0017639129655435681,0.9982360601425171,ExponentialSmoothing,0.3114774422643951,0.6885225613042112,0.85,0.75
11586,rest,0.0013972669839859009,0.9986026883125305,ExponentialSmoothing,0.26496541597233375,0.735034580355459,0.85,0.75
11636,right_hand,0.0006514411652460694,0.9993485808372498,ExponentialSmoothing,0.2253183197512706,0.7746816804277277,0.85,0.75
11661,right_hand,0.0006044440087862313,0.999395489692688,ExponentialSmoothing,0.19161123838989794,0.8083887518174717,0.85,0.75
11711,right_hand,0.00043782914872281253,0.9995622038841248,ExponentialSmoothing,0.16293522700372165,0.8370647696274697,0.85,0.75
11736,right_hand,0.00041223730659112334,0.9995877146720886,ExponentialSmoothing,0.13855677854915205,0.8614432113841626,0.85,0.75
11786,right_hand,0.0002030810428550467,0.9997969269752502,ExponentialSmoothing,0.1178037239232075,0.8821962687228257,0.85,0.75
11811,right_hand,0.00017542362911626697,0.999824583530426,ExponentialSmoothing,0.10015947887909381,0.8998405159439657,0.85,0.75
11836,right_hand,0.00014498551900032908,0.9998550415039062,ExponentialSmoothing,0.08515730487507979,0.9148426947779569,0.85,0.75
11886,right_hand,0.00011636167619144544,0.9998836517333984,ExponentialSmoothing,0.07240116339524653,0.9275988383212732,0.85,0.75
11936,right_hand,7.930764695629478e-05,0.9999207258224487,ExponentialSmoothing,0.061552885033003,0.9384471214464496,0.85,0.75
11961,right_hand,8.120200800476596e-05,0.9999188184738159,ExponentialSmoothing,0.05233213257925327,0.9476678760005546,0.85,0.75
12011,right_hand,6.2443214119412e-05,0.9999375343322754,ExponentialSmoothing,0.044491679174483184,0.9555083247503127,0.85,0.75
12036,right_hand,5.447424337035045e-05,0.9999455213546753,ExponentialSmoothing,0.037826098434816255,0.962173904240967,0.85,0.75
12086,right_hand,5.221750325290486e-05,0.9999477863311768,ExponentialSmoothing,0.03216001629508176,0.9678399865544984,0.85,0.75
12111,right_hand,5.9543912357185036e-05,0.9999403953552246,ExponentialSmoothing,0.02734494543767307,0.9726550478746073,0.85,0.75
12161,right_hand,5.951820276095532e-05,0.9999405145645142,ExponentialSmoothing,0.023252131352436253,0.9767478678780934,0.85,0.75
12186,right_hand,6.746448343619704e-05,0.9999325275421143,ExponentialSmoothing,0.01977443132208624,0.9802255668276965,0.85,0.75
12236,right_hand,8.561517461203039e-05,0.9999144077301025,ExponentialSmoothing,0.01682110889996511,0.9831788929630574,0.85,0.75
12261,right_hand,0.00010091059084516019,0.9998990297317505,ExponentialSmoothing,0.014313079153597119,0.9856869134783613,0.85,0.75
12286,right_hand,0.00010244824079563841,0.9998975992202759,ExponentialSmoothing,0.012181484516676895,0.9878185163396485,0.85,0.75
12336,right_hand,0.00010135198681382462,0.9998986721038818,ExponentialSmoothing,0.010369464637197436,0.9896305397042835,0.85,0.75
12386,right_hand,0.0001454765588277951,0.9998544454574585,ExponentialSmoothing,0.00883586642544199,0.9911641255672599,0.85,0.75
12411,right_hand,0.00021064090833533555,0.9997894167900085,ExponentialSmoothing,0.007542082597875991,0.9924579192506722,0.85,0.75
12461,right_hand,0.00034770675119943917,0.9996522665023804,ExponentialSmoothing,0.006462926220874508,0.9935370713384284,0.85,0.75
12486,right_hand,0.0007747747004032135,0.9992252588272095,ExponentialSmoothing,0.005609703492803814,0.9943902994617455,0.85,0.75
12536,right_hand,0.003506409702822566,0.9964936375617981,ExponentialSmoothing,0.0052942094243066265,0.9947058001767535,0.85,0.75
12561,right_hand,0.005227048881351948,0.9947729706764221,ExponentialSmoothing,0.005284135342863425,0.9947158757517037,0.85,0.75
12611,right_hand,0.005427700001746416,0.9945723414421082,ExponentialSmoothing,0.0053056700416958735,0.9946943456052644,0.85,0.75
12636,right_hand,0.008314103819429874,0.9916859269142151,ExponentialSmoothing,0.005756935108355974,0.9942430828016069,0.85,0.75
12661,right_hand,0.012738583609461784,0.9872614145278931,ExponentialSmoothing,0.006804182383521845,0.9931958325605499,0.85,0.75
12711,right_hand,0.06967516988515854,0.9303248524665833,ExponentialSmoothing,0.01623483050876735,0.9837651855464549,0.85,0.75
12761,right_hand,0.3400004208087921,0.6599996089935303,ExponentialSmoothing,0.06479966905377108,0.9352003490635162,0.85,0.75
12786,right_hand,0.7525954246520996,0.24740450084209442,ExponentialSmoothing,0.16796903239352037,0.832030971830303,0.85,0.75
12836,rest,0.9554616212844849,0.044538430869579315,ExponentialSmoothing,0.2860929207271651,0.7139070906861944,0.85,0.75
12861,rest,0.9789326786994934,0.021067380905151367,ExponentialSmoothing,0.39001888442301436,0.609981134219038,0.85,0.75
12911,rest,0.9920749664306641,0.00792505033314228,ExponentialSmoothing,0.4803272967241618,0.5196727216361536,0.85,0.75
12936,rest,0.9962741136550903,0.003725842572748661,ExponentialSmoothing,0.557719319263801,0.44228068977664287,0.85,0.75
12961,rest,0.9982271790504456,0.001772887771949172,ExponentialSmoothing,0.6237954982317977,0.3762045194759388,0.85,0.75
13011,rest,0.9986414313316345,0.0013586125569418073,ExponentialSmoothing,0.6800223881967733,0.3199776334380892,0.85,0.75
13061,rest,0.9978806972503662,0.0021192841231822968,ExponentialSmoothing,0.7277011345548122,0.2722988810408532,0.85,0.75
13086,left_hand,0.99837327003479,0.001626686193048954,ExponentialSmoothing,0.7683019548768089,0.23169805181368255,0.85,0.75
13136,left_hand,0.998627781867981,0.00137225235812366,ExponentialSmoothing,0.8028508289254848,0.19714918189534872,0.85,0.75
13161,left_hand,0.99920254945755,0.0007974705658853054,ExponentialSmoothing,0.8323035870052946,0.1676964251959292,0.85,0.75
13211,left_hand,0.9988731741905212,0.0011267971713095903,ExponentialSmoothing,0.8572890250830786,0.14271098099223625,0.85,0.75
13236,left_hand,0.9991832375526428,0.0008166991756297648,ExponentialSmoothing,0.8785731569535131,0.12142683871974527,0.85,0.75
13286,left_hand,0.999322772026062,0.0006772491033188999,ExponentialSmoothing,0.8966855992143954,0.10331440027728132,0.85,0.75
13311,left_hand,0.9994142055511475,0.0005858344375155866,ExponentialSmoothing,0.9120948901649082,0.08790511540131646,0.85,0.75
13361,left_hand,0.9994934797286987,0.0005064770812168717,ExponentialSmoothing,0.9252046785994767,0.07479531965330152,0.85,0.75
13386,left_hand,0.9994086027145386,0.0005913694621995091,ExponentialSmoothing,0.936335267216736,0.06366472712463622,0.85,0.75
13411,left_hand,0.9990764856338501,0.0009234436438418925,ExponentialSmoothing,0.9457464499793031,0.05425353460251707,0.85,0.75
13461,left_hand,0.9983330368995667,0.00166701793204993,ExponentialSmoothing,0.9536344380173427,0.046365557101947,0.85,0.75
13486,left_hand,0.9967935681343079,0.0032064528204500675,ExponentialSmoothing,0.9601083075348875,0.03989169145972246,0.85,0.75
13536,left_hand,0.9564671516418457,0.04353286325931549,ExponentialSmoothing,0.9595621341509313,0.04043786722966141,0.85,0.75
13586,left_hand,0.5920207500457764,0.40797924995422363,ExponentialSmoothing,0.904430926535158,0.09556907463834574,0.85,0.75
13661,left_hand,0.033721961081027985,0.966278076171875,ExponentialSmoothing,0.7738245817170385,0.22617542486837516,0.85,0.75
13686,rest,0.013861255720257759,0.9861387610435486,ExponentialSmoothing,0.6598300828175213,0.3401699252946512,0.85,0.75
13736,rest,0.005253795068711042,0.994746208190918,ExponentialSmoothing,0.5616436396551997,0.43835636772909126,0.85,0.75
13761,rest,0.002933176001533866,0.9970667958259583,ExponentialSmoothing,0.4778370701071498,0.5221629319436213,0.85,0.75
13811,rest,0.0013987863203510642,0.9986012578010559,ExponentialSmoothing,0.40637132753912997,0.5936286808222365,0.85,0.75
13836,rest,0.0010805308120325208,0.9989194869995117,ExponentialSmoothing,0.3455777080300653,0.6544223017488278,0.85,0.75
13861,rest,0.0007574380142614245,0.9992425441741943,ExponentialSmoothing,0.29385466752769474,0.7061453381126328,0.85,0.75
13911,right_hand,0.0003020654839929193,0.9996979236602783,ExponentialSmoothing,0.24982177722113943,0.7501782259447796,0.85,0.75
13961,right_hand,0.00032819199259392917,0.9996718168258667,ExponentialSmoothing,0.21239773943685758,0.7876022645769426,0.85,0.75
13986,right_hand,0.0003278442600276321,0.9996721744537354,ExponentialSmoothing,0.18058725516033308,0.8194127510584616,0.85,0.75
14036,right_hand,0.0002863051777239889,0.9997137188911438,ExponentialSmoothing,0.1535421126629417,0.846457896233364,0.85,0.75
14061,right_hand,0.00023130611225496978,0.9997686743736267,ExponentialSmoothing,0.1305454916803387,0.8694545129544033,0.85,0.75
14111,right_hand,0.0002552956575527787,0.999744713306427,ExponentialSmoothing,0.1110019622769208,0.8889980430072069,0.85,0.75
14136,right_hand,0.00021997328440193087,0.999779999256134,ExponentialSmoothing,0.09438466392804297,0.905615336444546,0.85,0.75
14186,right_hand,0.00016495421004947275,0.9998350143432617,ExponentialSmoothing,0.08025170747034395,0.9197482881293533,0.85,0.75
14211,right_hand,0.00012275498011149466,0.9998772144317627,ExponentialSmoothing,0.06823236459680908,0.9317676270747147,0.85,0.75
14236,right_hand,0.00010961283987853676,0.9998903274536133,ExponentialSmoothing,0.058013951833269496,0.9419860321315495,0.85,0.75
14286,right_hand,0.00015134309069253504,0.9998486042022705,ExponentialSmoothing,0.049334560521882946,0.9506654179421576,0.85,0.75
14311,right_hand,0.00014513032510876656,0.9998548030853271,ExponentialSmoothing,0.04195614599236682,0.958043825713633,0.85,0.75
14361,right_hand,0.0001274176756851375,0.9998725652694702,ExponentialSmoothing,0.03568183674486457,0.9643181366470086,0.85,0.75
14411,right_hand,0.0001813793642213568,0.9998186230659485,ExponentialSmoothing,0.030356768137768084,0.9696432096098495,0.85,0.75
14436,right_hand,0.00025951454881578684,0.9997404217720032,ExponentialSmoothing,0.025842180099425238,0.9741577914341726,0.85,0.75
14486,right_hand,0.00040809230995364487,0.9995918869972229,ExponentialSmoothing,0.022027066931004497,0.9779729057686302,0.85,0.75
14511,right_hand,0.0003919806913472712,0.9996080994606018,ExponentialSmoothing,0.018781803995055912,0.981218184822426,0.85,0.75
14561,right_hand,0.0006300047971308231,0.9993700385093689,ExponentialSmoothing,0.01605903411536715,0.9839409628754674,0.85,0.75
14586,right_hand,0.0005591766675934196,0.9994408488273621,ExponentialSmoothing,0.01373405549820109,0.9862659457682516,0.85,0.75
14636,right_hand,0.0006011625519022346,0.9993988275527954,ExponentialSmoothing,0.01176412155625626,0.9882358780359332,0.85,0.75
14661,right_hand,0.0008106519235298038,0.9991893172264099,ExponentialSmoothing,0.010121101111347291,0.9898788939145047,0.85,0.75
14686,right_hand,0.0008713727002032101,0.9991286396980286,ExponentialSmoothing,0.008733641849675679,0.9912663557820333,0.85,0.75
14736,right_hand,0.0012256340123713017,0.9987743496894836,ExponentialSmoothing,0.007607440674080022,0.9923925548681507,0.85,0.75
14786,right_hand,0.005548685789108276,0.9944513440132141,ExponentialSmoothing,0.00729862744133426,0.9927013732399101,0.85,0.75
14811,right_hand,0.015237699262797832,0.9847623109817505,ExponentialSmoothing,0.008489488214553796,0.9915105139011862,0.85,0.75
14861,right_hand,0.34066545963287354,0.6593345403671265,ExponentialSmoothing,0.05831588392730176,0.9416841178710773,0.85,0.75
14886,right_hand,0.6263033747673035,0.37369662523269653,ExponentialSmoothing,0.14351400755330204,0.8564859939753201,0.85,0.75
14936,right_hand,0.7225089073181152,0.27749112248420715,ExponentialSmoothing,0.23036324251802404,0.7696367632516532,0.85,0.75
14961,rest,0.8032713532447815,0.19672857224941254,ExponentialSmoothing,0.31629945912703766,0.6837005346013171,0.85,0.75
15011,rest,0.8348848223686218,0.16511519253253937,ExponentialSmoothing,0.3940872636132753,0.6059127332910005,0.85,0.75
15036,rest,0.9148454666137695,0.08515457063913345,ExponentialSmoothing,0.4722009940633495,0.5277990088932204,0.85,0.75
15086,rest,0.9699161648750305,0.030083810910582542,ExponentialSmoothing,0.5468582696851017,0.4531417291958247,0.85,0.75
15111,rest,0.9826580882072449,0.01734192669391632,ExponentialSmoothing,0.6122282424634231,0.38777175882053844,0.85,0.75
15136,rest,0.9874222278594971,0.012577781453728676,ExponentialSmoothing,0.6685073402728342,0.331492662215517,0.85,0.75
15186,rest,0.9927378296852112,0.007262096740305424,ExponentialSmoothing,0.7171419136846908,0.28285807739423524,0.85,0.75
15211,left_hand,0.9933789968490601,0.006620956584811211,ExponentialSmoothing,0.7585774761593462,0.2414225092728216,0.85,0.75
15261,left_hand,0.9980997443199158,0.0019003205234184861,ExponentialSmoothing,0.7945058163834317,0.2054941809604111,0.85,0.75
15311,left_hand,0.9986408352851868,0.0013591573806479573,ExponentialSmoothing,0.8251260692186948,0.17487392742344665,0.85,0.75
15336,left_hand,0.9989000558853149,0.0010999249061569571,ExponentialSmoothing,0.8511921672186878,0.14880782704585319,0.85,0.75
15386,left_hand,0.9991427659988403,0.0008572690421715379,ExponentialSmoothing,0.8733847570357107,0.12661524334530094,0.85,0.75
15411,left_hand,0.9994379878044128,0.0005619401927106082,ExponentialSmoothing,0.892292741651016,0.10770724787241238,0.85,0.75
15461,left_hand,0.9992315769195557,0.000768439844250679,ExponentialSmoothing,0.9083335669412971,0.09166642666818813,0.85,0.75
15486,left_hand,0.9993428587913513,0.0006571032572537661,ExponentialSmoothing,0.9219849607188052,0.07801502815654797,0.85,0.75
15511,left_hand,0.9993403553962708,0.0006596734165214002,ExponentialSmoothing,0.933588269920425,0.06641172494554398,0.85,0.75
15561,left_hand,0.9992952346801758,0.0007047501276247203,ExponentialSmoothing,0.9434443146343876,0.05655567872285609,0.85,0.75
15611,left_hand,0.9994348883628845,0.000565041322261095,ExponentialSmoothing,0.9518429006936622,0.04815708311276684,0.85,0.75
15636,left_hand,0.9994267225265503,0.000573346100281924,ExponentialSmoothing,0.9589804739685954,0.0410195225608941,0.85,0.75
15686,left_hand,0.998660683631897,0.0013392741093412042,ExponentialSmoothing,0.9649325054180906,0.035067485293161164,0.85,0.75
15711,left_hand,0.9982940554618835,0.001705966074950993,ExponentialSmoothing,0.9699367379246595,0.030063257410429638,0.85,0.75
15761,left_hand,0.9971309900283813,0.002868985990062356,ExponentialSmoothing,0.9740158757402179,0.025984116697374545,0.85,0.75
15786,left_hand,0.9972787499427795,0.00272123864851892,ExponentialSmoothing,0.9775053068706021,0.022494684990046202,0.85,0.75
15836,left_hand,0.9974662065505981,0.002533750142902136,ExponentialSmoothing,0.9804994418226015,0.01950054476297459,0.85,0.75
15861,left_hand,0.9973113536834717,0.002688679611310363,ExponentialSmoothing,0.9830212286017321,0.016978764990224958,0.85,0.75
15886,left_hand,0.9971277117729187,0.002872305456548929,ExponentialSmoothing,0.9851372010774101,0.014862796060173555,0.85,0.75
15936,left_hand,0.9951397180557251,0.00486024608835578,ExponentialSmoothing,0.9866375786241575,0.013362413564400889,0.85,0.75
15986,left_hand,0.9733798503875732,0.02662016823887825,ExponentialSmoothing,0.9846489193886698,0.015351076765572493,0.85,0.75
16011,left_hand,0.9387122988700867,0.061287689954042435,ExponentialSmoothing,0.9777584263108823,0.022241568743842983,0.85,0.75
16061,left_hand,0.6798257827758789,0.3201741874217987,ExponentialSmoothing,0.9330685297806317,0.06693146154553635,0.85,0.75
16086,left_hand,0.5064791440963745,0.4935208559036255,ExponentialSmoothing,0.8690801219279931,0.13091987069924974,0.85,0.75
16136,left_hand,0.410991907119751,0.5890081524848938,ExponentialSmoothing,0.8003668897067567,0.19963311296709635,0.85,0.75
16161,left_hand,0.5325033664703369,0.4674966037273407,ExponentialSmoothing,0.7601873612212937,0.239812636581133,0.85,0.75
16186,rest,0.5558884739875793,0.44411152601242065,ExponentialSmoothing,0.7295425281362365,0.27045746999582615,0.85,0.75
16236,rest,0.7430892586708069,0.2569108009338379,ExponentialSmoothing,0.7315745377164221,0.2684254696365279,0.85,0.75
16286,rest,0.1400654911994934,0.8599345088005066,ExponentialSmoothing,0.6428481807388827,0.35715182551112473,0.85,0.75
16311,rest,0.03304457664489746,0.9669554233551025,ExponentialSmoothing,0.551377640124785,0.4486223651877215,0.85,0.75
16336,rest,0.011974607594311237,0.9880253672599792,ExponentialSmoothing,0.4704671852452139,0.5295328154985601,0.85,0.75
16386,rest,0.005324335768818855,0.9946756362915039,ExponentialSmoothing,0.40069575782375466,0.5993042386175017,0.85,0.75
16436,rest,0.00295794615522027,0.9970420002937317,ExponentialSmoothing,0.3410350860734745,0.6589649028689362,0.85,0.75
16461,rest,0.0019112455192953348,0.9980887770652771,ExponentialSmoothing,0.2901665099903476,0.7098334839983873,0.85,0.75
16511,right_hand,0.0005697199376299977,0.999430239200592,ExponentialSmoothing,0.24672699148243996,0.753272997278718,0.85,0.75
16536,right_hand,0.0003781379200518131,0.9996218681335449,ExponentialSmoothing,0.20977466344808174,0.7902253279069421,0.85,0.75
16586,right_hand,0.00023101826081983745,0.9997690320014954,ExponentialSmoothing,0.17834311666999245,0.8216568835211251,0.85,0.75
16611,right_hand,0.00017724705685395747,0.9998227953910828,ExponentialSmoothing,0.15161823622802167,0.8483817703016188,0.85,0.75
16661,right_hand,0.00010963468957925215,0.9998903274536133,ExponentialSmoothing,0.1288919459972553,0.8711080538744179,0.85,0.75
16686,right_hand,5.699589746654965e-05,0.9999430179595947,ExponentialSmoothing,0.109566703482287,0.8904332984871944,0.85,0.75
16736,right_hand,4.135227209189907e-05,0.9999586343765259,ExponentialSmoothing,0.09313790080075775,0.9068620988705942,0.85,0.75
16761,right_hand,3.52619681507349e-05,0.999964714050293,ExponentialSmoothing,0.0791725049758667,0.9208274911475491,0.85,0.75
16811,right_hand,4.7947574785212055e-05,0.9999520778656006,ExponentialSmoothing,0.06730382136570447,0.9326961791552569,0.85,0.75
16836,right_hand,5.735389277106151e-05,0.9999426603317261,ExponentialSmoothing,0.05721685124476446,0.9427831513317273,0.85,0.75
16886,right_hand,0.00023807295656297356,0.9997618794441223,ExponentialSmoothing,0.04867003450153423,0.9513299605485865,0.85,0.75
16911,right_hand,0.0003012355009559542,0.9996987581253052,ExponentialSmoothing,0.04141471465144749,0.9585852801850944,0.85,0.75
16961,right_hand,0.0004883956862613559,0.9995115995407104,ExponentialSmoothing,0.03527576680666957,0.9647242280884368,0.85,0.75
16986,right_hand,0.0005156032275408506,0.9994844198226929,ExponentialSmoothing,0.03006174226980026,0.9699382568485753,0.85,0.75
17036,right_hand,0.0006509936065413058,0.999349057674408,ExponentialSmoothing,0.02565012997031142,0.9743498769724501,0.85,0.75
17061,right_hand,0.000624854292254895,0.9993751645088196,ExponentialSmoothing,0.02189633861860294,0.9781036701029056,0.85,0.75
17086,right_hand,0.0005991460056975484,0.9994008541107178,ExponentialSmoothing,0.01870175972666713,0.9812982477040775,0.85,0.75
17136,right_hand,0.0008172375382855535,0.9991827607154846,ExponentialSmoothing,0.016019081398409896,0.9839809246557886,0.85,0.75
17161,right_hand,0.0007584365666843951,0.9992415904998779,ExponentialSmoothing,0.013729984673651071,0.986270024532402,0.85,0.75
17211,right_hand,0.001355947693809867,0.9986440539360046,ExponentialSmoothing,0.01187387912667489,0.9881261289429424,0.85,0.75
17261,right_hand,0.002183823846280575,0.9978162050247192,ExponentialSmoothing,0.010420370834615741,0.9895796403552088,0.85,0.75
17286,right_hand,0.0025684533175081015,0.9974315762519836,ExponentialSmoothing,0.009242583207049595,0.990757430739725,0.85,0.75
17336,right_hand,0.009855080395936966,0.9901449680328369,ExponentialSmoothing,0.0093344577853827,0.9906655613336918,0.85,0.75
17361,right_hand,0.025600271299481392,0.9743996858596802,ExponentialSmoothing,0.011774329812497505,0.9882256800125901,0.85,0.75
17411,right_hand,0.2477937787771225,0.7522062063217163,ExponentialSmoothing,0.047177247157191265,0.9528227589589591,0.85,0.75
17436,right_hand,0.34464019536972046,0.6553598046302795,ExponentialSmoothing,0.09179668938907065,0.9082033158096572,0.85,0.75
17486,right_hand,0.8002316951751709,0.1997683048248291,ExponentialSmoothing,0.1980619402569857,0.801938064161933,0.85,0.75
17511,rest,0.9155381321907043,0.08446189016103745,ExponentialSmoothing,0.3056833690470435,0.6943166380617987,0.85,0.75
17561,rest,0.9883652925491333,0.01163473166525364,ExponentialSmoothing,0.408085657572357,0.5919143521023169,0.85,0.75
17586,rest,0.9950593709945679,0.0049406662583351135,ExponentialSmoothing,0.4961317145856886,0.5038682992257196,0.85,0.75
17636,rest,0.9983807802200317,0.0016192009206861258,ExponentialSmoothing,0.57146907443084,0.4285309344799646,0.85,0.75
17661,rest,0.998683750629425,0.0013162933755666018,ExponentialSmoothing,0.6355512758606279,0.36444873831430485,0.85,0.75
17711,rest,0.9975791573524475,0.0024208100512623787,ExponentialSmoothing,0.6898554580844009,0.31014454907484845,0.85,0.75
17736,rest,0.9976252913475037,0.002374667674303055,ExponentialSmoothing,0.7360209330738663,0.26397906686476663,0.85,0.75
17786,left_hand,0.9978935122489929,0.002106454921886325,ExponentialSmoothing,0.7753018199501353,0.2246981750733346,0.85,0.75
17811,left_hand,0.9982712268829346,0.0017287591472268105,ExponentialSmoothing,0.8087472309900552,0.19125276268441843,0.85,0.75
17861,left_hand,0.9990164041519165,0.0009836241370067,ExponentialSmoothing,0.8372876069643345,0.16271239190230666,0.85,0.75
17886,left_hand,0.9991796612739563,0.0008203377365134656,ExponentialSmoothing,0.8615714151107778,0.13842858377743766,0.85,0.75
17911,left_hand,0.9992733597755432,0.0007266356842592359,ExponentialSmoothing,0.8822267068104926,0.1177732915634609,0.85,0.75
17961,left_hand,0.9994866847991943,0.0005133234662935138,ExponentialSmoothing,0.8998157035087979,0.10018429634888579,0.85,0.75
17986,left_hand,0.9993845224380493,0.0006154736038297415,ExponentialSmoothing,0.9147510263481856,0.08524897293712738,0.85,0.75
18036,left_hand,0.9988376498222351,0.001162332366220653,ExponentialSmoothing,0.9273640198692931,0.07263597685149137,0.85,0.75
18086,left_hand,0.9976632595062256,0.0023367360699921846,ExponentialSmoothing,0.937908905814833,0.06209109073426649,0.85,0.75
18111,left_hand,0.9986268281936646,0.001373151782900095,ExponentialSmoothing,0.9470165941716577,0.05298339989156153,0.85,0.75
18161,left_hand,0.9994321465492249,0.0005677968729287386,ExponentialSmoothing,0.9548789270282929,0.04512105943876661,0.85,0.75
18186,left_hand,0.9993438124656677,0.0006561398040503263,ExponentialSmoothing,0.9615486598438991,0.03845132149355917,0.85,0.75
18236,left_hand,0.9986804127693176,0.0013195454375818372,ExponentialSmoothing,0.967118422782712,0.03288155508516257,0.85,0.75
18261,left_hand,0.9980352520942688,0.001964756054803729,ExponentialSmoothing,0.9717559471794455,0.028244035230608745,0.85,0.75
18286,left_hand,0.9966418743133545,0.003358122892677784,ExponentialSmoothing,0.9754888362495319,0.0245111483799191,0.85,0.75
18336,left_hand,0.9977421760559082,0.0022578418720513582,ExponentialSmoothing,0.9788268372204884,0.02117315240373894,0.85,0.75
18361,left_hand,0.9975618124008179,0.0024381959810853004,ExponentialSmoothing,0.9816370834975378,0.018362908940340893,0.85,0.75
18411,left_hand,0.9961597919464111,0.003840162418782711,ExponentialSmoothing,0.9838154897648688,0.016184496962107164,0.85,0.75
18461,left_hand,0.9786867499351501,0.02131323516368866,ExponentialSmoothing,0.983046178790411,0.016953807692344388,0.85,0.75
18486,left_hand,0.9513044357299805,0.048695553094148636,ExponentialSmoothing,0.9782849173313464,0.021715069502615026,0.85,0.75
18536,left_hand,0.7692267298698425,0.23077325522899628,ExponentialSmoothing,0.9469261892121208,0.05307379736157222,0.85,0.75
18561,left_hand,0.798578143119812,0.20142190158367157,ExponentialSmoothing,0.9246739822982746,0.07532601299488713,0.85,0.75
18611,left_hand,0.7218076586723328,0.2781923711299896,ExponentialSmoothing,0.8942440337543833,0.10575596671515251,0.85,0.75
18636,left_hand,0.7850472927093506,0.21495267748832703,ExponentialSmoothing,0.8778645225976285,0.1221354733311287,0.85,0.75
18686,left_hand,0.12475769221782684,0.8752423524856567,ExponentialSmoothing,0.7648984980406581,0.23510150520430795,0.85,0.75
18711,rest,0.02942201867699623,0.9705779552459717,ExponentialSmoothing,0.6545770261361088,0.34542297271055755,0.85,0.75
18761,rest,0.003538666293025017,0.9964613318443298,ExponentialSmoothing,0.5569212721596463,0.4430787265806234,0.85,0.75
18786,rest,0.0019741086289286613,0.9980258941650391,ExponentialSmoothing,0.4736791976300386,0.5263208017182858,0.85,0.75
18811,rest,0.0006509834202006459,0.999349057674408,ExponentialSmoothing,0.40272496549856285,0.5972750401117041,0.85,0.75
18861,rest,0.0002669088717084378,0.999733030796051,ExponentialSmoothing,0.3423562570045347,0.6576437387143561,0.85,0.75
18911,rest,0.00012668254203163087,0.9998732805252075,ExponentialSmoothing,0.29102182083515926,0.7089781699859838,0.85,0.75
18936,right_hand,0.00012027609773213044,0.9998797178268433,ExponentialSmoothing,0.2473865891245452,0.7526134021621127,0.85,0.75
18986,right_hand,5.115710519021377e-05,0.9999488592147827,ExponentialSmoothing,0.21028627432164193,0.7897137207200131,0.85,0.75
19011,right_hand,4.188976527075283e-05,0.9999581575393677,ExponentialSmoothing,0.17874961663818625,0.8212503862429164,0.85,0.75
19061,right_hand,2.1809983081766404e-05,0.9999781847000122,ExponentialSmoothing,0.15194044563992057,0.8480595560114808,0.85,0.75
19086,right_hand,2.7757949283113703e-05,0.9999722242355347,ExponentialSmoothing,0.12915354248632496,0.8708464562450888,0.85,0.75
19136,right_hand,4.097503187949769e-05,0.9999589920043945,ExponentialSmoothing,0.10978665736815814,0.8902133366089846,0.85,0.75
19161,right_hand,4.381297549116425e-05,0.9999561309814453,ExponentialSmoothing,0.09332523070925808,0.9066747557648537,0.85,0.75
19186,right_hand,3.828606349998154e-05,0.9999617338180542,ExponentialSmoothing,0.07933218901239436,0.9206678024728339,0.85,0.75
19236,right_hand,3.4428765502525494e-05,0.9999655485153198,ExponentialSmoothing,0.06743752497536058,0.9325624643792068,0.85,0.75
19286,right_hand,1.9027791495318525e-05,0.9999809265136719,ExponentialSmoothing,0.05732475039778079,0.9426752336993766,0.85,0.75
19311,right_hand,2.9225182515801862e-05,0.9999707937240601,ExponentialSmoothing,0.048730421615491036,0.9512695677030791,0.85,0.75
19361,right_hand,4.2888506868621334e-05,0.9999570846557617,ExponentialSmoothing,0.04142729164919767,0.9585726952459815,0.85,0.75
19386,right_hand,5.38873573532328e-05,0.999946117401123,ExponentialSmoothing,0.035221281005421004,0.9647787085692527,0.85,0.75
19436,right_hand,5.026451253797859e-05,0.9999496936798096,ExponentialSmoothing,0.02994562853148855,0.9700543563358363,0.85,0.75
19461,right_hand,3.506880602799356e-05,0.9999649524688721,ExponentialSmoothing,0.025459044572669464,0.9745409457557916,0.85,0.75
19486,right_hand,3.180182466167025e-05,0.9999681711196899,ExponentialSmoothing,0.021644958160468297,0.9783550295603765,0.85,0.75
19536,right_hand,3.7388894270407036e-05,0.999962568283081,ExponentialSmoothing,0.018403822770538612,0.9815961603687822,0.85,0.75
19586,right_hand,4.9751197366276756e-05,0.9999502897262573,ExponentialSmoothing,0.015650712034562763,0.9843492797724035,0.85,0.75
19611,right_hand,6.31430302746594e-05,0.9999368190765381,ExponentialSmoothing,0.013312576683919547,0.9866874106680237,0.85,0.75
19636,right_hand,7.422578346449882e-05,0.9999257326126099,ExponentialSmoothing,0.011326824048851289,0.9886731589597116,0.85,0.75
19686,right_hand,0.00018010148778557777,0.9998199343681335,ExponentialSmoothing,0.009654815664691431,0.9903451752709749,0.85,0.75
19736,right_hand,0.0009327933075837791,0.9990672469139099,ExponentialSmoothing,0.008346512311125284,0.9916534860174152,0.85,0.75
19761,right_hand,0.0013948007253929973,0.9986051917076111,ExponentialSmoothing,0.007303755573265441,0.9926962418709445,0.85,0.75
19811,right_hand,0.0038896165788173676,0.9961103796958923,ExponentialSmoothing,0.006791634724098229,0.9932083625446868,0.85,0.75
19836,right_hand,0.0052805873565375805,0.994719386100769,ExponentialSmoothing,0.006564977618964131,0.9934350160780991,0.85,0.75
19886,right_hand,0.13398553431034088,0.8660145401954651,ExponentialSmoothing,0.025678061122670646,0.9743219446957041,0.85,0.75
19911,right_hand,0.413941890001297,0.5860580801963806,ExponentialSmoothing,0.08391763545446461,0.9160823650208056,0.85,0.75
19936,right_hand,0.9661457538604736,0.033854227513074875,ExponentialSmoothing,0.216251853215366,0.783748144394646,0.85,0.75
19986,rest,0.9809617400169373,0.01903829537332058,ExponentialSmoothing,0.33095833623560167,0.6690416670414472,0.85,0.75
20011,rest,0.9906752705574036,0.009324713610112667,ExponentialSmoothing,0.42991587638387196,0.570084124026747,0.85,0.75
20061,rest,0.9923460483551025,0.007653968408703804,ExponentialSmoothing,0.5142804021795566,0.4857196006840405,0.85,0.75
20111,rest,0.9952530860900879,0.0047469004057347775,ExponentialSmoothing,0.5864263047661363,0.4135736956422946,0.85,0.75
20136,rest,0.9918652176856995,0.008134747855365276,ExponentialSmoothing,0.6472421417040708,0.35275785347425526,0.85,0.75
20186,rest,0.9986851811408997,0.0013147997669875622,ExponentialSmoothing,0.6999585976195951,0.3000413954181651,0.85,0.75
20211,rest,0.9978994131088257,0.002100531244650483,ExponentialSmoothing,0.7446497199429798,0.25535026579213793,0.85,0.75
20261,left_hand,0.999505877494812,0.0004941199440509081,ExponentialSmoothing,0.7828781435757546,0.21712184391492487,0.85,0.75
20286,left_hand,0.9995526671409607,0.0004473448498174548,ExponentialSmoothing,0.8153793221105355,0.18462066905515875,0.85,0.75
20311,left_hand,0.9998089671134949,0.00019099719065707177,ExponentialSmoothing,0.8430437688609794,0.15695621827548348,0.85,0.75
20361,left_hand,0.9998202919960022,0.0001797323056962341,ExponentialSmoothing,0.8665602473312328,0.13343974538001538,0.85,0.75
20411,left_hand,0.9998880624771118,0.00011191103112651035,ExponentialSmoothing,0.8865594196031146,0.11344057022768204,0.85,0.75
20436,left_hand,0.9998354911804199,0.00016444569337181747,ExponentialSmoothing,0.9035508303397104,0.09644915154753551,0.85,0.75
20486,left_hand,0.9998550415039062,0.00014495523646473885,ExponentialSmoothing,0.9179964620143397,0.08200352210087489,0.85,0.75
20511,left_hand,0.9998146891593933,0.00018534445553086698,ExponentialSmoothing,0.9302691960860978,0.06973079545407329,0.85,0.75
20561,left_hand,0.9999128580093384,8.71833399287425e-05,ExponentialSmoothing,0.940715745374584,0.05928425363695161,0.85,0.75
20586,left_hand,0.9999052286148071,9.474335820414126e-05,ExponentialSmoothing,0.9495941678606175,0.05040582709513949,0.85,0.75
20611,left_hand,0.9999183416366577,8.170220826286823e-05,ExponentialSmoothing,0.9571427939270235,0.04285720836210799,0.85,0.75
20661,left_hand,0.9999163150787354,8.368407725356519e-05,ExponentialSmoothing,0.9635588220997803,0.036441179719379824,0.85,0.75
20711,left_hand,0.999911904335022,8.812072337605059e-05,ExponentialSmoothing,0.9690117844350665,0.030988220869979256,0.85,0.75
20736,left_hand,0.9998857975006104,0.0001142039182013832,ExponentialSmoothing,0.973642886394898,0.026357118327212575,0.85,0.75
20786,left_hand,0.9999220371246338,7.80129266786389e-05,ExponentialSmoothing,0.9775847590043585,0.022415252517132483,0.85,0.75
20811,left_hand,0.9999135732650757,8.63762543303892e-05,ExponentialSmoothing,0.980934081143466,0.01906592107771217,0.85,0.75
20836,left_hand,0.9999006986618042,9.926114580594003e-05,ExponentialSmoothing,0.9837790737712168,0.016220922087926234,0.85,0.75
20886,left_hand,0.9999182224273682,8.181916200555861e-05,ExponentialSmoothing,0.9861999460696396,0.013800056649038132,0.85,0.75
20936,left_hand,0.9999078512191772,9.210571442963555e-05,ExponentialSmoothing,0.9882561318420702,0.011743864008846857,0.85,0.75
20961,left_hand,0.9999041557312012,9.577634773449972e-05,ExponentialSmoothing,0.9900033354254398,0.009996650859680004,0.85,0.75
21011,left_hand,0.9997066855430603,0.0002932623610831797,ExponentialSmoothing,0.9914588379430829,0.00854114258489048,0.85,0.75
21036,left_hand,0.998970627784729,0.0010294105159118772,ExponentialSmoothing,0.9925856064193298,0.007414382774543689,0.85,0.75
21086,left_hand,0.9919834733009338,0.008016527630388737,ExponentialSmoothing,0.9924952864515704,0.007504704502920447,0.85,0.75
21111,left_hand,0.9596750736236572,0.04032495245337486,ExponentialSmoothing,0.9875722545273834,0.01242774169548861,0.85,0.75
21161,left_hand,0.6710230112075806,0.3289770185947418,ExponentialSmoothing,0.940089868029413,0.0599101332303766,0.85,0.75
21186,left_hand,0.45728936791419983,0.5427106618881226,ExponentialSmoothing,0.867669793012131,0.13233021252903848,0.85,0.75
21211,left_hand,0.22165021300315857,0.778349757194519,ExponentialSmoothing,0.7707668560107851,0.2292331442288606,0.85,0.75
21261,rest,0.21065346896648407,0.7893465161323547,ExponentialSmoothing,0.68674984795414,0.3132501500143847,0.85,0.75
21311,rest,0.29615113139152527,0.7038488388061523,ExponentialSmoothing,0.6281600404697477,0.3718399533331499,0.85,0.75
21336,rest,0.3717895448207855,0.6282104253768921,ExponentialSmoothing,0.5897044661224033,0.41029552413971127,0.85,0.75
21386,rest,0.2651457190513611,0.7348542809486389,ExponentialSmoothing,0.541020654061747,0.4589793376610504,0.85,0.75
21411,rest,0.21534445881843567,0.7846555113792419,ExponentialSmoothing,0.4921692247752503,0.5078307637187792,0.85,0.75
21461,rest,0.03606782481074333,0.9639321565628052,ExponentialSmoothing,0.4237540147805743,0.5762459726453831,0.85,0.75
21486,rest,0.010488023050129414,0.989512026309967,ExponentialSmoothing,0.36176411602100755,0.6382358806950708,0.85,0.75
21536,rest,0.0016964281676337123,0.9983035326004028,ExponentialSmoothing,0.3077539628430015,0.6922460284808707,0.85,0.75
21561,rest,0.0006845647003501654,0.9993155002593994,ExponentialSmoothing,0.2616935531216038,0.73830644924765,0.85,0.75
21586,right_hand,0.0003598225594032556,0.9996402263641357,ExponentialSmoothing,0.22249349353727374,0.7775065158151229,0.85,0.75
21636,right_hand,0.00021515486878342927,0.9997848868370056,ExponentialSmoothing,0.1891517427370002,0.8108482714684053,0.85,0.75
21661,right_hand,0.00021276356710586697,0.9997872710227966,ExponentialSmoothing,0.16081089586151603,0.8391891214015641,0.85,0.75
21711,right_hand,0.00024645787198096514,0.9997535347938538,ExponentialSmoothing,0.13672623016308577,0.8632737834104075,0.85,0.75
21761,right_hand,0.00013550178846344352,0.9998644590377808,ExponentialSmoothing,0.11623762090689242,0.8837623847545135,0.85,0.75
21786,right_hand,0.00010195384675171226,0.9998980760574341,ExponentialSmoothing,0.09881727084787131,0.9011827384499516,0.85,0.75
21836,right_hand,0.00010574572661425918,0.9998942613601685,ExponentialSmoothing,0.08401054207968275,0.9159894668864841,0.85,0.75
21861,right_hand,8.864062692737207e-05,0.9999113082885742,ExponentialSmoothing,0.07142225686176945,0.9285777430967976,0.85,0.75
21886,right_hand,0.00011593436647672206,0.9998840093612671,ExponentialSmoothing,0.06072630848747554,0.9392736830364681,0.85,0.75
21936,right_hand,0.0003070479433517903,0.9996930360794067,ExponentialSmoothing,0.051663419405856975,0.9483365859929089,0.85,0.75
21986,right_hand,0.0015766954747959971,0.9984233379364014,ExponentialSmoothing,0.044150410816197826,0.9558495987844329,0.85,0.75
22011,right_hand,0.004490032326430082,0.9955099821090698,ExponentialSmoothing,0.038201354042732664,0.9617986562831284,0.85,0.75
22036,right_hand,0.013289560563862324,0.9867104887962341,ExponentialSmoothing,0.03446458502090211,0.9655354311600943,0.85,0.75
22086,right_hand,0.12492986023426056,0.8750701546669006,ExponentialSmoothing,0.048034376302905885,0.9519656396861153,0.85,0.75
22136,right_hand,0.28358712792396545,0.7164129018783569,ExponentialSmoothing,0.08336728904606483,0.9166327290149514,0.85,0.75
22161,right_hand,0.29231932759284973,0.7076806426048279,ExponentialSmoothing,0.11471009482808256,0.8852899160534329,0.85,0.75
22211,right_hand,0.3187856078147888,0.6812143921852112,ExponentialSmoothing,0.1453214217760885,0.8546785874731996,0.85,0.75
22236,right_hand,0.34056082367897034,0.6594391465187073,ExponentialSmoothing,0.1746073320615208,0.8253926713300257,0.85,0.75
22261,right_hand,0.2967880666255951,0.7032119035720825,ExponentialSmoothing,0.19293444224613193,0.8070655561663342,0.85,0.75
22311,right_hand,0.3680543303489685,0.6319457292556763,ExponentialSmoothing,0.21920242546155744,0.7807975821297355,0.85,0.75
22361,rest,0.5516074895858765,0.4483925402164459,ExponentialSmoothing,0.2690631850802053,0.7309368258427421,0.85,0.75
22386,rest,0.6818119883537292,0.31818804144859314,ExponentialSmoothing,0.3309755055712339,0.6690245081836198,0.85,0.75
22436,rest,0.9148634672164917,0.08513660728931427,ExponentialSmoothing,0.41855869981802263,0.5814413230494739,0.85,0.75
22461,rest,0.9523149132728577,0.047685105353593826,ExponentialSmoothing,0.4986221318362479,0.5013778903950918,0.85,0.75
22486,rest,0.9759759306907654,0.024024030193686485,ExponentialSmoothing,0.5702252016644256,0.429774811364881,0.85,0.75
22536,rest,0.9944204688072205,0.005579531192779541,ExponentialSmoothing,0.6338544917358448,0.36614551933906575,0.85,0.75
22586,rest,0.9917036294937134,0.008296394720673561,ExponentialSmoothing,0.6875318623995251,0.3124681506463069,0.85,0.75
22611,rest,0.991693913936615,0.008306039497256279,ExponentialSmoothing,0.7331561701300886,0.2668438339739493,0.85,0.75
22661,left_hand,0.9920971393585205,0.007902825251221657,ExponentialSmoothing,0.7719973155143534,0.22800268266554014,0.85,0.75
22686,left_hand,0.9943349361419678,0.005665138363838196,ExponentialSmoothing,0.8053479586084955,0.19465205102028485,0.85,0.75
22736,left_hand,0.996049702167511,0.003950358834117651,ExponentialSmoothing,0.8339532201423479,0.16604679719235976,0.85,0.75
22761,left_hand,0.9960530996322632,0.003946823533624411,ExponentialSmoothing,0.8582682020658352,0.14173180114354947,0.85,0.75
22811,left_hand,0.9978386759757996,0.002161400392651558,ExponentialSmoothing,0.8792037731523299,0.12079624103091478,0.85,0.75
22836,left_hand,0.997251570224762,0.002748471684753895,ExponentialSmoothing,0.8969109427131947,0.10308907562899064,0.85,0.75
22861,left_hand,0.9968445301055908,0.003155485028401017,ExponentialSmoothing,0.9119009808220542,0.08809903703890219,0.85,0.75
22911,left_hand,0.9907468557357788,0.009253209456801414,ExponentialSmoothing,0.923727862059113,0.07627216290158707,0.85,0.75
22961,left_hand,0.9967849254608154,0.0032150184269994497,ExponentialSmoothing,0.9346864215693683,0.06531359123039894,0.85,0.75
22986,left_hand,0.9969083666801453,0.003091648919507861,ExponentialSmoothing,0.9440197133359849,0.05598029988376528,0.85,0.75
23011,left_hand,0.997422456741333,0.002577557461336255,ExponentialSmoothing,0.9520301248467872,0.047969888520400926,0.85,0.75
23036,left_hand,0.9975380897521973,0.0024619130417704582,ExponentialSmoothing,0.9588563195825988,0.041143692198606356,0.85,0.75
23111,left_hand,0.99294513463974,0.007054894231259823,ExponentialSmoothing,0.96396964184117,0.036030372503504375,0.85,0.75
23136,left_hand,0.988763689994812,0.011236325837671757,ExponentialSmoothing,0.9676887490642163,0.032311265503629484,0.85,0.75
23186,left_hand,0.9909515380859375,0.0090484032407403,ExponentialSmoothing,0.9711781674174744,0.028821836164196108,0.85,0.75
23211,left_hand,0.9896490573883057,0.010350894182920456,ExponentialSmoothing,0.9739488009130991,0.02605119486700476,0.85,0.75
23236,left_hand,0.9913244247436523,0.008675607852637768,ExponentialSmoothing,0.9765551444876821,0.02344485681484971,0.85,0.75
23286,left_hand,0.9887176752090454,0.011282334104180336,ExponentialSmoothing,0.9783795240958866,0.021620478408249304,0.85,0.75
23336,left_hand,0.9912979602813721,0.00870204996317625,ExponentialSmoothing,0.9803172895237093,0.019682714141488346,0.85,0.75
23361,left_hand,0.9898109436035156,0.010189063847064972,ExponentialSmoothing,0.9817413376356803,0.018258666597324842,0.85,0.75
23411,left_hand,0.97782963514328,0.022170331329107285,ExponentialSmoothing,0.9811545822618202,0.01884541630709221,0.85,0.75
23436,left_hand,0.9773237109184265,0.022676225751638412,ExponentialSmoothing,0.9805799515603111,0.01942003772377414,0.85,0.75
23486,left_hand,0.9886980056762695,0.011301977559924126,ExponentialSmoothing,0.9817976596777048,0.018202328699196635,0.85,0.75
23511,left_hand,0.9892222881317139,0.010777711868286133,ExponentialSmoothing,0.9829113539458062,0.01708863617456006,0.85,0.75
23561,left_hand,0.9904932379722595,0.009506785310804844,ExponentialSmoothing,0.9840486365497743,0.01595135854499678,0.85,0.75
23586,left_hand,0.9842973351478577,0.015702633187174797,ExponentialSmoothing,0.9840859413394867,0.01591404974132348,0.85,0.75
23636,left_hand,0.9816795587539673,0.018320398405194283,ExponentialSmoothing,0.9837249839516587,0.0162750020409041,0.85,0.75
23661,left_hand,0.9816285371780396,0.018371477723121643,ExponentialSmoothing,0.983410516935616,0.016589473393236732,0.85,0.75
23686,left_hand,0.9756195545196533,0.02438042312860489,ExponentialSmoothing,0.9822418725732216,0.017758115853541957,0.85,0.75
23736,left_hand,0.9370231628417969,0.0629768893122673,ExponentialSmoothing,0.9754590661135079,0.024540931872350763,0.85,0.75
23786,left_hand,0.9211959838867188,0.07880394905805588,ExponentialSmoothing,0.9673196037794896,0.03268038445020653,0.85,0.75
23811,left_hand,0.7752798199653625,0.22472016513347626,ExponentialSmoothing,0.9385136362073705,0.061486351552696994,0.85,0.75
23861,left_hand,0.7060876488685608,0.2939123511314392,ExponentialSmoothing,0.903649738106549,0.09635025148950833,0.85,0.75
23886,left_hand,0.1574556678533554,0.8425443172454834,ExponentialSmoothing,0.79172062756857,0.2082793613529046,0.85,0.75
23936,rest,0.08771272748708725,0.9122872352600098,ExponentialSmoothing,0.6861194425563476,0.3138805424389704,0.85,0.75
23961,rest,0.035511765629053116,0.9644882082939148,ExponentialSmoothing,0.5885282910172535,0.41147169231721203,0.85,0.75
23986,rest,0.03857455775141716,0.9614254236221313,ExponentialSmoothing,0.506035231027378,0.49396475201295,0.85,0.75
24036,rest,0.033571965992450714,0.9664280414581299,ExponentialSmoothing,0.4351657412721389,0.5648342454297269,0.85,0.75
24086,rest,0.00890172366052866,0.9910982251167297,ExponentialSmoothing,0.3712261386303974,0.6287738423827773,0.85,0.75
24111,rest,0.007629537954926491,0.9923704862594604,ExponentialSmoothing,0.31668664852907674,0.6833133389642798,0.85,0.75
24161,rest,0.007539498619735241,0.9924605488777161,ExponentialSmoothing,0.2703145760426755,0.7296854204512953,0.85,0.75
24186,right_hand,0.004661968443542719,0.995337963104248,ExponentialSmoothing,0.23046668490280556,0.7695333018492382,0.85,0.75
24236,right_hand,0.004955878481268883,0.9950441122055054,ExponentialSmoothing,0.19664006393957503,0.8033599234026783,0.85,0.75
24261,right_hand,0.002903142711147666,0.9970968961715698,ExponentialSmoothing,0.16757952575531093,0.832420469318012,0.85,0.75
24286,right_hand,0.0017390555003657937,0.9982609152793884,ExponentialSmoothing,0.14270345521706918,0.8572965362122185,0.85,0.75
24336,right_hand,0.0014076458755880594,0.9985923171043396,ExponentialSmoothing,0.121509083815847,0.8784909033460366,0.85,0.75
24386,right_hand,0.0009976231958717108,0.9990023970603943,ExponentialSmoothing,0.10343236472285071,0.8965676274031904,0.85,0.75
24411,right_hand,0.0008737451280467212,0.9991262555122375,ExponentialSmoothing,0.08804857178363011,0.9119514216195475,0.85,0.75
24436,right_hand,0.000862373155541718,0.9991376399993896,ExponentialSmoothing,0.07497064198941686,0.9250293543765238,0.85,0.75
24486,right_hand,0.0012626223033294082,0.9987373948097229,ExponentialSmoothing,0.06391443903650375,0.9360855604415037,0.85,0.75
24511,right_hand,0.001185895293019712,0.9988141059875488,ExponentialSmoothing,0.054505157474981136,0.9454948422734104,0.85,0.75
24561,right_hand,0.0006795585504733026,0.9993205070495605,ExponentialSmoothing,0.04643131763630496,0.953568691989833,0.85,0.75
24611,right_hand,0.0007117039640434086,0.9992883801460266,ExponentialSmoothing,0.039573375585465725,0.960426645213262,0.85,0.75
24636,right_hand,0.0008714234572835267,0.9991286396980286,ExponentialSmoothing,0.03376808276623839,0.966231944385977,0.85,0.75
24686,right_hand,0.0008770640706643462,0.9991229176521301,ExponentialSmoothing,0.028834429961902282,0.9711655903759,0.85,0.75
24711,right_hand,0.0009649451822042465,0.999035120010376,ExponentialSmoothing,0.024654007244947578,0.9753460198210715,0.85,0.75
24761,right_hand,0.0007358269649557769,0.9992641806602478,ExponentialSmoothing,0.021066280202948807,0.978933743946948,0.85,0.75
24786,right_hand,0.0008243847405537963,0.9991756081581116,ExponentialSmoothing,0.018029995883589556,0.9819700235786225,0.85,0.75
24836,right_hand,0.0008069647592492402,0.999193012714386,ExponentialSmoothing,0.015446541214938507,0.984553471948987,0.85,0.75
24861,right_hand,0.0009138043969869614,0.9990861415863037,ExponentialSmoothing,0.013266630692245774,0.9867333723945846,0.85,0.75
24886,right_hand,0.000834109669085592,0.9991658926010132,ExponentialSmoothing,0.011401752538771747,0.9885982504255489,0.85,0.75
24936,right_hand,0.00041606329614296556,0.999583899974823,ExponentialSmoothing,0.009753899152377428,0.99024609785794,0.85,0.75
24986,right_hand,0.0004622190026566386,0.9995378255844116,ExponentialSmoothing,0.00836014712991931,0.9916398570169108,0.85,0.75
25011,right_hand,0.0005954618100076914,0.9994045495986938,ExponentialSmoothing,0.007195444331932567,0.9928045609041782,0.85,0.75
25061,right_hand,0.0010405940702185035,0.9989594221115112,ExponentialSmoothing,0.006272216792675457,0.9937277900852781,0.85,0.75
25086,right_hand,0.0013884995132684708,0.9986114501953125,ExponentialSmoothing,0.005539659200764409,0.9944603391017832,0.85,0.75
25136,right_hand,0.0011053681373596191,0.9988946318626404,ExponentialSmoothing,0.004874515541253691,0.9951254830159117,0.85,0.75
25161,right_hand,0.0013409204548224807,0.9986590147018433,ExponentialSmoothing,0.004344476278289009,0.9956555127688014,0.85,0.75
25211,right_hand,0.00502784876152873,0.9949721097946167,ExponentialSmoothing,0.0044469821507749675,0.9955530023226737,0.85,0.75
25236,right_hand,0.01444035954773426,0.9855597019195557,ExponentialSmoothing,0.005945988760318861,0.9940540072622059,0.85,0.75
25261,right_hand,0.02766595408320427,0.972334086894989,ExponentialSmoothing,0.009203983558751672,0.9907960192071235,0.85,0.75
25311,right_hand,0.10228649526834488,0.8977135419845581,ExponentialSmoothing,0.023166360315190655,0.9768336476237387,0.85,0.75
25336,right_hand,0.09424220025539398,0.9057577848434448,ExponentialSmoothing,0.03382773630622116,0.9661722682066947,0.85,0.75
25386,right_hand,0.15414375066757202,0.8458563089370728,ExponentialSmoothing,0.05187513846042379,0.9481248743162514,0.85,0.75
25436,right_hand,0.07661674171686172,0.9233832359313965,ExponentialSmoothing,0.05558637894888948,0.9444136285585231,0.85,0.75
25461,right_hand,0.11934951692819595,0.8806504607200623,ExponentialSmoothing,0.06515084964578545,0.9348491533827539,0.85,0.75
25511,right_hand,0.20180927217006683,0.7981907725334167,ExponentialSmoothing,0.08564961302442767,0.9143503962553533,0.85,0.75
25536,right_hand,0.2600622773170471,0.7399377822875977,ExponentialSmoothing,0.1118115126683206,0.8881885041601899,0.85,0.75
25586,right_hand,0.4680604934692383,0.5319395661354065,ExponentialSmoothing,0.16524885978845827,0.8347511634564724,0.85,0.75
25611,right_hand,0.5812638401985168,0.41873612999916077,ExponentialSmoothing,0.2276511068499671,0.7723489084378756,0.85,0.75
25661,rest,0.6476761102676392,0.3523239195346832,ExponentialSmoothing,0.2906548573626179,0.7093451601023968,0.85,0.75
25686,rest,0.582297682762146,0.4177023470401764,ExponentialSmoothing,0.33440128117254714,0.6655987381430637,0.85,0.75
25711,rest,0.31364017724990845,0.6863598823547363,ExponentialSmoothing,0.33128711558415136,0.6687129097748146,0.85,0.75
25761,rest,0.534798264503479,0.4652017056941986,ExponentialSmoothing,0.36181378792205054,0.6381862291627222,0.85,0.75
25811,rest,0.9396505355834961,0.060349512845277786,ExponentialSmoothing,0.4484893000712674,0.5515107217151055,0.85,0.75
25836,rest,0.9924284815788269,0.007571553345769644,ExponentialSmoothing,0.5300801772974013,0.4699198464597051,0.85,0.75
25886,rest,0.9988372921943665,0.001162781030870974,ExponentialSmoothing,0.600393744531946,0.39960628664537995,0.85,0.75
25911,rest,0.9992179870605469,0.0007820149185135961,ExponentialSmoothing,0.6602173809112362,0.33978264588635,0.85,0.75
25961,rest,0.9988740086555481,0.001125950482673943,ExponentialSmoothing,0.7110158750728829,0.2889841415757986,0.85,0.75
25986,left_hand,0.9985054731369019,0.0014945634175091982,ExponentialSmoothing,0.7541393147824857,0.2458607048520552,0.85,0.75
26036,left_hand,0.9968340992927551,0.003165876492857933,ExponentialSmoothing,0.7905435324590262,0.2094564805981756,0.85,0.75
26061,left_hand,0.9938883185386658,0.006111662834882736,ExponentialSmoothing,0.8210452503709722,0.17895475793368165,0.85,0.75
26111,left_hand,0.5100343227386475,0.4899657070636749,ExponentialSmoothing,0.7743936112261235,0.22560640030318066,0.85,0.75
26136,left_hand,0.618634045124054,0.38136595487594604,ExponentialSmoothing,0.7510296763108131,0.24897033348909547,0.85,0.75
26161,rest,0.16049709916114807,0.8395029306411743,ExponentialSmoothing,0.6624497897383633,0.3375502230619073,0.85,0.75
26211,rest,0.35051000118255615,0.6494900584220886,ExponentialSmoothing,0.6156588214549923,0.3843411983659345,0.85,0.75
26236,rest,0.16260334849357605,0.8373966813087463,ExponentialSmoothing,0.5477005005107798,0.45229952080735625,0.85,0.75
26286,rest,0.4720948338508606,0.5279051661491394,ExponentialSmoothing,0.5363596505117919,0.4636403676086237,0.85,0.75
26336,rest,0.23930306732654572,0.7606968879699707,ExponentialSmoothing,0.49180116303400495,0.5081988456628257,0.85,0.75
26361,rest,0.3247121572494507,0.6752878427505493,ExponentialSmoothing,0.4667378121663218,0.5332621952259843,0.85,0.75
26411,rest,0.10351771861314774,0.8964822888374329,ExponentialSmoothing,0.4122547981333457,0.5877452092677016,0.85,0.75
26436,rest,0.11425351351499557,0.8857464790344238,ExponentialSmoothing,0.36755460544059315,0.63244539973271,0.85,0.75
26486,rest,0.010011831298470497,0.9899881482124329,ExponentialSmoothing,0.31392318931927476,0.6860768120046684,0.85,0.75
26511,rest,0.00619843602180481,0.9938015341758728,ExponentialSmoothing,0.2677644763246543,0.732235520330349,0.85,0.75
26536,right_hand,0.0027243411168456078,0.9972756505012512,ExponentialSmoothing,0.22800845604348297,0.7719915398559845,0.85,0.75
26586,right_hand,0.002808766672387719,0.9971912503242493,ExponentialSmoothing,0.19422850263781866,0.8057714964262241,0.85,0.75
26636,right_hand,0.0024713098537176847,0.9975287318229675,ExponentialSmoothing,0.1654649237202035,0.8345350817357357,0.85,0.75
26661,right_hand,0.002885112538933754,0.997114896774292,ExponentialSmoothing,0.14107795204301304,0.8589220539915191,0.85,0.75
26686,right_hand,0.0019394009141251445,0.9980606436729431,ExponentialSmoothing,0.12020716937367985,0.8797928424437327,0.85,0.75
26736,right_hand,0.0016643734415993094,0.9983356595039368,ExponentialSmoothing,0.10242574998386778,0.8975742650027634,0.85,0.75
26786,right_hand,0.0005365317920222878,0.9994634985923767,ExponentialSmoothing,0.08714236725509096,0.9128576500412053,0.85,0.75
26811,right_hand,0.0003398832632228732,0.9996601343154907,ExponentialSmoothing,0.07412199465631075,0.9258780226823482,0.85,0.75
26861,right_hand,0.00015673677262384444,0.9998432397842407,ExponentialSmoothing,0.06302720597375772,0.936972805247632,0.85,0.75
26886,right_hand,0.00014297709276434034,0.9998569488525391,ExponentialSmoothing,0.05359457164160871,0.9464054267883681,0.85,0.75
26936,right_hand,0.0002992412482853979,0.9997007846832275,ExponentialSmoothing,0.045600272082610215,0.9543997304725971,0.85,0.75
26961,right_hand,0.0005605590413324535,0.9994394183158875,ExponentialSmoothing,0.03884431512641855,0.9611556836490907,0.85,0.75
26986,right_hand,0.0008989961934275925,0.9991010427474976,ExponentialSmoothing,0.0331525172864699,0.9668474875138517,0.85,0.75
27036,right_hand,0.0012228429550305009,0.9987770915031433,ExponentialSmoothing,0.028363066136753993,0.9716369281122454,0.85,0.75
27086,right_hand,0.0007159539964050055,0.9992840886116028,ExponentialSmoothing,0.024215999315701644,0.975784002187149,0.85,0.75
27111,right_hand,0.0005765344831161201,0.9994235038757324,ExponentialSmoothing,0.020670079590813815,0.9793299274404366,0.85,0.75
27161,right_hand,0.0005689978715963662,0.9994309544563293,ExponentialSmoothing,0.0176549173329312,0.9823450814928205,0.85,0.75
27186,right_hand,0.0008425676496699452,0.9991574287414551,ExponentialSmoothing,0.01513306488044201,0.9848669335801157,0.85,0.75
27211,right_hand,0.0012394760269671679,0.9987605810165405,ExponentialSmoothing,0.013049026552420784,0.9869509806955794,0.85,0.75
27261,right_hand,0.001992260105907917,0.9980077147483826,ExponentialSmoothing,0.011390511585443854,0.9886094908034999,0.85,0.75
27311,right_hand,0.0027966629713773727,0.9972033500671387,ExponentialSmoothing,0.010101434293333881,0.9898985696930457,0.85,0.75
27336,right_hand,0.003468799404799938,0.9965311884880066,ExponentialSmoothing,0.009106539060053789,0.9908934625122898,0.85,0.75
27361,right_hand,0.009771586395800114,0.9902284145355225,ExponentialSmoothing,0.009206296160415737,0.9907937053157747,0.85,0.75
27411,right_hand,0.1978764533996582,0.8021235466003418,ExponentialSmoothing,0.037506819746302114,0.9624931815084597,0.85,0.75
27461,right_hand,0.969572126865387,0.03042788617312908,ExponentialSmoothing,0.17731661581416486,0.8226833872081601,0.85,0.75
27486,rest,0.9829635620117188,0.017036443576216698,ExponentialSmoothing,0.29816365774379794,0.7018363456633686,0.85,0.75
27536,rest,0.9875407814979553,0.012459254823625088,ExponentialSmoothing,0.4015702263069215,0.5984297820374072,0.85,0.75
27561,rest,0.9929350018501282,0.007064965553581715,ExponentialSmoothing,0.49027494263840254,0.5097250595648334,0.85,0.75
27611,rest,0.9963772892951965,0.003622752381488681,ExponentialSmoothing,0.5661902946369216,0.43380971348733166,0.85,0.75
27636,rest,0.9967999458312988,0.0032000578939914703,ExponentialSmoothing,0.6307817423160782,0.3692182651483306,0.85,0.75
27661,rest,0.9982814788818359,0.0017185710603371263,ExponentialSmoothing,0.6859067028009418,0.31409331103513155,0.85,0.75
27711,rest,0.9988792538642883,0.0011207894422113895,ExponentialSmoothing,0.7328525854604437,0.2671474327961935,0.85,0.75
27736,left_hand,0.9994257688522339,0.0005743152578361332,ExponentialSmoothing,0.7728385629692123,0.22716146516543992,0.85,0.75
27786,left_hand,0.9995473027229309,0.0004526507982518524,ExponentialSmoothing,0.8068448739322701,0.19315514301036169,0.85,0.75
27811,left_hand,0.9996029734611511,0.00039709426346234977,ExponentialSmoothing,0.8357585888616023,0.16424143569832678,0.85,0.75
27861,left_hand,0.9994175434112549,0.0005824162508361042,ExponentialSmoothing,0.8603074320440502,0.13969258278120317,0.85,0.75
27911,left_hand,0.9993687272071838,0.0006312557379715145,ExponentialSmoothing,0.8811666263185203,0.11883338372471842,0.85,0.75
27936,left_hand,0.9995372295379639,0.0004627672315109521,ExponentialSmoothing,0.8989222168014368,0.1010777912507373,0.85,0.75
27986,left_hand,0.9997809529304504,0.0002191031671827659,ExponentialSmoothing,0.9140510272207889,0.08594898803820412,0.85,0.75
28011,left_hand,0.999818742275238,0.00018123810878023505,ExponentialSmoothing,0.9269161844789563,0.07308382554879053,0.85,0.75
28061,left_hand,0.999785840511322,0.000214212472201325,ExponentialSmoothing,0.9378466328838111,0.06215338358730215,0.85,0.75
28086,left_hand,0.9997196793556213,0.00028032506816089153,ExponentialSmoothing,0.9471275898545826,0.05287242480943096,0.85,0.75
28136,left_hand,0.9992838501930237,0.000716120470315218,ExponentialSmoothing,0.9549510289053488,0.045048979158563596,0.85,0.75
28161,left_hand,0.9992340803146362,0.0007659514667466283,ExponentialSmoothing,0.9615934866167419,0.038406525004791046,0.85,0.75
28186,left_hand,0.9988640546798706,0.0011359737254679203,ExponentialSmoothing,0.9671840718262112,0.032815942312892574,0.85,0.75
28236,left_hand,0.9880834221839905,0.011916566640138626,ExponentialSmoothing,0.9703189743798781,0.029681035961979484,0.85,0.75
28286,left_hand,0.9400683641433716,0.059931639581918716,ExponentialSmoothing,0.9657813828444022,0.034218626504970366,0.85,0.75
28311,left_hand,0.9138398766517639,0.08616013079881668,ExponentialSmoothing,0.9579901569155065,0.042009852149047316,0.85,0.75
28361,left_hand,0.41303521394729614,0.5869647860527039,ExponentialSmoothing,0.8762469154702749,0.12375309223459581,0.85,0.75
28386,left_hand,0.18002673983573914,0.8199732899665833,ExponentialSmoothing,0.7718138891250945,0.22818612189439394,0.85,0.75
28436,rest,0.05029333382844925,0.9497066736221313,ExponentialSmoothing,0.6635858058305977,0.33641420465355454,0.85,0.75
28461,rest,0.04171101376414299,0.9582890272140503,ExponentialSmoothing,0.5703045870206295,0.42969542803762895,0.85,0.75
28511,rest,0.021221529692411423,0.9787784814834595,ExponentialSmoothing,0.4879421284213968,0.5120578860545035,0.85,0.75
28536,rest,0.02748618647456169,0.9725138545036316,ExponentialSmoothing,0.4188737371293715,0.5811262813218727,0.85,0.75
28561,rest,0.014494982548058033,0.9855050444602966,ExponentialSmoothing,0.35821692394217447,0.6417830957926363,0.85,0.75
28611,rest,0.040343888103961945,0.9596560597419739,ExponentialSmoothing,0.3105359685664426,0.689464040385037,0.85,0.75
28661,rest,0.01945602148771286,0.9805440306663513,ExponentialSmoothing,0.2668739765046332,0.733126038927234,0.85,0.75
28686,right_hand,0.01753135770559311,0.9824686050415039,ExponentialSmoothing,0.2294725836847772,0.7705274238443744,0.85,0.75
28736,right_hand,0.016894904896616936,0.9831051230430603,ExponentialSmoothing,0.19758593186655315,0.8024140787241774,0.85,0.75
28761,right_hand,0.020888730883598328,0.9791112542152405,ExponentialSmoothing,0.17108135171910993,0.8289186550478368,0.85,0.75
28811,right_hand,0.044601377099752426,0.9553986191749573,ExponentialSmoothing,0.1521093555262063,0.847890649666905,0.85,0.75
28836,right_hand,0.06716958433389664,0.9328303933143616,ExponentialSmoothing,0.13936838984735986,0.8606316112140235,0.85,0.75
28886,right_hand,0.01874528080224991,0.9812546968460083,ExponentialSmoothing,0.12127492349059336,0.8787250740588213,0.85,0.75
28911,right_hand,0.01532935630530119,0.9846706390380859,ExponentialSmoothing,0.10538308841279954,0.894616908805711,0.85,0.75
28936,right_hand,0.01489825639873743,0.9851016998291016,ExponentialSmoothing,0.09181036361069023,0.9081896274592196,0.85,0.75
28986,right_hand,0.037106022238731384,0.9628939628601074,ExponentialSmoothing,0.0836047124048964,0.9163952777693528,0.85,0.75
29011,right_hand,0.07677057385444641,0.9232293963432312,ExponentialSmoothing,0.0825795916223289,0.9174203955554345,0.85,0.75
29061,right_hand,0.325872004032135,0.6741280555725098,ExponentialSmoothing,0.11907345348379983,0.8809265445579958,0.85,0.75
29086,right_hand,0.4857133626937866,0.5142866373062134,ExponentialSmoothing,0.17406943986529785,0.8259305584702283,0.85,0.75
29136,rest,0.9918648600578308,0.008135125041007996,ExponentialSmoothing,0.29673875289417784,0.7032612434558453,0.85,0.75
29161,rest,0.9962917566299438,0.003708292031660676,ExponentialSmoothing,0.40167170345454273,0.5983283007422175,0.85,0.75
29211,rest,0.9983658194541931,0.0016342044109478593,ExponentialSmoothing,0.4911758208544903,0.5088241862925271,0.85,0.75
29261,rest,0.9991195797920227,0.0008803607779555023,ExponentialSmoothing,0.5673673846951202,0.43263261246534135,0.85,0.75
29286,rest,0.9991913437843323,0.0008086394518613815,ExponentialSmoothing,0.6321409785585019,0.36785901651331937,0.85,0.75
29336,rest,0.9993324875831604,0.0006674585747532547,ExponentialSmoothing,0.6872197049122007,0.31278028282253445,0.85,0.75
29361,rest,0.9996036887168884,0.00039637734880670905,ExponentialSmoothing,0.7340773024829039,0.26592269700147525,0.85,0.75
29386,left_hand,0.99970942735672,0.00029056225321255624,ExponentialSmoothing,0.7739221212139763,0.22607787678923583,0.85,0.75
29436,left_hand,0.9997552037239075,0.0002448089071549475,ExponentialSmoothing,0.807797083590466,0.19220291660692368,0.85,0.75
29486,left_hand,0.9997479319572449,0.00025208431179635227,ExponentialSmoothing,0.8365897108454828,0.16341029176265456,0.85,0.75
29511,left_hand,0.999752938747406,0.0002470721665304154,ExponentialSmoothing,0.8610641950307714,0.13893580882323595,0.85,0.75
29561,left_hand,0.9997417330741882,0.00025826433557085693,ExponentialSmoothing,0.8818658257372838,0.11813417715008617,0.85,0.75
29586,left_hand,0.9997598528862,0.0002401200617896393,ExponentialSmoothing,0.8995499298096212,0.10045006858684169,0.85,0.75
29636,left_hand,0.9997566342353821,0.00024333885812666267,ExponentialSmoothing,0.9145809354734853,0.08541905912753443,0.85,0.75
29661,left_hand,0.9997418522834778,0.00025816046399995685,ExponentialSmoothing,0.9273550729949841,0.07264492432800426,0.85,0.75
29711,left_hand,0.9995908141136169,0.0004092250019311905,ExponentialSmoothing,0.938190434162779,0.0618095694290933,0.85,0.75
29736,left_hand,0.9995371103286743,0.0004628904862329364,ExponentialSmoothing,0.9473924355876633,0.052607567587664245,0.85,0.75
29761,left_hand,0.9994779229164124,0.0005220710299909115,ExponentialSmoothing,0.9552052586869757,0.04479474310401324,0.85,0.75
29811,left_hand,0.9994282126426697,0.0005717531312257051,ExponentialSmoothing,0.9618387017803298,0.03816129460809511,0.85,0.75
29836,left_hand,0.9994401335716248,0.0005598184652626514,ExponentialSmoothing,0.9674789165490241,0.03252107318667024,0.85,0.75
29886,left_hand,0.9994857311248779,0.0005141975707374513,ExponentialSmoothing,0.9722799387354022,0.02772004184428032,0.85,0.75
29936,left_hand,0.9995108842849731,0.0004891381249763072,ExponentialSmoothing,0.9763645805678378,0.02363540628638472,0.85,0.75
29961,left_hand,0.9994988441467285,0.0005011463072150946,ExponentialSmoothing,0.9798347201046713,0.020165267289509275,0.85,0.75
30011,left_hand,0.9987383484840393,0.0012616334715858102,ExponentialSmoothing,0.9826702643615766,0.017329722216820755,0.85,0.75
30036,left_hand,0.9984210729598999,0.0015789596363902092,ExponentialSmoothing,0.9850328856513251,0.014967107829756172,0.85,0.75
30086,left_hand,0.9986737966537476,0.001326287630945444,ExponentialSmoothing,0.9870790223016884,0.012920984799934561,0.85,0.75
30111,left_hand,0.9988952279090881,0.0011047901352867484,ExponentialSmoothing,0.9888514531427984,0.011148555600237389,0.85,0.75
30161,left_hand,0.9991745352745056,0.0008254860294982791,ExponentialSmoothing,0.9903999154625546,0.009600095164626522,0.85,0.75
30186,left_hand,0.9992110729217529,0.0007888893014751375,ExponentialSmoothing,0.9917215890814343,0.008278414285153813,0.85,0.75
30211,left_hand,0.9994398951530457,0.0005600564763881266,ExponentialSmoothing,0.9928793349921761,0.00712066061383896,0.85,0.75
30261,left_hand,0.9984316229820251,0.0015683614183217287,ExponentialSmoothing,0.9937121781906535,0.006287815734511375,0.85,0.75
30311,left_hand,0.9936307072639465,0.006369275040924549,ExponentialSmoothing,0.9936999575516475,0.006300034630473351,0.85,0.75
30336,left_hand,0.9875890612602234,0.012410979717969894,ExponentialSmoothing,0.9927833231079339,0.007216676393597832,0.85,0.75
30386,left_hand,0.9854636788368225,0.014536241069436073,ExponentialSmoothing,0.9916853764672673,0.008314611094973568,0.85,0.75
30411,left_hand,0.9755833148956299,0.024416672065854073,ExponentialSmoothing,0.9892700672315217,0.010729920240605643,0.85,0.75
30461,left_hand,0.9747064113616943,0.02529357373714447,ExponentialSmoothing,0.9870855188510476,0.012914468265086469,0.85,0.75
30486,left_hand,0.9626365900039673,0.03736334666609764,ExponentialSmoothing,0.9834181795239856,0.016581800025238146,0.85,0.75
30536,left_hand,0.7546848654747009,0.24531516432762146,ExponentialSmoothing,0.9491081824165929,0.05089180467059565,0.85,0.75
30561,left_hand,0.5835914015769958,0.41640856862068176,ExponentialSmoothing,0.8942806652906533,0.10571931926310857,0.85,0.75
30586,left_hand,0.27925172448158264,0.720748245716095,ExponentialSmoothing,0.8020263241692926,0.19797365823105656,0.85,0.75
30636,rest,0.1264140009880066,0.8735859990119934,ExponentialSmoothing,0.7006844756920997,0.2993155093481971,0.85,0.75
30686,rest,0.03094126656651497,0.9690586924552917,ExponentialSmoothing,0.6002229943232619,0.3997769868142613,0.85,0.75
30711,rest,0.011238889768719673,0.9887611269950867,ExponentialSmoothing,0.5118753786400805,0.48812460784138517,0.85,0.75
30761,rest,0.0027739359065890312,0.9972260594367981,ExponentialSmoothing,0.43551016223005673,0.5644898255806972,0.85,0.75
30836,rest,0.00036012849886901677,0.9996398687362671,ExponentialSmoothing,0.37023765717037854,0.6297623320540326,0.85,0.75
30861,rest,0.00024108172510750592,0.9997588992118835,ExponentialSmoothing,0.3147381708535879,0.6852618171277103,0.85,0.75
30911,rest,0.0001813682756619528,0.9998186230659485,ExponentialSmoothing,0.267554650466899,0.7324453380184459,0.85,0.75
30936,right_hand,0.00016135044279508293,0.9998385906219482,ExponentialSmoothing,0.22744565546328344,0.7725543259089713,0.85,0.75
30986,right_hand,7.086259574862197e-05,0.9999291896820068,ExponentialSmoothing,0.19333943653315322,0.8066605554749267,0.85,0.75
31011,right_hand,4.749359504785389e-05,0.9999525547027588,ExponentialSmoothing,0.1643456450924374,0.8356543553591015,0.85,0.75
31036,right_hand,2.715962182264775e-05,0.9999728202819824,ExponentialSmoothing,0.13969787227184519,0.8603021250975336,0.85,0.75
31086,right_hand,1.7271631804760545e-05,0.9999827146530151,ExponentialSmoothing,0.11874578217583912,0.8812542135308558,0.85,0.75
31136,right_hand,1.286103724851273e-05,0.9999871253967285,ExponentialSmoothing,0.10093584400505053,0.8990641503107366,0.85,0.75
31161,right_hand,2.070634945994243e-05,0.9999792575836182,ExponentialSmoothing,0.08579857335671194,0.9142014164016687,0.85,0.75
31211,right_hand,3.64967345376499e-05,0.9999635219573975,ExponentialSmoothing,0.07293426186338581,0.927065732235028,0.85,0.75
31236,right_hand,3.993384962086566e-05,0.9999600648880005,ExponentialSmoothing,0.06200011266132107,0.9379998821329738,0.85,0.75
31286,right_hand,3.1260708055924624e-05,0.9999687671661377,ExponentialSmoothing,0.0527047848683313,0.9472952148879484,0.85,0.75
31311,right_hand,3.617176116677001e-05,0.9999638795852661,ExponentialSmoothing,0.044804492902256625,0.955195514592546,0.85,0.75
31361,right_hand,2.0538358512567356e-05,0.9999794960021973,ExponentialSmoothing,0.03808689972069501,0.9619131118039937,0.85,0.75
31386,right_hand,1.892948057502508e-05,0.9999810457229614,ExponentialSmoothing,0.03237670418467701,0.967623301891839,0.85,0.75
31436,right_hand,1.3023811334278435e-05,0.999987006187439,ExponentialSmoothing,0.0275221521286756,0.972477857536179,0.85,0.75
31461,right_hand,1.1700343748088926e-05,0.999988317489624,ExponentialSmoothing,0.023395584360936472,0.9766044265291958,0.85,0.75
31486,right_hand,9.67016694630729e-06,0.9999903440475464,ExponentialSmoothing,0.019887697231837947,0.9801123141569483,0.85,0.75
31536,right_hand,1.4074630598770455e-05,0.999985933303833,ExponentialSmoothing,0.01690665384165207,0.983093357028981,0.85,0.75
31586,right_hand,2.3101021724869497e-05,0.9999768733978271,ExponentialSmoothing,0.01437412091866299,0.985625884484308,0.85,0.75
31611,right_hand,3.271356035838835e-05,0.9999673366546631,ExponentialSmoothing,0.012222909814917299,0.9877771023098612,0.85,0.75
31661,right_hand,4.700776480603963e-05,0.999953031539917,ExponentialSmoothing,0.01039652450740061,0.9896034916943695,0.85,0.75
31686,right_hand,5.3712963563157246e-05,0.9999462366104126,ExponentialSmoothing,0.008845102775824993,0.9911549034317759,0.85,0.75
31736,right_hand,4.3913994886679575e-05,0.9999561309814453,ExponentialSmoothing,0.007524924458684246,0.9924750875642263,0.85,0.75
31761,right_hand,5.638856237055734e-05,0.9999436140060425,ExponentialSmoothing,0.006404644074237192,0.9935953665304987,0.85,0.75
31811,right_hand,4.741919110529125e-05,0.9999525547027588,ExponentialSmoothing,0.005451060341767407,0.9945489447563377,0.85,0.75
31836,right_hand,6.369392212945968e-05,0.9999363422393799,ExponentialSmoothing,0.004642955378821714,0.995357054378794,0.85,0.75
31861,right_hand,6.091705654398538e-05,0.9999390840530396,ExponentialSmoothing,0.003955649630480055,0.9960443588299308,0.85,0.75
31911,right_hand,0.00011874652409460396,0.9998812675476074,ExponentialSmoothing,0.003380114164522237,0.9966198951375824,0.85,0.75
31961,right_hand,0.00014937507512513548,0.9998506307601929,ExponentialSmoothing,0.002895503301112672,0.997104505480974,0.85,0.75
31986,right_hand,0.00020290240354370326,0.9997971653938293,ExponentialSmoothing,0.002491613166477327,0.9975084044679023,0.85,0.75
32036,right_hand,0.00017512332124169916,0.9998249411582947,ExponentialSmoothing,0.0021441396896919825,0.9978558849714612,0.85,0.75
32061,right_hand,0.00016948426491580904,0.9998304843902588,ExponentialSmoothing,0.0018479413759755565,0.9981520748842808,0.85,0.75
32111,right_hand,7.76571687310934e-05,0.9999223947525024,ExponentialSmoothing,0.001582398744888887,0.9984176228645141,0.85,0.75
32136,right_hand,8.893138146959245e-05,0.9999110698699951,ExponentialSmoothing,0.0013583786403759928,0.9986416399153362,0.85,0.75
32186,right_hand,0.00012144653737777844,0.9998785257339478,ExponentialSmoothing,0.0011728388249262606,0.9988271727881279,0.85,0.75
32211,right_hand,0.00018639328482095152,0.9998136162757874,ExponentialSmoothing,0.001024871993910464,0.9989751393112769,0.85,0.75
32236,right_hand,0.0002648040244821459,0.9997351765632629,ExponentialSmoothing,0.0009108617984962163,0.9990891448990749,0.85,0.75
32286,right_hand,0.0005860522505827248,0.9994139671325684,ExponentialSmoothing,0.0008621403663091926,0.999137868234099,0.85,0.75
32336,right_hand,0.0010512337321415544,0.9989487528800964,ExponentialSmoothing,0.0008905043711840469,0.9991095009309987,0.85,0.75
32361,right_hand,0.0019345380133017898,0.9980654120445251,ExponentialSmoothing,0.0010471094175017084,0.9989528875980276,0.85,0.75
32411,right_hand,0.002912927186116576,0.9970870614051819,ExponentialSmoothing,0.0013269820827939386,0.9986730136691007,0.85,0.75
32436,right_hand,0.0032845716923475266,0.9967154264450073,ExponentialSmoothing,0.0016206205242269768,0.9983793755854866,0.85,0.75
32486,right_hand,0.002536797896027565,0.9974632263183594,ExponentialSmoothing,0.0017580471299970652,0.9982419531954175,0.85,0.75
32511,right_hand,0.002543943002820015,0.9974560141563416,ExponentialSmoothing,0.0018759315109205077,0.9981240623395561,0.85,0.75
32561,right_hand,0.004446656908839941,0.9955533146858215,ExponentialSmoothing,0.002261540320608423,0.9977384501914959,0.85,0.75
32586,right_hand,0.006783130578696728,0.9932168126106262,ExponentialSmoothing,0.0029397788593216686,0.9970602045543655,0.85,0.75
32611,right_hand,0.011035858653485775,0.9889640808105469,ExponentialSmoothing,0.004154190828446284,0.9958457859927927,0.85,0.75
32661,right_hand,0.2956678569316864,0.704332172870636,ExponentialSmoothing,0.04788124074393231,0.9521187440244692,0.85,0.75
32686,right_hand,0.7414361238479614,0.25856390595436096,ExponentialSmoothing,0.1519144732095367,0.848085518313953,0.85,0.75
32736,rest,0.9730831384658813,0.026916835457086563,ExponentialSmoothing,0.2750897729979884,0.7249102158854229,0.85,0.75
32786,rest,0.9837586283683777,0.016241369768977165,ExponentialSmoothing,0.38139010130354684,0.6186098889679561,0.85,0.75
32811,rest,0.964433491230011,0.03556651994585991,ExponentialSmoothing,0.46884660979251647,0.5311533836146417,0.85,0.75
32861,rest,0.9536291360855103,0.046370867639780045,ExponentialSmoothing,0.5415639887364655,0.45843600621841246,0.85,0.75
32886,rest,0.9696605205535889,0.030339445918798447,ExponentialSmoothing,0.6057784685090339,0.39422152217347034,0.85,0.75
32936,rest,0.9212832450866699,0.07871683686971664,ExponentialSmoothing,0.6531041849956793,0.34689581937790726,0.85,0.75
32961,rest,0.8463227152824402,0.15367725491523743,ExponentialSmoothing,0.6820869645386934,0.31791303470850674,0.85,0.75
33011,rest,0.8780838251113892,0.12191619724035263,ExponentialSmoothing,0.7114864936245978,0.2885135090882836,0.85,0.75
33036,rest,0.8546715974807739,0.14532840251922607,ExponentialSmoothing,0.7329642592030242,0.267035743102925,0.85,0.75
33061,left_hand,0.9474921822547913,0.05250774323940277,ExponentialSmoothing,0.7651434476607892,0.23485654312339665,0.85,0.75
33111,left_hand,0.7197043299674988,0.2802956700325012,ExponentialSmoothing,0.7583275800067957,0.24167241215976232,0.85,0.75
33161,rest,0.6133573651313782,0.3866426646709442,ExponentialSmoothing,0.736582047775483,0.2634179500364396,0.85,0.75
33186,rest,0.8025631904602051,0.19743677973747253,ExponentialSmoothing,0.7464792191781913,0.25352077449159455,0.85,0.75
33236,left_hand,0.9714454412460327,0.028554575517773628,ExponentialSmoothing,0.7802241524883675,0.2197758446455214,0.85,0.75
33261,left_hand,0.9814522862434387,0.018547674641013145,ExponentialSmoothing,0.8104083725516282,0.18959161914484515,0.85,0.75
33311,left_hand,0.9915452003479004,0.008454864844679832,ExponentialSmoothing,0.8375788967210691,0.16242110599982035,0.85,0.75
33336,left_hand,0.9934425354003906,0.006557493004947901,ExponentialSmoothing,0.8609584425229673,0.13904156405058948,0.85,0.75
33386,left_hand,0.9964480400085449,0.003551993053406477,ExponentialSmoothing,0.8812818821458039,0.11871812840101204,0.85,0.75
33411,left_hand,0.9968581199645996,0.0031418276485055685,ExponentialSmoothing,0.8986183178186233,0.10138168328813607,0.85,0.75
33461,left_hand,0.9970543384552002,0.002945699030533433,ExponentialSmoothing,0.9133837209141099,0.08661628564949567,0.85,0.75
33486,left_hand,0.9957019686698914,0.004298036452382803,ExponentialSmoothing,0.9257314580774771,0.07426854826992874,0.85,0.75
33511,left_hand,0.9964982271194458,0.0035017558839172125,ExponentialSmoothing,0.9363464734337724,0.06365352941202701,0.85,0.75
33561,left_hand,0.9949709177017212,0.005029069725424051,ExponentialSmoothing,0.9451401400739647,0.05485986045903656,0.85,0.75
33611,left_hand,0.9966424703598022,0.0033575037959963083,ExponentialSmoothing,0.9528654896168404,0.04713450695958052,0.85,0.75
33636,left_hand,0.9958826303482056,0.0041174329817295074,ExponentialSmoothing,0.9593180607265452,0.040681945862902864,0.85,0.75
33686,left_hand,0.9928205609321594,0.007179492153227329,ExponentialSmoothing,0.9643434357573873,0.03565657780645153,0.85,0.75
33711,left_hand,0.9966754913330078,0.0033245189115405083,ExponentialSmoothing,0.9691932440937304,0.030806768972214876,0.85,0.75
33761,left_hand,0.9963412880897522,0.0036587114445865154,ExponentialSmoothing,0.9732654506931337,0.02673456034307062,0.85,0.75
33786,left_hand,0.9956218600273132,0.004378094337880611,ExponentialSmoothing,0.9766189120932607,0.02338109044229212,0.85,0.75
33836,left_hand,0.9981091022491455,0.0018909312784671783,ExponentialSmoothing,0.9798424406166434,0.020157566567718378,0.85,0.75
33861,left_hand,0.9985430240631104,0.0014570187777280807,ExponentialSmoothing,0.9826475281336134,0.017352484399219832,0.85,0.75
33886,left_hand,0.9985851049423218,0.0014149097260087729,ExponentialSmoothing,0.9850381646549198,0.014961848198238172,0.85,0.75
33936,left_hand,0.998950719833374,0.001049257698468864,ExponentialSmoothing,0.987125047931688,0.012874959623272775,0.85,0.75
33986,left_hand,0.9991216063499451,0.0008783699595369399,ExponentialSmoothing,0.9889245316944266,0.0110754711737124,0.85,0.75
34011,left_hand,0.9993062019348145,0.0006938018486835063,ExponentialSmoothing,0.9904817822304848,0.009518220774958066,0.85,0.75
34061,left_hand,0.9989743232727051,0.0010257139801979065,ExponentialSmoothing,0.9917556633868179,0.008244344755744043,0.85,0.75
34086,left_hand,0.9985343217849731,0.001465615932829678,ExponentialSmoothing,0.9927724621465411,0.0072275354323068875,0.85,0.75
34136,left_hand,0.9965077042579651,0.003492217743769288,ExponentialSmoothing,0.9933327484632547,0.0066672377790262475,0.85,0.75
34161,left_hand,0.9966345429420471,0.0033655327279120684,ExponentialSmoothing,0.9938280176350736,0.0061719820213591205,0.85,0.75
34211,left_hand,0.99397873878479,0.006021309643983841,ExponentialSmoothing,0.993850625807531,0.006149381164752828,0.85,0.75
34236,left_hand,0.9921795129776001,0.00782044604420662,ExponentialSmoothing,0.9935999588830414,0.0064000408966708965,0.85,0.75
34261,left_hand,0.9829027652740479,0.017097286880016327,ExponentialSmoothing,0.9919953798416924,0.00800462779417271,0.85,0.75
34311,left_hand,0.9785760045051575,0.021423980593681335,ExponentialSmoothing,0.9899824735412122,0.010017530714099006,0.85,0.75
34361,left_hand,0.9780500531196594,0.021949980407953262,ExponentialSmoothing,0.9881926104779792,0.011807398168177144,0.85,0.75
34386,left_hand,0.9794623255729675,0.020537681877613068,ExponentialSmoothing,0.9868830677422274,0.013116940724592534,0.85,0.75
34436,left_hand,0.9602747559547424,0.03972519934177399,ExponentialSmoothing,0.9828918209741048,0.017108179517169753,0.85,0.75
34461,left_hand,0.9474110007286072,0.0525890588760376,ExponentialSmoothing,0.9775696979372801,0.02243031142099993,0.85,0.75
34511,left_hand,0.471042275428772,0.528957724571228,ExponentialSmoothing,0.9015905845610039,0.09840942339353416,0.85,0.75
34536,left_hand,0.14441342651844025,0.855586588382721,ExponentialSmoothing,0.7880140108546193,0.2119859981419122,0.85,0.75
34586,rest,0.02353324182331562,0.976466715335846,ExponentialSmoothing,0.6733418954999237,0.3266581057210023,0.85,0.75
34611,rest,0.026089366525411606,0.9739106297492981,ExponentialSmoothing,0.5762540161537469,0.4237459843252467,0.85,0.75
34661,rest,0.006485438905656338,0.9935145378112793,ExponentialSmoothing,0.49078872956653335,0.5092112673481516,0.85,0.75
34686,rest,0.004770574625581503,0.9952294826507568,ExponentialSmoothing,0.4178860063253906,0.5821139996435424,0.85,0.75
34711,rest,0.00456548947840929,0.9954344630241394,ExponentialSmoothing,0.3558879287983434,0.6441120691506319,0.85,0.75
34761,rest,0.00394758814945817,0.9960523843765259,ExponentialSmoothing,0.3030968777010106,0.696903116434516,0.85,0.75
34811,rest,0.004649366717785597,0.9953505992889404,ExponentialSmoothing,0.2583297510535269,0.7416702388626797,0.85,0.75
34836,right_hand,0.004324133973568678,0.9956758618354797,ExponentialSmoothing,0.22022890849153318,0.7797710823085997,0.85,0.75
34886,right_hand,0.002730446169152856,0.9972695708274841,ExponentialSmoothing,0.1876041391431761,0.8123958555864323,0.85,0.75
34911,right_hand,0.0018027691403403878,0.9981972575187683,ExponentialSmoothing,0.15973393364275074,0.8402660658762827,0.85,0.75
34961,right_hand,0.0007820462342351675,0.9992179870605469,ExponentialSmoothing,0.1358911505314734,0.8641088540539223,0.85,0.75
34986,right_hand,0.0007888855179771781,0.9992110729217529,ExponentialSmoothing,0.11562581077944897,0.884374186884097,0.85,0.75
35011,right_hand,0.0006520060123875737,0.999347984790802,ExponentialSmoothing,0.09837974006438976,0.9016202565701027,0.85,0.75
35061,right_hand,0.0002548714983277023,0.9997450709342957,ExponentialSmoothing,0.08366100977948045,0.9163389787247316,0.85,0.75
35086,right_hand,0.00021783501142635942,0.999782145023346,ExponentialSmoothing,0.07114453356427233,0.9288554536695237,0.85,0.75
35136,right_hand,0.00012091384996892884,0.9998791217803955,ExponentialSmoothing,0.06049099060712682,0.9395090038861544,0.85,0.75
35186,right_hand,0.0001380287139909342,0.9998619556427002,ExponentialSmoothing,0.05143804632315644,0.9485619466496363,0.85,0.75
35211,right_hand,0.0001773160183802247,0.9998226761817932,ExponentialSmoothing,0.04374893677744,0.9562510560794598,0.85,0.75
35261,right_hand,0.00029641148285008967,0.999703586101532,ExponentialSmoothing,0.03723105798325152,0.9627689355827707,0.85,0.75
35286,right_hand,0.00035945078707300127,0.9996405839920044,ExponentialSmoothing,0.03170031690382474,0.9682996828441557,0.85,0.75
35311,right_hand,0.00034142829827032983,0.9996585845947266,ExponentialSmoothing,0.02699648361299158,0.9730035181067413,0.85,0.75
35361,right_hand,0.0003023524477612227,0.9996976852416992,ExponentialSmoothing,0.022992363938207024,0.977007643176985,0.85,0.75
35411,right_hand,0.00035067053977400064,0.9996492862701416,ExponentialSmoothing,0.01959610992844207,0.9804038896409585,0.85,0.75
35436,right_hand,0.0005990397767163813,0.9994009733200073,ExponentialSmoothing,0.016746549405683216,0.9832534521928158,0.85,0.75
35461,right_hand,0.0008863668190315366,0.9991136193275452,ExponentialSmoothing,0.014367522017685463,0.9856324772630252,0.85,0.75
35511,right_hand,0.0010656669037416577,0.9989343285560608,ExponentialSmoothing,0.01237224375059389,0.9876277549569805,0.85,0.75
35536,right_hand,0.001447576330974698,0.9985523819923401,ExponentialSmoothing,0.010733543637651012,0.9892664490122844,0.85,0.75
35586,right_hand,0.0024022944271564484,0.9975977540016174,ExponentialSmoothing,0.009483856256076827,0.9905161447606843,0.85,0.75
35636,right_hand,0.0059248898178339005,0.9940750598907471,ExponentialSmoothing,0.008950011290340388,0.9910499820301937,0.85,0.75
35711,right_hand,0.01252079103142023,0.9874792098999023,ExponentialSmoothing,0.009485628251502365,0.99051436621065,0.85,0.75
35736,right_hand,0.010700056329369545,0.989300012588501,ExponentialSmoothing,0.009667792463182442,0.9903322131673277,0.85,0.75
35786,right_hand,0.013261152431368828,0.9867388010025024,ExponentialSmoothing,0.010206796458410399,0.9897932013426038,0.85,0.75
35811,right_hand,0.017917241901159286,0.982082724571228,ExponentialSmoothing,0.011363363274822732,0.9886366298268976,0.85,0.75
35836,right_hand,0.031719956547021866,0.968280017375946,ExponentialSmoothing,0.014416852265652601,0.9855831379592548,0.85,0.75
35886,right_hand,0.03956914320588112,0.960430920124054,ExponentialSmoothing,0.01818969590668688,0.9818103052839747,0.85,0.75
35911,right_hand,0.2819245159626007,0.7180754542350769,ExponentialSmoothing,0.05774991891507396,0.94225007762664,0.85,0.75
35961,right_hand,0.6041713356971741,0.3958286643028259,ExponentialSmoothing,0.13971313143238898,0.860286865628068,0.85,0.75
36011,rest,0.9799692034721375,0.020030787214636803,ExponentialSmoothing,0.2657515422383513,0.7342484538660533,0.85,0.75
36036,rest,0.9957520961761475,0.004247893579304218,ExponentialSmoothing,0.37525162532902073,0.6247483698230409,0.85,0.75
36086,rest,0.9989364743232727,0.0010634752688929439,ExponentialSmoothing,0.4688043526781585,0.5311956356399187,0.85,0.75
36111,rest,0.9986684322357178,0.0013315335381776094,ExponentialSmoothing,0.5482839646117924,0.4517160203246575,0.85,0.75
36161,rest,0.993707537651062,0.006292385049164295,ExponentialSmoothing,0.6150975005676829,0.3849024750333335,0.85,0.75
36186,rest,0.9894347786903381,0.010565239004790783,ExponentialSmoothing,0.6712480922860812,0.3287518896290521,0.85,0.75
36236,rest,0.9805564880371094,0.019443515688180923,ExponentialSmoothing,0.7176443516487354,0.2823556335379214,0.85,0.75
36261,left_hand,0.9704119563102722,0.029588032513856888,ExponentialSmoothing,0.7555594923479659,0.24444049338431173,0.85,0.75
36286,left_hand,0.9266728758811951,0.07332707941532135,ExponentialSmoothing,0.7812264998779503,0.21877348128896318,0.85,0.75
36336,left_hand,0.7849974036216736,0.21500258147716522,ExponentialSmoothing,0.7817921354395089,0.21820784631719348,0.85,0.75
36361,rest,0.4442228078842163,0.5557771325111389,ExponentialSmoothing,0.731156736306215,0.2688432392462853,0.85,0.75
36411,rest,0.49981486797332764,0.5001851320266724,ExponentialSmoothing,0.6964554560562819,0.30354452316334335,0.85,0.75
36461,rest,0.3969389498233795,0.6030610203742981,ExponentialSmoothing,0.6515279801213465,0.34847199774498655,0.85,0.75
36486,rest,0.25324419140815735,0.7467557787895203,ExponentialSmoothing,0.5917854118143681,0.40821456490166663,0.85,0.75
36536,rest,0.04254477843642235,0.9574552178382874,ExponentialSmoothing,0.5093993168076763,0.49060066284215975,0.85,0.75
36561,rest,0.023869767785072327,0.9761301875114441,ExponentialSmoothing,0.43656988445428563,0.5634300915425524,0.85,0.75
36611,rest,0.006709796842187643,0.9932901859283447,ExponentialSmoothing,0.3720908713124709,0.6279091057004214,0.85,0.75
36636,rest,0.005245582666248083,0.994754433631897,ExponentialSmoothing,0.31706407801553754,0.6829359048901427,0.85,0.75
36686,rest,0.00275043910369277,0.9972495436668396,ExponentialSmoothing,0.26991703217876084,0.7300829507066472,0.85,0.75
36711,right_hand,0.0022192755714058876,0.9977807402610779,ExponentialSmoothing,0.2297623686876576,0.7702376191398117,0.85,0.75
36736,right_hand,0.0016592043684795499,0.9983407258987427,ExponentialSmoothing,0.19554689403978087,0.8044530851536513,0.85,0.75
36786,right_hand,0.0019917984027415514,0.9980081915855408,ExponentialSmoothing,0.16651362969422498,0.8334863511184347,0.85,0.75
36836,right_hand,0.0020011558663100004,0.9979987740516663,ExponentialSmoothing,0.14183675862003772,0.8581632145584195,0.85,0.75
36861,right_hand,0.002309060888364911,0.9976909160614014,ExponentialSmoothing,0.1209076039602868,0.8790923697838667,0.85,0.75
36911,right_hand,0.001081515452824533,0.9989185333251953,ExponentialSmoothing,0.10293369068416745,0.897066294315066,0.85,0.75
36936,right_hand,0.0007126415730454028,0.9992874264717102,ExponentialSmoothing,0.08760053331749913,0.9123994641385627,0.85,0.75
36986,right_hand,0.0003870386572089046,0.9996129870414734,ExponentialSmoothing,0.0745185091184556,0.9254814925739994,0.85,0.75
37011,right_hand,0.0003063742187805474,0.9996936321258545,ExponentialSmoothing,0.06338668888350434,0.9366133135067777,0.85,0.75
37061,right_hand,0.0002146862243534997,0.9997853636741638,ExponentialSmoothing,0.05391088848463171,0.9460891210318856,0.85,0.75
37086,right_hand,0.00016850969404913485,0.9998314380645752,ExponentialSmoothing,0.045849531666044316,0.954150468586789,0.85,0.75
37111,right_hand,0.0001157646911451593,0.9998842477798462,ExponentialSmoothing,0.03898946661980944,0.9610105354657477,0.85,0.75
37161,right_hand,9.427139593753964e-05,0.9999057054519653,ExponentialSmoothing,0.03315518733622866,0.9668448109636802,0.85,0.75
37186,right_hand,9.624457015888765e-05,0.9999037981033325,ExponentialSmoothing,0.02819634592131819,0.9718036590346281,0.85,0.75
37236,right_hand,0.00018285971600562334,0.9998171925544739,ExponentialSmoothing,0.023994322990521302,0.976005689062605,0.85,0.75
37261,right_hand,0.00026511651230975986,0.9997348189353943,ExponentialSmoothing,0.02043494201878957,0.9795650585435234,0.85,0.75
37311,right_hand,0.00048211918328888714,0.9995179176330566,ExponentialSmoothing,0.01744201859346447,0.9825579874069534,0.85,0.75
37361,right_hand,0.0006270906887948513,0.9993728995323181,ExponentialSmoothing,0.014919779407764027,0.9850802242257581,0.85,0.75
37386,right_hand,0.0008448698208667338,0.9991551637649536,ExponentialSmoothing,0.012808542969729431,0.9871914651566375,0.85,0.75
37436,right_hand,0.0016438741004094481,0.99835604429245,ExponentialSmoothing,0.011133842639331435,0.9888661520270093,0.85,0.75
37461,right_hand,0.0031219935044646263,0.9968780279159546,ExponentialSmoothing,0.009932065269101413,0.990067933410351,0.85,0.75
37511,right_hand,0.011334254406392574,0.9886656999588013,ExponentialSmoothing,0.010142393639695088,0.9898575983926186,0.85,0.75
37536,right_hand,0.030556801706552505,0.9694432616233826,ExponentialSmoothing,0.013204554849723701,0.9867954478772332,0.85,0.75
37561,right_hand,0.10907845199108124,0.8909215331077576,ExponentialSmoothing,0.027585639420927333,0.9724143606618119,0.85,0.75
37611,right_hand,0.2007954716682434,0.7992045283317566,ExponentialSmoothing,0.05356711425802475,0.9464328858123036,0.85,0.75
37661,right_hand,0.5314074158668518,0.4685926139354706,ExponentialSmoothing,0.12524315949934883,0.8747568450307787,0.85,0.75
37686,right_hand,0.6434468030929565,0.35655322670936584,ExponentialSmoothing,0.20297370603839,0.7970263022825668,0.85,0.75
37736,rest,0.8651841878890991,0.13481582701206207,ExponentialSmoothing,0.3023052783159964,0.697694730991991,0.85,0.75
37761,rest,0.8786134719848633,0.12138652056455612,ExponentialSmoothing,0.38875150736632647,0.6112484994278757,0.85,0.75
37811,rest,0.9658631086349487,0.034136898815631866,ExponentialSmoothing,0.47531824755661983,0.5246817593360391,0.85,0.75
37836,rest,0.9819984436035156,0.018001478165388107,ExponentialSmoothing,0.5513202769636543,0.44867971716044147,0.85,0.75
37886,rest,0.9947815537452698,0.005218427162617445,ExponentialSmoothing,0.6178394684808967,0.38216052366076786,0.85,0.75
37911,rest,0.995081901550293,0.004918161779642105,ExponentialSmoothing,0.674425833441306,0.32557416937859895,0.85,0.75
37936,rest,0.9975135326385498,0.0024864990264177322,ExponentialSmoothing,0.7228889883208925,0.27711101882577177,0.85,0.75
37986,left_hand,0.9981106519699097,0.0018893209053203464,ExponentialSmoothing,0.7641722378682452,0.23582776413770407,0.85,0.75
38036,left_hand,0.9997389912605286,0.0002609842049423605,ExponentialSmoothing,0.7995072508770877,0.2004927471477898,0.85,0.75
38061,left_hand,0.999855637550354,0.0001443221844965592,ExponentialSmoothing,0.8295595088780776,0.17044048340329582,0.85,0.75
38086,left_hand,0.9998984336853027,0.00010151215246878564,ExponentialSmoothing,0.8551103475991614,0.14488963771567176,0.85,0.75
38136,left_hand,0.9999086856842041,9.131086699198931e-05,ExponentialSmoothing,0.8768300983119177,0.1231698886883698,0.85,0.75
38186,left_hand,0.9998838901519775,0.00011613464448601007,ExponentialSmoothing,0.8952881670879267,0.10471182558178722,0.85,0.75
38211,left_hand,0.999862790107727,0.0001372289698338136,ExponentialSmoothing,0.9109743605408969,0.08902563608999421,0.85,0.75
38236,left_hand,0.9998643398284912,0.00013562860840465873,ExponentialSmoothing,0.924307857434036,0.07569213496775579,0.85,0.75
38286,left_hand,0.9998138546943665,0.00018620482296682894,ExponentialSmoothing,0.9356337570230855,0.06436624544603743,0.85,0.75
38336,left_hand,0.9997760653495789,0.00022397773864213377,ExponentialSmoothing,0.9452551032720595,0.054744905289928134,0.85,0.75
38361,left_hand,0.9997639060020447,0.0002360507205594331,ExponentialSmoothing,0.9534314236815573,0.04656857710452283,0.85,0.75
38386,left_hand,0.9997802376747131,0.00021982548059895635,ExponentialSmoothing,0.9603837457805307,0.039616264360934246,0.85,0.75
38436,left_hand,0.9996742010116577,0.0003258459619246423,ExponentialSmoothing,0.9662773140651997,0.0337227016010828,0.85,0.75
38486,left_hand,0.9996140599250793,0.00038595119258388877,ExponentialSmoothing,0.9712778259441817,0.028722189039807965,0.85,0.75
38511,left_hand,0.9996718168258667,0.0003281506651546806,ExponentialSmoothing,0.9755369245764344,0.024463083283609972,0.85,0.75
38536,left_hand,0.9997046589851379,0.00029528632876463234,ExponentialSmoothing,0.9791620847377399,0.02083791374038317,0.85,0.75
38586,left_hand,0.9996429681777954,0.0003569694235920906,ExponentialSmoothing,0.9822342172537483,0.017765772092864507,0.85,0.75
38636,left_hand,0.9993786811828613,0.0006212415173649788,ExponentialSmoothing,0.9848058868431152,0.015194092506539577,0.85,0.75
38661,left_hand,0.9993264675140381,0.0006735813221894205,ExponentialSmoothing,0.9869839739437536,0.013016015828887053,0.85,0.75
38686,left_hand,0.99903404712677,0.0009659869247116148,ExponentialSmoothing,0.988791484921206,0.011208511493260737,0.85,0.75
38736,left_hand,0.9978594183921814,0.002140599535778165,ExponentialSmoothing,0.9901516749418524,0.009848324699638351,0.85,0.75
38761,left_hand,0.9972834587097168,0.002716545481234789,ExponentialSmoothing,0.991221442507032,0.008778557816877816,0.85,0.75
38811,left_hand,0.9919737577438354,0.008026263676583767,ExponentialSmoothing,0.9913342897925526,0.008665713695833709,0.85,0.75
38861,left_hand,0.977681040763855,0.022318964824080467,ExponentialSmoothing,0.9892863024382479,0.010713701365070723,0.85,0.75
38886,left_hand,0.9890037178993225,0.010996305383741856,ExponentialSmoothing,0.989243914757409,0.010756091967871393,0.85,0.75
38936,left_hand,0.9909318685531616,0.009068169631063938,ExponentialSmoothing,0.9894971078267718,0.010502903617350276,0.85,0.75
38961,left_hand,0.9914723038673401,0.008527708239853382,ExponentialSmoothing,0.989793387232857,0.010206624310725743,0.85,0.75
39011,left_hand,0.9933313727378845,0.006668576970696449,ExponentialSmoothing,0.9903240850586111,0.009675917209721349,0.85,0.75
39036,left_hand,0.9931046366691589,0.006895395461469889,ExponentialSmoothing,0.9907411678001933,0.00925883894748363,0.85,0.75
39086,left_hand,0.9903525710105896,0.00964747928082943,ExponentialSmoothing,0.9906828782817527,0.0093171349974855,0.85,0.75
39111,left_hand,0.9898359179496765,0.010164116509258747,ExponentialSmoothing,0.9905558342319413,0.009444182224251488,0.85,0.75
39161,left_hand,0.9905292391777039,0.009470702148973942,ExponentialSmoothing,0.9905518449738056,0.009448160212959855,0.85,0.75
39186,left_hand,0.9897650480270386,0.010234922170639038,ExponentialSmoothing,0.9904338254317905,0.009566174506611732,0.85,0.75
39211,left_hand,0.9866563081741333,0.013343730010092258,ExponentialSmoothing,0.9898671978431419,0.01013280783213381,0.85,0.75
39261,left_hand,0.9824938178062439,0.017506202682852745,ExponentialSmoothing,0.9887611908376073,0.01123881705974165,0.85,0.75
39311,left_hand,0.987033486366272,0.012966572307050228,ExponentialSmoothing,0.9885020351669069,0.011497980346837938,0.85,0.75
39336,left_hand,0.9796849489212036,0.02031509205698967,ExponentialSmoothing,0.9871794722300514,0.012820547103360697,0.85,0.75
39386,left_hand,0.9592717289924622,0.040728241205215454,ExponentialSmoothing,0.9829933107444131,0.01700670121863891,0.85,0.75
39411,left_hand,0.9528282284736633,0.04717174172401428,ExponentialSmoothing,0.9784685484038006,0.021531457294445215,0.85,0.75
39461,left_hand,0.9805748462677002,0.019425123929977417,ExponentialSmoothing,0.9787844930833856,0.021215507289775046,0.85,0.75
39486,left_hand,0.9778277277946472,0.02217225357890129,ExponentialSmoothing,0.9786409782900748,0.021359019233143983,0.85,0.75
39511,left_hand,0.987159013748169,0.012840915471315384,ExponentialSmoothing,0.9799186836087889,0.02008130366886969,0.85,0.75
39561,left_hand,0.9873643517494202,0.012635641731321812,ExponentialSmoothing,0.9810355338298835,0.01896445437823751,0.85,0.75
39586,left_hand,0.98273104429245,0.0172689538449049,ExponentialSmoothing,0.9812898603992685,0.018710129298237618,0.85,0.75
39636,left_hand,0.814643144607544,0.18535681068897247,ExponentialSmoothing,0.9562928530305097,0.04370713150684785,0.85,0.75
39686,left_hand,0.19482573866844177,0.8051742315292358,ExponentialSmoothing,0.8420727858761995,0.15792719651020606,0.85,0.75
39711,rest,0.03938215970993042,0.9606178402900696,ExponentialSmoothing,0.7216691919512591,0.2783307930771856,0.85,0.75
39761,rest,0.009926441125571728,0.990073561668396,ExponentialSmoothing,0.614907779327406,0.38509220836586716,0.85,0.75
39786,rest,0.0026691495440900326,0.997330904006958,ExponentialSmoothing,0.5230719848599086,0.4769280127120308,0.85,0.75
39811,rest,0.0013292619260028005,0.9986708164215088,ExponentialSmoothing,0.4448105764198227,0.5551894332684525,0.85,0.75
39861,rest,0.0003978126042056829,0.9996022582054138,ExponentialSmoothing,0.3781486618474801,0.6218513570089967,0.85,0.75
39911,rest,0.0002261601184727624,0.9997738003730774,ExponentialSmoothing,0.321460286588129,0.6785397235136088,0.85,0.75
39936,rest,0.00016067232354544103,0.9998393058776855,ExponentialSmoothing,0.27326534444844147,0.7267346608682203,0.85,0.75
39986,right_hand,0.00013631109322886914,0.9998636245727539,ExponentialSmoothing,0.23229598944515956,0.7677040054239004,0.85,0.75
40011,right_hand,0.00012230641732458025,0.9998776912689209,ExponentialSmoothing,0.1974699369909843,0.8025300583006534,0.85,0.75
40036,right_hand,0.00011972273205174133,0.999880313873291,ExponentialSmoothing,0.1678674048521444,0.8321325966365489,0.85,0.75
40086,right_hand,0.00012195262388559058,0.9998780488967896,ExponentialSmoothing,0.1427055870179056,0.857294414475585,0.85,0.75
40136,right_hand,0.00012747407890856266,0.9998725652694702,ExponentialSmoothing,0.12131887007705604,0.8786811370946677,0.85,0.75
40161,right_hand,0.00010452693095430732,0.999895453453064,ExponentialSmoothing,0.10313671860514077,0.8968632845484271,0.85,0.75
40211,right_hand,6.0290989495115355e-05,0.9999396800994873,ExponentialSmoothing,0.08767525446279392,0.9123247438810862,0.85,0.75
40236,right_hand,3.3885709854075685e-05,0.9999661445617676,ExponentialSmoothing,0.07452904914985295,0.9254709539831885,0.85,0.75
40286,right_hand,2.1297310013324022e-05,0.9999786615371704,ExponentialSmoothing,0.06335288637387701,0.9366471101162857,0.85,0.75
40311,right_hand,1.251206049346365e-05,0.9999874830245972,ExponentialSmoothing,0.05385183022686948,0.9461481660525324,0.85,0.75
40361,right_hand,6.38133587926859e-06,0.9999935626983643,ExponentialSmoothing,0.045775012893220945,0.9542249755494072,0.85,0.75
40386,right_hand,4.303041805542307e-06,0.9999957084655762,ExponentialSmoothing,0.038909406415508635,0.9610905854868326,0.85,0.75
40411,right_hand,2.97265728477214e-06,0.9999970197677612,ExponentialSmoothing,0.033073441351775056,0.9669265506289719,0.85,0.75
40461,right_hand,2.1488181118911598e-06,0.9999978542327881,ExponentialSmoothing,0.02811274747172558,0.9718872461695444,0.85,0.75
40511,right_hand,5.234197942627361e-06,0.9999947547912598,ExponentialSmoothing,0.023896620480658135,0.9761033724628017,0.85,0.75
40536,right_hand,1.0089035640703514e-05,0.9999898672103882,ExponentialSmoothing,0.02031364076390552,0.9796863466749396,0.85,0.75
40586,right_hand,3.039270632143598e-05,0.9999696016311646,ExponentialSmoothing,0.017271153555267905,0.9827288349183734,0.85,0.75
40611,right_hand,3.580928751034662e-05,0.9999642372131348,ExponentialSmoothing,0.014685851915104272,0.9853141452625875,0.85,0.75
40661,right_hand,3.551256668288261e-05,0.9999644756317139,ExponentialSmoothing,0.012488301012841064,0.9875116948179564,0.85,0.75
40686,right_hand,4.800622627953999e-05,0.999951958656311,ExponentialSmoothing,0.010622256794856835,0.9893777343937096,0.85,0.75
40736,right_hand,6.427919288398698e-05,0.9999357461929321,ExponentialSmoothing,0.009038560154560907,0.990961436163593,0.85,0.75
40761,right_hand,0.00010784986079670489,0.9998921155929565,ExponentialSmoothing,0.007698953610496276,0.9923010380779975,0.85,0.75
40786,right_hand,0.00016396190039813519,0.9998359680175781,ExponentialSmoothing,0.006568704853981554,0.9934312775689347,0.85,0.75
40836,right_hand,0.00025126917171292007,0.9997487664222717,ExponentialSmoothing,0.005621089501641258,0.9943789008969353,0.85,0.75
40861,right_hand,0.00030619261087849736,0.9996938705444336,ExponentialSmoothing,0.004823854968026843,0.99517614634406,0.85,0.75
40911,right_hand,0.0003598808543756604,0.9996401071548462,ExponentialSmoothing,0.0041542588509791666,0.995845740465678,0.85,0.75
40961,right_hand,0.00026260738377459347,0.9997374415397644,ExponentialSmoothing,0.0035705111308984806,0.996429495626791,0.85,0.75
40986,right_hand,0.0002556493564043194,0.9997443556785583,ExponentialSmoothing,0.0030732818647243565,0.9969267246345561,0.85,0.75
41036,right_hand,0.00022733949299436063,0.9997727274894714,ExponentialSmoothing,0.002646390508964857,0.9973536250627935,0.85,0.75
41061,right_hand,0.00030061235884204507,0.9996994733810425,ExponentialSmoothing,0.002294523786446435,0.9977055023105308,0.85,0.75
41086,right_hand,0.00039829721208661795,0.9996017813682556,ExponentialSmoothing,0.0020100898002924626,0.9979899441691895,0.85,0.75
41136,right_hand,0.0007153940969146788,0.9992846846580505,ExponentialSmoothing,0.001815885444785795,0.9981841552425187,0.85,0.75
41186,right_hand,0.0021331303287297487,0.9978669285774231,ExponentialSmoothing,0.0018634721773773879,0.9981365712427543,0.85,0.75
41211,right_hand,0.004223213531076908,0.9957767724990845,ExponentialSmoothing,0.0022174333804323163,0.9977826014312039,0.85,0.75
41236,right_hand,0.007397227454930544,0.9926027655601501,ExponentialSmoothing,0.0029944024916070504,0.9970056260505459,0.85,0.75
41286,right_hand,0.1587834358215332,0.8412165641784668,ExponentialSmoothing,0.026362757491095977,0.973637266769734,0.85,0.75
41336,right_hand,0.3716680407524109,0.6283320188522339,ExponentialSmoothing,0.07815854998029322,0.921841479582109,0.85,0.75
41361,right_hand,0.6232094764709473,0.3767905533313751,ExponentialSmoothing,0.15991618895389134,0.8400838406444989,0.85,0.75
41411,right_hand,0.41990965604782104,0.580090343952179,ExponentialSmoothing,0.19891520901798082,0.801084816140651,0.85,0.75
41486,rest,0.774566650390625,0.225433349609375,ExponentialSmoothing,0.2852629252238775,0.7147370961609595,0.85,0.75
41511,rest,0.911026656627655,0.0889732614159584,ExponentialSmoothing,0.37912748493444415,0.6208725209492093,0.85,0.75
41561,rest,0.9911996722221375,0.008800355717539787,ExponentialSmoothing,0.47093831302759814,0.5290616961644589,0.85,0.75
41586,rest,0.9953989386558533,0.004601013846695423,ExponentialSmoothing,0.5496074068718364,0.4503925938167943,0.85,0.75
41611,rest,0.9971089959144592,0.002890996402129531,ExponentialSmoothing,0.6167326452282298,0.38326735420459457,0.85,0.75
41661,rest,0.9978851675987244,0.0021148023661226034,ExponentialSmoothing,0.673905523583804,0.32609447142882375,0.85,0.75
41711,rest,0.9988932013511658,0.001106815761886537,ExponentialSmoothing,0.7226536752489082,0.27734632307878315,0.85,0.75
41736,left_hand,0.9988808035850525,0.0011191751109436154,ExponentialSmoothing,0.7640877444993299,0.23591225088360723,0.85,0.75
41786,left_hand,0.999411940574646,0.0005880348617210984,ExponentialSmoothing,0.7993863739106273,0.20061361848032433,0.85,0.75
41861,left_hand,0.9997825026512146,0.0002174838591599837,ExponentialSmoothing,0.8294457932217154,0.17055419828714966,0.85,0.75
41886,left_hand,0.9997453093528748,0.0002546589821577072,ExponentialSmoothing,0.8549907206413894,0.14500926739140085,0.85,0.75
41936,left_hand,0.9999065399169922,9.349593165097758e-05,ExponentialSmoothing,0.8767280935327297,0.12327190167243837,0.85,0.75
41961,left_hand,0.9999076128005981,9.241593215847388e-05,ExponentialSmoothing,0.89520502142291,0.10479497881139639,0.85,0.75
42011,left_hand,0.9999465942382812,5.3417265007738024e-05,ExponentialSmoothing,0.9109162573452156,0.0890837445794381,0.85,0.75
42036,left_hand,0.9999371767044067,6.279068475123495e-05,ExponentialSmoothing,0.9242693952490943,0.07573060149523507,0.85,0.75
42061,left_hand,0.9999334812164307,6.649364513577893e-05,ExponentialSmoothing,0.9356190081441947,0.06438098531772017,0.85,0.75
42111,left_hand,0.9998395442962646,0.0001604564458830282,ExponentialSmoothing,0.9452520885670053,0.054747905986944595,0.85,0.75
42161,left_hand,0.9996726512908936,0.0003273670154158026,ExponentialSmoothing,0.9534151729755884,0.04658482514121527,0.85,0.75
42186,left_hand,0.9994832277297974,0.0005166929331608117,ExponentialSmoothing,0.9603253811887198,0.0396746053100071,0.85,0.75
42236,left_hand,0.999549925327301,0.0004499962960835546,ExponentialSmoothing,0.9662090628095069,0.03379091395791856,0.85,0.75
42261,left_hand,0.9993029832839966,0.0006970327231101692,ExponentialSmoothing,0.9711731508806803,0.028826831772697303,0.85,0.75
42311,left_hand,0.9966644644737244,0.00333549571223557,ExponentialSmoothing,0.9749968479196369,0.025003131363628042,0.85,0.75
42336,left_hand,0.9799644947052002,0.020035533234477043,ExponentialSmoothing,0.9757419949374714,0.02425799164425539,0.85,0.75
42361,left_hand,0.8904227018356323,0.10957729071378708,ExponentialSmoothing,0.9629441009721955,0.03705588650468515,0.85,0.75
42411,left_hand,0.4010334610939026,0.5989665389060974,ExponentialSmoothing,0.8786575049904516,0.121342484364897,0.85,0.75
42436,left_hand,0.30204659700393677,0.6979533433914185,ExponentialSmoothing,0.7921658687924744,0.20783411321887524,0.85,0.75
42486,rest,0.13063010573387146,0.8693699240684509,ExponentialSmoothing,0.692935504333684,0.3070644848463116,0.85,0.75
42536,rest,0.3628670871257782,0.6371329426765442,ExponentialSmoothing,0.6434252417524982,0.35657475352084655,0.85,0.75
42561,rest,0.21521103382110596,0.784788966178894,ExponentialSmoothing,0.5791931105627893,0.4208068854195537,0.85,0.75
42611,rest,0.1910674273967743,0.8089325428009033,ExponentialSmoothing,0.5209742580878871,0.47902573402675613,0.85,0.75
42636,rest,0.05970904231071472,0.9402909278869629,ExponentialSmoothing,0.4517844757213112,0.5482155131057871,0.85,0.75
42686,rest,0.02884802781045437,0.9711520075798035,ExponentialSmoothing,0.3883440085346827,0.6116559872768895,0.85,0.75
42711,rest,0.019644448533654213,0.9803555011749268,ExponentialSmoothing,0.3330390745345284,0.6669609143615951,0.85,0.75
42761,rest,0.007888494059443474,0.9921114444732666,ExponentialSmoothing,0.28426648746326566,0.7157334938783457,0.85,0.75
42786,right_hand,0.003544136881828308,0.9964558482170105,ExponentialSmoothing,0.24215813487605004,0.7578418470291455,0.85,0.75
42836,right_hand,0.0010994403855875134,0.9989005327224731,ExponentialSmoothing,0.20599933070248067,0.7940006498831446,0.85,0.75
42861,right_hand,0.0007201281259767711,0.9992799162864685,ExponentialSmoothing,0.1752074503160051,0.8247925398436431,0.85,0.75
42886,right_hand,0.0005584218888543546,0.9994415640830994,ExponentialSmoothing,0.1490100960519325,0.8509898934795616,0.85,0.75
42936,right_hand,0.00042046132148243487,0.9995794892311096,ExponentialSmoothing,0.12672165084236497,0.8732783328422937,0.85,0.75
42986,right_hand,0.00035165291046723723,0.9996483325958252,ExponentialSmoothing,0.10776615115258031,0.8922338328053234,0.85,0.75
43011,right_hand,0.0003469365765340626,0.9996531009674072,ExponentialSmoothing,0.09165326896617337,0.908346723029636,0.85,0.75
43061,right_hand,0.00041959912050515413,0.999580442905426,ExponentialSmoothing,0.07796821848932314,0.9220317810110046,0.85,0.75
43086,right_hand,0.0002786402765195817,0.999721348285675,ExponentialSmoothing,0.06631478175740262,0.9336852161022051,0.85,0.75
43136,right_hand,0.00021390346228145063,0.9997860789299011,ExponentialSmoothing,0.05639965001313444,0.9436003455263595,0.85,0.75
43161,right_hand,0.00020784899243153632,0.9997921586036682,ExponentialSmoothing,0.047970879860029,0.9520291174879558,0.85,0.75
43186,right_hand,0.0003225760883651674,0.9996774196624756,ExponentialSmoothing,0.040823634294279425,0.9591763628141339,0.85,0.75
43236,right_hand,0.0006532892002724111,0.9993466734886169,ExponentialSmoothing,0.034798082530178374,0.9652019094153064,0.85,0.75
43261,right_hand,0.0009019665885716677,0.9990980625152588,ExponentialSmoothing,0.029713665138937365,0.9702863323802993,0.85,0.75
43311,right_hand,0.0009803468128666282,0.9990196228027344,ExponentialSmoothing,0.025403667390026755,0.9745963259436645,0.85,0.75
43361,right_hand,0.00041771569522097707,0.9995822310447693,ExponentialSmoothing,0.021655774635805886,0.9783442117088302,0.85,0.75
43386,right_hand,0.0002425600978313014,0.9997574687004089,ExponentialSmoothing,0.0184437924551097,0.9815562002575671,0.85,0.75
43436,right_hand,0.00011969167098868638,0.999880313873291,ExponentialSmoothing,0.015695177337491546,0.9843048172999256,0.85,0.75
43461,right_hand,0.00013014557771384716,0.9998698234558105,ExponentialSmoothing,0.013360422573524891,0.9866395682233083,0.85,0.75
43486,right_hand,0.00020010121806990355,0.999799907207489,ExponentialSmoothing,0.011386374370206643,0.9886136190709354,0.85,0.75
43536,right_hand,0.0005204237531870604,0.9994795918464661,ExponentialSmoothing,0.009756481777653706,0.9902435149872649,0.85,0.75
43586,right_hand,0.0012952170800417662,0.9987047910690308,ExponentialSmoothing,0.008487292073011915,0.9915127063995298,0.85,0.75
43611,right_hand,0.0018568186787888408,0.998143196105957,ExponentialSmoothing,0.007492721063878453,0.9925072798554939,0.85,0.75
43636,right_hand,0.002209668979048729,0.9977903366088867,ExponentialSmoothing,0.006700263251153994,0.9932997383685029,0.85,0.75
43686,right_hand,0.004401184152811766,0.9955987930297852,ExponentialSmoothing,0.00635540138640266,0.9936445965676953,0.85,0.75
43711,right_hand,0.0050086588598787785,0.9949913620948792,ExponentialSmoothing,0.006153390007424077,0.9938466113967729,0.85,0.75
43761,right_hand,0.003685248550027609,0.9963148236274719,ExponentialSmoothing,0.0057831687888146065,0.9942168432313778,0.85,0.75
43811,right_hand,0.002064791042357683,0.9979351758956909,ExponentialSmoothing,0.005225412126846068,0.9947745931310248,0.85,0.75
43836,right_hand,0.0023627574555575848,0.9976372718811035,ExponentialSmoothing,0.004796013926152795,0.9952039949435366,0.85,0.75
43886,right_hand,0.005615555681288242,0.9943844079971313,ExponentialSmoothing,0.004918945189423112,0.9950810569015759,0.85,0.75
43911,right_hand,0.012695204466581345,0.9873048663139343,ExponentialSmoothing,0.006085384080996847,0.9939146283134297,0.85,0.75
43936,right_hand,0.01719978079199791,0.9828002452850342,ExponentialSmoothing,0.007752543587647007,0.9922474708591704,0.85,0.75
43986,right_hand,0.10912581533193588,0.8908741474151611,ExponentialSmoothing,0.02295853434929034,0.9770414723425691,0.85,0.75
44036,right_hand,0.43020322918891907,0.5697968006134033,ExponentialSmoothing,0.08404523857523466,0.9159547715831942,0.85,0.75
44061,right_hand,0.6470332145690918,0.3529668152332306,ExponentialSmoothing,0.16849343497431324,0.8315065781306996,0.85,0.75
44086,right_hand,0.6701347231864929,0.3298652470111847,ExponentialSmoothing,0.2437396282061402,0.7562603784627723,0.85,0.75
44136,rest,0.9567726850509644,0.043227240443229675,ExponentialSmoothing,0.3506945867328638,0.6493054077598408,0.85,0.75
44186,rest,0.9600129723548889,0.039987046271562576,ExponentialSmoothing,0.44209234457616764,0.5579076535365991,0.85,0.75
44211,rest,0.9910619258880615,0.008938014507293701,ExponentialSmoothing,0.5244377817729517,0.47556220768220325,0.85,0.75
44261,rest,0.995502769947052,0.004497216083109379,ExponentialSmoothing,0.5950975299990668,0.40490245894233917,0.85,0.75
44286,rest,0.9985472559928894,0.0014526642626151443,ExponentialSmoothing,0.6556149888981402,0.34438498974038056,0.85,0.75
44336,rest,0.9993880987167358,0.0006118506425991654,ExponentialSmoothing,0.7071809553709295,0.2928190188757134,0.85,0.75
44361,left_hand,0.9993908405303955,0.0006091551622375846,ExponentialSmoothing,0.7510124381448494,0.248987539318692,0.85,0.75
44386,left_hand,0.999053418636322,0.0009466246701776981,ExponentialSmoothing,0.7882185852185702,0.21178140212141483,0.85,0.75
44436,left_hand,0.998672604560852,0.0013273730874061584,ExponentialSmoothing,0.8197866881199125,0.18021329776631353,0.85,0.75
44461,left_hand,0.9981789588928223,0.0018210791749879718,ExponentialSmoothing,0.846545528735849,0.1534544649776147,0.85,0.75
44511,left_hand,0.9969954490661621,0.0030045402236282825,ExponentialSmoothing,0.869113016785396,0.13088697626451673,0.85,0.75
44536,left_hand,0.9965031147003174,0.003496877383440733,ExponentialSmoothing,0.8882215314726343,0.11177846143235533,0.85,0.75
44586,left_hand,0.9976128339767456,0.002387154847383499,ExponentialSmoothing,0.904630226848251,0.09536976544460955,0.85,0.75
44636,left_hand,0.9981856942176819,0.0018142970511689782,ExponentialSmoothing,0.9186635469536657,0.08133644518559346,0.85,0.75
44661,left_hand,0.999220609664917,0.0007793475524522364,ExponentialSmoothing,0.9307471063603534,0.06925288054062227,0.85,0.75
44711,left_hand,0.9996747970581055,0.0003252385649830103,ExponentialSmoothing,0.9410862599650162,0.05891373424427638,0.85,0.75
44736,left_hand,0.9998098015785217,0.00019023421918973327,ExponentialSmoothing,0.949894791207042,0.050105209240513385,0.85,0.75
44786,left_hand,0.9998464584350586,0.0001535591873107478,ExponentialSmoothing,0.9573875412912445,0.04261246173253299,0.85,0.75
44811,left_hand,0.999804675579071,0.00019538555352482945,ExponentialSmoothing,0.9637501114344185,0.03624990030568176,0.85,0.75
44861,left_hand,0.9997764229774475,0.00022364100732374936,ExponentialSmoothing,0.9691540581658729,0.030845961410928057,0.85,0.75
44886,left_hand,0.9997320771217346,0.00026785413501784205,ExponentialSmoothing,0.9737407610092521,0.026259245319541526,0.85,0.75
44911,left_hand,0.999703586101532,0.00029639480635523796,ExponentialSmoothing,0.9776351847730942,0.022364817742563582,0.85,0.75
44961,left_hand,0.9995394945144653,0.00046052492689341307,ExponentialSmoothing,0.9809208312342999,0.019079173820213055,0.85,0.75
45011,left_hand,0.999505877494812,0.0004940992803312838,ExponentialSmoothing,0.9837085881733767,0.016291412639230788,0.85,0.75
45036,left_hand,0.9994580149650574,0.0005420040688477457,ExponentialSmoothing,0.9860710021921288,0.01392900135367333,0.85,0.75
45086,left_hand,0.9995643496513367,0.00043561853817664087,ExponentialSmoothing,0.98809500431101,0.011904993931348827,0.85,0.75
45111,left_hand,0.999525785446167,0.0004742515448015183,ExponentialSmoothing,0.9898096214812836,0.01019038257336673,0.85,0.75
45136,left_hand,0.9995896220207214,0.0004104093532077968,ExponentialSmoothing,0.9912766215621993,0.00872338659034289,0.85,0.75
45186,left_hand,0.9997076392173767,0.00029232920496724546,ExponentialSmoothing,0.9925412742104759,0.0074587279825365435,0.85,0.75
45236,left_hand,0.9997264742851257,0.00027349183801561594,ExponentialSmoothing,0.9936190542216734,0.006380942560858404,0.85,0.75
45261,left_hand,0.999688982963562,0.0003110348479822278,ExponentialSmoothing,0.9945295435329566,0.005470456403926977,0.85,0.75
45286,left_hand,0.999627947807312,0.0003720511158462614,ExponentialSmoothing,0.99529430417411,0.0047056956107148695,0.85,0.75
45336,left_hand,0.9993622899055481,0.0006377268000505865,ExponentialSmoothing,0.9959045020338257,0.004095500289115227,0.85,0.75
45361,left_hand,0.9993616938591003,0.0006382770370692015,ExponentialSmoothing,0.996423080807617,0.003576916801308323,0.85,0.75
45411,left_hand,0.9991463422775269,0.0008535989909432828,ExponentialSmoothing,0.9968315700281034,0.003168419129753567,0.85,0.75
45461,left_hand,0.998314380645752,0.001685687224380672,ExponentialSmoothing,0.9970539916207507,0.0029460093439476324,0.85,0.75
45486,left_hand,0.9976757168769836,0.0023243213072419167,ExponentialSmoothing,0.9971472504091856,0.0028527561384417747,0.85,0.75
45536,left_hand,0.9922481775283813,0.007751875557005405,ExponentialSmoothing,0.996412389477065,0.0035876240512263194,0.85,0.75
45561,left_hand,0.9638231992721558,0.03617680072784424,ExponentialSmoothing,0.9915240109463286,0.008476000552719007,0.85,0.75
45611,left_hand,0.7486858367919922,0.2513141632080078,ExponentialSmoothing,0.955098284823178,0.04490172495101233,0.85,0.75
45636,left_hand,0.46302634477615356,0.5369736552238464,ExponentialSmoothing,0.8812874938161244,0.11871251449193745,0.85,0.75
45661,left_hand,0.12989266216754913,0.8701072931289673,ExponentialSmoothing,0.7685782690688381,0.23142173128749194,0.85,0.75
45711,rest,0.009821958839893341,0.9901780486106873,ExponentialSmoothing,0.6547648225344964,0.3452351788859712,0.85,0.75
45736,rest,0.004290171433240175,0.9957097768783569,ExponentialSmoothing,0.557193624869308,0.4428063685848291,0.85,0.75
45786,rest,0.0009305741405114532,0.9990695118904114,ExponentialSmoothing,0.47375416725998853,0.5262458400806664,0.85,0.75
45811,rest,0.0006390373455360532,0.999360978603363,ExponentialSmoothing,0.4027868977728206,0.5972131108590709,0.85,0.75
45861,rest,0.00016231596237048507,0.9998376369476318,ExponentialSmoothing,0.3423932105012531,0.6576067897723551,0.85,0.75
45886,rest,9.474335820414126e-05,0.9999052286148071,ExponentialSmoothing,0.2910484404297957,0.7089515555987229,0.85,0.75
45936,right_hand,3.709882730618119e-05,0.9999629259109497,ExponentialSmoothing,0.24739673918942226,0.7526032611455569,0.85,0.75
45986,right_hand,2.1538840883295052e-05,0.9999784231185913,ExponentialSmoothing,0.2102904591371414,0.789709535441512,0.85,0.75
46011,right_hand,2.038867933151778e-05,0.9999796152114868,ExponentialSmoothing,0.1787499485684699,0.8212500474070084,0.85,0.75
46061,right_hand,1.1803933375631459e-05,0.9999881982803345,ExponentialSmoothing,0.15193922687320574,0.8480607700380072,0.85,0.75
46086,right_hand,8.78355058375746e-06,0.9999911785125732,ExponentialSmoothing,0.12914966037481243,0.870850331309192,0.85,0.75
46111,right_hand,7.096783974702703e-06,0.999992847442627,ExponentialSmoothing,0.10977827583618677,0.8902217087292073,0.85,0.75
46161,right_hand,1.6733418306102976e-05,0.9999833106994629,ExponentialSmoothing,0.09331404447350466,0.9066859490247456,0.85,0.75
46211,right_hand,1.8518059732741676e-05,0.9999815225601196,ExponentialSmoothing,0.07931971551143888,0.9206802850550517,0.85,0.75
46236,right_hand,2.2303071091300808e-05,0.999977707862854,ExponentialSmoothing,0.06742510364538673,0.9325748984762221,0.85,0.75
46261,right_hand,2.2629537852481008e-05,0.9999773502349854,ExponentialSmoothing,0.05731473252925659,0.9426852662400366,0.85,0.75
46311,right_hand,2.9509859814425e-05,0.9999704360961914,ExponentialSmoothing,0.048721949128840265,0.9512780417184598,0.85,0.75
46336,right_hand,3.109005047008395e-05,0.9999688863754272,ExponentialSmoothing,0.04141832026708474,0.958581668417005,0.85,0.75
46386,right_hand,3.996306622866541e-05,0.9999600648880005,ExponentialSmoothing,0.035211566686956325,0.9647884278876543,0.85,0.75
46411,right_hand,4.863465437665582e-05,0.9999513626098633,ExponentialSmoothing,0.029937126882069374,0.9700628680959856,0.85,0.75
46461,right_hand,8.972406794782728e-05,0.9999102354049683,ExponentialSmoothing,0.02546001645995114,0.974539973192333,0.85,0.75
46511,right_hand,0.0001933915918925777,0.9998065829277039,ExponentialSmoothing,0.021670022729742354,0.9783299646526387,0.85,0.75
46536,right_hand,0.000319589686114341,0.9996803998947144,ExponentialSmoothing,0.018467457773198154,0.9815325299389501,0.85,0.75
46561,right_hand,0.0004893248551525176,0.999510645866394,ExponentialSmoothing,0.015770737835491308,0.9842292473280667,0.85,0.75
46611,right_hand,0.0007632442866452038,0.9992368221282959,ExponentialSmoothing,0.013519613803164392,0.9864803835481011,0.85,0.75
46661,right_hand,0.0007073348970152438,0.9992926120758057,ExponentialSmoothing,0.01159777196724202,0.9884022178272567,0.85,0.75
46686,right_hand,0.001002660021185875,0.9989973902702332,ExponentialSmoothing,0.010008505175333597,0.9899914936937031,0.85,0.75
46736,right_hand,0.0014355512103065848,0.9985644221305847,ExponentialSmoothing,0.008722562080579546,0.9912774329592353,0.85,0.75
46761,right_hand,0.0022186930291354656,0.9977813363075256,ExponentialSmoothing,0.0077469817228629344,0.9922530184614788,0.85,0.75
46811,right_hand,0.0024967018980532885,0.9975033402442932,ExponentialSmoothing,0.006959439749141487,0.9930405667289011,0.85,0.75
46836,right_hand,0.0023119256366044283,0.9976880550384521,ExponentialSmoothing,0.006262312632260928,0.9937376899753336,0.85,0.75
46861,right_hand,0.002440554788336158,0.9975594282150269,ExponentialSmoothing,0.005689048955672213,0.9943109507112876,0.85,0.75
46911,right_hand,0.0057460549287498,0.994253933429718,ExponentialSmoothing,0.0056975998516338505,0.9943023981190522,0.85,0.75
46936,right_hand,0.005248188506811857,0.9947518706321716,ExponentialSmoothing,0.005630188149910551,0.9943698189960202,0.85,0.75
46986,right_hand,0.014309415593743324,0.9856905341148376,ExponentialSmoothing,0.006932072266485467,0.9930679262638429,0.85,0.75
47011,right_hand,0.02358832210302353,0.9764117002487183,ExponentialSmoothing,0.009430509741966178,0.9905694923615742,0.85,0.75
47061,right_hand,0.042596712708473206,0.957403302192688,ExponentialSmoothing,0.014405440186942233,0.9855945638362413,0.85,0.75
47111,right_hand,0.05487556383013725,0.9451244473457336,ExponentialSmoothing,0.020475958733421486,0.9795240463626652,0.85,0.75
47136,right_hand,0.07913260906934738,0.9208673238754272,ExponentialSmoothing,0.029274456283810375,0.9707255379895795,0.85,0.75
47186,right_hand,0.04973023384809494,0.9502697587013245,ExponentialSmoothing,0.03234282291845306,0.9676571710963412,0.85,0.75
47211,right_hand,0.06763065606355667,0.9323693513870239,ExponentialSmoothing,0.0376359978902186,0.9623639981399437,0.85,0.75
47261,right_hand,0.06144794821739197,0.9385520219802856,ExponentialSmoothing,0.04120779043929461,0.958792201715995,0.85,0.75
47286,right_hand,0.14283297955989838,0.8571670651435852,ExponentialSmoothing,0.05645156880738518,0.9435484312301335,0.85,0.75
47311,right_hand,0.1334812492132187,0.8665187954902649,ExponentialSmoothing,0.06800602086826021,0.9319939858691533,0.85,0.75
47361,right_hand,0.4606069326400757,0.5393930673599243,ExponentialSmoothing,0.12689615763403256,0.8731038480927689,0.85,0.75
47386,right_hand,0.3695378601551056,0.6304621696472168,ExponentialSmoothing,0.16329241301219352,0.836707596325936,0.85,0.75
47436,right_hand,0.4213438332080841,0.5786561369895935,ExponentialSmoothing,0.2020001260415771,0.7979998774254846,0.85,0.75
47486,rest,0.5789136290550232,0.4210863709449768,ExponentialSmoothing,0.258537151493594,0.7414628514534085,0.85,0.75
47561,rest,0.9459607601165771,0.05403920263051987,ExponentialSmoothing,0.3616506927870415,0.6383493041299751,0.85,0.75
47586,rest,0.981101930141449,0.018898027017712593,ExponentialSmoothing,0.45456837839020264,0.5454316125631357,0.85,0.75
47636,rest,0.9918757677078247,0.008124202489852905,ExponentialSmoothing,0.535164486787846,0.4648355010521432,0.85,0.75
47661,rest,0.9907941222190857,0.009205863811075687,ExponentialSmoothing,0.603508932102532,0.39649105546598307,0.85,0.75
47686,rest,0.9958258867263794,0.004174191039055586,ExponentialSmoothing,0.6623564752961091,0.3376435258019439,0.85,0.75
47736,rest,0.9990084767341614,0.0009915162809193134,ExponentialSmoothing,0.7128542755118169,0.2871457243737902,0.85,0.75
47761,left_hand,0.999220609664917,0.0007793401018716395,ExponentialSmoothing,0.7558092256347819,0.2441907667330024,0.85,0.75
47811,left_hand,0.9990726709365845,0.0009273134055547416,ExponentialSmoothing,0.7922987424300523,0.20770124873388524,0.85,0.75
47836,left_hand,0.9991003274917603,0.0008996585384011269,ExponentialSmoothing,0.8233189801893085,0.17668101020456262,0.85,0.75
47886,left_hand,0.9971259236335754,0.002874088240787387,ExponentialSmoothing,0.8493900217059486,0.15060997190999634,0.85,0.75
47936,left_hand,0.993184506893158,0.00681548984721303,ExponentialSmoothing,0.87095919448403,0.12904079960057882,0.85,0.75
47961,left_hand,0.9827249646186829,0.017275096848607063,ExponentialSmoothing,0.887724060004228,0.11227594418778304,0.85,0.75
48011,left_hand,0.8673843145370483,0.13261571526527405,ExponentialSmoothing,0.884673098184151,0.11532690984940669,0.85,0.75
48036,left_hand,0.5619955062866211,0.4380045235157013,ExponentialSmoothing,0.8362714593995214,0.16372855189935087,0.85,0.75
48086,rest,0.11887458711862564,0.8811253905296326,ExponentialSmoothing,0.728661928557387,0.2713380776938932,0.85,0.75
48111,rest,0.052278924733400345,0.9477210640907288,ExponentialSmoothing,0.627204477983789,0.37279552565341856,0.85,0.75
48136,rest,0.048715539276599884,0.9512844681739807,ExponentialSmoothing,0.5404311371777105,0.4595688670315029,0.85,0.75
48186,rest,0.007860313169658184,0.9921397566795349,ExponentialSmoothing,0.46054551357650264,0.5394545004787077,0.85,0.75
48211,rest,0.005127580836415291,0.9948723912239075,ExponentialSmoothing,0.3922328236654895,0.6077671840904877,0.85,0.75
48261,rest,0.0010745543986558914,0.9989253878593445,ExponentialSmoothing,0.33355908327546446,0.6664409146558162,0.85,0.75
48286,rest,0.0005826712003909051,0.9994173049926758,ExponentialSmoothing,0.2836126214642034,0.7163873732063452,0.85,0.75
48336,right_hand,0.0002769121783785522,0.9997230172157288,ExponentialSmoothing,0.24111226507132968,0.7588877198077528,0.85,0.75
48386,right_hand,8.437808719463646e-05,0.999915599822998,ExponentialSmoothing,0.20495808202370944,0.7950419018100396,0.85,0.75
48411,right_hand,6.911918899277225e-05,0.9999308586120605,ExponentialSmoothing,0.17422473759850193,0.8257752453303427,0.85,0.75
48461,right_hand,2.6127827368327416e-05,0.9999738931655884,ExponentialSmoothing,0.1480949461328319,0.8519050425056296,0.85,0.75
48486,right_hand,2.0586441678460687e-05,0.9999793767929077,ExponentialSmoothing,0.12588379217915885,0.8741161926487213,0.85,0.75
48511,right_hand,1.7362875951221213e-05,0.9999825954437256,ExponentialSmoothing,0.1070038277836777,0.892996153067972,0.85,0.75
48561,right_hand,1.7526377632748336e-05,0.999982476234436,ExponentialSmoothing,0.09095588257277096,0.9090441015429416,0.85,0.75
48586,right_hand,2.1143210688023828e-05,0.9999788999557495,ExponentialSmoothing,0.07731567166845851,0.9226843213048628,0.85,0.75
48636,right_hand,2.3087257432052866e-05,0.9999768733978271,ExponentialSmoothing,0.06572178400680453,0.9342782041188074,0.85,0.75
48686,right_hand,2.3391656213789247e-05,0.999976634979248,ExponentialSmoothing,0.05586702515421592,0.9441329687478734,0.85,0.75
48711,right_hand,2.7398878955864348e-05,0.9999725818634033,ExponentialSmoothing,0.04749108121292691,0.9525089107152029,0.85,0.75
48761,right_hand,4.399430690682493e-05,0.9999560117721558,ExponentialSmoothing,0.0403740181770239,0.9596259758737458,0.85,0.75
48811,right_hand,0.00010131352610187605,0.9998986721038818,ExponentialSmoothing,0.03433311247938559,0.9656668803082662,0.85,0.75
48861,right_hand,0.00028888919041492045,0.9997110962867737,ExponentialSmoothing,0.02922647898603999,0.9707735127050423,0.85,0.75
48886,right_hand,0.00041164219146594405,0.9995883107185364,ExponentialSmoothing,0.024904253466853883,0.9750957324070664,0.85,0.75
48936,right_hand,0.0010210250038653612,0.9989789724349976,ExponentialSmoothing,0.021321769197405603,0.978678218411256,0.85,0.75
48961,right_hand,0.0019403616897761822,0.9980595707893372,ExponentialSmoothing,0.01841455807126119,0.9815854212679682,0.85,0.75
49011,right_hand,0.006042832043021917,0.9939571619033813,ExponentialSmoothing,0.0165587991670253,0.9834411823632803,0.85,0.75
49036,right_hand,0.006906411610543728,0.9930936098098755,ExponentialSmoothing,0.015110941033553062,0.9848890464802695,0.85,0.75
49086,right_hand,0.013417419977486134,0.9865825772285461,ExponentialSmoothing,0.014856912875143022,0.9851430760925111,0.85,0.75
49136,right_hand,0.01835610903799534,0.9816438555717468,ExponentialSmoothing,0.01538179229957087,0.9846181930143965,0.85,0.75
49161,right_hand,0.07874637097120285,0.9212536811828613,ExponentialSmoothing,0.02488647910031567,0.9751135162396662,0.85,0.75
49211,right_hand,0.416413813829422,0.5835862159729004,ExponentialSmoothing,0.08361557930968162,0.9163844211996514,0.85,0.75
49236,right_hand,0.7166936993598938,0.2833063006401062,ExponentialSmoothing,0.17857729731721345,0.8214227031157196,0.85,0.75
49261,rest,0.8187198042869568,0.18128015100955963,ExponentialSmoothing,0.27459867336267496,0.7254013202997956,0.85,0.75
49311,rest,0.9600927829742432,0.03990718349814415,ExponentialSmoothing,0.37742278980441024,0.6225771997795478,0.85,0.75
49336,rest,0.984801709651947,0.015198281034827232,ExponentialSmoothing,0.4685296277815408,0.5314703619678397,0.85,0.75
49386,rest,0.9917535781860352,0.008246434852480888,ExponentialSmoothing,0.5470132203422149,0.45298677290053585,0.85,0.75
49411,rest,0.9931984543800354,0.006801482290029526,ExponentialSmoothing,0.613941005447888,0.3860589793089599,0.85,0.75
49461,rest,0.9960655570030212,0.003934474661946297,ExponentialSmoothing,0.671259688181158,0.3287403036119078,0.85,0.75
49511,rest,0.9944657683372498,0.005534201394766569,ExponentialSmoothing,0.7197406002045718,0.2802593882793366,0.85,0.75
49536,left_hand,0.9919690489768982,0.008031010627746582,ExponentialSmoothing,0.7605748675204207,0.23942513163159812,0.85,0.75
49586,left_hand,0.9919732809066772,0.00802674237638712,ExponentialSmoothing,0.7952846295283592,0.20471537324331646,0.85,0.75
49661,left_hand,0.9941071271896362,0.005892886780202389,ExponentialSmoothing,0.8251080041775507,0.17489200027384932,0.85,0.75
49686,left_hand,0.99481600522995,0.005183940287679434,ExponentialSmoothing,0.8505642043354107,0.14943579127592385,0.85,0.75
49711,left_hand,0.9965259432792664,0.0034740548580884933,ExponentialSmoothing,0.872458465176989,0.12754153081324854,0.85,0.75
49761,left_hand,0.998016357421875,0.001983625814318657,ExponentialSmoothing,0.8912921490137219,0.10870784506340905,0.85,0.75
49786,left_hand,0.9983067512512207,0.0016932308208197355,ExponentialSmoothing,0.9073443393493468,0.09265565292702065,0.85,0.75
49836,left_hand,0.9963962435722351,0.0036038258112967014,ExponentialSmoothing,0.92070212498278,0.07929787885966205,0.85,0.75
49886,left_hand,0.9967633485794067,0.0032366246450692415,ExponentialSmoothing,0.9321113085222741,0.06788869072747312,0.85,0.75
49936,left_hand,0.9967626333236694,0.003237329423427582,ExponentialSmoothing,0.9418090072424834,0.05819098653186629,0.85,0.75
49986,left_hand,0.9981750249862671,0.0018249698914587498,ExponentialSmoothing,0.9502639099040509,0.04973608403580516,0.85,0.75
50011,left_hand,0.9984498023986816,0.001550148706883192,ExponentialSmoothing,0.9574917937782454,0.04250819373646686,0.85,0.75
50061,left_hand,0.9977037310600281,0.002296295715495944,ExponentialSmoothing,0.9635235843705129,0.03647640903332122,0.85,0.75
50086,left_hand,0.9971484541893005,0.002851500641554594,ExponentialSmoothing,0.968567314843331,0.031432672774556226,0.85,0.75
50136,left_hand,0.9931163787841797,0.0068835485726594925,ExponentialSmoothing,0.9722496744344584,0.027750304144271716,0.85,0.75
50161,left_hand,0.9926772117614746,0.007322788704186678,ExponentialSmoothing,0.9753138050335108,0.024686176828258962,0.85,0.75
50211,left_hand,0.9867942929267883,0.013205710798501968,ExponentialSmoothing,0.9770358782175025,0.022964106923795413,0.85,0.75
50236,left_hand,0.9886765480041504,0.011323454789817333,ExponentialSmoothing,0.9787819786854997,0.021218009103698702,0.85,0.75
50286,left_hand,0.9895888566970825,0.010411213152110577,ExponentialSmoothing,0.9804030103872371,0.019596989710960484,0.85,0.75
50311,left_hand,0.9942927360534668,0.005707246251404285,ExponentialSmoothing,0.9824864692371715,0.017513528192027054,0.85,0.75
50336,left_hand,0.9948295950889587,0.005170423071831465,ExponentialSmoothing,0.9843379381149396,0.015662062423997716,0.85,0.75
50386,left_hand,0.9971306920051575,0.002869332442060113,ExponentialSmoothing,0.9862568511984723,0.013743152926707075,0.85,0.75
50436,left_hand,0.9975388050079346,0.0024611870758235455,ExponentialSmoothing,0.9879491442698916,0.012050858049074546,0.85,0.75
50461,left_hand,0.997961163520813,0.0020388318225741386,ExponentialSmoothing,0.9894509471575298,0.010549054115099484,0.85,0.75
50511,left_hand,0.9978849291801453,0.0021150289103388786,ExponentialSmoothing,0.9907160444609221,0.009283950334385394,0.85,0.75
50536,left_hand,0.9972698092460632,0.0027301718946546316,ExponentialSmoothing,0.9916991091786933,0.008300883568425779,0.85,0.75
50561,left_hand,0.9969645142555237,0.003035535803064704,ExponentialSmoothing,0.9924889199402178,0.007511081403621617,0.85,0.75
50586,left_hand,0.9951319694519043,0.0048680780455470085,ExponentialSmoothing,0.9928853773669708,0.007114630899910426,0.85,0.75
50661,left_hand,0.9836591482162476,0.01634085737168789,ExponentialSmoothing,0.9915014429943624,0.008498564870677046,0.85,0.75
50686,left_hand,0.9662541747093201,0.03374585881829262,ExponentialSmoothing,0.987714352751606,0.012285658962819383,0.85,0.75
50711,left_hand,0.9023598432540894,0.09764008224010468,ExponentialSmoothing,0.9749111763269785,0.025088822454412178,0.85,0.75
50761,left_hand,0.8927451968193054,0.10725480318069458,ExponentialSmoothing,0.9625862794008275,0.03741371956335454,0.85,0.75
50786,left_hand,0.8270712494850159,0.17292872071266174,ExponentialSmoothing,0.9422590249134558,0.05774096973575063,0.85,0.75
50836,left_hand,0.7052298188209534,0.29477018117904663,ExponentialSmoothing,0.9067046439995805,0.09329535145224503,0.85,0.75
50861,left_hand,0.4355810284614563,0.5644189715385437,ExponentialSmoothing,0.8360361016688619,0.16396389446518983,0.85,0.75
50911,rest,0.22363846004009247,0.7763615250587463,ExponentialSmoothing,0.7441764554245465,0.25582353905422334,0.85,0.75
50961,rest,0.1961333453655243,0.8038666248321533,ExponentialSmoothing,0.6619699889156931,0.33803000192091287,0.85,0.75
50986,rest,0.11678292602300644,0.8832170963287354,ExponentialSmoothing,0.5801919294817901,0.41980806608208626,0.85,0.75
51036,rest,0.020140528678894043,0.9798594117164612,ExponentialSmoothing,0.49618421936135565,0.5038157679272425,0.85,0.75
51061,rest,0.005912682972848415,0.9940873384475708,ExponentialSmoothing,0.42264348890307957,0.5773565035052917,0.85,0.75
51086,rest,0.0030472103971987963,0.9969527721405029,ExponentialSmoothing,0.35970404712719745,0.6402959438005733,0.85,0.75
51136,rest,0.0012826328165829182,0.9987174272537231,ExponentialSmoothing,0.30594083498060526,0.6940591663185458,0.85,0.75
51161,rest,0.0012468346394598484,0.9987531900405884,ExponentialSmoothing,0.26023673492943344,0.7397632698768521,0.85,0.75
51211,right_hand,0.0007587214349769056,0.9992413520812988,ExponentialSmoothing,0.22131503290526497,0.7786849822075192,0.85,0.75
51236,right_hand,0.000641209480818361,0.9993588328361511,ExponentialSmoothing,0.18821395939159796,0.8117860598018141,0.85,0.75
51286,right_hand,0.00020855609909631312,0.9997914433479309,ExponentialSmoothing,0.1600131488977227,0.8399868673337316,0.85,0.75
51336,right_hand,0.0001200889382744208,0.9998798370361328,ExponentialSmoothing,0.13602918990380547,0.8639708127890918,0.85,0.75
51361,right_hand,9.03739346540533e-05,0.9999096393585205,ExponentialSmoothing,0.11563836750843276,0.8843616367745061,0.85,0.75
51411,right_hand,9.083600161829963e-05,0.9999091625213623,ExponentialSmoothing,0.09830623778241059,0.9016937656365346,0.85,0.75
51436,right_hand,8.234555571107194e-05,0.9999176263809204,ExponentialSmoothing,0.08357265394840566,0.9164273447481925,0.85,0.75
51486,right_hand,9.201485227094963e-05,0.9999079704284668,ExponentialSmoothing,0.07105055808398544,0.9289494386002337,0.85,0.75
51536,right_hand,6.640746869379655e-05,0.9999336004257202,ExponentialSmoothing,0.06040293549169169,0.9395970628740568,0.85,0.75
51561,right_hand,6.0740250773960724e-05,0.9999392032623291,ExponentialSmoothing,0.05135160620555403,0.9486483839322976,0.85,0.75
51611,right_hand,6.900841253809631e-05,0.9999309778213501,ExponentialSmoothing,0.043659216536601646,0.9563407730156555,0.85,0.75
51636,right_hand,6.447417399613187e-05,0.999935507774353,ExponentialSmoothing,0.03712000518221081,0.9628799832294601,0.85,0.75
51686,right_hand,4.3032472603954375e-05,0.9999569654464722,ExponentialSmoothing,0.03155845927576978,0.968441530562012,0.85,0.75
51711,right_hand,5.1500133849913254e-05,0.9999485015869141,ExponentialSmoothing,0.0268324154044818,0.9731675762157473,0.85,0.75
51761,right_hand,5.894264540984295e-05,0.9999411106109619,ExponentialSmoothing,0.022816394490621006,0.9771836063750294,0.85,0.75
51786,right_hand,6.9925888965372e-05,0.9999300241470337,ExponentialSmoothing,0.01940442420037266,0.9805955690408301,0.85,0.75
51811,right_hand,5.4420972446678206e-05,0.9999455213546753,ExponentialSmoothing,0.01650192371618376,0.9834980618879069,0.85,0.75
51861,right_hand,4.6812758228043094e-05,0.9999531507492065,ExponentialSmoothing,0.0140336570724904,0.9859663252171018,0.85,0.75
51886,right_hand,3.830698915407993e-05,0.9999617338180542,ExponentialSmoothing,0.011934354559989951,0.9880656365072447,0.85,0.75
51936,right_hand,6.545396172441542e-05,0.9999345541000366,ExponentialSmoothing,0.01015401947025012,0.9898459741461634,0.85,0.75
51986,right_hand,0.00013306603068485856,0.9998669624328613,ExponentialSmoothing,0.008650876454315332,0.9913491223891682,0.85,0.75
52061,right_hand,0.00019656482618302107,0.9998034834861755,ExponentialSmoothing,0.007382729710095485,0.9926172765537193,0.85,0.75
52086,right_hand,0.00022790439834352583,0.9997721314430237,ExponentialSmoothing,0.006309505913332691,0.993690504787115,0.85,0.75
52136,right_hand,0.0002413439069641754,0.9997586607933044,ExponentialSmoothing,0.005399281612377413,0.9946007281880435,0.85,0.75
52161,right_hand,0.00026321469340473413,0.9997367262840271,ExponentialSmoothing,0.004628871574531511,0.9953711279024411,0.85,0.75
52186,right_hand,0.0002828532597050071,0.9997171759605408,ExponentialSmoothing,0.003976968827307535,0.9960230351111561,0.85,0.75
52211,right_hand,0.0003033708198927343,0.9996966123580933,ExponentialSmoothing,0.0034259291261953145,0.9965740716981967,0.85,0.75
52261,right_hand,0.0003358865506015718,0.9996640682220459,ExponentialSmoothing,0.002962422739856253,0.997037571176774,0.85,0.75
52286,right_hand,0.0002993625239469111,0.999700665473938,ExponentialSmoothing,0.0025629637074698515,0.9974370353213486,0.85,0.75
52336,right_hand,0.00035242398735135794,0.9996476173400879,ExponentialSmoothing,0.0022313827494520777,0.9977686226241596,0.85,0.75
52386,right_hand,0.0006180104101076722,0.9993820190429688,ExponentialSmoothing,0.001989376898550417,0.9980106320869808,0.85,0.75
52436,right_hand,0.0022649522870779037,0.9977350234985352,ExponentialSmoothing,0.00203071320682954,0.997969290798714,0.85,0.75
52461,right_hand,0.0027864379808306694,0.9972135424613953,ExponentialSmoothing,0.0021440719229297097,0.9978559285481162,0.85,0.75
52486,right_hand,0.004253599792718887,0.9957464337348938,ExponentialSmoothing,0.0024605011033980865,0.9975395043261328,0.85,0.75
52536,right_hand,0.00546208955347538,0.994537889957428,ExponentialSmoothing,0.0029107393709096804,0.9970892621708272,0.85,0.75
52561,right_hand,0.010383306071162224,0.9896167516708374,ExponentialSmoothing,0.004031624375947562,0.9959683855958288,0.85,0.75
52611,right_hand,0.022901413962244987,0.9770985245704651,ExponentialSmoothing,0.006862092813892176,0.9931379064420243,0.85,0.75
52636,right_hand,0.044856175780296326,0.9551438093185425,ExponentialSmoothing,0.0125612052588528,0.9874387918735019,0.85,0.75
52686,right_hand,0.058585766702890396,0.9414142370223999,ExponentialSmoothing,0.01946488947545844,0.9805351086458366,0.85,0.75
52711,right_hand,0.093011774122715,0.9069882035255432,ExponentialSmoothing,0.030496922172546924,0.9695030728777926,0.85,0.75
52761,right_hand,0.12524878978729248,0.8747512102127075,ExponentialSmoothing,0.04470970231475876,0.9552902934780299,0.85,0.75
52811,right_hand,0.6036316156387329,0.3963683545589447,ExponentialSmoothing,0.1285479893133549,0.8714520026401671,0.85,0.75
52861,right_hand,0.9020488858222961,0.09795107692480087,ExponentialSmoothing,0.24457312378969612,0.7554268637828622,0.85,0.75
52911,rest,0.870052695274353,0.129947230219841,ExponentialSmoothing,0.3383950595123947,0.661604918748409,0.85,0.75
52936,rest,0.9668545722961426,0.0331454873085022,ExponentialSmoothing,0.43266398642995685,0.5673360040324229,0.85,0.75
52986,rest,0.9765490293502808,0.02345092035830021,ExponentialSmoothing,0.5142467428680055,0.4857532414813045,0.85,0.75
53011,rest,0.9579142332077026,0.04208574444055557,ExponentialSmoothing,0.5807968664189601,0.4192031169251922,0.85,0.75
53061,rest,0.9775074124336243,0.02249261923134327,ExponentialSmoothing,0.6403034483211597,0.3596965422711148,0.85,0.75
53086,rest,0.9865186810493469,0.01348129566758871,ExponentialSmoothing,0.6922357332303878,0.3077642552805859,0.85,0.75
53136,rest,0.9958890080451965,0.004111042246222496,ExponentialSmoothing,0.7377837244526091,0.26221627332543135,0.85,0.75
53186,left_hand,0.9987291693687439,0.0012708409922197461,ExponentialSmoothing,0.7769255411900293,0.2230744584754496,0.85,0.75
53211,left_hand,0.998916506767273,0.0010835339780896902,ExponentialSmoothing,0.810224186026616,0.18977581980084562,0.85,0.75
53261,left_hand,0.9986059069633484,0.0013941561337560415,ExponentialSmoothing,0.8384814441671259,0.16151857025078217,0.85,0.75
53336,left_hand,0.9876213669776917,0.01237861905246973,ExponentialSmoothing,0.8608524325887108,0.1391475775710353,0.85,0.75
53361,left_hand,0.9340248703956604,0.06597509980201721,ExponentialSmoothing,0.8718282982597533,0.12817170590568258,0.85,0.75
53386,left_hand,0.24766571819782257,0.7523342967033386,ExponentialSmoothing,0.7782039112504636,0.221796094525331,0.85,0.75
53436,rest,0.13280943036079407,0.8671905398368835,ExponentialSmoothing,0.6813947391170132,0.3186052613220639,0.85,0.75
53461,rest,0.012968440540134907,0.9870316386222839,ExponentialSmoothing,0.5811307943304814,0.4188692179170969,0.85,0.75
53511,rest,0.01476354617625475,0.9852365255355835,ExponentialSmoothing,0.49617570710734743,0.5038243140598699,0.85,0.75
53536,rest,0.007553358096629381,0.9924466609954834,ExponentialSmoothing,0.4228823547557397,0.577117666100212,0.85,0.75
53586,rest,0.01778578758239746,0.9822141528129578,ExponentialSmoothing,0.36211786967973836,0.6378821391071239,0.85,0.75
53636,rest,0.028302012011408806,0.9716979265213013,ExponentialSmoothing,0.3120454910294889,0.6879545072192504,0.85,0.75
53661,rest,0.041497841477394104,0.9585021734237671,ExponentialSmoothing,0.2714633435966747,0.7285366571499279,0.85,0.75
53711,right_hand,0.03057272545993328,0.969427227973938,ExponentialSmoothing,0.23532975087616345,0.7646702427735294,0.85,0.75
53736,right_hand,0.050541579723358154,0.9494584798812866,ExponentialSmoothing,0.20761152520324264,0.792388478339693,0.85,0.75
53761,right_hand,0.06392233818769455,0.9360777139663696,ExponentialSmoothing,0.1860581471509104,0.8139418636836944,0.85,0.75
53811,right_hand,0.30709338188171387,0.6929066181182861,ExponentialSmoothing,0.20421343236053094,0.7957865768488831,0.85,0.75
53836,right_hand,0.19295381009578705,0.8070461750030518,ExponentialSmoothing,0.20252448902081935,0.7974755165720084,0.85,0.75
53886,rest,0.6609340310096741,0.33906590938568115,ExponentialSmoothing,0.27128592031914756,0.7287140754940594,0.85,0.75
53911,rest,0.9218437671661377,0.07815620303153992,ExponentialSmoothing,0.36886959734619607,0.6311303946246815,0.85,0.75
53961,rest,0.9836999773979187,0.01630004122853279,ExponentialSmoothing,0.4610941543539545,0.5389058416152591,0.85,0.75
53986,rest,0.9834843277931213,0.016515608876943588,ExponentialSmoothing,0.5394526803698296,0.46054730670451177,0.85,0.75
54036,rest,0.9604985117912292,0.039501458406448364,ExponentialSmoothing,0.6026095550830396,0.39739042945980224,0.85,0.75
54061,rest,0.9565687775611877,0.043431226164102554,ExponentialSmoothing,0.6557034384547619,0.3442965489654473,0.85,0.75
54111,rest,0.9503656625747681,0.04963434860110283,ExponentialSmoothing,0.6999027720727627,0.3000972189107956,0.85,0.75
54136,rest,0.9566616415977478,0.04333836957812309,ExponentialSmoothing,0.7384166025015104,0.2615833915108947,0.85,0.75
54186,left_hand,0.9719345569610596,0.028065435588359833,ExponentialSmoothing,0.7734442956704428,0.2265556981225145,0.85,0.75
54211,left_hand,0.9927419424057007,0.007258069235831499,ExponentialSmoothing,0.8063389426807315,0.19366105378951204,0.85,0.75
54261,left_hand,0.9986822009086609,0.0013177716173231602,ExponentialSmoothing,0.8351904314149209,0.1648095614636837,0.85,0.75
54286,left_hand,0.9991171956062317,0.0008827921701595187,ExponentialSmoothing,0.8597794460436174,0.14022054606965506,0.85,0.75
54336,left_hand,0.9994003772735596,0.0005995818646624684,ExponentialSmoothing,0.8807225857281088,0.11927740143890617,0.85,0.75
54361,left_hand,0.9996095299720764,0.00039048344478942454,ExponentialSmoothing,0.898555627364704,0.10144436373978866,0.85,0.75
54411,left_hand,0.9997836947441101,0.00021636862948071212,ExponentialSmoothing,0.9137398374716149,0.08626016447324247,0.85,0.75
54461,left_hand,0.9998471736907959,0.00015278362843673676,ExponentialSmoothing,0.9266559379044921,0.07334405734652161,0.85,0.75
54486,left_hand,0.9998595714569092,0.00014041236136108637,ExponentialSmoothing,0.9376364829373546,0.06236351059874753,0.85,0.75
54511,left_hand,0.9998779296875,0.0001220547710545361,ExponentialSmoothing,0.9469726999498764,0.05302729222459358,0.85,0.75
54536,left_hand,0.9998879432678223,0.00011209111107746139,ExponentialSmoothing,0.9549099864475683,0.04509001205756616,0.85,0.75
54586,left_hand,0.9998632669448853,0.00013674149522557855,ExponentialSmoothing,0.9616529785221659,0.038347021473215066,0.85,0.75
54611,left_hand,0.9998295307159424,0.0001704823662294075,ExponentialSmoothing,0.9673794613512324,0.032620540607167216,0.85,0.75
54661,left_hand,0.9997854828834534,0.00021452599321492016,ExponentialSmoothing,0.9722403645810656,0.02775963841507437,0.85,0.75
54711,left_hand,0.999745786190033,0.000254264276009053,ExponentialSmoothing,0.9763661778224106,0.023633832294214573,0.85,0.75
54736,left_hand,0.9997453093528748,0.0002546453906688839,ExponentialSmoothing,0.9798730475519803,0.02012695425868272,0.85,0.75
54761,left_hand,0.9997226595878601,0.0002773587475530803,ExponentialSmoothing,0.9828504893573624,0.017149514932013273,0.85,0.75
54836,left_hand,0.999135434627533,0.0008645476191304624,ExponentialSmoothing,0.985293231147888,0.014706769835080851,0.85,0.75
54886,left_hand,0.9967052340507507,0.003294831607490778,ExponentialSmoothing,0.9870050315833174,0.01299497910094234,0.85,0.75
54911,left_hand,0.9961866736412048,0.003813370829448104,ExponentialSmoothing,0.9883822778920006,0.011617737860218205,0.85,0.75
54961,left_hand,0.9928814172744751,0.007118604611605406,ExponentialSmoothing,0.9890571487993718,0.010942867872926285,0.85,0.75
55011,left_hand,0.9805919528007507,0.01940809190273285,ExponentialSmoothing,0.9877873693995787,0.012212651477397269,0.85,0.75
55036,left_hand,0.9821121692657471,0.017887800931930542,ExponentialSmoothing,0.9869360893795038,0.01306392389557726,0.85,0.75
55086,left_hand,0.918530285358429,0.08146969228982925,ExponentialSmoothing,0.9766752187763426,0.02332478915471506,0.85,0.75
55111,left_hand,0.7384154796600342,0.2615845501422882,ExponentialSmoothing,0.9409362579088963,0.05906375330285103,0.85,0.75
55161,left_hand,0.07977015525102615,0.9202297925949097,ExponentialSmoothing,0.8117613425102157,0.18823865919665986,0.85,0.75
55211,rest,0.012380414642393589,0.9876196384429932,ExponentialSmoothing,0.6918542033300424,0.30814580608360986,0.85,0.75
55236,rest,0.009721283800899982,0.9902786612510681,ExponentialSmoothing,0.5895342654006711,0.41046573435872863,0.85,0.75
55286,rest,0.002852656180039048,0.9971473813056946,ExponentialSmoothing,0.5015320240175762,0.49846798140077353,0.85,0.75
55336,rest,0.0010881293565034866,0.9989118576049805,ExponentialSmoothing,0.42646543981841534,0.5735345628314046,0.85,0.75
55386,rest,0.0004599920939654112,0.9995400905609131,ExponentialSmoothing,0.36256462265974787,0.6374353919908309,0.85,0.75
55411,rest,0.00030639697797596455,0.9996936321258545,ExponentialSmoothing,0.3082258888074821,0.6917741280110844,0.85,0.75
55461,rest,0.00023919579689390957,0.9997608065605164,ExponentialSmoothing,0.26202788485589384,0.7379721297934991,0.85,0.75
55486,right_hand,0.0003283284604549408,0.9996716976165771,ExponentialSmoothing,0.222772951396578,0.7772270649669608,0.85,0.75
55536,right_hand,0.000458878610515967,0.999541163444519,ExponentialSmoothing,0.1894258404786687,0.8105741797385946,0.85,0.75
55561,right_hand,0.0004632683703675866,0.9995367527008057,ExponentialSmoothing,0.16108145466242352,0.8389185656829263,0.85,0.75
55611,right_hand,0.0003504474298097193,0.9996495246887207,ExponentialSmoothing,0.13697180357753144,0.8630282095337954,0.85,0.75
55636,right_hand,0.0003410556528251618,0.9996589422225952,ExponentialSmoothing,0.1164771913888255,0.8835228194371154,0.85,0.75
55661,right_hand,0.00030614034039899707,0.9996938705444336,ExponentialSmoothing,0.09905153373156152,0.9009484771032131,0.85,0.75
55736,right_hand,0.0007643459248356521,0.9992356300354004,ExponentialSmoothing,0.08430845556055264,0.9156915500430413,0.85,0.75
55761,right_hand,0.0008747268584556878,0.9991253018379211,ExponentialSmoothing,0.07179339625523809,0.9282066128122732,0.85,0.75
55786,right_hand,0.0012550080427899957,0.9987449645996094,ExponentialSmoothing,0.061212638023370874,0.9387873655803737,0.85,0.75
55836,right_hand,0.001266286475583911,0.9987336993217468,ExponentialSmoothing,0.05222068529120283,0.9477793156415797,0.85,0.75
55861,right_hand,0.0013938057236373425,0.998606264591217,ExponentialSmoothing,0.044596653356068,0.9554033579840253,0.85,0.75
55911,right_hand,0.001715244841761887,0.9982847571372986,ExponentialSmoothing,0.038164442078922084,0.9618355678570163,0.85,0.75
55936,right_hand,0.002116754651069641,0.9978832602500916,ExponentialSmoothing,0.03275728896474422,0.9672427217159776,0.85,0.75
55961,right_hand,0.0019610037561506033,0.9980390667915344,ExponentialSmoothing,0.028137846183455172,0.9718621734773112,0.85,0.75
56011,right_hand,0.00339486007578671,0.9966051578521729,ExponentialSmoothing,0.024426398267304902,0.9755736211335404,0.85,0.75
56061,right_hand,0.008247744292020798,0.9917523264884949,ExponentialSmoothing,0.021999600171012285,0.9780004269367835,0.85,0.75
56086,right_hand,0.02008659765124321,0.9799133539199829,ExponentialSmoothing,0.021712649793046924,0.9782873659842635,0.85,0.75
56136,right_hand,0.5539284944534302,0.4460715055465698,ExponentialSmoothing,0.10154502649210442,0.8984549869186094,0.85,0.75
56161,right_hand,0.8319709897041321,0.16802899539470673,ExponentialSmoothing,0.2111089209739086,0.788891088190024,0.85,0.75
56211,rest,0.9682154655456543,0.03178451955318451,ExponentialSmoothing,0.3246749026596705,0.6753251028944981,0.85,0.75
56236,rest,0.9786860942840576,0.021313872188329697,ExponentialSmoothing,0.4227765814033285,0.5772234182885728,0.85,0.75
56286,rest,0.9875926375389099,0.012407355941832066,ExponentialSmoothing,0.5074989898236657,0.4925010089365617,0.85,0.75
56311,rest,0.992660403251648,0.007339584641158581,ExponentialSmoothing,0.580273201837863,0.4197267952922512,0.85,0.75
56361,rest,0.9969346523284912,0.003065285738557577,ExponentialSmoothing,0.6427724194114572,0.35722756885919715,0.85,0.75
56386,rest,0.998075008392334,0.0019250042969360948,ExponentialSmoothing,0.6960678077585888,0.303932184174858,0.85,0.75
56436,rest,0.9991494417190552,0.0008505876176059246,ExponentialSmoothing,0.7415300528526587,0.2584699446912702,0.85,0.75
56461,left_hand,0.998690664768219,0.001309395069256425,ExponentialSmoothing,0.7801041446399928,0.21989586224796814,0.85,0.75
56511,left_hand,0.9956364035606384,0.004363603889942169,ExponentialSmoothing,0.8124339834780897,0.18756602349426424,0.85,0.75
56561,left_hand,0.9801617860794067,0.019838226959109306,ExponentialSmoothing,0.8375931538682873,0.162406854013991,0.85,0.75
56586,left_hand,0.9462085366249084,0.05379144847393036,ExponentialSmoothing,0.8538854612817804,0.1461145431829819,0.85,0.75
56611,left_hand,0.8197769522666931,0.18022307753562927,ExponentialSmoothing,0.8487691849295174,0.151230823335879,0.85,0.75
56661,left_hand,0.6786298751831055,0.3213701844215393,ExponentialSmoothing,0.8232482884675556,0.17675172749872806,0.85,0.75
56686,left_hand,0.5126985907554626,0.48730140924453735,ExponentialSmoothing,0.7766658338107416,0.22333417976059944,0.85,0.75
56736,rest,0.5079962015151978,0.49200379848480225,ExponentialSmoothing,0.73636538896641,0.26363462256922987,0.85,0.75
56761,rest,0.5540669560432434,0.445933073759079,ExponentialSmoothing,0.7090206240279351,0.29097939024770725,0.85,0.75
56811,rest,0.5485188364982605,0.4514811336994171,ExponentialSmoothing,0.6849453558984838,0.31505465176546377,0.85,0.75
56861,rest,0.6653042435646057,0.3346957862377167,ExponentialSmoothing,0.6819991890484021,0.3180008219363017,0.85,0.75
56886,rest,0.7722419500350952,0.22775799036026,ExponentialSmoothing,0.6955356031964061,0.30446439719989543,0.85,0.75
56936,rest,0.6247960329055786,0.3752039968967438,ExponentialSmoothing,0.684924667652782,0.3150753371544227,0.85,0.75
56961,rest,0.6604437828063965,0.3395562469959259,ExponentialSmoothing,0.6812525349258243,0.3187474736306482,0.85,0.75
56986,rest,0.6725570559501648,0.32744288444519043,ExponentialSmoothing,0.6799482130794753,0.3200517852528295,0.85,0.75
57036,rest,0.11683329939842224,0.8831667304039001,ExponentialSmoothing,0.5954809760273173,0.40451902702549014,0.85,0.75
57061,rest,0.08375472575426102,0.9162452220916748,ExponentialSmoothing,0.5187220384863588,0.48127795628541786,0.85,0.75
57111,rest,0.0517771951854229,0.9482228755950928,ExponentialSmoothing,0.4486803119912184,0.5513196941818691,0.85,0.75
57136,rest,0.0834561213850975,0.9165438413619995,ExponentialSmoothing,0.3938966834003002,0.6061033162588887,0.85,0.75
57186,rest,0.03951406851410866,0.9604858756065369,ExponentialSmoothing,0.34073929116737145,0.659260700161036,0.85,0.75
57236,rest,0.006960410159081221,0.993039608001709,ExponentialSmoothing,0.29067245901612787,0.709327536337137,0.85,0.75
57261,right_hand,0.002209205413237214,0.9977908134460449,ExponentialSmoothing,0.24740297097569428,0.7525970279034732,0.85,0.75
57286,right_hand,0.00149769417475909,0.9985023736953735,ExponentialSmoothing,0.21051717945555398,0.7894828297722581,0.85,0.75
57336,right_hand,0.00024092545208986849,0.9997590184211731,ExponentialSmoothing,0.17897574135503436,0.8210242580695954,0.85,0.75
57361,right_hand,0.00017487035074736923,0.9998251795768738,ExponentialSmoothing,0.15215561070439132,0.8478443962956872,0.85,0.75
57411,right_hand,0.0001331693638348952,0.9998668432235718,ExponentialSmoothing,0.12935224450330784,0.8706477633348699,0.85,0.75
57436,right_hand,0.0002439270174363628,0.9997560381889343,ExponentialSmoothing,0.10998599688042712,0.8900140045629796,0.85,0.75
57486,right_hand,0.0004934972384944558,0.9995064735412598,ExponentialSmoothing,0.09356212193413722,0.9064378749097216,0.85,0.75
57511,right_hand,0.0008286123047582805,0.9991713762283325,ExponentialSmoothing,0.07965209548973039,0.9203479001075132,0.85,0.75
57561,right_hand,0.0012024707393720746,0.9987975358963013,ExponentialSmoothing,0.06788465177717663,0.9321153454758314,0.85,0.75
57586,right_hand,0.001069220481440425,0.9989307522773743,ExponentialSmoothing,0.057862337082816205,0.9421376564960628,0.85,0.75
57611,right_hand,0.0008073936332948506,0.9991926550865173,ExponentialSmoothing,0.049304095565388,0.9506959062846311,0.85,0.75
57661,right_hand,0.0004522708186414093,0.9995476603507996,ExponentialSmoothing,0.041976321853376006,0.9580236693945564,0.85,0.75
57711,right_hand,0.00023808293917682022,0.9997618794441223,ExponentialSmoothing,0.03571558601624613,0.9642844009019913,0.85,0.75
57736,right_hand,0.00021081429440528154,0.9997891783714294,ExponentialSmoothing,0.030389870257970002,0.969610117522407,0.85,0.75
57786,right_hand,0.0001792919065337628,0.9998207688331604,ExponentialSmoothing,0.025858283505254567,0.9741417152190199,0.85,0.75
57836,right_hand,0.00027953481185249984,0.9997203946113586,ExponentialSmoothing,0.022021471201244258,0.9779785171278708,0.85,0.75
57861,right_hand,0.00033501844154670835,0.9996650218963623,ExponentialSmoothing,0.018768503287289625,0.9812314928431445,0.85,0.75
57886,right_hand,0.0003841856960207224,0.9996157884597778,ExponentialSmoothing,0.01601085564859929,0.9839891371856395,0.85,0.75
57936,right_hand,0.0003015710972249508,0.9996984004974365,ExponentialSmoothing,0.013654462965893139,0.986345526682409,0.85,0.75
57961,right_hand,0.0002337370242457837,0.9997662901878357,ExponentialSmoothing,0.011641354074646035,0.988358641208223,0.85,0.75
58011,right_hand,0.00010674251097952947,0.9998931884765625,ExponentialSmoothing,0.009911162340096058,0.9900888232984739,0.85,0.75
58036,right_hand,0.00010254010703647509,0.9998974800109863,ExponentialSmoothing,0.00843986900513712,0.9915601218053508,0.85,0.75
58061,right_hand,9.564337960910052e-05,0.9999043941497803,ExponentialSmoothing,0.007188235161307917,0.9928117626570152,0.85,0.75
58111,right_hand,0.00011118772090412676,0.9998887777328491,ExponentialSmoothing,0.006126678045247348,0.9938733149183903,0.85,0.75
58161,right_hand,0.00013257539831101894,0.9998674392700195,ExponentialSmoothing,0.005227562648206899,0.9947724335711347,0.85,0.75
58211,right_hand,0.00021103610924910754,0.9997889399528503,ExponentialSmoothing,0.004475083667363229,0.995524909528392,0.85,0.75
58236,right_hand,0.00033778263605199754,0.9996622800827026,ExponentialSmoothing,0.0038544885126665443,0.9961455151115386,0.85,0.75
58261,right_hand,0.0006053783581592143,0.9993946552276611,ExponentialSmoothing,0.0033671219894904447,0.996632886128957,0.85,0.75
58311,right_hand,0.0006243595853447914,0.9993756413459778,ExponentialSmoothing,0.0029557076288685966,0.9970442994115101,0.85,0.75
58336,right_hand,0.0007654159562662244,0.9992345571517944,ExponentialSmoothing,0.0026271638779782405,0.9973728380725528,0.85,0.75
58361,right_hand,0.000619573169387877,0.999380350112915,ExponentialSmoothing,0.0023260252716896857,0.9976739648786072,0.85,0.75
58411,right_hand,0.00039510391070507467,0.9996048808097839,ExponentialSmoothing,0.002036387067541994,0.9979636022682837,0.85,0.75
58461,right_hand,0.0002995401155203581,0.9997005462646484,ExponentialSmoothing,0.0017758600247387484,0.9982241438677385,0.85,0.75
58511,right_hand,0.0005323589430190623,0.999467670917511,ExponentialSmoothing,0.0015893348624807955,0.9984106729252044,0.85,0.75
58561,right_hand,0.0009075769921764731,0.9990924596786499,ExponentialSmoothing,0.0014870711819351473,0.9985129409382212,0.85,0.75
58611,right_hand,0.0016930341953411698,0.9983069896697998,ExponentialSmoothing,0.0015179656339460506,0.998482048247958,0.85,0.75
58636,right_hand,0.0019579960498958826,0.9980419874191284,ExponentialSmoothing,0.0015839701963385254,0.9984160391236336,0.85,0.75
58686,right_hand,0.0009170456323772669,0.9990829229354858,ExponentialSmoothing,0.0014839315117443368,0.9985160716954115,0.85,0.75
58711,right_hand,0.0006420430145226419,0.9993579983711243,ExponentialSmoothing,0.0013576482371610826,0.9986423606967684,0.85,0.75
58761,right_hand,0.00039089645724743605,0.9996091723442078,ExponentialSmoothing,0.0012126354701740357,0.9987873824438842,0.85,0.75
58786,right_hand,0.0004346727509982884,0.9995653033256531,ExponentialSmoothing,0.0010959410622976735,0.9989040705761496,0.85,0.75
58836,right_hand,0.00047195854131132364,0.9995280504226685,ExponentialSmoothing,0.001002343684149721,0.9989976675531274,0.85,0.75
58861,right_hand,0.000895038596354425,0.999104917049408,ExponentialSmoothing,0.0009862479209804265,0.9990137549775695,0.85,0.75
58911,right_hand,0.0028013307601213455,0.9971987009048462,ExponentialSmoothing,0.0012585103468515644,0.998741496866661,0.85,0.75
58961,right_hand,0.003642761381343007,0.996357262134552,ExponentialSmoothing,0.001616148002025281,0.9983838616568447,0.85,0.75
58986,right_hand,0.004093985538929701,0.9959059953689575,ExponentialSmoothing,0.0019878236325609443,0.9980121817136616,0.85,0.75
59011,right_hand,0.005303715821355581,0.9946962594985962,ExponentialSmoothing,0.00248520746088014,0.9975147933814017,0.85,0.75
59061,right_hand,0.0024136947467923164,0.9975862503051758,ExponentialSmoothing,0.0024744805537669666,0.9975255119199677,0.85,0.75
59086,right_hand,0.0027282163500785828,0.997271716594696,ExponentialSmoothing,0.0025125409232137088,0.9974874426211771,0.85,0.75
59136,right_hand,0.0017892919713631272,0.9982106685638428,ExponentialSmoothing,0.0024040535804361217,0.9975959265125769,0.85,0.75
59161,right_hand,0.002431432018056512,0.9975685477256775,ExponentialSmoothing,0.0024081603460791804,0.9975918196945419,0.85,0.75
59211,right_hand,0.0026852996088564396,0.9973146319389343,ExponentialSmoothing,0.0024497312354957693,0.9975502415312008,0.85,0.75
59236,right_hand,0.005736634600907564,0.9942633509635925,ExponentialSmoothing,0.0029427667403075387,0.9970572079460596,0.85,0.75
59286,right_hand,0.024676330387592316,0.9753236770629883,ExponentialSmoothing,0.0062028012874002555,0.9937971783135989,0.85,0.75
59311,right_hand,0.11187390983104706,0.888126015663147,ExponentialSmoothing,0.02205346756894728,0.9779465039160311,0.85,0.75
59336,right_hand,0.5790892243385315,0.4209108054637909,ExponentialSmoothing,0.10560883108438493,0.8943911491481951,0.85,0.75
59386,right_hand,0.6513471603393555,0.3486528694629669,ExponentialSmoothing,0.18746958047263051,0.8125304071954109,0.85,0.75
59411,rest,0.9380895495414734,0.0619104728102684,ExponentialSmoothing,0.3000625758329569,0.6999374170376396,0.85,0.75
59461,rest,0.9822246432304382,0.0177754033356905,ExponentialSmoothing,0.4023868859425791,0.5976131149823473,0.85,0.75
59511,rest,0.9934533834457397,0.006546588148921728,ExponentialSmoothing,0.49104686056805325,0.5089531359573335,0.85,0.75
59536,rest,0.9949630498886108,0.005036978516727686,ExponentialSmoothing,0.5666342889661369,0.4333657123412426,0.85,0.75
59586,rest,0.9978396892547607,0.0021603114437311888,ExponentialSmoothing,0.6313150990094305,0.36868490220661587,0.85,0.75
59611,rest,0.9978848099708557,0.0021151588298380375,ExponentialSmoothing,0.6863005556536443,0.3136994407000992,0.85,0.75
59636,rest,0.996268630027771,0.0037313513457775116,ExponentialSmoothing,0.7327957668097633,0.2672042272969509,0.85,0.75
59686,left_hand,0.9884784817695618,0.011521544307470322,ExponentialSmoothing,0.7711481740537331,0.2288518248485288,0.85,0.75
59711,left_hand,0.9844834208488464,0.015516540966928005,ExponentialSmoothing,0.8031484610730002,0.19685153226628868,0.85,0.75
59761,left_hand,0.6771146059036255,0.3228854238986969,ExponentialSmoothing,0.7842433827975941,0.21575661601114993,0.85,0.75
59811,rest,0.5410544276237488,0.4589455723762512,ExponentialSmoothing,0.7477650395215173,0.2522349594659151,0.85,0.75
59836,rest,0.2196054458618164,0.7803945541381836,ExponentialSmoothing,0.6685411004725621,0.3314588986667554,0.85,0.75
59886,rest,0.11238481849431992,0.8876152038574219,ExponentialSmoothing,0.5851176581758257,0.4148823444453553,0.85,0.75
59911,rest,0.07145605981349945,0.9285439252853394,ExponentialSmoothing,0.5080684184214768,0.49193158157135297,0.85,0.75
59961,rest,0.045199133455753326,0.9548008441925049,ExponentialSmoothing,0.43863802567661825,0.5613619709645258,0.85,0.75
59986,rest,0.027408771216869354,0.97259122133255,ExponentialSmoothing,0.3769536375076559,0.6230463585197294,0.85,0.75
60036,rest,0.010341457091271877,0.989658534526825,ExponentialSmoothing,0.3219618104451983,0.6780381849207937,0.85,0.75
60086,rest,0.004629867617040873,0.995370090007782,ExponentialSmoothing,0.2743620190209747,0.7256379706838421,0.85,0.75
60111,right_hand,0.007872057147324085,0.9921278953552246,ExponentialSmoothing,0.2343885247399271,0.7656114593845496,0.85,0.75
60136,right_hand,0.008512211963534355,0.9914877414703369,ExponentialSmoothing,0.2005070778234682,0.7994929016974177,0.85,0.75
60161,right_hand,0.003720460692420602,0.9962795376777649,ExponentialSmoothing,0.17098908525381104,0.8290108970944698,0.85,0.75
60211,right_hand,0.0011530168121680617,0.9988470077514648,ExponentialSmoothing,0.14551367498756457,0.8544863136930191,0.85,0.75
60261,right_hand,0.0004184309218544513,0.999581515789032,ExponentialSmoothing,0.12374938837770805,0.876250594007421,0.85,0.75
60286,right_hand,0.00032808029209263623,0.9996719360351562,ExponentialSmoothing,0.10523619216486572,0.8947637953115813,0.85,0.75
60336,right_hand,0.00015496982086915523,0.999845027923584,ExponentialSmoothing,0.08947400881326624,0.9105259802033817,0.85,0.75
60361,right_hand,7.89874029578641e-05,0.9999209642410278,ExponentialSmoothing,0.07606475560171998,0.9239352278090286,0.85,0.75
60411,right_hand,2.098103504977189e-05,0.9999790191650391,ExponentialSmoothing,0.06465818941671944,0.9353417965124302,0.85,0.75
60436,right_hand,1.3511265933630057e-05,0.9999865293502808,ExponentialSmoothing,0.054961487694101564,0.9450385064381078,0.85,0.75
60486,right_hand,7.50796471038484e-06,0.9999924898147583,ExponentialSmoothing,0.04671839073469289,0.9532816039446054,0.85,0.75
60536,right_hand,5.53544077774859e-06,0.9999945163726807,ExponentialSmoothing,0.03971146244060562,0.9602885408088166,0.85,0.75
60561,right_hand,5.3535827646555845e-06,0.9999946355819702,ExponentialSmoothing,0.03375554611192947,0.9662444550247897,0.85,0.75
60586,right_hand,3.832780748780351e-06,0.9999961853027344,ExponentialSmoothing,0.028692789112252363,0.9713072145664815,0.85,0.75
60611,right_hand,2.8059655505785486e-06,0.9999971389770508,ExponentialSmoothing,0.024389291640247095,0.975610703228067,0.85,0.75
60661,right_hand,1.9681916455738246e-05,0.9999803304672241,ExponentialSmoothing,0.020733850181678393,0.9792661473139406,0.85,0.75
60711,right_hand,1.323282685916638e-05,0.9999867677688599,ExponentialSmoothing,0.017625757578455508,0.9823742403821785,0.85,0.75
60736,right_hand,1.4691325304738712e-05,0.9999853372573853,ExponentialSmoothing,0.014984097640482892,0.9850159049134595,0.85,0.75
60786,right_hand,1.1058162272092886e-05,0.9999889135360718,ExponentialSmoothing,0.012738141718751273,0.9872618562068513,0.85,0.75
60811,right_hand,1.3875734111934435e-05,0.9999861717224121,ExponentialSmoothing,0.010829501821055371,0.9891705035341853,0.85,0.75
60861,right_hand,1.3373561159824021e-05,0.9999866485595703,ExponentialSmoothing,0.009207082582071039,0.9907929252879931,0.85,0.75
60911,right_hand,1.8306700440007262e-05,0.9999816417694092,ExponentialSmoothing,0.007828766199826384,0.9921712327602055,0.85,0.75
60936,right_hand,2.646486427693162e-05,0.9999735355377197,ExponentialSmoothing,0.006658420999493965,0.9933415781768327,0.85,0.75
60961,right_hand,4.671563510783017e-05,0.9999532699584961,ExponentialSmoothing,0.005666665194836045,0.9943333319440822,0.85,0.75
61011,right_hand,0.00012733216863125563,0.9998726844787598,ExponentialSmoothing,0.004835765240905327,0.9951642348242838,0.85,0.75
61061,right_hand,0.00011072662891820073,0.9998892545700073,ExponentialSmoothing,0.0041270094491072575,0.9958729877861423,0.85,0.75
61086,right_hand,0.00010840871254913509,0.9998916387557983,ExponentialSmoothing,0.0035242193386235392,0.9964757854315907,0.85,0.75
61111,right_hand,0.00010082931112265214,0.99989914894104,ExponentialSmoothing,0.003010710834498406,0.9969892899580082,0.85,0.75
61161,right_hand,0.00017263343033846468,0.9998273849487305,ExponentialSmoothing,0.0025849992238744144,0.9974150042066166,0.85,0.75
61186,right_hand,0.0001595503417775035,0.9998403787612915,ExponentialSmoothing,0.0022211818915598776,0.9977788103898177,0.85,0.75
61236,right_hand,0.00015789254393894225,0.9998420476913452,ExponentialSmoothing,0.0019116884894167373,0.9980882959850469,0.85,0.75
61261,right_hand,0.00016104888345580548,0.9998389482498169,ExponentialSmoothing,0.0016490925485225976,0.9983508938247625,0.85,0.75
61311,right_hand,0.0001968921278603375,0.9998031258583069,ExponentialSmoothing,0.0014312624854232584,0.9985687286297942,0.85,0.75
61361,right_hand,0.00023194302048068494,0.999768078327179,ExponentialSmoothing,0.0012513645656818725,0.9987486310844019,0.85,0.75
61386,right_hand,0.0002408997534075752,0.9997591376304626,ExponentialSmoothing,0.0010997948438407278,0.998900207066311,0.85,0.75
61411,right_hand,0.00021436487440951169,0.9997856020927429,ExponentialSmoothing,0.0009669803484260454,0.9990330163202759,0.85,0.75
61461,right_hand,0.0003668279678095132,0.9996331930160522,ExponentialSmoothing,0.0008769574913335656,0.9991230428246424,0.85,0.75
61511,right_hand,0.0004986975691281259,0.9995013475418091,ExponentialSmoothing,0.0008202185030027495,0.9991797885322173,0.85,0.75
61536,right_hand,0.0007965618278831244,0.9992035031318665,ExponentialSmoothing,0.0008166700017348058,0.9991833457221646,0.85,0.75
61561,right_hand,0.002227175049483776,0.997772753238678,ExponentialSmoothing,0.0010282457588971514,0.9989717568496417,0.85,0.75
61611,right_hand,0.007211802527308464,0.9927882552146912,ExponentialSmoothing,0.0019557792741588483,0.9980442316043991,0.85,0.75
61636,right_hand,0.0067650265991687775,0.9932349324226379,ExponentialSmoothing,0.002677166372910338,0.997322836727135,0.85,0.75
61686,right_hand,0.010262022726237774,0.9897379279136658,ExponentialSmoothing,0.0038148948259094533,0.9961851004051147,0.85,0.75
61736,right_hand,0.008270010352134705,0.9917300343513489,ExponentialSmoothing,0.004483162154843241,0.9955168404970498,0.85,0.75
61761,right_hand,0.006036459933966398,0.9939635396003723,ExponentialSmoothing,0.004716156821711715,0.9952838453625482,0.85,0.75
61811,right_hand,0.007951373234391212,0.9920485615730286,ExponentialSmoothing,0.00520143928361364,0.9947985527941203,0.85,0.75
61836,right_hand,0.006279592402279377,0.9937204122543335,ExponentialSmoothing,0.005363162251413501,0.9946368317131523,0.85,0.75
61886,right_hand,0.008324229158461094,0.9916757345199585,ExponentialSmoothing,0.0058073222874706395,0.9941926671341732,0.85,0.75
61911,right_hand,0.010135299526154995,0.9898646473884583,ExponentialSmoothing,0.006456518873273293,0.993543464172316,0.85,0.75
61936,right_hand,0.005557169672101736,0.994442880153656,ExponentialSmoothing,0.006321616493097559,0.993678376569517,0.85,0.75
61986,right_hand,0.0037819668650627136,0.9962180256843567,ExponentialSmoothing,0.005940669048892332,0.9940593239367429,0.85,0.75
62011,right_hand,0.003622079500928521,0.9963778853416443,ExponentialSmoothing,0.00559288061669776,0.9944071081474781,0.85,0.75
62061,right_hand,0.004508050624281168,0.9954919219017029,ExponentialSmoothing,0.005430156117835271,0.9945698302106118,0.85,0.75
62086,right_hand,0.005296667106449604,0.9947033524513245,ExponentialSmoothing,0.005410132766127421,0.9945898585467188,0.85,0.75
62136,right_hand,0.004835762549191713,0.9951642751693726,ExponentialSmoothing,0.005323977233587065,0.9946760210401169,0.85,0.75
62186,right_hand,0.0023206232581287622,0.9976794123649597,ExponentialSmoothing,0.004873474137268319,0.9951265297388432,0.85,0.75
62211,right_hand,0.0019394081318750978,0.9980605244636536,ExponentialSmoothing,0.004433364236459336,0.9955666289475648,0.85,0.75
62236,right_hand,0.002058112993836403,0.9979419112205505,ExponentialSmoothing,0.004077076550065896,0.9959229212885127,0.85,0.75
62286,right_hand,0.00430772639811039,0.9956923127174377,ExponentialSmoothing,0.0041116740272725705,0.9958883300028514,0.85,0.75
62311,right_hand,0.007076370995491743,0.9929236173629761,ExponentialSmoothing,0.0045563785725054465,0.9954436231068702,0.85,0.75
62361,right_hand,0.006588517222553492,0.9934114813804626,ExponentialSmoothing,0.004861199370012653,0.995138801847909,0.85,0.75
62386,right_hand,0.0049514989368617535,0.995048463344574,ExponentialSmoothing,0.004874744305040018,0.9951252510724087,0.85,0.75
62436,right_hand,0.004747046623378992,0.9952529668807983,ExponentialSmoothing,0.0048555896527908635,0.9951444084436671,0.85,0.75
62461,right_hand,0.00514842988923192,0.9948515295982361,ExponentialSmoothing,0.004899515688257022,0.9951004766168525,0.85,0.75
62511,right_hand,0.004491626750677824,0.9955084323883057,ExponentialSmoothing,0.004838332347620142,0.9951616699825705,0.85,0.75
62561,right_hand,0.002965827938169241,0.9970341920852661,ExponentialSmoothing,0.004557456686202507,0.9954425482979747,0.85,0.75
62586,right_hand,0.004549051634967327,0.9954509139060974,ExponentialSmoothing,0.00455619592851723,0.9954438031391931,0.85,0.75
62636,right_hand,0.00292372633703053,0.9970762729644775,ExponentialSmoothing,0.004311325489794225,0.9956886736129857,0.85,0.75
62661,right_hand,0.0037049551028758287,0.9962950348854065,ExponentialSmoothing,0.004220369931756465,0.9957796278038489,0.85,0.75
62686,right_hand,0.0036980286240577698,0.9963020086288452,ExponentialSmoothing,0.004142018735601661,0.9958579849275984,0.85,0.75
62736,right_hand,0.008115330711007118,0.991884708404541,ExponentialSmoothing,0.00473801553191248,0.9952619934491398,0.85,0.75
62761,right_hand,0.01376204751431942,0.9862380027770996,ExponentialSmoothing,0.0060916203292735215,0.9939083948483338,0.85,0.75
62811,right_hand,0.036597076803445816,0.9634028673171997,ExponentialSmoothing,0.010667438800399366,0.9893325657186638,0.85,0.75
62836,right_hand,0.032722558826208115,0.9672774076461792,ExponentialSmoothing,0.013975706804270679,0.9860242920077912,0.85,0.75
62886,right_hand,0.09790273010730743,0.9020972847938538,ExponentialSmoothing,0.026564760299726195,0.9734352409257006,0.85,0.75
62911,right_hand,0.24691112339496613,0.7530888915061951,ExponentialSmoothing,0.05961671476401219,0.9403832885127748,0.85,0.75
62961,right_hand,0.5890834927558899,0.41091644763946533,ExponentialSmoothing,0.13903673146279386,0.8609632623817783,0.85,0.75
63011,right_hand,0.2708285450935364,0.7291713953018188,ExponentialSmoothing,0.15880550350740524,0.8411944823197844,0.85,0.75
63061,rest,0.9511282444000244,0.048871707171201706,ExponentialSmoothing,0.2776539146412982,0.722346066047497,0.85,0.75
63111,rest,0.9453664422035217,0.05463351309299469,ExponentialSmoothing,0.37781079377563176,0.6221891831043217,0.85,0.75
63161,rest,0.8085598349571228,0.19144012033939362,ExponentialSmoothing,0.4424231499528554,0.5575768236895825,0.85,0.75
63186,rest,0.860405683517456,0.13959431648254395,ExponentialSmoothing,0.5051205299875455,0.4948794476085267,0.85,0.75
63211,rest,0.836937665939331,0.16306233406066895,ExponentialSmoothing,0.5548931003803134,0.445106880576348,0.85,0.75
63261,rest,0.692162036895752,0.30783793330192566,ExponentialSmoothing,0.5754834408576291,0.42451653848518467,0.85,0.75
63286,rest,0.9221166968345642,0.07788334786891937,ExponentialSmoothing,0.6274784292541694,0.3725215598927449,0.85,0.75
63336,rest,0.9722564220428467,0.027743540704250336,ExponentialSmoothing,0.679195128172471,0.3208048570144707,0.85,0.75
63361,rest,0.9676005244255066,0.032399456948041916,ExponentialSmoothing,0.7224559376104263,0.2775440470045064,0.85,0.75
63411,rest,0.9003204703330994,0.09967952966690063,ExponentialSmoothing,0.7491356175188272,0.25086436940386553,0.85,0.75
63461,rest,0.6405354142189026,0.3594646155834198,ExponentialSmoothing,0.7328455870238385,0.2671544063307987,0.85,0.75
63486,rest,0.70100998878479,0.2989899814128876,ExponentialSmoothing,0.7280702472879812,0.27192974259311203,0.85,0.75
63511,rest,0.8312875032424927,0.16871251165866852,ExponentialSmoothing,0.7435528356811579,0.25644715795294554,0.85,0.75
63561,rest,0.6099649667739868,0.39003506302833557,ExponentialSmoothing,0.7235146553450822,0.27648534371425404,0.85,0.75
63586,rest,0.4215438961982727,0.5784561634063721,ExponentialSmoothing,0.6782190414730607,0.32178096666807177,0.85,0.75
63636,rest,0.025647396221756935,0.9743525981903076,ExponentialSmoothing,0.5803332946853651,0.41966671139640715,0.85,0.75
63661,rest,0.006686507724225521,0.9933134913444519,ExponentialSmoothing,0.4942862766411941,0.5057137283886138,0.85,0.75
63711,rest,0.0010686753084883094,0.998931348323822,ExponentialSmoothing,0.42030363644128826,0.5796963713788951,0.85,0.75
63761,rest,0.0003099523310083896,0.999690055847168,ExponentialSmoothing,0.3573045838247463,0.642695424049136,0.85,0.75
63786,rest,0.0001840886689024046,0.9998158812522888,ExponentialSmoothing,0.30373650955136966,0.696263492629609,0.85,0.75
63786,rest,0.0001840886689024046,0.9998158812522888,ExponentialSmoothing,0.25820364641899957,0.741796350923011,0.85,0.75
