sample,prediction,p_left_raw,p_right_raw,name,score_total,mean_score,n_preds
4159,left_hand,0.922581136226654,0.07741885632276535,ScorePonderado,-4.024220392107964,0.8048440784215927,5
4223,left_hand,0.8992146253585815,0.10078539699316025,ScorePonderado,-3.92318657040596,0.784637314081192,5
4287,left_hand,0.8863864541053772,0.1136135384440422,ScorePonderado,-3.89482993632555,0.77896598726511,5
4351,left_hand,0.8949359655380249,0.10506405681371689,ScorePonderado,-3.953775018453598,0.7907550036907196,5
4415,left_hand,0.9153779745101929,0.08462205529212952,ScorePonderado,-4.036992251873016,0.8073984503746032,5
4479,left_hand,0.8597304224967957,0.14026959240436554,ScorePonderado,-3.9112908020615578,0.7822581604123116,5
4543,left_hand,0.730100691318512,0.2698993384838104,ScorePonderado,-3.573062926530838,0.7146125853061676,5
4607,left_hand,0.7806417942047119,0.21935823559761047,ScorePonderado,-3.3615735694766045,0.6723147138953209,5
4671,left_hand,0.5970028042793274,0.4029971659183502,ScorePonderado,-2.7657072991132736,0.5531414598226547,5
4735,left_hand,0.3220653831958771,0.6779346466064453,ScorePonderado,-1.579082116484642,0.4581641286611557,5
4799,left_hand,0.3080505132675171,0.6919494867324829,ScorePonderado,-0.4757223129272461,0.39105175733566283,5
4863,right_hand,0.4545596241950989,0.5454403758049011,ScorePonderado,0.07535979151725769,0.317187637090683,5
4927,right_hand,0.4504143297672272,0.5495856404304504,ScorePonderado,0.7358146607875824,0.22476518750190735,5
4991,right_hand,0.7350543141365051,0.2649456858634949,ScorePonderado,0.4597116708755493,0.27998578548431396,5
5055,left_hand,0.7426877021789551,0.25731226801872253,ScorePonderado,-0.38153302669525146,0.3058870196342468,5
5119,left_hand,0.6135596036911011,0.3864404261112213,ScorePonderado,-0.992551177740097,0.27453106045722964,5
5183,left_hand,0.617243230342865,0.3827567398548126,ScorePonderado,-1.3179184198379517,0.3032522082328796,5
5247,left_hand,0.7504323124885559,0.2495676875114441,ScorePonderado,-1.9179543554782867,0.38359087109565737,5
5311,left_hand,0.8145158290863037,0.18548418581485748,ScorePonderado,-2.0768773704767227,0.41537547409534453,5
5375,left_hand,0.6146507859230042,0.38534921407699585,ScorePonderado,-1.8208035081624985,0.3641607016324997,5
5439,left_hand,0.5324158072471619,0.4675842523574829,ScorePonderado,-1.6585158854722977,0.3317031770944595,5
5503,left_hand,0.37201881408691406,0.6279811859130859,ScorePonderado,-1.1680670231580734,0.33599835336208345,5
5567,left_hand,0.37334173917770386,0.6266582608222961,ScorePonderado,-0.4138858765363693,0.2864887326955795,5
5631,right_hand,0.4676836431026459,0.5323163866996765,ScorePonderado,0.27977851033210754,0.1736089527606964,5
5695,right_hand,0.5483495593070984,0.4516504406929016,ScorePonderado,0.41238096356391907,0.1470884621143341,5
5759,right_hand,0.5103235840797424,0.48967641592025757,ScorePonderado,0.45656535029411316,0.1382515847682953,5
5823,right_hand,0.5909885764122009,0.4090114235877991,ScorePonderado,0.01862582564353943,0.12345454096794128,5
5887,left_hand,0.587437629699707,0.4125623404979706,ScorePonderado,-0.4095659852027893,0.10776629447937011,5
5951,left_hand,0.5754651427268982,0.4245349168777466,ScorePonderado,-0.6251289546489716,0.12502579092979432,5
6015,left_hand,0.64713054895401,0.3528694808483124,ScorePonderado,-0.8226909041404724,0.1645381808280945,5
6079,left_hand,0.5549014806747437,0.44509851932525635,ScorePonderado,-0.9118466973304749,0.18236933946609496,5
6143,left_hand,0.5220575928688049,0.47794243693351746,ScorePonderado,-0.7739847004413605,0.1547969400882721,5
6207,left_hand,0.48645639419555664,0.5135436654090881,ScorePonderado,-0.5720221400260925,0.1252393364906311,5
6271,left_hand,0.525650143623352,0.47434988617897034,ScorePonderado,-0.47239217162132263,0.10531334280967712,5
6335,left_hand,0.4999639689922333,0.5000360608100891,ScorePonderado,-0.17805901169776917,0.04647554755210877,5
6399,left_hand,0.5658096075057983,0.43419039249420166,ScorePonderado,-0.19987526535987854,0.05083879828453064,5
6463,left_hand,0.5905216932296753,0.4094783067703247,ScorePonderado,-0.33680349588394165,0.07822444438934326,5
6527,left_hand,0.5237072110176086,0.47629275918006897,ScorePonderado,-0.4113052189350128,0.0822898805141449,5
6591,left_hand,0.5315349102020264,0.46846508979797363,ScorePonderado,-0.42307478189468384,0.0846437931060791,5
6655,left_hand,0.7129493951797485,0.28705063462257385,ScorePonderado,-0.8490456342697144,0.16980912685394287,5
6719,left_hand,0.5969159603118896,0.40308403968811035,ScorePonderado,-0.911258339881897,0.1822516679763794,5
6783,left_hand,0.500406801700592,0.49959319829940796,ScorePonderado,-0.7310285568237305,0.14620571136474608,5
6847,left_hand,0.5519039630889893,0.44809600710868835,ScorePonderado,-0.7874220609664917,0.15748441219329834,5
6911,left_hand,0.4127565920352936,0.5872434377670288,ScorePonderado,-0.5498653948307037,0.17976781725883484,5
6975,right_hand,0.399008572101593,0.600991427898407,ScorePonderado,0.07801622152328491,0.1349846363067627,5
7039,right_hand,0.391377329826355,0.6086227297782898,ScorePonderado,0.489093542098999,0.1396673321723938,5
7103,right_hand,0.48351171612739563,0.5164883136749268,ScorePonderado,0.5228837430477142,0.1460999310016632,5
7167,right_hand,0.733624279499054,0.26637569069862366,ScorePonderado,0.15944311022758484,0.2187880575656891,5
7231,left_hand,0.6821593642234802,0.3178406059741974,ScorePonderado,-0.3793624937534332,0.2567544400691986,5
7295,left_hand,0.6305833458900452,0.36941665410995483,ScorePonderado,-0.8425120413303375,0.2685912072658539,5
7359,left_hand,0.9340923428535461,0.06590769439935684,ScorePonderado,-1.9279420897364616,0.3987790569663048,5
7423,left_hand,0.9208219647407532,0.07917798310518265,ScorePonderado,-2.8025626689195633,0.5605125337839126,5
7487,left_hand,0.9529182314872742,0.04708173871040344,ScorePonderado,-3.2411505728960037,0.6482301145792008,5
7551,left_hand,0.9459268450737,0.054073184728622437,ScorePonderado,-3.7686854749917984,0.7537370949983597,5
7615,left_hand,0.9623200297355652,0.03768002614378929,ScorePonderado,-4.432158786803484,0.8864317573606968,5
7679,left_hand,0.965893030166626,0.034106943756341934,ScorePonderado,-4.495760224759579,0.8991520449519157,5
7743,left_hand,0.9628855586051941,0.03711439296603203,ScorePonderado,-4.57988740876317,0.915977481752634,5
7807,left_hand,0.9705130457878113,0.029486950486898422,ScorePonderado,-4.615077011287212,0.9230154022574425,5
7871,left_hand,0.981847882270813,0.01815207488834858,ScorePonderado,-4.686919158324599,0.9373838316649199,5
7935,left_hand,0.9775180220603943,0.022481949999928474,ScorePonderado,-4.717315226793289,0.9434630453586579,5
7999,left_hand,0.966184139251709,0.03381587192416191,ScorePonderado,-4.717897407710552,0.9435794815421105,5
8063,left_hand,0.9393201470375061,0.060679834336042404,ScorePonderado,-4.670766554772854,0.9341533109545708,5
8127,left_hand,0.9349921941757202,0.06500780582427979,ScorePonderado,-4.599724847823381,0.9199449695646763,5
8191,left_hand,0.8386706113815308,0.16132935881614685,ScorePonderado,-4.313370293006301,0.8626740586012602,5
8255,left_hand,0.7568464279174805,0.24315360188484192,ScorePonderado,-3.8720270469784737,0.7744054093956947,5
8319,left_hand,0.7513028979301453,0.24869708716869354,ScorePonderado,-3.4422645904123783,0.6884529180824757,5
8383,left_hand,0.9148645401000977,0.08513545244932175,ScorePonderado,-3.3933533653616905,0.6786706730723381,5
8447,left_hand,0.8961097598075867,0.10389029234647751,ScorePonderado,-3.3155884444713593,0.6631176888942718,5
8511,left_hand,0.803312361240387,0.19668765366077423,ScorePonderado,-3.244871899485588,0.6489743798971176,5
8575,left_hand,0.7603732943534851,0.2396266758441925,ScorePonderado,-3.251925691962242,0.6503851383924484,5
8639,left_hand,0.7280142307281494,0.2719857394695282,ScorePonderado,-3.2053483724594116,0.6410696744918823,5
8703,left_hand,0.6319836974143982,0.3680162727832794,ScorePonderado,-2.6395867094397545,0.5279173418879509,5
8767,left_hand,0.5691859126091003,0.43081408739089966,ScorePonderado,-1.985739067196846,0.3971478134393692,5
8831,left_hand,0.6795163154602051,0.3204836845397949,ScorePonderado,-1.7381469905376434,0.3476293981075287,5
8895,left_hand,0.7318650484085083,0.2681349217891693,ScorePonderado,-1.6811304986476898,0.336226099729538,5
8959,left_hand,0.7739040851593018,0.22609592974185944,ScorePonderado,-1.772910162806511,0.35458203256130216,5
9023,left_hand,0.8617748618125916,0.13822507858276367,ScorePonderado,-2.23249252140522,0.446498504281044,5
9087,left_hand,0.9465043544769287,0.053495630621910095,ScorePonderado,-2.987129420042038,0.5974258840084076,5
9151,left_hand,0.9596371650695801,0.04036279767751694,ScorePonderado,-3.547371156513691,0.7094742313027382,5
9215,left_hand,0.9551572203636169,0.04484284296631813,ScorePonderado,-3.9939554072916508,0.7987910814583301,5
9279,left_hand,0.8877755403518677,0.11222448199987411,ScorePonderado,-4.221698310226202,0.8443396620452404,5
9343,left_hand,0.34380242228507996,0.6561975479125977,ScorePonderado,-3.1857534013688564,0.7621087305247783,5
9407,left_hand,0.46509790420532227,0.534902036190033,ScorePonderado,-2.222940545529127,0.5974678121507168,5
9471,left_hand,0.7476533651351929,0.25234663486480713,ScorePonderado,-1.7989729084074497,0.5126742847263813,5
9535,left_hand,0.8763797283172607,0.12362022697925568,ScorePonderado,-1.641418032348156,0.4811633095145226,5
9599,left_hand,0.9022589325904846,0.09774109721183777,ScorePonderado,-1.6703848093748093,0.48695666491985323,5
9663,left_hand,0.8994724750518799,0.10052750259637833,ScorePonderado,-2.7817249074578285,0.58426663428545,5
9727,left_hand,0.8723180294036865,0.12768195569515228,ScorePonderado,-3.5961651131510735,0.7192330226302147,5
9791,left_hand,0.8695306181907654,0.130469411611557,ScorePonderado,-3.839919589459896,0.7679839178919792,5
9855,left_hand,0.8803253769874573,0.11967463046312332,ScorePonderado,-3.847810834646225,0.769562166929245,5
9919,left_hand,0.8685855269432068,0.1314144879579544,ScorePonderado,-3.7804640382528305,0.7560928076505661,5
9983,left_hand,0.8682987093925476,0.1317013055086136,ScorePonderado,-3.718116469681263,0.7436232939362526,5
10047,left_hand,0.7820152044296265,0.21798478066921234,ScorePonderado,-3.537510819733143,0.7075021639466286,5
10111,left_hand,0.7072250843048096,0.2927749454975128,ScorePonderado,-3.2128997519612312,0.6425799503922462,5
10175,left_hand,0.7977393865585327,0.20226064324378967,ScorePonderado,-3.0477277487516403,0.609545549750328,5
10239,left_hand,0.8491114377975464,0.15088851749897003,ScorePonderado,-3.0087796300649643,0.6017559260129929,5
10303,left_hand,0.9183651208877563,0.08163490891456604,ScorePonderado,-3.1089124381542206,0.6217824876308441,5
10367,left_hand,0.9099265336990356,0.09007348865270615,ScorePonderado,-3.364735059440136,0.6729470118880272,5
10431,left_hand,0.9325506091117859,0.06744943559169769,ScorePonderado,-3.8153860941529274,0.7630772188305854,5
10495,left_hand,0.962181806564331,0.03781820461153984,ScorePonderado,-4.144270952790976,0.8288541905581951,5
10559,left_hand,0.9427321553230286,0.057267867028713226,ScorePonderado,-4.3315123207867146,0.8663024641573429,5
10623,left_hand,0.9816411137580872,0.018358884379267693,ScorePonderado,-4.458064338192344,0.8916128676384687,5
10687,left_hand,0.9872103929519653,0.012789647094905376,ScorePonderado,-4.612632039003074,0.9225264078006148,5
10751,left_hand,0.9887464642524719,0.01125349197536707,ScorePonderado,-4.725023837760091,0.9450047675520181,5
10815,left_hand,0.9870468378067017,0.012953214347362518,ScorePonderado,-4.774753859266639,0.9549507718533278,5
10879,left_hand,0.9910208582878113,0.008979137986898422,ScorePonderado,-4.871331291273236,0.9742662582546473,5
10943,left_hand,0.9921838641166687,0.007816118188202381,ScorePonderado,-4.892416807822883,0.9784833615645766,5
11007,left_hand,0.9925801157951355,0.007419872563332319,ScorePonderado,-4.903156305197626,0.9806312610395252,5
11071,left_hand,0.9922095537185669,0.007790485862642527,ScorePonderado,-4.910082400776446,0.9820164801552892,5
11135,left_hand,0.9928775429725647,0.0071224672719836235,ScorePonderado,-4.921743853017688,0.9843487706035375,5
11199,left_hand,0.9903618097305298,0.0096381651237607,ScorePonderado,-4.920425777323544,0.9840851554647088,5
11263,left_hand,0.9872260689735413,0.012773899361491203,ScorePonderado,-4.910510201007128,0.9821020402014256,5
11327,left_hand,0.9805499911308289,0.01944999396800995,ScorePonderado,-4.8864499549381435,0.9772899909876287,5
11391,left_hand,0.963454008102417,0.036545976996421814,ScorePonderado,-4.828938918188214,0.9657877836376428,5
11455,left_hand,0.9532385468482971,0.04676148295402527,ScorePonderado,-4.749660906381905,0.949932181276381,5
11519,left_hand,0.9542994499206543,0.04570058360695839,ScorePonderado,-4.677536128088832,0.9355072256177663,5
11583,left_hand,0.8965039253234863,0.10349602997303009,ScorePonderado,-4.496091853827238,0.8992183707654476,5
11647,left_hand,0.874888002872467,0.12511207163333893,ScorePonderado,-4.284767787903547,0.8569535575807095,5
11711,left_hand,0.750676155090332,0.24932381510734558,ScorePonderado,-3.8592120967805386,0.7718424193561078,5
11775,left_hand,0.4562544524669647,0.5437455773353577,ScorePonderado,-2.8652439080178738,0.6080452315509319,5
11839,left_hand,0.46434086561203003,0.5356591939926147,ScorePonderado,-1.8853267133235931,0.4405891239643097,5
11903,left_hand,0.2690376341342926,0.730962336063385,ScorePonderado,-0.6303941160440445,0.3743724852800369,5
11967,right_hand,0.19914470613002777,0.800855278968811,ScorePonderado,0.7210923880338669,0.344759413599968,5
12031,right_hand,0.13683320581912994,0.8631668090820312,ScorePonderado,1.9487783312797546,0.3897556662559509,5
12095,right_hand,0.14846284687519073,0.8515371084213257,ScorePonderado,2.5643614679574966,0.5128722935914993,5
12159,right_hand,0.21127977967262268,0.7887202501296997,ScorePonderado,3.070483610033989,0.6140967220067978,5
12223,right_hand,0.24096524715423584,0.7590347528457642,ScorePonderado,3.126628413796425,0.625325682759285,5
12287,right_hand,0.3123222291469574,0.6876777410507202,ScorePonderado,2.9002733528614044,0.5800546705722809,5
12351,right_hand,0.2864229381084442,0.7135770916938782,ScorePonderado,2.601093903183937,0.5202187806367874,5
12415,right_hand,0.20849056541919708,0.7915094494819641,ScorePonderado,2.481038525700569,0.4962077051401138,5
12479,right_hand,0.16123583912849426,0.8387641906738281,ScorePonderado,2.581126406788826,0.5162252813577652,5
12543,right_hand,0.14675424993038177,0.853245735168457,ScorePonderado,2.769548386335373,0.5539096772670746,5
12607,right_hand,0.10119086503982544,0.8988091349601746,ScorePonderado,3.1918111443519592,0.6383622288703918,5
12671,right_hand,0.1440330445766449,0.8559669852256775,ScorePonderado,3.476590931415558,0.6953181862831116,5
12735,right_hand,0.2288779467344284,0.7711220383644104,ScorePonderado,3.435816138982773,0.6871632277965546,5
12799,right_hand,0.21948745846748352,0.7805125713348389,ScorePonderado,3.3193129003047943,0.6638625800609589,5
12863,right_hand,0.10550504177808762,0.8944950103759766,ScorePonderado,3.401811383664608,0.6803622767329216,5
12927,right_hand,0.20423588156700134,0.795764148235321,ScorePonderado,3.1957213804125786,0.6391442760825157,5
12991,right_hand,0.13211780786514282,0.8678821921348572,ScorePonderado,3.2195518240332603,0.6439103648066521,5
13055,right_hand,0.09466629475355148,0.9053336381912231,ScorePonderado,3.48797507584095,0.69759501516819,5
13119,right_hand,0.0594446063041687,0.9405553340911865,ScorePonderado,3.8080606907606125,0.7616121381521225,5
13183,right_hand,0.04872499033808708,0.9512749314308167,ScorePonderado,3.921620663255453,0.7843241326510906,5
13247,right_hand,0.042514368891716,0.9574856162071228,ScorePonderado,4.24506364390254,0.849012728780508,5
13311,right_hand,0.040483538061380386,0.9595164656639099,ScorePonderado,4.428332187235355,0.8856664374470711,5
13375,right_hand,0.06990958750247955,0.9300903677940369,ScorePonderado,4.477845624089241,0.8955691248178482,5
13439,right_hand,0.20527492463588715,0.7947251200675964,ScorePonderado,4.1861850917339325,0.8372370183467865,5
13503,right_hand,0.2791479229927063,0.7208521366119385,ScorePonderado,3.725339364260435,0.745067872852087,5
13567,right_hand,0.16136252880096436,0.8386374711990356,ScorePonderado,3.4876430593430996,0.6975286118686199,5
13631,right_hand,0.10511738061904907,0.8948826193809509,ScorePonderado,3.358375370502472,0.6716750741004944,5
13695,right_hand,0.14046677947044373,0.8595332503318787,ScorePonderado,3.2172610610723495,0.6434522122144699,5
13759,right_hand,0.1625763475894928,0.8374236226081848,ScorePonderado,3.3026581406593323,0.6605316281318665,5
13823,right_hand,0.36469945311546326,0.6353005170822144,ScorePonderado,3.131554991006851,0.6263109982013703,5
13887,right_hand,0.30504676699638367,0.694953203201294,ScorePonderado,2.84418648481369,0.568837296962738,5
13951,right_hand,0.5785526037216187,0.42144742608070374,ScorePonderado,1.8973160684108734,0.44230528473854064,5
14015,right_hand,0.7405972480773926,0.25940272212028503,ScorePonderado,0.6970550715923309,0.39473089575767517,5
14079,left_hand,0.7623069882392883,0.23769304156303406,ScorePonderado,-0.5024061501026154,0.3646842300891876,5
14143,left_hand,0.8025195598602295,0.19748038053512573,ScorePonderado,-1.3780463933944702,0.43157185316085817,5
14207,left_hand,0.9135146737098694,0.0864853709936142,ScorePonderado,-2.5949821323156357,0.5189964264631272,5
14271,left_hand,0.9339516758918762,0.06604831665754318,ScorePonderado,-3.305780313909054,0.6611560627818107,5
14335,left_hand,0.8965192437171936,0.1034807488322258,ScorePonderado,-3.617624282836914,0.7235248565673829,5
14399,left_hand,0.8941536545753479,0.1058463379740715,ScorePonderado,-3.881317652761936,0.7762635305523873,5
14463,left_hand,0.9112226366996765,0.08877739310264587,ScorePonderado,-4.098723717033863,0.8197447434067726,5
14527,left_hand,0.9017525315284729,0.09824741631746292,ScorePonderado,-4.075199529528618,0.8150399059057236,5
14591,left_hand,0.9168931841850281,0.0831068605184555,ScorePonderado,-4.041082493960857,0.8082164987921715,5
14655,left_hand,0.904115617275238,0.09588439762592316,ScorePonderado,-4.0562752187252045,0.8112550437450409,5
14719,left_hand,0.8340529799461365,0.1659470498561859,ScorePonderado,-3.9360738322138786,0.7872147664427758,5
14783,left_hand,0.8803865909576416,0.11961334943771362,ScorePonderado,-3.874401830136776,0.7748803660273552,5
14847,left_hand,0.9083717465400696,0.09162823110818863,ScorePonderado,-3.887640230357647,0.7775280460715294,5
14911,left_hand,0.8623479008674622,0.13765206933021545,ScorePonderado,-3.778549738228321,0.7557099476456642,5
14975,left_hand,0.7961951494216919,0.2038048356771469,ScorePonderado,-3.562708832323551,0.7125417664647102,5
15039,left_hand,0.7086701393127441,0.2913298010826111,ScorePonderado,-3.3119432404637337,0.6623886480927468,5
15103,left_hand,0.47634539008140564,0.5236546397209167,ScorePonderado,-2.5038607493042946,0.5196958497166634,5
15167,left_hand,0.35244181752204895,0.6475581526756287,ScorePonderado,-1.392000898718834,0.41537041366100313,5
15231,right_hand,0.06005251035094261,0.9399474263191223,ScorePonderado,0.21258984878659248,0.4464102305471897,5
15295,right_hand,0.0528385303914547,0.9471614956855774,ScorePonderado,1.6993031278252602,0.5067967608571052,5
15359,right_hand,0.04973987117409706,0.9502601623535156,ScorePonderado,3.017163757234812,0.6034327514469624,5
15423,right_hand,0.054860811680555344,0.9451391696929932,ScorePonderado,3.8601328656077385,0.7720265731215477,5
15487,right_hand,0.0384707897901535,0.9615292549133301,ScorePonderado,4.488074995577335,0.897614999115467,5
15551,right_hand,0.06445902585983276,0.935541033744812,ScorePonderado,4.479262087494135,0.8958524174988269,5
15615,right_hand,0.15085290372371674,0.8491471409797668,ScorePonderado,4.283233359456062,0.8566466718912125,5
15679,right_hand,0.2814926207065582,0.7185073494911194,ScorePonderado,3.819727797061205,0.763945559412241,5
15743,right_hand,0.2857000231742859,0.7143000364303589,ScorePonderado,3.35804945230484,0.671609890460968,5
15807,right_hand,0.19503530859947205,0.8049647212028503,ScorePonderado,3.044920399785042,0.6089840799570083,5
15871,right_hand,0.19244781136512756,0.80755215883255,ScorePonderado,2.788942739367485,0.557788547873497,5
15935,right_hand,0.362199604511261,0.637800395488739,ScorePonderado,2.366249293088913,0.47324985861778257,5
15999,right_hand,0.39147740602493286,0.6085225939750671,ScorePonderado,2.146279752254486,0.4292559504508972,5
16063,right_hand,0.3514727056026459,0.6485272645950317,ScorePonderado,2.014734297990799,0.4029468595981598,5
16127,right_hand,0.40849193930625916,0.5915080904960632,ScorePonderado,1.5878210365772247,0.31756420731544494,5
16191,right_hand,0.46734046936035156,0.5326595306396484,ScorePonderado,1.0380357503890991,0.20760715007781982,5
16255,right_hand,0.5632147789001465,0.43678519129753113,ScorePonderado,0.6360053718090057,0.1777729094028473,5
16319,right_hand,0.5843148827552795,0.41568514704704285,ScorePonderado,0.25033044815063477,0.16808981895446778,5
16383,left_hand,0.6268582940101624,0.37314173579216003,ScorePonderado,-0.3004406690597534,0.15942221879959106,5
16447,left_hand,0.6110691428184509,0.3889308571815491,ScorePonderado,-0.7055951058864594,0.16724664568901063,5
16511,left_hand,0.5457265973091125,0.45427337288856506,ScorePonderado,-0.8623673915863037,0.17247347831726073,5
16575,left_hand,0.503101110458374,0.496898889541626,ScorePonderado,-0.7421400249004364,0.1484280049800873,5
16639,left_hand,0.5438923835754395,0.45610764622688293,ScorePonderado,-0.6612950265407562,0.13225900530815124,5
16703,left_hand,0.5605500340461731,0.43944990634918213,ScorePonderado,-0.5286785960197449,0.10573571920394897,5
16767,left_hand,0.5708408355712891,0.42915916442871094,ScorePonderado,-0.44822198152542114,0.08964439630508422,5
16831,left_hand,0.45590266585350037,0.5440973043441772,ScorePonderado,-0.2685741186141968,0.0889926791191101,5
16895,right_hand,0.36799880862236023,0.6320011615753174,ScorePonderado,0.0016304552555084229,0.14055270552635193,5
16959,right_hand,0.4606132209300995,0.5393868088722229,ScorePonderado,0.16818878054618835,0.13875047564506532,5
17023,right_hand,0.555126965045929,0.44487300515174866,ScorePonderado,0.17903494834899902,0.13658124208450317,5
17087,left_hand,0.7577234506607056,0.24227654933929443,ScorePonderado,-0.19473028182983398,0.21133428812026978,5
17151,left_hand,0.7616623044013977,0.2383376806974411,ScorePonderado,-0.8062495440244675,0.29836028516292573,5
17215,left_hand,0.6489173769950867,0.3510826826095581,ScorePonderado,-1.3680865913629532,0.30512675344944,5
17279,left_hand,0.6221890449523926,0.37781089544296265,ScorePonderado,-1.6912383288145065,0.33824766576290133,5
17343,left_hand,0.5668345093727112,0.43316546082496643,ScorePonderado,-1.714653417468071,0.3429306834936142,5
17407,left_hand,0.3077125549316406,0.6922875046730042,ScorePonderado,-0.8146315664052963,0.3167562931776047,5
17471,right_hand,0.15021847188472748,0.8497815132141113,ScorePonderado,0.40825609862804413,0.3520039767026901,5
17535,right_hand,0.12878787517547607,0.8712121248245239,ScorePonderado,1.4485150426626205,0.440921887755394,5
17599,right_hand,0.29483431577682495,0.705165684223175,ScorePonderado,2.1032245606184006,0.474112531542778,5
17663,right_hand,0.26679086685180664,0.7332091331481934,ScorePonderado,2.703311875462532,0.5406623750925064,5
17727,right_hand,0.2720097005367279,0.7279902696609497,ScorePonderado,2.7747174948453903,0.554943498969078,5
17791,right_hand,0.5870130658149719,0.41298696398735046,ScorePonderado,1.901128351688385,0.44983611106872556,5
17855,right_hand,0.6724277138710022,0.3275723159313202,ScorePonderado,0.8138487040996552,0.37032234072685244,5
17919,right_hand,0.6299405097961426,0.3700595200061798,ScorePonderado,0.14363634586334229,0.34023226499557496,5
17983,left_hand,0.7528640031814575,0.24713601171970367,ScorePonderado,-0.8285099118947983,0.3480942100286484,5
18047,left_hand,0.6928314566612244,0.30716848373413086,ScorePonderado,-1.6701534539461136,0.3340306907892227,5
18111,left_hand,0.7198262810707092,0.28017374873161316,ScorePonderado,-1.9357798844575882,0.38715597689151765,5
18175,left_hand,0.7118423581123352,0.28815770149230957,ScorePonderado,-2.014609143137932,0.40292182862758635,5
18239,left_hand,0.8097358345985413,0.19026418030261993,ScorePonderado,-2.3741998076438904,0.47483996152877805,5
18303,left_hand,0.8781178593635559,0.12188216298818588,ScorePonderado,-2.6247075125575066,0.5249415025115013,5
18367,left_hand,0.9510018825531006,0.04899805784225464,ScorePonderado,-3.141048364341259,0.6282096728682518,5
18431,left_hand,0.9836829304695129,0.016317099332809448,ScorePonderado,-3.6687616631388664,0.7337523326277733,5
18495,left_hand,0.9850249886512756,0.01497501228004694,ScorePonderado,-4.2151269828900695,0.8430253965780139,5
18559,left_hand,0.9870426654815674,0.012957402504980564,ScorePonderado,-4.569740591570735,0.913948118314147,5
18623,left_hand,0.9869545102119446,0.01304550375789404,ScorePonderado,-4.7874139016494155,0.9574827803298831,5
18687,left_hand,0.9865177273750305,0.013482201844453812,ScorePonderado,-4.858445602469146,0.9716891204938293,5
18751,left_hand,0.9844784736633301,0.015521585009992123,ScorePonderado,-4.860036659985781,0.9720073319971562,5
18815,left_hand,0.9840160608291626,0.015983980149030685,ScorePonderado,-4.858018764294684,0.9716037528589367,5
18879,left_hand,0.9832006692886353,0.01679934561252594,ScorePonderado,-4.850334824994206,0.9700669649988413,5
18943,left_hand,0.983173668384552,0.016826270148158073,ScorePonderado,-4.84277321677655,0.9685546433553099,5
19007,left_hand,0.9840696454048157,0.01593036949634552,ScorePonderado,-4.837876967154443,0.9675753934308886,5
19071,left_hand,0.9781284928321838,0.021871544420719147,ScorePonderado,-4.82517702691257,0.965035405382514,5
19135,left_hand,0.9780368208885193,0.02196323685348034,ScorePonderado,-4.813218530267477,0.9626437060534954,5
19199,left_hand,0.9661058187484741,0.03389420732855797,ScorePonderado,-4.779028818011284,0.9558057636022568,5
19263,left_hand,0.9379419684410095,0.06205803155899048,ScorePonderado,-4.688565356656909,0.9377130713313818,5
19327,left_hand,0.8864547610282898,0.1135452389717102,ScorePonderado,-4.493335602805018,0.8986671205610037,5
19391,left_hand,0.8462094664573669,0.15379050374031067,ScorePonderado,-4.22949761711061,0.845899523422122,5
19455,left_hand,0.765258252620697,0.2347416877746582,ScorePonderado,-3.80394059792161,0.760788119584322,5
19519,left_hand,0.7137774229049683,0.28622257709503174,ScorePonderado,-3.2992838323116302,0.659856766462326,5
19583,left_hand,0.547354519367218,0.4526454508304596,ScorePonderado,-2.5181089639663696,0.5036217927932739,5
19647,left_hand,0.8797473907470703,0.1202525869011879,ScorePonderado,-2.5046942457556725,0.5009388491511345,5
19711,left_hand,0.8766666054725647,0.12333343178033829,ScorePonderado,-2.5656084567308426,0.5131216913461685,5
19775,left_hand,0.8860835433006287,0.11391641199588776,ScorePonderado,-2.8072590231895447,0.5614518046379089,5
19839,left_hand,0.8971048593521118,0.10289513319730759,ScorePonderado,-3.1739139035344124,0.6347827807068824,5
19903,left_hand,0.9090176820755005,0.09098229557275772,ScorePonderado,-3.8972402215003967,0.7794480443000793,5
19967,left_hand,0.9414870142936707,0.058512989431619644,ScorePonderado,-4.020719442516565,0.8041438885033131,5
20031,left_hand,0.9219257831573486,0.07807426899671555,ScorePonderado,-4.111237782984972,0.8222475565969944,5
20095,left_hand,0.9695357084274292,0.030464356765151024,ScorePonderado,-4.278142003342509,0.8556284006685019,5
20159,left_hand,0.9882825016975403,0.011717456392943859,ScorePonderado,-4.4604973224923015,0.8920994644984603,5
20223,left_hand,0.9860240817070007,0.013975868932902813,ScorePonderado,-4.614510148763657,0.9229020297527313,5
20287,left_hand,0.9747890830039978,0.02521088905632496,ScorePonderado,-4.6811143178492785,0.9362228635698557,5
20351,left_hand,0.9512106776237488,0.0487893745303154,ScorePonderado,-4.739684106782079,0.9479368213564158,5
20415,left_hand,0.8224955201148987,0.1775044947862625,ScorePonderado,-4.445603780448437,0.8891207560896873,5
20479,left_hand,0.7930202484130859,0.20697978138923645,ScorePonderado,-4.05507920216769,0.8110158404335379,5
20543,left_hand,0.6634150147438049,0.3365849554538727,ScorePonderado,-3.409861048683524,0.6819722097367048,5
20607,left_hand,0.6245388984680176,0.37546104192733765,ScorePonderado,-2.709360711276531,0.5418721422553062,5
20671,left_hand,0.6654620170593262,0.33453798294067383,ScorePonderado,-2.13786344230175,0.42757268846035,5
20735,left_hand,0.577037513256073,0.4229625165462494,ScorePonderado,-1.6469474136829376,0.3293894827365875,5
20799,left_hand,0.5848672986030579,0.4151327311992645,ScorePonderado,-1.2306415140628815,0.2461283028125763,5
20863,left_hand,0.34201356768608093,0.6579864025115967,ScorePonderado,-0.5878386199474335,0.243956857919693,5
20927,left_hand,0.3571746349334717,0.6428253650665283,ScorePonderado,-0.0531100332736969,0.2512714326381683,5
20991,right_hand,0.22256319224834442,0.7774367928504944,ScorePonderado,0.8326876014471054,0.2960613459348679,5
21055,right_hand,0.11447329819202423,0.885526716709137,ScorePonderado,1.7578160166740417,0.4194570302963257,5
21119,right_hand,0.06568204611539841,0.9343178868293762,ScorePonderado,2.796186424791813,0.5592372849583626,5
21183,right_hand,0.06474591046571732,0.9352540969848633,ScorePonderado,3.350721776485443,0.6701443552970886,5
21247,right_hand,0.14541688561439514,0.8545830845832825,ScorePonderado,3.774237245321274,0.7548474490642547,5
21311,right_hand,0.3685314655303955,0.6314685940742493,ScorePonderado,3.4823007732629776,0.6964601546525955,5
21375,right_hand,0.5597057342529297,0.4402942657470703,ScorePonderado,2.5918358862400055,0.5661317646503449,5
21439,right_hand,0.6421629786491394,0.3578369915485382,ScorePonderado,1.4388740584254265,0.4492697939276695,5
21503,left_hand,0.7871943712234497,0.2128056436777115,ScorePonderado,-0.006022855639457703,0.39004590213298795,5
21567,left_hand,0.6874127388000488,0.3125872313976288,ScorePonderado,-1.090014562010765,0.32317776381969454,5
21631,left_hand,0.6924210786819458,0.3075789511203766,ScorePonderado,-1.737793818116188,0.3475587636232376,5
21695,left_hand,0.707362711429596,0.29263731837272644,ScorePonderado,-2.033107742667198,0.4066215485334396,5
21759,left_hand,0.7161334753036499,0.2838664948940277,ScorePonderado,-2.181048735976219,0.43620974719524386,5
21823,left_hand,0.7808642983436584,0.21913568675518036,ScorePonderado,-2.168388620018959,0.4336777240037918,5
21887,left_hand,0.8175606727600098,0.182439386844635,ScorePonderado,-2.4286843985319138,0.48573687970638274,5
21951,left_hand,0.8505521416664124,0.14944787323474884,ScorePonderado,-2.744946539402008,0.5489893078804016,5
22015,left_hand,0.9133437275886536,0.08665629476308823,ScorePonderado,-3.156908579170704,0.6313817158341408,5
22079,left_hand,0.9616926312446594,0.03830742835998535,ScorePonderado,-3.6480268016457558,0.7296053603291511,5
22143,left_hand,0.978367805480957,0.021632220596075058,ScorePonderado,-4.04303377494216,0.8086067549884319,5
22207,left_hand,0.9748942255973816,0.02510572038590908,ScorePonderado,-4.357700994238257,0.8715401988476514,5
22271,left_hand,0.9459987282752991,0.054001227021217346,ScorePonderado,-4.548594227060676,0.9097188454121351,5
22335,left_hand,0.8873395323753357,0.11266043037176132,ScorePonderado,-4.496585896238685,0.8993171792477369,5
22399,left_hand,0.8324437141418457,0.16755622625350952,ScorePonderado,-4.238088181242347,0.8476176362484693,5
22463,left_hand,0.8000763654708862,0.19992364943027496,ScorePonderado,-3.881505312398076,0.7763010624796152,5
22527,left_hand,0.9104700088500977,0.08952997624874115,ScorePonderado,-3.75265683978796,0.750531367957592,5
22591,left_hand,0.9614930748939514,0.03850695490837097,ScorePonderado,-3.7836454585194588,0.7567290917038918,5
22655,left_hand,0.9559317827224731,0.044068239629268646,ScorePonderado,-3.920829899609089,0.7841659799218178,5
22719,left_hand,0.9589526653289795,0.041047368198633194,ScorePonderado,-4.173847708851099,0.8347695417702198,5
22783,left_hand,0.9680711030960083,0.03192891553044319,ScorePonderado,-4.509837180376053,0.9019674360752106,5
22847,left_hand,0.9748623967170715,0.0251376423984766,ScorePonderado,-4.638621902093291,0.9277243804186582,5
22911,left_hand,0.9784520268440247,0.021547948941588402,ScorePonderado,-4.672539860010147,0.9345079720020294,5
22975,left_hand,0.9870721697807312,0.012927858158946037,ScorePonderado,-4.734820628538728,0.9469641257077456,5
23039,left_hand,0.982163667678833,0.017836304381489754,ScorePonderado,-4.781242694705725,0.9562485389411449,5
23103,left_hand,0.9804259538650513,0.01957407034933567,ScorePonderado,-4.805952390655875,0.9611904781311751,5
23167,left_hand,0.9902837872505188,0.00971619039773941,ScorePonderado,-4.83679523319006,0.967359046638012,5
23231,left_hand,0.9952672719955444,0.004732754081487656,ScorePonderado,-4.87042567320168,0.9740851346403361,5
23295,left_hand,0.9952594637870789,0.004740540403872728,ScorePonderado,-4.886800284963101,0.9773600569926202,5
23359,left_hand,0.9937105178833008,0.006289454642683268,ScorePonderado,-4.909893984906375,0.9819787969812751,5
23423,left_hand,0.9916531443595886,0.00834681373089552,ScorePonderado,-4.932348432019353,0.9864696864038706,5
23487,left_hand,0.9938166737556458,0.00618326012045145,ScorePonderado,-4.939414248801768,0.9878828497603536,5
23551,left_hand,0.9910534024238586,0.008946601301431656,ScorePonderado,-4.930986532010138,0.9861973064020276,5
23615,left_hand,0.991497814655304,0.008502164855599403,ScorePonderado,-4.9234632584266365,0.9846926516853273,5
23679,left_hand,0.9783350825309753,0.021664954721927643,ScorePonderado,-4.892712322995067,0.9785424645990133,5
23743,left_hand,0.9802911281585693,0.019708890467882156,ScorePonderado,-4.869988230057061,0.9739976460114121,5
23807,left_hand,0.9752092957496643,0.024790748953819275,ScorePonderado,-4.8327733632177114,0.9665546726435423,5
23871,left_hand,0.9733399748802185,0.026660054922103882,ScorePonderado,-4.797346482053399,0.9594692964106798,5
23935,left_hand,0.974100649356842,0.025899307802319527,ScorePonderado,-4.762552173808217,0.9525104347616434,5
23999,left_hand,0.9760128855705261,0.023987093940377235,ScorePonderado,-4.757907837629318,0.9515815675258636,5
24063,left_hand,0.96893310546875,0.031066864728927612,ScorePonderado,-4.7351918406784534,0.9470383681356906,5
24127,left_hand,0.9674211144447327,0.032578952610492706,ScorePonderado,-4.719615455716848,0.9439230911433697,5
24191,left_hand,0.9544379115104675,0.04556206986308098,ScorePonderado,-4.68181137740612,0.9363622754812241,5
24255,left_hand,0.9376533627510071,0.06234658509492874,ScorePonderado,-4.608916813507676,0.9217833627015353,5
24319,left_hand,0.9266029596328735,0.07339700311422348,ScorePonderado,-4.510096978396177,0.9020193956792355,5
24383,left_hand,0.9066295623779297,0.09337042272090912,ScorePonderado,-4.3854898773133755,0.8770979754626751,5
24447,left_hand,0.8888676762580872,0.11113227903842926,ScorePonderado,-4.228383112698793,0.8456766225397587,5
24511,left_hand,0.8238179683685303,0.17618206143379211,ScorePonderado,-3.967143177986145,0.793428635597229,5
24575,left_hand,0.8976739048957825,0.1023261770606041,ScorePonderado,-3.887184128165245,0.7774368256330491,5
24639,left_hand,0.9090108275413513,0.09098915010690689,ScorePonderado,-3.8519998490810394,0.7703999698162078,5
24703,left_hand,0.8546858429908752,0.14531418681144714,ScorePonderado,-3.748112365603447,0.7496224731206894,5
24767,left_hand,0.849139392375946,0.15086062252521515,ScorePonderado,-3.66865573823452,0.733731147646904,5
24831,left_hand,0.8999602794647217,0.1000397726893425,ScorePonderado,-3.820940338075161,0.7641880676150322,5
24895,left_hand,0.8021290898323059,0.1978708952665329,ScorePonderado,-3.6298508048057556,0.7259701609611511,5
24959,left_hand,0.7798274159431458,0.22017258405685425,ScorePonderado,-3.3714839592576027,0.6742967918515206,5
25023,left_hand,0.7093732357025146,0.29062676429748535,ScorePonderado,-3.080858774483204,0.6161717548966408,5
25087,left_hand,0.809741735458374,0.1902582347393036,ScorePonderado,-3.0020635053515434,0.6004127010703086,5
25151,left_hand,0.8851044774055481,0.11489555239677429,ScorePonderado,-2.972351923584938,0.5944703847169877,5
25215,left_hand,0.9073472619056702,0.09265269339084625,ScorePonderado,-3.182788297533989,0.6365576595067978,5
25279,left_hand,0.9604035019874573,0.03959651291370392,ScorePonderado,-3.543940454721451,0.7087880909442902,5
25343,left_hand,0.954838752746582,0.04516126960515976,ScorePonderado,-4.034871466457844,0.8069742932915688,5
25407,left_hand,0.955897331237793,0.044102638959884644,ScorePonderado,-4.327182658016682,0.8654365316033363,5
25471,left_hand,0.9620575904846191,0.03794240206480026,ScorePonderado,-4.481088921427727,0.8962177842855453,5
25535,left_hand,0.9705479741096497,0.029452094808220863,ScorePonderado,-4.607490232214332,0.9214980464428664,5
25599,left_hand,0.9680242538452148,0.031975772231817245,ScorePonderado,-4.622731724753976,0.9245463449507951,5
25663,left_hand,0.9613193273544312,0.03868062421679497,ScorePonderado,-4.63569294475019,0.927138588950038,5
25727,left_hand,0.9223005771636963,0.07769940793514252,ScorePonderado,-4.568499421700835,0.913699884340167,5
25791,left_hand,0.9153568744659424,0.08464306592941284,ScorePonderado,-4.475098041817546,0.8950196083635091,5
25855,left_hand,0.9323365688323975,0.06766337156295776,ScorePonderado,-4.398675359785557,0.8797350719571113,5
25919,left_hand,0.9257880449295044,0.07421200722455978,ScorePonderado,-4.314202915877104,0.8628405831754208,5
25983,left_hand,0.9310433268547058,0.06895670294761658,ScorePonderado,-4.253650836646557,0.8507301673293114,5
26047,left_hand,0.8881937265396118,0.11180621385574341,ScorePonderado,-4.1854371801018715,0.8370874360203743,5
26111,left_hand,0.8889361619949341,0.11106378585100174,ScorePonderado,-4.132595747709274,0.8265191495418549,5
26175,left_hand,0.8492200374603271,0.15077994763851166,ScorePonderado,-3.96636264026165,0.7932725280523301,5
26239,left_hand,0.8613595962524414,0.1386403739452362,ScorePonderado,-3.8375058248639107,0.7675011649727821,5
26303,left_hand,0.8728498220443726,0.12715017795562744,ScorePonderado,-3.7211188450455666,0.7442237690091134,5
26367,left_hand,0.8804251551628113,0.11957485973834991,ScorePonderado,-3.7055816277861595,0.741116325557232,5
26431,left_hand,0.9145401120185852,0.08545992523431778,ScorePonderado,-3.7567894384264946,0.7513578876852989,5
26495,left_hand,0.9423639178276062,0.05763610452413559,ScorePonderado,-3.9430771619081497,0.7886154323816299,5
26559,left_hand,0.9677969813346863,0.032203011214733124,ScorePonderado,-4.155951909720898,0.8311903819441795,5
26623,left_hand,0.9857010841369629,0.014298941940069199,ScorePonderado,-4.381654407829046,0.8763308815658093,5
26687,left_hand,0.9873535633087158,0.012646449729800224,ScorePonderado,-4.5955112259835005,0.9191022451967001,5
26751,left_hand,0.9873532056808472,0.012646825052797794,ScorePonderado,-4.741137419827282,0.9482274839654565,5
26815,left_hand,0.9862667322158813,0.01373326312750578,ScorePonderado,-4.828943075612187,0.9657886151224375,5
26879,left_hand,0.9881845712661743,0.011815409176051617,ScorePonderado,-4.869718267582357,0.9739436535164714,5
26943,left_hand,0.9899781942367554,0.01002182811498642,ScorePonderado,-4.878272491507232,0.9756544983014465,5
27007,left_hand,0.9933719635009766,0.006628020200878382,ScorePonderado,-4.890309321228415,0.978061864245683,5
27071,left_hand,0.9928877949714661,0.007112216204404831,ScorePonderado,-4.901378519367427,0.9802757038734853,5
27135,left_hand,0.9928434491157532,0.007156579289585352,ScorePonderado,-4.914531920105219,0.9829063840210438,5
27199,left_hand,0.9926556348800659,0.007344404235482216,ScorePonderado,-4.92347398865968,0.984694797731936,5
27263,left_hand,0.992887556552887,0.007112452294677496,ScorePonderado,-4.92929272679612,0.9858585453592241,5
27327,left_hand,0.9910270571708679,0.008972954005002975,ScorePonderado,-4.924602886661887,0.9849205773323775,5
27391,left_hand,0.9869179129600525,0.013082102872431278,ScorePonderado,-4.912663117982447,0.9825326235964894,5
27455,left_hand,0.9806309938430786,0.01936900056898594,ScorePonderado,-4.888238241430372,0.9776476482860744,5
27519,left_hand,0.9631173610687256,0.03688265383243561,ScorePonderado,-4.829161718022078,0.9658323436044156,5
27583,left_hand,0.8693230748176575,0.13067695498466492,ScorePonderado,-4.582032733596861,0.9164065467193723,5
27647,left_hand,0.8004440665245056,0.1995559185743332,ScorePonderado,-4.200866778381169,0.8401733556762337,5
27711,left_hand,0.7698348164558411,0.2301652580499649,ScorePonderado,-3.766700526699424,0.7533401053398847,5
27775,left_hand,0.7186647653579712,0.2813352644443512,ScorePonderado,-3.242768034338951,0.6485536068677902,5
27839,left_hand,0.5075682401657104,0.49243175983428955,ScorePonderado,-2.331669807434082,0.4663339614868164,5
27903,left_hand,0.1720009446144104,0.8279990553855896,ScorePonderado,-0.9370255768299103,0.44980435967445376,5
27967,right_hand,0.08101392537355423,0.9189860820770264,ScorePonderado,0.5018347278237343,0.4972211614251137,5
28031,right_hand,0.054288722574710846,0.9457112550735474,ScorePonderado,1.932926818728447,0.5675717562437057,5
28095,right_hand,0.07334981113672256,0.9266501665115356,ScorePonderado,3.22355667501688,0.6507659271359444,5
28159,right_hand,0.03425070270895958,0.9657492637634277,ScorePonderado,4.170191716402769,0.8340383432805538,5
28223,right_hand,0.025653693825006485,0.9743462800979614,ScorePonderado,4.462886191904545,0.892577238380909,5
28287,right_hand,0.02939894236624241,0.9706010818481445,ScorePonderado,4.566116174682975,0.913223234936595,5
28351,right_hand,0.04486370459198952,0.9551362991333008,ScorePonderado,4.58496623672545,0.9169932473450899,5
28415,right_hand,0.052826449275016785,0.9471734762191772,ScorePonderado,4.626012908294797,0.9252025816589594,5
28479,right_hand,0.06770894676446915,0.9322910904884338,ScorePonderado,4.5590964909642935,0.9118192981928587,5
28543,right_hand,0.11526288837194443,0.8847370743751526,ScorePonderado,4.379878090694547,0.8759756181389093,5
28607,right_hand,0.17356202006340027,0.8264379501342773,ScorePonderado,4.091551881283522,0.8183103762567043,5
28671,right_hand,0.17234167456626892,0.8276582956314087,ScorePonderado,3.83659590780735,0.76731918156147,5
28735,right_hand,0.38906553387641907,0.6109344959259033,ScorePonderado,3.164117842912674,0.6328235685825347,5
28799,right_hand,0.2689659297466278,0.7310341000556946,ScorePonderado,2.761603869497776,0.5523207738995553,5
28863,right_hand,0.28313639760017395,0.7168635725975037,ScorePonderado,2.4258568584918976,0.48517137169837954,5
28927,right_hand,0.3340766429901123,0.6659232974052429,ScorePonderado,2.104827582836151,0.42096551656723025,5
28991,right_hand,0.30611369013786316,0.6938862800598145,ScorePonderado,1.8372835516929626,0.3674567103385925,5
29055,right_hand,0.33720117807388306,0.6627987623214722,ScorePonderado,1.9410121738910675,0.3882024347782135,5
29119,right_hand,0.389994353055954,0.6100056171417236,ScorePonderado,1.6989552676677704,0.3397910535335541,5
29183,right_hand,0.4143465459346771,0.5856534838676453,ScorePonderado,1.4365350306034088,0.2873070061206818,5
29247,right_hand,0.3093567490577698,0.6906432509422302,ScorePonderado,1.4859748780727386,0.2971949756145477,5
29311,right_hand,0.2981009781360626,0.7018990516662598,ScorePonderado,1.5020003616809845,0.3004000723361969,5
29375,right_hand,0.24583125114440918,0.754168689250946,ScorePonderado,1.6847402155399323,0.33694804310798643,5
29439,right_hand,0.21635635197162628,0.7836437225341797,ScorePonderado,2.032016322016716,0.4064032644033432,5
29503,right_hand,0.22949883341789246,0.7705011367797852,ScorePonderado,2.4017116874456406,0.48034233748912813,5
29567,right_hand,0.2271883636713028,0.7728115916252136,ScorePonderado,2.566048413515091,0.5132096827030181,5
29631,right_hand,0.19140781462192535,0.8085922002792358,ScorePonderado,2.7794347256422043,0.5558869451284408,5
29695,right_hand,0.7249934077262878,0.27500656247138977,ScorePonderado,1.8211104422807693,0.5442168265581131,5
29759,right_hand,0.7843072414398193,0.21569275856018066,ScorePonderado,0.6852085888385773,0.5444822490215302,5
29823,left_hand,0.8492456078529358,0.15075436234474182,ScorePonderado,-0.5542849600315094,0.5759800374507904,5
29887,left_hand,0.9248189330101013,0.07518110424280167,ScorePonderado,-1.9495460167527199,0.6367829576134681,5
29951,left_hand,0.9500818252563477,0.04991815984249115,ScorePonderado,-3.466894067823887,0.6933788135647774,5
30015,left_hand,0.9758477807044983,0.024152174592018127,ScorePonderado,-3.968602828681469,0.7937205657362938,5
30079,left_hand,0.9836770296096802,0.01632295362651348,ScorePonderado,-4.367342421784997,0.8734684843569994,5
30143,left_hand,0.9751928448677063,0.02480718120932579,ScorePonderado,-4.6192368399351835,0.9238473679870367,5
30207,left_hand,0.970155656337738,0.029844405129551888,ScorePonderado,-4.70991026237607,0.941982052475214,5
30271,left_hand,0.9285192489624023,0.07148072868585587,ScorePonderado,-4.66678511723876,0.933357023447752,5
30335,left_hand,0.9437641501426697,0.05623583868145943,ScorePonderado,-4.60261782258749,0.9205235645174981,5
30399,left_hand,0.9248359799385071,0.07516402006149292,ScorePonderado,-4.4849357064813375,0.8969871412962676,5
30463,left_hand,0.909423828125,0.09057620912790298,ScorePonderado,-4.353397661820054,0.8706795323640109,5
30527,left_hand,0.8850182294845581,0.1149817407131195,ScorePonderado,-4.1831228993833065,0.8366245798766613,5
30591,left_hand,0.8526909351348877,0.14730903506278992,ScorePonderado,-4.031466279178858,0.8062932558357716,5
30655,left_hand,0.8254655003547668,0.17453452944755554,ScorePonderado,-3.794868938624859,0.7589737877249718,5
30719,left_hand,0.903883159160614,0.0961168110370636,ScorePonderado,-3.752963326871395,0.750592665374279,5
30783,left_hand,0.8490209579467773,0.15097901225090027,ScorePonderado,-3.632157653570175,0.726431530714035,5
30847,left_hand,0.8027462959289551,0.19725371897220612,ScorePonderado,-3.4676137417554855,0.6935227483510971,5
30911,left_hand,0.5224298238754272,0.477570116519928,ScorePonderado,-2.807091549038887,0.5614183098077774,5
30975,left_hand,0.3342079818248749,0.6657920479774475,ScorePonderado,-1.824576511979103,0.49754892885684965,5
31039,left_hand,0.5474523901939392,0.4525476098060608,ScorePonderado,-1.111714944243431,0.35497661530971525,5
31103,left_hand,0.8363872766494751,0.16361278295516968,ScorePonderado,-1.0864474922418594,0.3499231249094009,5
31167,left_hand,0.8896066546440125,0.11039334535598755,ScorePonderado,-1.2601682245731354,0.38466727137565615,5
31231,left_hand,0.9195181727409363,0.08048184216022491,ScorePonderado,-2.0543448477983475,0.5435025960206985,5
31295,left_hand,0.9607219696044922,0.03927809000015259,ScorePonderado,-3.3073727935552597,0.661474558711052,5
31359,left_hand,0.9334900975227356,0.0665099248290062,ScorePonderado,-4.079448185861111,0.8158896371722222,5
31423,left_hand,0.9602300524711609,0.039770014584064484,ScorePonderado,-4.327133730053902,0.8654267460107803,5
31487,left_hand,0.9799013137817383,0.020098676905035973,ScorePonderado,-4.507723057642579,0.9015446115285158,5
31551,left_hand,0.9844211339950562,0.015578856691718102,ScorePonderado,-4.637529004365206,0.9275058008730411,5
31615,left_hand,0.972162127494812,0.02783789113163948,ScorePonderado,-4.660409361124039,0.9320818722248078,5
31679,left_hand,0.9673644304275513,0.03263555094599724,ScorePonderado,-4.728158067911863,0.9456316135823727,5
31743,left_hand,0.9638796448707581,0.03612038120627403,ScorePonderado,-4.735457293689251,0.9470914587378502,5
31807,left_hand,0.9785272479057312,0.021472787484526634,ScorePonderado,-4.732709117233753,0.9465418234467506,5
31871,left_hand,0.9821150302886963,0.01788495108485222,ScorePonderado,-4.728096919134259,0.9456193838268518,5
31935,left_hand,0.9798035621643066,0.02019638754427433,ScorePonderado,-4.743379857391119,0.9486759714782238,5
31999,left_hand,0.9848284125328064,0.015171590261161327,ScorePonderado,-4.77830780018121,0.955661560036242,5
32063,left_hand,0.9843763113021851,0.015623703598976135,ScorePonderado,-4.819301144219935,0.963860228843987,5
32127,left_hand,0.9818912148475647,0.018108783289790154,ScorePonderado,-4.826029115356505,0.965205823071301,5
32191,left_hand,0.9835357666015625,0.0164642296731472,ScorePonderado,-4.828870573081076,0.9657741146162152,5
32255,left_hand,0.9849427938461304,0.015057232230901718,ScorePonderado,-4.8391489600762725,0.9678297920152545,5
32319,left_hand,0.9869658946990967,0.013034125789999962,ScorePonderado,-4.843423906713724,0.9686847813427448,5
32383,left_hand,0.9860388040542603,0.013961177319288254,ScorePonderado,-4.846748925745487,0.9693497851490974,5
32447,left_hand,0.9846582412719727,0.015341740101575851,ScorePonderado,-4.8522829953581095,0.9704565990716219,5
32511,left_hand,0.9862902760505676,0.013709749095141888,ScorePonderado,-4.85779198538512,0.971558397077024,5
32575,left_hand,0.9869300127029419,0.013069961220026016,ScorePonderado,-4.861766475252807,0.9723532950505615,5
32639,left_hand,0.9838618636131287,0.016138125211000443,ScorePonderado,-4.855558444745839,0.9711116889491678,5
32703,left_hand,0.9841189384460449,0.015881139785051346,ScorePonderado,-4.85171861667186,0.970343723334372,5
32767,left_hand,0.9862040281295776,0.013795960694551468,ScorePonderado,-4.85481018293649,0.970962036587298,5
32831,left_hand,0.9838436245918274,0.01615632139146328,ScorePonderado,-4.849916959181428,0.9699833918362856,5
32895,left_hand,0.9787476062774658,0.02125238999724388,ScorePonderado,-4.833552123978734,0.9667104247957468,5
32959,left_hand,0.9762553572654724,0.023744598031044006,ScorePonderado,-4.818339144811034,0.9636678289622068,5
33023,left_hand,0.978934109210968,0.021065834909677505,ScorePonderado,-4.807969620451331,0.9615939240902662,5
33087,left_hand,0.9707925915718079,0.029207400977611542,ScorePonderado,-4.777146743610501,0.9554293487221003,5
33151,left_hand,0.9667254090309143,0.03327455371618271,ScorePonderado,-4.742910295724869,0.9485820591449737,5
33215,left_hand,0.9545468091964722,0.045453187078237534,ScorePonderado,-4.6945087015628815,0.9389017403125763,5
33279,left_hand,0.9599031209945679,0.04009680822491646,ScorePonderado,-4.6618042550981045,0.9323608510196209,5
33343,left_hand,0.9695489406585693,0.030451059341430664,ScorePonderado,-4.643033862113953,0.9286067724227905,5
33407,left_hand,0.9640876650810242,0.03591233119368553,ScorePonderado,-4.629624005407095,0.925924801081419,5
33471,left_hand,0.9587625861167908,0.04123742878437042,ScorePonderado,-4.613698307424784,0.9227396614849568,5
33535,left_hand,0.9702891707420349,0.02971080131828785,ScorePonderado,-4.645183054730296,0.9290366109460593,5
33599,left_hand,0.9730036854743958,0.026996321976184845,ScorePonderado,-4.671384105458856,0.9342768210917711,5
33663,left_hand,0.9642865061759949,0.03571352735161781,ScorePonderado,-4.660859202966094,0.9321718405932188,5
33727,left_hand,0.9627834558486938,0.03721659630537033,ScorePonderado,-4.658250728622079,0.9316501457244157,5
33791,left_hand,0.964379072189331,0.03562089428305626,ScorePonderado,-4.669483749195933,0.9338967498391867,5
33855,left_hand,0.9752794504165649,0.024720463901758194,ScorePonderado,-4.679464366286993,0.9358928732573986,5
33919,left_hand,0.9846956133842468,0.01530442200601101,ScorePonderado,-4.702848194167018,0.9405696388334036,5
33983,left_hand,0.9879384636878967,0.012061526998877525,ScorePonderado,-4.75015215203166,0.9500304304063321,5
34047,left_hand,0.9910457730293274,0.00895419716835022,ScorePonderado,-4.806676868349314,0.9613353736698628,5
34111,left_hand,0.9914284348487854,0.00857159961014986,ScorePonderado,-4.8607755256816745,0.9721551051363349,5
34175,left_hand,0.9931163191795349,0.0068837315775454044,ScorePonderado,-4.896449126768857,0.9792898253537714,5
34239,left_hand,0.9948350191116333,0.005165010690689087,ScorePonderado,-4.916727943811566,0.9833455887623131,5
34303,left_hand,0.993462085723877,0.00653787050396204,ScorePonderado,-4.927775222342461,0.9855550444684923,5
34367,left_hand,0.9922460913658142,0.007753877900540829,ScorePonderado,-4.9301758599467576,0.9860351719893515,5
34431,left_hand,0.9927090406417847,0.00729093374684453,ScorePonderado,-4.932737131603062,0.9865474263206124,5
34495,left_hand,0.9917172789573669,0.0082827964797616,ScorePonderado,-4.929939026478678,0.9859878052957356,5
34559,left_hand,0.9921219348907471,0.007878130301833153,ScorePonderado,-4.924512822646648,0.9849025645293296,5
34623,left_hand,0.9925960898399353,0.007403992582112551,ScorePonderado,-4.9227807046845555,0.9845561409369111,5
34687,left_hand,0.992798924446106,0.0072010899893939495,ScorePonderado,-4.923886325675994,0.9847772651351988,5
34751,left_hand,0.99058598279953,0.00941406562924385,ScorePonderado,-4.91964013595134,0.9839280271902681,5
34815,left_hand,0.9776895046234131,0.022310469299554825,ScorePonderado,-4.891584688797593,0.9783169377595187,5
34879,left_hand,0.9821516275405884,0.017848405987024307,ScorePonderado,-4.871644105762243,0.9743288211524487,5
34943,left_hand,0.974053144454956,0.02594689466059208,ScorePonderado,-4.8345582582987845,0.9669116516597569,5
35007,left_hand,0.9186732172966003,0.08132677525281906,ScorePonderado,-4.686306865885854,0.9372613731771707,5
35071,left_hand,0.7349755167961121,0.26502442359924316,ScorePonderado,-4.1750860419124365,0.8350172083824873,5
35135,left_hand,0.24908989667892456,0.7509101629257202,ScorePonderado,-2.7178867403417826,0.7443054545670748,5
35199,left_hand,0.05289841443300247,0.9471016526222229,ScorePonderado,-0.8593802805989981,0.7302854578942061,5
35263,right_hand,0.056685689836740494,0.943314254283905,ScorePonderado,0.9753545336425304,0.7179899208247662,5
35327,right_hand,0.03737146407365799,0.9626285433769226,ScorePonderado,2.7379580549895763,0.7355720482766628,5
35391,right_hand,0.03740474954247475,0.9625952839851379,ScorePonderado,4.133099682629108,0.8266199365258217,5
35455,right_hand,0.028895074501633644,0.9711049199104309,ScorePonderado,4.57348926179111,0.914697852358222,5
35519,right_hand,0.020269067957997322,0.9797309041023254,ScorePonderado,4.638747859746218,0.9277495719492436,5
35583,right_hand,0.026800518855452538,0.9731994867324829,ScorePonderado,4.698518263176084,0.9397036526352167,5
35647,right_hand,0.019000092521309853,0.9809999465942383,ScorePonderado,4.735261037945747,0.9470522075891494,5
35711,right_hand,0.017200632020831108,0.9827993512153625,ScorePonderado,4.775669222697616,0.9551338445395231,5
35775,right_hand,0.023752449080348015,0.9762475490570068,ScorePonderado,4.785954477265477,0.9571908954530954,5
35839,right_hand,0.043841566890478134,0.9561583995819092,ScorePonderado,4.73880947381258,0.947761894762516,5
35903,right_hand,0.0778355672955513,0.9221644401550293,ScorePonderado,4.636739378795028,0.9273478757590056,5
35967,right_hand,0.10742165893316269,0.8925783038139343,ScorePonderado,4.459896169602871,0.8919792339205742,5
36031,right_hand,0.17942269146442413,0.8205772638320923,ScorePonderado,4.135452022776008,0.8270904045552016,5
36095,right_hand,0.3250548541545868,0.6749451160430908,ScorePonderado,3.532847184687853,0.7065694369375706,5
36159,right_hand,0.3985074460506439,0.6014925837516785,ScorePonderado,2.8235154896974564,0.5647030979394912,5
36223,right_hand,0.33649101853370667,0.6635090112686157,ScorePonderado,2.3062046095728874,0.4612409219145775,5
36287,right_hand,0.3291855454444885,0.6708144545555115,ScorePonderado,1.8626768738031387,0.37253537476062776,5
36351,right_hand,0.3751561641693115,0.6248438358306885,ScorePonderado,1.4712099730968475,0.2942419946193695,5
36415,right_hand,0.3864344656467438,0.6135655641555786,ScorePonderado,1.3484508097171783,0.26969016194343565,5
36479,right_hand,0.4187001883983612,0.5812998414039612,ScorePonderado,1.3080653250217438,0.2616130650043488,5
36543,right_hand,0.666513979434967,0.33348602056503296,ScorePonderado,0.6480193734169006,0.26281505823135376,5
36607,left_hand,0.9288424849510193,0.07115745544433594,ScorePonderado,-0.5512945652008057,0.36602628231048584,5
36671,left_hand,0.9324260354042053,0.06757403165102005,ScorePonderado,-1.665834240615368,0.4890591487288475,5
36735,left_hand,0.9215132594108582,0.07848672568798065,ScorePonderado,-2.7359918728470802,0.612238235771656,5
36799,left_hand,0.9096248149871826,0.09037522971630096,ScorePonderado,-3.717841111123562,0.7435682222247124,5
36863,left_hand,0.8945077657699585,0.10549227148294449,ScorePonderado,-4.173828646540642,0.8347657293081283,5
36927,left_hand,0.8626338839530945,0.13736611604690552,ScorePonderado,-4.041411384940147,0.8082822769880295,5
36991,left_hand,0.8146629333496094,0.18533705174922943,ScorePonderado,-3.805885262787342,0.7611770525574684,5
37055,left_hand,0.8285133838653564,0.17148655652999878,ScorePonderado,-3.6198855563998222,0.7239771112799644,5
37119,left_hand,0.8811212182044983,0.1188787892460823,ScorePonderado,-3.5628784000873566,0.7125756800174713,5
37183,left_hand,0.9100843667984009,0.0899156853556633,ScorePonderado,-3.59403158724308,0.718806317448616,5
37247,left_hand,0.8792573809623718,0.12074263393878937,ScorePonderado,-3.6272785663604736,0.7254557132720947,5
37311,left_hand,0.8773042559623718,0.12269575148820877,ScorePonderado,-3.7525611892342567,0.7505122378468514,5
37375,left_hand,0.8189107179641724,0.18108923733234406,ScorePonderado,-3.7333558425307274,0.7466711685061455,5
37439,left_hand,0.8206600546836853,0.1793399453163147,ScorePonderado,-3.612433522939682,0.7224867045879364,5
37503,left_hand,0.4515068829059601,0.5484931468963623,ScorePonderado,-2.695278577506542,0.5778502210974693,5
37567,left_hand,0.12442807108163834,0.8755719661712646,ScorePonderado,-1.1856199353933334,0.5763760507106781,5
37631,right_hand,0.07027249783277512,0.9297275543212891,ScorePonderado,0.42844362556934357,0.5973453611135483,5
37695,right_hand,0.06656255573034286,0.9334374070167542,ScorePonderado,1.9331399574875832,0.6431560352444649,5
37759,right_hand,0.04715738818049431,0.9528425931930542,ScorePonderado,3.4801452718675137,0.6960290543735027,5
37823,right_hand,0.10428929328918457,0.8957107663154602,ScorePonderado,4.174580480903387,0.8349160961806774,5
37887,right_hand,0.18246960639953613,0.8175303936004639,ScorePonderado,4.0584973730146885,0.8116994746029377,5
37951,right_hand,0.2020493745803833,0.7979506850242615,ScorePonderado,3.7949436269700527,0.7589887253940105,5
38015,right_hand,0.10210549831390381,0.8978945016860962,ScorePonderado,3.723857779055834,0.7447715558111667,5
38079,right_hand,0.15122447907924652,0.8487755060195923,ScorePonderado,3.5157236009836197,0.7031447201967239,5
38143,right_hand,0.2307378649711609,0.7692621350288391,ScorePonderado,3.2628263980150223,0.6525652796030045,5
38207,right_hand,0.2375263124704361,0.7624736428260803,ScorePonderado,3.1527129411697388,0.6305425882339477,5
38271,right_hand,0.24021315574645996,0.7597869038581848,ScorePonderado,3.0763853788375854,0.6152770757675171,5
38335,right_hand,0.16779805719852448,0.8322019577026367,ScorePonderado,2.9450002759695053,0.5890000551939011,5
38399,right_hand,0.13261914253234863,0.8673809170722961,ScorePonderado,2.982211023569107,0.5964422047138214,5
38463,right_hand,0.11220338195562363,0.8877965807914734,ScorePonderado,3.2192799523472786,0.6438559904694557,5
38527,right_hand,0.16780947148799896,0.8321905136108398,ScorePonderado,3.3587136641144753,0.6717427328228951,5
38591,right_hand,0.2572106420993805,0.7427893280982971,ScorePonderado,3.324718602001667,0.6649437204003334,5
38655,right_hand,0.5962551236152649,0.4037448763847351,ScorePonderado,2.467804454267025,0.5705649897456169,5
38719,right_hand,0.6137655973434448,0.3862343728542328,ScorePonderado,1.5055114552378654,0.46911887973546984,5
38783,right_hand,0.652107834815979,0.3478921353816986,ScorePonderado,0.4257025569677353,0.3748433798551559,5
38847,left_hand,0.5066121816635132,0.49338778853416443,ScorePonderado,-0.25190287828445435,0.24461205005645753,5
38911,left_hand,0.6101897358894348,0.3898102641105652,ScorePonderado,-0.9578610360622406,0.1915722072124481,5
38975,left_hand,0.5915533900260925,0.40844663977622986,ScorePonderado,-0.9484575390815735,0.1896915078163147,5
39039,left_hand,0.3986082673072815,0.6013917326927185,ScorePonderado,-0.5181428492069244,0.1847419559955597,5
39103,right_hand,0.36255601048469543,0.6374439597129822,ScorePonderado,0.0609607994556427,0.17887640595436097,5
39167,right_hand,0.29935503005981445,0.7006449699401855,ScorePonderado,0.47547513246536255,0.25648951530456543,5
39231,right_hand,0.35718852281570435,0.6428114771842957,ScorePonderado,0.9814775586128235,0.26953821182250975,5
39295,right_hand,0.35305508971214294,0.6469449400901794,ScorePonderado,1.4584741592407227,0.29169483184814454,5
39359,right_hand,0.3566189110279083,0.6433810591697693,ScorePonderado,1.5424528419971466,0.30849056839942934,5
39423,right_hand,0.3869374394416809,0.6130626201629639,ScorePonderado,1.4936900734901428,0.2987380146980286,5
39487,right_hand,0.44710078835487366,0.5528992414474487,ScorePonderado,1.1981985867023468,0.23963971734046935,5
39551,right_hand,0.46012699604034424,0.5398730039596558,ScorePonderado,0.992321640253067,0.1984643280506134,5
39615,right_hand,0.24001860618591309,0.7599813938140869,ScorePonderado,1.2183945775032043,0.24367891550064086,5
39679,right_hand,0.21759019792079926,0.7824097871780396,ScorePonderado,1.4964520186185837,0.29929040372371674,5
39743,right_hand,0.35216179490089417,0.6478381752967834,ScorePonderado,1.56600321829319,0.313200643658638,5
39807,right_hand,0.4718572497367859,0.5281426906585693,ScorePonderado,1.5164902061223984,0.3032980412244797,5
39871,right_hand,0.5283893346786499,0.4716106653213501,ScorePonderado,1.379965528845787,0.29870457351207735,5
39935,right_hand,0.47840696573257446,0.5215930342674255,ScorePonderado,0.9031888097524643,0.2033492296934128,5
39999,right_hand,0.5583160519599915,0.44168391823768616,ScorePonderado,0.2217370867729187,0.11371173858642578,5
40063,left_hand,0.6302589774131775,0.3697410821914673,ScorePonderado,-0.3344571888446808,0.10668004155158997,5
40127,left_hand,0.539775550365448,0.460224449634552,ScorePonderado,-0.47029373049736023,0.11133317351341247,5
40191,left_hand,0.609078586101532,0.39092138409614563,ScorePonderado,-0.6316722631454468,0.1436088800430298,5
40255,left_hand,0.8746139407157898,0.12538601458072662,ScorePonderado,-1.424086257815361,0.2848172515630722,5
40319,left_hand,0.9641368985176086,0.03586311638355255,ScorePonderado,-2.235727906227112,0.44714558124542236,5
40383,left_hand,0.9248884916305542,0.0751115158200264,ScorePonderado,-2.8249869868159294,0.5649973973631859,5
40447,left_hand,0.9108242988586426,0.0891757383942604,ScorePonderado,-3.5670844465494156,0.7134168893098831,5
40511,left_hand,0.8431116938591003,0.15688827633857727,ScorePonderado,-4.035150662064552,0.8070301324129104,5
40575,left_hand,0.7921853065490723,0.20781466364860535,ScorePonderado,-3.870293378829956,0.7740586757659912,5
40639,left_hand,0.630082368850708,0.369917631149292,ScorePonderado,-3.202184334397316,0.6404368668794632,5
40703,left_hand,0.6380696892738342,0.36193034052848816,ScorePonderado,-2.6285467073321342,0.5257093414664269,5
40767,left_hand,0.3625568747520447,0.6374431848526001,ScorePonderado,-1.5320118367671967,0.4163568913936615,5
40831,left_hand,0.16269920766353607,0.8373008370399475,ScorePonderado,-0.17118678987026215,0.4140325337648392,5
40895,right_hand,0.09483446180820465,0.9051655530929565,ScorePonderado,1.2235149443149567,0.4592246234416962,5
40959,right_hand,0.05304717272520065,0.9469528198242188,ScorePonderado,2.3775853291153908,0.5859728053212165,5
41023,right_hand,0.054850656539201736,0.9451493620872498,ScorePonderado,3.544023383408785,0.708804676681757,5
41087,right_hand,0.032903071492910385,0.9670968651771545,ScorePonderado,4.203330866992474,0.8406661733984947,5
41151,right_hand,0.014278247952461243,0.9857217073440552,ScorePonderado,4.500172697007656,0.9000345394015312,5
41215,right_hand,0.014598566107451916,0.985401451587677,ScorePonderado,4.660644491203129,0.9321288982406258,5
41279,right_hand,0.022543419152498245,0.9774566292762756,ScorePonderado,4.721652054227889,0.9443304108455777,5
41343,right_hand,0.013041979633271694,0.9869579672813416,ScorePonderado,4.80526933632791,0.9610538672655821,5
41407,right_hand,0.01349487341940403,0.9865050911903381,ScorePonderado,4.8440857604146,0.9688171520829201,5
41471,right_hand,0.018747201189398766,0.9812527298927307,ScorePonderado,4.835147829726338,0.9670295659452677,5
41535,right_hand,0.016772698611021042,0.9832272529602051,ScorePonderado,4.830799498595297,0.9661598997190595,5
41599,right_hand,0.02450389787554741,0.9754961133003235,ScorePonderado,4.826878503896296,0.9653757007792592,5
41663,right_hand,0.05000574141740799,0.9499942660331726,ScorePonderado,4.752951040863991,0.9505902081727982,5
41727,right_hand,0.12460518628358841,0.8753947615623474,ScorePonderado,4.530730398371816,0.9061460796743631,5
41791,right_hand,0.14773748815059662,0.8522624373435974,ScorePonderado,4.2727498188614845,0.8545499637722969,5
41855,right_hand,0.33023831248283386,0.6697617173194885,ScorePonderado,3.645818669348955,0.729163733869791,5
41919,right_hand,0.5718653202056885,0.4281347095966339,ScorePonderado,2.5510958433151245,0.5677114129066467,5
41983,right_hand,0.803398072719574,0.1966019570827484,ScorePonderado,1.0443112030625343,0.5090729311108589,5
42047,left_hand,0.7994378805160522,0.20056211948394775,ScorePonderado,-0.30535413324832916,0.478690168261528,5
42111,left_hand,0.7288571000099182,0.2711429297924042,ScorePonderado,-1.467593252658844,0.42932801246643065,5
42175,left_hand,0.6791486740112305,0.3208513557910919,ScorePonderado,-2.165413975715637,0.4330827951431274,5
42239,left_hand,0.5399816036224365,0.46001842617988586,ScorePonderado,-2.1016465425491333,0.42032930850982664,5
42303,left_hand,0.4419669806957245,0.5580330491065979,ScorePonderado,-1.3787843585014343,0.3221832990646362,5
42367,left_hand,0.5176237225532532,0.4823762774467468,ScorePonderado,-0.8151560425758362,0.2094576358795166,5
42431,left_hand,0.7325159907341003,0.26748400926589966,ScorePonderado,-0.8224738538265228,0.21092119812965393,5
42495,left_hand,0.788906455039978,0.21109351515769958,ScorePonderado,-1.0419894754886627,0.2548243224620819,5
42559,left_hand,0.774174690246582,0.22582529485225677,ScorePonderado,-1.5103756934404373,0.3485015660524368,5
42623,left_hand,0.7964386343955994,0.20356135070323944,ScorePonderado,-2.2193190455436707,0.44386380910873413,5
42687,left_hand,0.7682958245277405,0.2317042052745819,ScorePonderado,-2.720663219690323,0.5441326439380646,5
42751,left_hand,0.7290077805519104,0.2709921896457672,ScorePonderado,-2.7136468291282654,0.5427293658256531,5
42815,left_hand,0.6951032876968384,0.304896742105484,ScorePonderado,-2.5260404348373413,0.5052080869674682,5
42879,left_hand,0.6186095476150513,0.38139039278030396,ScorePonderado,-2.2149101942777634,0.44298203885555265,5
42943,left_hand,0.6200045943260193,0.37999534606933594,ScorePonderado,-1.8620421588420868,0.37240843176841737,5
43007,left_hand,0.810752809047699,0.18924716114997864,ScorePonderado,-1.9469561874866486,0.38939123749732973,5
43071,left_hand,0.7520051002502441,0.24799484014511108,ScorePonderado,-1.9929508566856384,0.3985901713371277,5
43135,left_hand,0.7462807297706604,0.253719300031662,ScorePonderado,-2.0953057408332825,0.4190611481666565,5
43199,left_hand,0.8668712973594666,0.13312868773937225,ScorePonderado,-2.5918291956186295,0.5183658391237259,5
43263,left_hand,0.9431740641593933,0.0568259097635746,ScorePonderado,-3.238168101757765,0.6476336203515529,5
43327,left_hand,0.9033961892127991,0.09660378098487854,ScorePonderado,-3.423454862087965,0.684690972417593,5
43391,left_hand,0.26574259996414185,0.7342574596405029,ScorePonderado,-2.450929742306471,0.6775918923318386,5
43455,left_hand,0.10352436453104019,0.8964756727218628,ScorePonderado,-1.1654170043766499,0.7376698680222035,5
43519,right_hand,0.05914584919810295,0.9408541917800903,ScorePonderado,0.4500339478254318,0.767263014614582,5
43583,right_hand,0.0640171617269516,0.935982882976532,ScorePonderado,2.208347823470831,0.7643865279853344,5
43647,right_hand,0.03162292391061783,0.9683770537376404,ScorePonderado,3.951894361525774,0.7903788723051548,5
43711,right_hand,0.034276124089956284,0.9657238721847534,ScorePonderado,4.41482724994421,0.882965449988842,5
43775,right_hand,0.02045515738427639,0.9795447587966919,ScorePonderado,4.580965543165803,0.9161931086331606,5
43839,right_hand,0.020325420424342155,0.9796746373176575,ScorePonderado,4.658606417477131,0.9317212834954262,5
43903,right_hand,0.019168606027960777,0.9808314442634583,ScorePonderado,4.748303534463048,0.9496607068926096,5
43967,right_hand,0.014730260707437992,0.9852697253227234,ScorePonderado,4.782088869251311,0.9564177738502622,5
44031,right_hand,0.01905662938952446,0.9809433817863464,ScorePonderado,4.812527873553336,0.9625055747106671,5
44095,right_hand,0.019014472141861916,0.9809854626655579,ScorePonderado,4.815409262664616,0.9630818525329232,5
44159,right_hand,0.011747457087039948,0.988252580165863,ScorePonderado,4.832565168850124,0.9665130337700247,5
44223,right_hand,0.009624876081943512,0.9903751015663147,ScorePonderado,4.851652556098998,0.9703305112197995,5
44287,right_hand,0.010897351428866386,0.9891026020050049,ScorePonderado,4.859318342059851,0.9718636684119701,5
44351,right_hand,0.03683501482009888,0.9631649255752563,ScorePonderado,4.823761500418186,0.9647523000836372,5
44415,right_hand,0.07790455967187881,0.9220954179763794,ScorePonderado,4.705981368198991,0.9411962736397982,5
44479,right_hand,0.11882934719324112,0.8811706304550171,ScorePonderado,4.491817528381944,0.8983635056763888,5
44543,right_hand,0.1216987669467926,0.8783012628555298,ScorePonderado,4.26766979880631,0.8535339597612619,5
44607,right_hand,0.11788862198591232,0.8821113109588623,ScorePonderado,4.053687237203121,0.8107374474406243,5
44671,right_hand,0.08860545605421066,0.911394476890564,ScorePonderado,3.950146347284317,0.7900292694568634,5
44735,right_hand,0.14092297852039337,0.8590770363807678,ScorePonderado,3.824109546840191,0.7648219093680382,5
44799,right_hand,0.23220571875572205,0.7677943110466003,ScorePonderado,3.597356855869293,0.7194713711738586,5
44863,right_hand,0.34634852409362793,0.6536514759063721,ScorePonderado,3.1480573117733,0.62961146235466,5
44927,right_hand,0.36478883028030396,0.6352112293243408,ScorePonderado,2.654257021844387,0.5308514043688775,5
44991,right_hand,0.3306719958782196,0.669327974319458,ScorePonderado,2.170123979449272,0.43402479588985443,5
45055,right_hand,0.5097657442092896,0.49023428559303284,ScorePonderado,1.432438462972641,0.2943002760410309,5
45119,right_hand,0.4293586313724518,0.5706413388252258,ScorePonderado,1.0381325781345367,0.21543909907341002,5
45183,right_hand,0.3949730396270752,0.6050269603729248,ScorePonderado,0.9408835470676422,0.19598929286003114,5
45247,right_hand,0.2556867003440857,0.7443132996559143,ScorePonderado,1.159087747335434,0.23963013291358948,5
45311,right_hand,0.08454239368438721,0.9154576063156128,ScorePonderado,1.6513469815254211,0.33808197975158694,5
45375,right_hand,0.028007183223962784,0.9719927906990051,ScorePonderado,2.61486404761672,0.522972809523344,5
45439,right_hand,0.017428351566195488,0.9825716018676758,ScorePonderado,3.4387245904654264,0.6877449180930852,5
45503,right_hand,0.018538111820816994,0.9814619421958923,ScorePonderado,4.191594500094652,0.8383189000189304,5
45567,right_hand,0.015236684121191502,0.9847633242607117,ScorePonderado,4.672494540922344,0.9344989081844688,5
45631,right_hand,0.01222407165914774,0.9877759218215942,ScorePonderado,4.817131178453565,0.963426235690713,5
45695,right_hand,0.00782060157507658,0.9921793937683105,ScorePonderado,4.857504363171756,0.9715008726343513,5
45759,right_hand,0.00872125569730997,0.9912787079811096,ScorePonderado,4.874918565154076,0.9749837130308151,5
45823,right_hand,0.004827086813747883,0.995172917842865,ScorePonderado,4.902340565808117,0.9804681131616235,5
45887,right_hand,0.006004782859236002,0.9939952492713928,ScorePonderado,4.920804392080754,0.9841608784161509,5
45951,right_hand,0.013613841496407986,0.9863861799240112,ScorePonderado,4.918024880345911,0.9836049760691822,5
46015,right_hand,0.0342019684612751,0.9657980799674988,ScorePonderado,4.8652621996589005,0.9730524399317801,5
46079,right_hand,0.04826926067471504,0.9517307281494141,ScorePonderado,4.7861662148498,0.9572332429699599,5
46143,right_hand,0.033759955316782,0.9662400484085083,ScorePonderado,4.728300476912409,0.9456600953824819,5
46207,right_hand,0.04955536499619484,0.9504446387290955,ScorePonderado,4.641199284233153,0.9282398568466306,5
46271,right_hand,0.06097546964883804,0.9390245676040649,ScorePonderado,4.5464760437607765,0.9092952087521553,5
46335,right_hand,0.09154626727104187,0.9084537029266357,ScorePonderado,4.431787367910147,0.8863574735820293,5
46399,right_hand,0.18753111362457275,0.8124688863754272,ScorePonderado,4.153263673186302,0.8306527346372604,5
46463,right_hand,0.7353883385658264,0.2646116316318512,ScorePonderado,2.7500068731606007,0.7383120574057103,5
46527,right_hand,0.885998010635376,0.1140020340681076,ScorePonderado,1.0771216228604317,0.7125333979725837,5
46591,left_hand,0.9553059935569763,0.04469403252005577,ScorePonderado,-0.7115394361317158,0.7190459705889225,5
46655,left_hand,0.9534186124801636,0.04658138006925583,ScorePonderado,-2.4352841041982174,0.7370319299399852,5
46719,left_hand,0.9666972160339355,0.03330272436141968,ScorePonderado,-3.9936163686215878,0.7987232737243175,5
46783,left_hand,0.9740210175514221,0.025978965684771538,ScorePonderado,-4.470881713554263,0.8941763427108527,5
46847,left_hand,0.9669383764266968,0.033061593770980835,ScorePonderado,-4.632762519642711,0.9265525039285422,5
46911,left_hand,0.9608597159385681,0.0391402542591095,ScorePonderado,-4.643870020285249,0.9287740040570498,5
46975,left_hand,0.9679242968559265,0.0320756770670414,ScorePonderado,-4.672881407663226,0.9345762815326453,5
47039,left_hand,0.9792992472648621,0.02070075273513794,ScorePonderado,-4.698085410520434,0.9396170821040869,5
47103,left_hand,0.9831804633140564,0.016819527372717857,ScorePonderado,-4.716404294595122,0.9432808589190245,5
47167,left_hand,0.9878072142601013,0.012192829512059689,ScorePonderado,-4.758141896687448,0.9516283793374896,5
47231,left_hand,0.9887300133705139,0.011270010843873024,ScorePonderado,-4.81388243753463,0.962776487506926,5
47295,left_hand,0.9905592203140259,0.009440765716135502,ScorePonderado,-4.859152272343636,0.9718304544687271,5
47359,left_hand,0.9897463321685791,0.010253612883388996,ScorePonderado,-4.8800464970991015,0.9760092994198203,5
47423,left_hand,0.9882055521011353,0.011794420890510082,ScorePonderado,-4.890096692368388,0.9780193384736776,5
47487,left_hand,0.980824887752533,0.019175097346305847,ScorePonderado,-4.876132098026574,0.9752264196053148,5
47551,left_hand,0.9831103086471558,0.01688973419368267,ScorePonderado,-4.864892669953406,0.9729785339906811,5
47615,left_hand,0.9844598770141602,0.015540175139904022,ScorePonderado,-4.852693917229772,0.9705387834459543,5
47679,left_hand,0.976836085319519,0.023163985460996628,ScorePonderado,-4.826873297803104,0.9653746595606207,5
47743,left_hand,0.9672658443450928,0.03273414820432663,ScorePonderado,-4.784993862733245,0.956998772546649,5
47807,left_hand,0.957179605960846,0.042820386588573456,ScorePonderado,-4.73770329169929,0.947540658339858,5
47871,left_hand,0.9369636178016663,0.06303641200065613,ScorePonderado,-4.645409923046827,0.9290819846093654,5
47935,left_hand,0.9043328762054443,0.09566709399223328,ScorePonderado,-4.485156003385782,0.8970312006771565,5
47999,left_hand,0.8981907963752747,0.10180915892124176,ScorePonderado,-4.327865540981293,0.8655731081962585,5
48063,left_hand,0.8719236850738525,0.12807630002498627,ScorePonderado,-4.137181229889393,0.8274362459778786,5
48127,left_hand,0.7947635054588318,0.20523644983768463,ScorePonderado,-3.8123490661382675,0.7624698132276535,5
48191,left_hand,0.8124980926513672,0.18750187754631042,ScorePonderado,-3.563418075442314,0.7126836150884628,5
48255,left_hand,0.8393553495407104,0.16064460575580597,ScorePonderado,-3.4334630370140076,0.6866926074028015,5
48319,left_hand,0.9315404295921326,0.06845960766077042,ScorePonderado,-3.500162221491337,0.7000324442982674,5
48383,left_hand,0.9233425855636597,0.07665743678808212,ScorePonderado,-3.602999985218048,0.7205999970436097,5
48447,left_hand,0.9259024858474731,0.07409750670194626,ScorePonderado,-3.865277908742428,0.7730555817484855,5
48511,left_hand,0.9043181538581848,0.09568189829587936,ScorePonderado,-4.0489179491996765,0.8097835898399353,5
48575,left_hand,0.8955658674240112,0.10443409532308578,ScorePonderado,-4.1613389775156975,0.8322677955031395,5
48639,left_hand,0.8323419690132141,0.1676580011844635,ScorePonderado,-3.962942123413086,0.7925884246826171,5
48703,left_hand,0.7765015363693237,0.22349843382835388,ScorePonderado,-3.6692600771784782,0.7338520154356957,5
48767,left_hand,0.5744527578353882,0.4255473017692566,ScorePonderado,-2.966360554099083,0.5932721108198166,5
48831,left_hand,0.39868760108947754,0.6013123989105225,ScorePonderado,-1.9550995007157326,0.4720698192715645,5
48895,left_hand,0.36742767691612244,0.6325723528862,ScorePonderado,-0.8988230526447296,0.3668724000453949,5
48959,right_hand,0.22622348368167877,0.7737765312194824,ScorePonderado,0.31341396272182465,0.3434462159872055,5
49023,right_hand,0.2634935975074768,0.736506462097168,ScorePonderado,1.3394299298524857,0.3274481683969498,5
49087,right_hand,0.3145963251590729,0.6854036450386047,ScorePonderado,1.859142705798149,0.3718285411596298,5
49151,right_hand,0.2987867593765259,0.7012132406234741,ScorePonderado,2.0589443892240524,0.4117888778448105,5
49215,right_hand,0.06863914430141449,0.9313608407974243,ScorePonderado,2.6565214097499847,0.5313042819499969,5
49279,right_hand,0.10115928947925568,0.8988407254219055,ScorePonderado,2.906649798154831,0.5813299596309662,5
49343,right_hand,0.09197782725095749,0.9080221056938171,ScorePonderado,3.2496812120079994,0.6499362424015999,5
49407,right_hand,0.05673108994960785,0.943268895149231,ScorePonderado,3.7654116973280907,0.7530823394656181,5
49471,right_hand,0.05147545039653778,0.948524534702301,ScorePonderado,4.260034300386906,0.8520068600773811,5
49535,right_hand,0.038420435041189194,0.9615796208381653,ScorePonderado,4.320471789687872,0.8640943579375744,5
49599,right_hand,0.02981824055314064,0.9701818227767944,ScorePonderado,4.463153935968876,0.8926307871937752,5
49663,right_hand,0.039277855306863785,0.9607221484184265,ScorePonderado,4.568553950637579,0.9137107901275158,5
49727,right_hand,0.05153224244713783,0.9484677314758301,ScorePonderado,4.578951634466648,0.9157903268933296,5
49791,right_hand,0.04044818878173828,0.9595518112182617,ScorePonderado,4.601006172597408,0.9202012345194817,5
49855,right_hand,0.029941149055957794,0.9700588583946228,ScorePonderado,4.617964696139097,0.9235929392278195,5
49919,right_hand,0.02199697121977806,0.9780030846595764,ScorePonderado,4.633607227355242,0.9267214454710484,5
49983,right_hand,0.015562850050628185,0.9844372272491455,ScorePonderado,4.681037311442196,0.9362074622884393,5
50047,right_hand,0.01370165217667818,0.9862982630729675,ScorePonderado,4.7566984333097935,0.9513396866619587,5
50111,right_hand,0.012743101455271244,0.9872568845748901,ScorePonderado,4.812108593992889,0.9624217187985777,5
50175,right_hand,0.014892918057739735,0.9851070046424866,ScorePonderado,4.842204971238971,0.9684409942477942,5
50239,right_hand,0.01910204440355301,0.9808979630470276,ScorePonderado,4.847994776442647,0.9695989552885294,5
50303,right_hand,0.04008036479353905,0.9599196314811707,ScorePonderado,4.798959665931761,0.9597919331863523,5
50367,right_hand,0.1905737817287445,0.8094261884689331,ScorePonderado,4.4452154617756605,0.8890430923551321,5
50431,right_hand,0.5928763151168823,0.4071236848831177,ScorePonderado,3.284949048422277,0.7312908617779612,5
50495,right_hand,0.8740373849868774,0.12596261501312256,ScorePonderado,1.5666601918637753,0.6868629984557628,5
50559,right_hand,0.7978519797325134,0.20214802026748657,ScorePonderado,0.009160313755273819,0.6136446066200734,5
50623,left_hand,0.8362412452697754,0.16375869512557983,ScorePonderado,-1.5831615030765533,0.5641732633113861,5
50687,left_hand,0.8958624005317688,0.10413768142461777,ScorePonderado,-2.993738628923893,0.5987477257847786,5
50751,left_hand,0.9452183842658997,0.054781604558229446,ScorePonderado,-3.6984227783977985,0.7396845556795597,5
50815,left_hand,0.9748513102531433,0.02514871023595333,ScorePonderado,-3.9000506084412336,0.7800101216882467,5
50879,left_hand,0.9759816527366638,0.024018408730626106,ScorePonderado,-4.2563098929822445,0.8512619785964489,5
50943,left_hand,0.9520713090896606,0.047928713262081146,ScorePonderado,-4.487969938665628,0.8975939877331257,5
51007,left_hand,0.927083432674408,0.07291652262210846,ScorePonderado,-4.550412129610777,0.9100824259221554,5
51071,left_hand,0.9352188110351562,0.06478111445903778,ScorePonderado,-4.530413046479225,0.906082609295845,5
51135,left_hand,0.8359062075614929,0.1640937775373459,ScorePonderado,-4.252522876486182,0.8505045752972364,5
51199,left_hand,0.7131463885307312,0.2868536114692688,ScorePonderado,-3.726852409541607,0.7453704819083213,5
51263,left_hand,0.46943867206573486,0.5305613279342651,ScorePonderado,-2.761587157845497,0.5767664939165116,5
51327,left_hand,0.30911314487457275,0.6908868551254272,ScorePonderado,-1.5256465375423431,0.48228785395622253,5
51391,right_hand,0.14168797433376312,0.8583120107650757,ScorePonderado,0.06141519546508789,0.45152512192726135,5
51455,right_hand,0.17133517563343048,0.8286648392677307,ScorePonderado,1.3905572891235352,0.448628568649292,5
51519,right_hand,0.2950931489467621,0.7049068808555603,ScorePonderado,2.2266637980937958,0.4453327596187592,5
51583,right_hand,0.2583039402961731,0.7416961193084717,ScorePonderado,2.648933321237564,0.5297866642475129,5
51647,right_hand,0.08775636553764343,0.9122436046600342,ScorePonderado,3.0916468501091003,0.6183293700218201,5
51711,right_hand,0.06987201422452927,0.9301279187202454,ScorePonderado,3.235278718173504,0.6470557436347008,5
51775,right_hand,0.09027803689241409,0.9097219705581665,ScorePonderado,3.397392988204956,0.6794785976409912,5
51839,right_hand,0.15298029780387878,0.8470197319984436,ScorePonderado,3.6816186904907227,0.7363237380981446,5
51903,right_hand,0.3662296235561371,0.6337703466415405,ScorePonderado,3.4657672345638275,0.6931534469127655,5
51967,right_hand,0.5170547962188721,0.4829452335834503,ScorePonderado,2.607170432806015,0.5350779116153717,5
52031,right_hand,0.567465603351593,0.432534396648407,ScorePonderado,1.6119833216071129,0.3900129720568657,5
52095,right_hand,0.6968972682952881,0.3031027019023895,ScorePonderado,0.3987448215484619,0.3048830986022949,5
52159,left_hand,0.5230646729469299,0.47693532705307007,ScorePonderado,-0.34142395853996277,0.17530108094215394,5
52223,left_hand,0.4967018961906433,0.5032981634140015,ScorePonderado,-0.6023684144020081,0.12311218976974488,5
52287,left_hand,0.3590320944786072,0.640967845916748,ScorePonderado,-0.28632310032844543,0.1726774275302887,5
52351,right_hand,0.34808510541915894,0.6519148945808411,ScorePonderado,0.15243789553642273,0.20645714402198792,5
52415,right_hand,0.2736116349697113,0.7263883352279663,ScorePonderado,0.9990091621875763,0.2182535707950592,5
52479,right_hand,0.35455459356307983,0.6454454064369202,ScorePonderado,1.3360293209552765,0.2672058641910553,5
52543,right_hand,0.5816939473152161,0.41830605268478394,ScorePonderado,1.1660451591014862,0.2985641896724701,5
52607,right_hand,0.6689576506614685,0.3310423195362091,ScorePonderado,0.5461940765380859,0.3097601056098938,5
52671,right_hand,0.5547059774398804,0.44529399275779724,ScorePonderado,0.13295230269432068,0.270876544713974,5
52735,left_hand,0.5372470021247864,0.46275296807289124,ScorePonderado,-0.39431843161582947,0.19522001147270202,5
52799,left_hand,0.42585787177085876,0.5741420984268188,ScorePonderado,-0.5369250178337097,0.16669869422912598,5
52863,left_hand,0.747413158416748,0.25258687138557434,ScorePonderado,-0.8683634102344513,0.2329863727092743,5
52927,left_hand,0.9379407167434692,0.062059253454208374,ScorePonderado,-1.4063295423984528,0.3405795991420746,5
52991,left_hand,0.9404827952384949,0.05951717123389244,ScorePonderado,-2.177883181720972,0.4948903270065784,5
53055,left_hand,0.9643539190292358,0.03564607724547386,ScorePonderado,-3.032096989452839,0.6657330885529518,5
53119,left_hand,0.9671372175216675,0.032862767577171326,ScorePonderado,-4.114655666053295,0.822931133210659,5
53183,left_hand,0.979769229888916,0.02023068629205227,ScorePonderado,-4.579367922618985,0.9158735845237971,5
53247,left_hand,0.9760029911994934,0.023997023701667786,ScorePonderado,-4.65549242682755,0.93109848536551,5
53311,left_hand,0.9755651950836182,0.02443484216928482,ScorePonderado,-4.725657155737281,0.9451314311474561,5
53375,left_hand,0.9706807136535645,0.029319336637854576,ScorePonderado,-4.738310690969229,0.9476621381938457,5
53439,left_hand,0.9685090184211731,0.03149096295237541,ScorePonderado,-4.74105429649353,0.9482108592987061,5
53503,left_hand,0.9617202877998352,0.0382796972990036,ScorePonderado,-4.704956343397498,0.9409912686794997,5
53567,left_hand,0.9788075685501099,0.021192407235503197,ScorePonderado,-4.710565537214279,0.9421131074428558,5
53631,left_hand,0.9769700765609741,0.023029875010252,ScorePonderado,-4.713375385850668,0.9426750771701335,5
53695,left_hand,0.9796991348266602,0.020300928503274918,ScorePonderado,-4.731412215158343,0.9462824430316686,5
53759,left_hand,0.9798033833503723,0.02019662596285343,ScorePonderado,-4.7540009170770645,0.950800183415413,5
53823,left_hand,0.9646167159080505,0.03538328409194946,ScorePonderado,-4.759793758392334,0.9519587516784668,5
53887,left_hand,0.9702208638191223,0.029779111966490746,ScorePonderado,-4.742620348930359,0.9485240697860717,5
53951,left_hand,0.9625318050384521,0.037468209862709045,ScorePonderado,-4.71374374255538,0.9427487485110759,5
54015,left_hand,0.9592334628105164,0.04076656326651573,ScorePonderado,-4.672812435775995,0.9345624871551991,5
54079,left_hand,0.9360511898994446,0.06394881755113602,ScorePonderado,-4.585308050736785,0.917061610147357,5
54143,left_hand,0.8718706965446472,0.12812930345535278,ScorePonderado,-4.399816012009978,0.8799632024019957,5
54207,left_hand,0.9778254628181458,0.022174537181854248,ScorePonderado,-4.415025185793638,0.8830050371587277,5
54271,left_hand,0.9864631295204163,0.013536873273551464,ScorePonderado,-4.46288784686476,0.892577569372952,5
54335,left_hand,0.9849671721458435,0.0150328129529953,ScorePonderado,-4.5143553065136075,0.9028710613027215,5
54399,left_hand,0.979351282119751,0.020648768171668053,ScorePonderado,-4.600955448113382,0.9201910896226764,5
54463,left_hand,0.9654600024223328,0.03453998640179634,ScorePonderado,-4.788134071044624,0.9576268142089248,5
54527,left_hand,0.9583386182785034,0.04166141897439957,ScorePonderado,-4.749160344712436,0.9498320689424873,5
54591,left_hand,0.956836462020874,0.04316350817680359,ScorePonderado,-4.689907042309642,0.9379814084619283,5
54655,left_hand,0.9590662121772766,0.040933817625045776,ScorePonderado,-4.6381050776690245,0.9276210155338049,5
54719,left_hand,0.9594324827194214,0.04056752845644951,ScorePonderado,-4.598267517983913,0.9196535035967827,5
54783,left_hand,0.9693365097045898,0.030663538724184036,ScorePonderado,-4.606020472943783,0.9212040945887565,5
54847,left_hand,0.9715876579284668,0.028412356972694397,ScorePonderado,-4.632518574595451,0.9265037149190902,5
54911,left_hand,0.9699571132659912,0.030042866244912148,ScorePonderado,-4.65875986777246,0.931751973554492,5
54975,left_hand,0.9743893146514893,0.02561071328818798,ScorePonderado,-4.68940607458353,0.9378812149167061,5
55039,left_hand,0.9796944260597229,0.020305626094341278,ScorePonderado,-4.72992992028594,0.945985984057188,5
55103,left_hand,0.960568368434906,0.03943166509270668,ScorePonderado,-4.712393652647734,0.9424787305295468,5
55167,left_hand,0.8578376173973083,0.14216233789920807,ScorePonderado,-4.484893631190062,0.8969787262380123,5
55231,left_hand,0.917119026184082,0.08288099616765976,ScorePonderado,-4.379217414185405,0.8758434828370809,5
55295,left_hand,0.969590961933136,0.030409106984734535,ScorePonderado,-4.369620667770505,0.873924133554101,5
55359,left_hand,0.975261926651001,0.024738119915127754,ScorePonderado,-4.3607556745409966,0.8721511349081993,5
55423,left_hand,0.9770429134368896,0.02295711450278759,ScorePonderado,-4.393704770132899,0.8787409540265798,5
55487,left_hand,0.9574421048164368,0.042557910084724426,ScorePonderado,-4.592913685366511,0.9185827370733023,5
55551,left_hand,0.8995963335037231,0.10040371865034103,ScorePonderado,-4.557868270203471,0.9115736540406942,5
55615,left_hand,0.654740571975708,0.34525948762893677,ScorePonderado,-3.928167499601841,0.7856334999203682,5
55679,left_hand,0.19061756134033203,0.809382438659668,ScorePonderado,-2.358878815546632,0.7192817140370608,5
55743,left_hand,0.1611717939376831,0.8388282656669617,ScorePonderado,-0.7271365448832512,0.6639958485960961,5
55807,right_hand,0.09279098361730576,0.907209038734436,ScorePonderado,1.0021657049655914,0.6439026206731796,5
55871,right_hand,0.11584184318780899,0.884158194065094,ScorePonderado,2.5696746706962585,0.6377273678779602,5
55935,right_hand,0.09251903742551804,0.9074809551239014,ScorePonderado,3.694117672741413,0.7388235345482826,5
55999,right_hand,0.098715640604496,0.901284396648407,ScorePonderado,3.877921551465988,0.7755843102931976,5
56063,right_hand,0.09228072315454483,0.9077193140983582,ScorePonderado,4.015703670680523,0.8031407341361045,5
56127,right_hand,0.13465037941932678,0.8653496503829956,ScorePonderado,3.9319848865270615,0.7863969773054122,5
56191,right_hand,0.07445089519023895,0.9255490899085999,ScorePonderado,4.014766730368137,0.8029533460736274,5
56255,right_hand,0.0353846549987793,0.9646154046058655,ScorePonderado,4.12903556227684,0.8258071124553681,5
56319,right_hand,0.020015979185700417,0.9799839854240417,ScorePonderado,4.286434812471271,0.8572869624942541,5
56383,right_hand,0.023635998368263245,0.976364016532898,ScorePonderado,4.423724239692092,0.8847448479384183,5
56447,right_hand,0.02093661017715931,0.9790633320808411,ScorePonderado,4.651151690632105,0.930230338126421,5
56511,right_hand,0.026045087724924088,0.9739548563957214,ScorePonderado,4.747963264584541,0.9495926529169083,5
56575,right_hand,0.03777489438652992,0.962225079536438,ScorePonderado,4.743182700127363,0.9486365400254726,5
56639,right_hand,0.034249331802129745,0.9657506942749023,ScorePonderado,4.7147160563617945,0.9429432112723589,5
56703,right_hand,0.043007008731365204,0.9569929838180542,ScorePonderado,4.675974013283849,0.9351948026567698,5
56767,right_hand,0.0413363091647625,0.9586636424064636,ScorePonderado,4.635174624621868,0.9270349249243737,5
56831,right_hand,0.03194507211446762,0.9680548906326294,ScorePonderado,4.623374674469233,0.9246749348938466,5
56895,right_hand,0.02636966109275818,0.9736303091049194,ScorePonderado,4.646185137331486,0.9292370274662971,5
56959,right_hand,0.02100982703268528,0.9789901375770569,ScorePonderado,4.672664085403085,0.934532817080617,5
57023,right_hand,0.01684475690126419,0.9831552505493164,ScorePonderado,4.724988603964448,0.9449977207928896,5
57087,right_hand,0.008485948666930199,0.9915140271186829,ScorePonderado,4.7906893491744995,0.9581378698348999,5
57151,right_hand,0.006401452701538801,0.9935985803604126,ScorePonderado,4.8417766583152115,0.9683553316630423,5
57215,right_hand,0.006738810800015926,0.9932611584663391,ScorePonderado,4.8810383579693735,0.9762076715938747,5
57279,right_hand,0.005914022680372,0.9940859079360962,ScorePonderado,4.911229932680726,0.9822459865361453,5
57343,right_hand,0.004563511349260807,0.9954364895820618,ScorePonderado,4.935792417265475,0.987158483453095,5
57407,right_hand,0.005727872718125582,0.9942721128463745,ScorePonderado,4.941308578941971,0.9882617157883942,5
57471,right_hand,0.006434930954128504,0.993565022945404,ScorePonderado,4.941241543274373,0.9882483086548746,5
57535,right_hand,0.007138549815863371,0.9928614497184753,ScorePonderado,4.940442095510662,0.9880884191021323,5
57599,right_hand,0.005483059212565422,0.994516909122467,ScorePonderado,4.941304060164839,0.9882608120329678,5
57663,right_hand,0.0034154183231294155,0.9965845346450806,ScorePonderado,4.943600198253989,0.9887200396507978,5
57727,right_hand,0.003077834378927946,0.9969221949577332,ScorePonderado,4.9489003187045455,0.9897800637409091,5
57791,right_hand,0.0032029873691499233,0.9967970252037048,ScorePonderado,4.955364264547825,0.9910728529095649,5
57855,right_hand,0.003459378844127059,0.9965406060218811,ScorePonderado,4.962722591822967,0.9925445183645933,5
57919,right_hand,0.003920876886695623,0.99607914686203,ScorePonderado,4.9658470118884,0.9931694023776799,5
57983,right_hand,0.0045979511924088,0.9954019784927368,ScorePonderado,4.963481922866777,0.9926963845733553,5
58047,right_hand,0.006583799608051777,0.9934161901473999,ScorePonderado,4.9564699528273195,0.9912939905654639,5
58111,right_hand,0.006526569370180368,0.9934733510017395,ScorePonderado,4.949822696624324,0.9899645393248647,5
58175,right_hand,0.008513935841619968,0.991486132144928,ScorePonderado,4.939713665749878,0.9879427331499755,5
58239,right_hand,0.009682036936283112,0.9903179407119751,ScorePonderado,4.928191299550235,0.985638259910047,5
58303,right_hand,0.011692888103425503,0.9883070588111877,ScorePonderado,4.9140014429576695,0.9828002885915339,5
58367,right_hand,0.018954217433929443,0.9810458421707153,ScorePonderado,4.889260677155107,0.9778521354310215,5
58431,right_hand,0.029954304918646812,0.9700456857681274,ScorePonderado,4.842405276373029,0.9684810552746057,5
58495,right_hand,0.043348997831344604,0.9566510319709778,ScorePonderado,4.772735114209354,0.9545470228418708,5
58559,right_hand,0.1041262149810791,0.8958737850189209,ScorePonderado,4.583846780471504,0.9167693560943008,5
58623,right_hand,0.2111397087574005,0.7888603210449219,ScorePonderado,4.184953222051263,0.8369906444102526,5
58687,right_hand,0.16330334544181824,0.8366966247558594,ScorePonderado,3.896254876628518,0.7792509753257036,5
58751,right_hand,0.192696675658226,0.8073033094406128,ScorePonderado,3.5707701295614243,0.7141540259122848,5
58815,right_hand,0.28547874093055725,0.7145212292671204,ScorePonderado,3.086510583758354,0.6173021167516708,5
58879,right_hand,0.37264445424079895,0.6273555159568787,ScorePonderado,2.549474075436592,0.5098948150873184,5
58943,right_hand,0.32648879289627075,0.6735112071037292,ScorePonderado,2.3187758773565292,0.46375517547130585,5
59007,right_hand,0.3083817660808563,0.6916182637214661,ScorePonderado,2.028619095683098,0.4057238191366196,5
59071,right_hand,0.2312047928571701,0.7687951922416687,ScorePonderado,1.9516028612852097,0.3903205722570419,5
59135,right_hand,0.22701409459114075,0.7729858756065369,ScorePonderado,2.0685321539640427,0.41370643079280855,5
59199,right_hand,0.3212524354457855,0.6787475943565369,ScorePonderado,2.1713162511587143,0.43426325023174284,5
59263,right_hand,0.24127653241157532,0.7587234973907471,ScorePonderado,2.3417408019304276,0.4683481603860855,5
59327,right_hand,0.27699899673461914,0.7230010628700256,ScorePonderado,2.4045063704252243,0.48090127408504485,5
59391,right_hand,0.13377021253108978,0.866229772567749,ScorePonderado,2.599375531077385,0.519875106215477,5
59455,right_hand,0.0604744479060173,0.9395254850387573,ScorePonderado,2.932454787194729,0.5864909574389457,5
59519,right_hand,0.05902165174484253,0.9409782886505127,ScorePonderado,3.4569162651896477,0.6913832530379296,5
59583,right_hand,0.0740521177649498,0.9259478449821472,ScorePonderado,3.7913650274276733,0.7582730054855347,5
59647,right_hand,0.07519612461328506,0.9248038530349731,ScorePonderado,4.194970689713955,0.838994137942791,5
59711,right_hand,0.05339892953634262,0.9466010332107544,ScorePonderado,4.3557132333517075,0.8711426466703415,5
59775,right_hand,0.08617725223302841,0.9138227701187134,ScorePonderado,4.304307714104652,0.8608615428209305,5
59839,right_hand,0.08747255802154541,0.9125273823738098,ScorePonderado,4.247405901551247,0.8494811803102493,5
59903,right_hand,0.17431655526161194,0.8256834149360657,ScorePonderado,4.046877034008503,0.8093754068017006,5
59967,right_hand,0.22863951325416565,0.7713605165481567,ScorePonderado,3.739990308880806,0.7479980617761612,5
60031,right_hand,0.21574559807777405,0.7842544317245483,ScorePonderado,3.4152970388531685,0.6830594077706337,5
60095,right_hand,0.14956484735012054,0.8504351377487183,ScorePonderado,3.2885218113660812,0.6577043622732163,5
60159,right_hand,0.1933116316795349,0.8066883683204651,ScorePonderado,3.076843723654747,0.6153687447309494,5
60223,right_hand,0.13685394823551178,0.8631460070610046,ScorePonderado,3.151768922805786,0.6303537845611572,5
60287,right_hand,0.20756134390830994,0.7924386262893677,ScorePonderado,3.193925201892853,0.6387850403785705,5
60351,right_hand,0.3742070496082306,0.625792920589447,ScorePonderado,2.877002239227295,0.575400447845459,5
60415,right_hand,0.26756930351257324,0.7324306964874268,ScorePonderado,2.6409933418035507,0.5281986683607102,5
60479,right_hand,0.3477171063423157,0.6522828936576843,ScorePonderado,2.332182392477989,0.46643647849559783,5
60543,right_hand,0.8639581203460693,0.13604189455509186,ScorePonderado,0.8779741078615189,0.46676131188869474,5
60607,left_hand,0.9744488000869751,0.02555115334689617,ScorePonderado,-0.6558008212596178,0.539565384760499,5
60671,left_hand,0.9788104295730591,0.021189609542489052,ScorePonderado,-1.8650075122714043,0.6807723745703698,5
60735,left_hand,0.9743030667304993,0.025696977972984314,ScorePonderado,-3.2784749940037727,0.777521313726902,5
60799,left_hand,0.9398525357246399,0.06014745682477951,ScorePonderado,-4.462745860219002,0.8925491720438004,5
60863,left_hand,0.9188600778579712,0.08113991469144821,ScorePonderado,-4.572549797594547,0.9145099595189095,5
60927,left_hand,0.9285218119621277,0.07147813588380814,ScorePonderado,-4.480695826932788,0.8961391653865576,5
60991,left_hand,0.8871382474899292,0.1128617450594902,ScorePonderado,-4.297351509332657,0.8594703018665314,5
61055,left_hand,0.6906531453132629,0.30934691429138184,ScorePonderado,-3.730051651597023,0.7460103303194046,5
61119,left_hand,0.7041450142860413,0.29585498571395874,ScorePonderado,-3.258636601269245,0.651727320253849,5
61183,left_hand,0.6733582019805908,0.3266417980194092,ScorePonderado,-2.767632842063904,0.5535265684127808,5
61247,left_hand,0.6318502426147461,0.3681498169898987,ScorePonderado,-2.1742895916104317,0.4348579183220863,5
61311,left_hand,0.5458242893218994,0.4541756808757782,ScorePonderado,-1.491661697626114,0.29833233952522276,5
61375,left_hand,0.5234084725379944,0.476591557264328,ScorePonderado,-1.1571723818778992,0.23143447637557985,5
61439,left_hand,0.2661217451095581,0.7338782548904419,ScorePonderado,-0.28112584352493286,0.2433277726173401,5
61503,right_hand,0.08038481324911118,0.9196151494979858,ScorePonderado,0.9048208966851234,0.3418305590748787,5
61567,right_hand,0.03449803963303566,0.9655019044876099,ScorePonderado,2.099525187164545,0.47529124692082403,5
61631,right_hand,0.022683197632431984,0.9773167967796326,ScorePonderado,3.145807394757867,0.6478882450610399,5
61695,right_hand,0.04271603748202324,0.9572840332984924,ScorePonderado,4.107192305848002,0.8214384611696005,5
61759,right_hand,0.04917996749281883,0.9508200287818909,ScorePonderado,4.541075857356191,0.9082151714712381,5
61823,right_hand,0.0941392332315445,0.9058607816696167,ScorePonderado,4.513567069545388,0.9027134139090777,5
61887,right_hand,0.4084356427192688,0.591564416885376,ScorePonderado,3.765691978856921,0.7531383957713842,5
61951,right_hand,0.7624707818031311,0.2375292330980301,ScorePonderado,2.2861168310046196,0.6671999856829643,5
62015,right_hand,0.5904778242111206,0.4095222055912018,ScorePonderado,1.1905932165682316,0.5204775102436543,5
62079,left_hand,0.6653720736503601,0.3346278667449951,ScorePonderado,-0.041791051626205444,0.40629833936691284,5
62143,left_hand,0.7835798859596252,0.21642017364501953,ScorePonderado,-1.4206723123788834,0.35738597214221957,5
62207,left_hand,0.9016542434692383,0.09834571927785873,ScorePonderado,-2.40710961073637,0.48142192214727403,5
62271,left_hand,0.9500206112861633,0.049979325383901596,ScorePonderado,-2.782209347933531,0.5564418695867062,5
62335,left_hand,0.9622872471809387,0.03771281987428665,ScorePonderado,-3.525828156620264,0.7051656313240529,5
62399,left_hand,0.9703174829483032,0.029682544991374016,ScorePonderado,-4.135718887671828,0.8271437775343656,5
62463,left_hand,0.970633864402771,0.029366198927164078,ScorePonderado,-4.5098268408328295,0.9019653681665659,5
62527,left_hand,0.976159393787384,0.023840654641389847,ScorePonderado,-4.658837055787444,0.9317674111574888,5
62591,left_hand,0.9826344847679138,0.017365548759698868,ScorePonderado,-4.724064705893397,0.9448129411786794,5
62655,left_hand,0.9848607778549194,0.015139149501919746,ScorePonderado,-4.769211906939745,0.953842381387949,5
62719,left_hand,0.990480363368988,0.009519688785076141,ScorePonderado,-4.809537643566728,0.9619075287133455,5
62783,left_hand,0.9861648082733154,0.013835162855684757,ScorePonderado,-4.840599623508751,0.9681199247017502,5
62847,left_hand,0.9824381470680237,0.017561888322234154,ScorePonderado,-4.853157143108547,0.9706314286217094,5
62911,left_hand,0.9902092218399048,0.009790766052901745,ScorePonderado,-4.868306662887335,0.973661332577467,5
62975,left_hand,0.9898576736450195,0.010142387822270393,ScorePonderado,-4.878300320357084,0.9756600640714168,5
63039,left_hand,0.9841827750205994,0.015817182138562202,ScorePonderado,-4.8657052386552095,0.9731410477310419,5
63103,left_hand,0.9781770706176758,0.021822931244969368,ScorePonderado,-4.849729732610285,0.969945946522057,5
63167,left_hand,0.9532675743103027,0.04673245921730995,ScorePonderado,-4.7913885889574885,0.9582777177914977,5
63231,left_hand,0.9157146215438843,0.0842854231595993,ScorePonderado,-4.6423993315547705,0.9284798663109541,5
63295,left_hand,0.907734215259552,0.09226574003696442,ScorePonderado,-4.478152520954609,0.8956305041909218,5
63359,left_hand,0.8812069296836853,0.11879310756921768,ScorePonderado,-4.272200750187039,0.8544401500374079,5
63423,left_hand,0.5371475219726562,0.46285244822502136,ScorePonderado,-3.390141684561968,0.6780283369123936,5
63487,left_hand,0.2660418450832367,0.7339581251144409,ScorePonderado,-2.015690289437771,0.5903045699000359,5
63551,left_hand,0.17076411843299866,0.829235851764679,ScorePonderado,-0.5257893577218056,0.5557130768895149,5
63615,right_hand,0.046047769486904144,0.9539522528648376,ScorePonderado,1.1975836008787155,0.5742002785205841,5
63679,right_hand,0.012281585484743118,0.9877184629440308,ScorePonderado,2.935434300452471,0.6168048895895482,5
63743,right_hand,0.014366155490279198,0.9856337904930115,ScorePonderado,3.980997009202838,0.7961994018405676,5
63807,right_hand,0.016201846301555634,0.9837982058525085,ScorePonderado,4.480677088722587,0.8961354177445173,5
63871,right_hand,0.008233215659856796,0.9917667508125305,ScorePonderado,4.80573889054358,0.961147778108716,5
63935,right_hand,0.009045189246535301,0.9909548163414001,ScorePonderado,4.879744034260511,0.9759488068521023,5
63999,right_hand,0.03524718061089516,0.9647528529167175,ScorePonderado,4.833812829107046,0.9667625658214092,5
64063,right_hand,0.031870681792497635,0.9681292772293091,ScorePonderado,4.798803789541125,0.959760757908225,5
64127,right_hand,0.04308350384235382,0.9569164514541626,ScorePonderado,4.745040377601981,0.9490080755203962,5
64191,right_hand,0.038929685950279236,0.9610702991485596,ScorePonderado,4.683647455647588,0.9367294911295175,5
64255,right_hand,0.14670774340629578,0.8532922863960266,ScorePonderado,4.408322371542454,0.8816644743084907,5
64319,right_hand,0.3842141926288605,0.6157857775688171,ScorePonderado,3.710388284176588,0.7420776568353176,5
64383,right_hand,0.48009297251701355,0.5199069976806641,ScorePonderado,2.813943713903427,0.5627887427806855,5
64447,right_hand,0.8412759304046631,0.1587240993976593,ScorePonderado,1.2175589352846146,0.5165325194597244,5
64511,left_hand,0.8920053839683533,0.10799461603164673,ScorePonderado,-0.4885924458503723,0.48890655040740966,5
64575,left_hand,0.8004619479179382,0.19953809678554535,ScorePonderado,-1.796100839972496,0.46777441203594206,5
64639,left_hand,0.8461777567863464,0.15382219851016998,ScorePonderado,-2.720027983188629,0.5599312067031861,5
64703,left_hand,0.8596190810203552,0.14038090407848358,ScorePonderado,-3.4790801852941513,0.6958160370588302,5
64767,left_hand,0.8969160318374634,0.10308392345905304,ScorePonderado,-3.590360462665558,0.7180720925331116,5
64831,left_hand,0.9057226181030273,0.09427743405103683,ScorePonderado,-3.617794878780842,0.7235589757561683,5
64895,left_hand,0.9329787492752075,0.06702118366956711,ScorePonderado,-3.8828285932540894,0.7765657186508179,5
64959,left_hand,0.9108820557594299,0.08911796659231186,ScorePonderado,-4.012237124145031,0.8024474248290062,5
65023,left_hand,0.923247754573822,0.07675223052501678,ScorePonderado,-4.139494471251965,0.8278988942503929,5
65087,left_hand,0.925961434841156,0.074038565158844,ScorePonderado,-4.197585232555866,0.8395170465111732,5
65151,left_hand,0.8957228064537048,0.10427722334861755,ScorePonderado,-4.177585631608963,0.8355171263217926,5
65215,left_hand,0.7001079320907593,0.2998920977115631,ScorePonderado,-3.7118439003825188,0.7423687800765038,5
65279,left_hand,0.8040074110031128,0.19599254429340363,ScorePonderado,-3.49809467792511,0.699618935585022,5
65343,left_hand,0.7188353538513184,0.28116464614868164,ScorePonderado,-3.0892698615789413,0.6178539723157883,5
65407,left_hand,0.4444125294685364,0.5555875301361084,ScorePonderado,-2.1261719912290573,0.4697043985128403,5
65471,left_hand,0.41931357979774475,0.5806864500045776,ScorePonderado,-1.1733535379171371,0.3436898559331894,5
65535,left_hand,0.30016499757766724,0.699834942817688,ScorePonderado,-0.3734677582979202,0.3435806781053543,5
65599,right_hand,0.24872682988643646,0.7512731552124023,ScorePonderado,0.7370934337377548,0.32248696982860564,5
65663,right_hand,0.6403724551200867,0.35962748527526855,ScorePonderado,0.8940191715955734,0.29110182225704195,5
65727,right_hand,0.6893370747566223,0.3106629252433777,ScorePonderado,0.4041700214147568,0.34460165202617643,5
65791,left_hand,0.7729371190071106,0.22706283628940582,ScorePonderado,-0.3030771315097809,0.42150193452835083,5
65855,left_hand,0.7557922005653381,0.24420779943466187,ScorePonderado,-1.214331477880478,0.4438848257064819,5
65919,left_hand,0.7529623508453369,0.24703766405582428,ScorePonderado,-2.2228024899959564,0.4445604979991913,5
65983,left_hand,0.6011477708816528,0.39885222911834717,ScorePonderado,-2.144353061914444,0.4288706123828888,5
66047,left_hand,0.7353324890136719,0.2646675705909729,ScorePonderado,-2.2363438308238983,0.4472687661647797,5
66111,left_hand,0.7983967065811157,0.20160332322120667,ScorePonderado,-2.2872629314661026,0.4574525862932205,5
66175,left_hand,0.8584340214729309,0.1415659785270691,ScorePonderado,-2.492546573281288,0.49850931465625764,5
66239,left_hand,0.8113062381744385,0.1886938065290451,ScorePonderado,-2.609234318137169,0.5218468636274338,5
66303,left_hand,0.839239776134491,0.16076017916202545,ScorePonderado,-3.0854183733463287,0.6170836746692657,5
66367,left_hand,0.7608150243759155,0.23918502032756805,ScorePonderado,-3.1363834589719772,0.6272766917943955,5
66431,left_hand,0.8665909171104431,0.1334090679883957,ScorePonderado,-3.2727719247341156,0.6545543849468232,5
66495,left_hand,0.8342441916465759,0.16575580835342407,ScorePonderado,-3.2243922650814056,0.6448784530162811,5
66559,left_hand,0.45840153098106384,0.5415984392166138,ScorePonderado,-2.5185829252004623,0.5369953483343124,5
66623,left_hand,0.0963900238275528,0.9036099910736084,ScorePonderado,-1.0328833609819412,0.5627434223890304,5
66687,right_hand,0.05339183285832405,0.9466081857681274,ScorePonderado,0.38196299597620964,0.6370606921613217,5
66751,right_hand,0.04837765172123909,0.9516223669052124,ScorePonderado,2.0183895602822304,0.6710732653737068,5
66815,right_hand,0.047072965651750565,0.9529269933700562,ScorePonderado,3.592731971293688,0.7185463942587376,5
66879,right_hand,0.04335452616214752,0.9566454887390137,ScorePonderado,4.422826025635004,0.8845652051270008,5
66943,right_hand,0.05401172861456871,0.9459882974624634,ScorePonderado,4.507582627236843,0.9015165254473686,5
67007,right_hand,0.24682405591011047,0.7531759142875671,ScorePonderado,4.120718132704496,0.8241436265408992,5
67071,right_hand,0.3495112955570221,0.6504886746406555,ScorePonderado,3.5184507966041565,0.7036901593208313,5
67135,right_hand,0.19729143381118774,0.8027085661888123,ScorePonderado,3.2180139012634754,0.6436027802526951,5
67199,right_hand,0.3353824019432068,0.6646175980567932,ScorePonderado,2.6339581348001957,0.5267916269600391,5
67263,right_hand,0.35130807757377625,0.6486919522285461,ScorePonderado,2.039365440607071,0.4078730881214142,5
67327,right_hand,0.469134658575058,0.5308653712272644,ScorePonderado,1.5947442948818207,0.31894885897636416,5
67391,right_hand,0.8331605792045593,0.16683942079544067,ScorePonderado,0.6274457573890686,0.3920176148414612,5
67455,left_hand,0.9657341241836548,0.03426584601402283,ScorePonderado,-0.9094396531581879,0.45722784399986266,5
67519,left_hand,0.9720320105552673,0.027967948466539383,ScorePonderado,-2.1827389113605022,0.5801936171948909,5
67583,left_hand,0.9725080132484436,0.027492031455039978,ScorePonderado,-3.4251387678086758,0.7097200386226177,5
67647,left_hand,0.9798445701599121,0.02015547826886177,ScorePonderado,-4.4465585723519325,0.8893117144703865,5
67711,left_hand,0.9806870818138123,0.01931295357644558,ScorePonderado,-4.7416115421801805,0.9483223084360362,5
67775,left_hand,0.9829335808753967,0.017066389322280884,ScorePonderado,-4.776010455563664,0.9552020911127329,5
67839,left_hand,0.9807979464530945,0.01920204609632492,ScorePonderado,-4.793542293831706,0.9587084587663413,5
67903,left_hand,0.9773739576339722,0.022626105695962906,ScorePonderado,-4.803274163976312,0.9606548327952623,5
67967,left_hand,0.976446270942688,0.023553762584924698,ScorePonderado,-4.796477580443025,0.959295516088605,5
68031,left_hand,0.9787119626998901,0.021287960931658745,ScorePonderado,-4.792527453973889,0.9585054907947779,5
68095,left_hand,0.9790120720863342,0.02098790742456913,ScorePonderado,-4.784684427082539,0.9569368854165077,5
68159,left_hand,0.9744699001312256,0.0255301371216774,ScorePonderado,-4.772028289735317,0.9544056579470634,5
68223,left_hand,0.9788709878921509,0.021129049360752106,ScorePonderado,-4.775022376328707,0.9550044752657414,5
68287,left_hand,0.9831337332725525,0.016866248100996017,ScorePonderado,-4.7883973531425,0.9576794706285,5
68351,left_hand,0.9720571041107178,0.027942834421992302,ScorePonderado,-4.775087621062994,0.9550175242125988,5
68415,left_hand,0.971135139465332,0.028864823281764984,ScorePonderado,-4.759333772584796,0.9518667545169592,5
68479,left_hand,0.9767760038375854,0.023224011063575745,ScorePonderado,-4.7639460023492575,0.9527892004698515,5
68543,left_hand,0.9792070388793945,0.020793022587895393,ScorePonderado,-4.764618080109358,0.9529236160218716,5
68607,left_hand,0.9828536510467529,0.01714629866182804,ScorePonderado,-4.764057947322726,0.9528115894645452,5
68671,left_hand,0.9889687299728394,0.01103125512599945,ScorePonderado,-4.797881152480841,0.9595762304961681,5
68735,left_hand,0.9934396147727966,0.006560394540429115,ScorePonderado,-4.842490056529641,0.9684980113059283,5
68799,left_hand,0.9935063123703003,0.006493632216006517,ScorePonderado,-4.875950743909925,0.9751901487819851,5
68863,left_hand,0.9951328635215759,0.004867151845246553,ScorePonderado,-4.9078024392947555,0.9815604878589511,5
68927,left_hand,0.9956802129745483,0.004319726023823023,ScorePonderado,-4.933455573860556,0.9866911147721111,5
68991,left_hand,0.9958732724189758,0.004126776475459337,ScorePonderado,-4.9472645949572325,0.9894529189914465,5
69055,left_hand,0.9956718683242798,0.004328139126300812,ScorePonderado,-4.951729103922844,0.9903458207845688,5
69119,left_hand,0.9959182143211365,0.004081855993717909,ScorePonderado,-4.956552782095969,0.9913105564191937,5
69183,left_hand,0.9956602454185486,0.004339751787483692,ScorePonderado,-4.957607564050704,0.9915215128101409,5
69247,left_hand,0.9954366087913513,0.004563411697745323,ScorePonderado,-4.957120274193585,0.991424054838717,5
69311,left_hand,0.995559573173523,0.004440451040863991,ScorePonderado,-4.956492900382727,0.9912985800765455,5
69375,left_hand,0.9952853322029114,0.0047147031873464584,ScorePonderado,-4.955719800200313,0.9911439600400627,5
69439,left_hand,0.9945755004882812,0.005424491595476866,ScorePonderado,-4.953034450765699,0.9906068901531399,5
69503,left_hand,0.995704710483551,0.0042952848598361015,ScorePonderado,-4.953123382758349,0.9906246765516699,5
69567,left_hand,0.9951903820037842,0.0048096664249897,ScorePonderado,-4.952630901243538,0.9905261802487075,5
69631,left_hand,0.9936525821685791,0.00634745741263032,ScorePonderado,-4.9488169038668275,0.9897633807733655,5
69695,left_hand,0.99053955078125,0.009460397996008396,ScorePonderado,-4.939325427636504,0.9878650855273008,5
69759,left_hand,0.9891056418418884,0.010894304141402245,ScorePonderado,-4.928385756444186,0.9856771512888372,5
69823,left_hand,0.9829983115196228,0.017001621425151825,ScorePonderado,-4.902973020914942,0.9805946041829884,5
69887,left_hand,0.9744762182235718,0.02552378922700882,ScorePonderado,-4.8615447343327105,0.9723089468665421,5
69951,left_hand,0.9555939435958862,0.04440605267882347,ScorePonderado,-4.7854275004938245,0.9570855000987649,5
70015,left_hand,0.9545254111289978,0.0454745851457119,ScorePonderado,-4.713399173691869,0.9426798347383738,5
70079,left_hand,0.9457723498344421,0.05422762781381607,ScorePonderado,-4.626732558012009,0.9253465116024018,5
70143,left_hand,0.9190272688865662,0.08097271621227264,ScorePonderado,-4.498790420591831,0.8997580841183662,5
70207,left_hand,0.9211279153823853,0.07887210696935654,ScorePonderado,-4.392093800008297,0.8784187600016594,5
70271,left_hand,0.8745149374008179,0.1254851073026657,ScorePonderado,-4.229935739189386,0.8459871478378773,5
70335,left_hand,0.9344677925109863,0.06553222239017487,ScorePonderado,-4.189820483326912,0.8379640966653824,5
70399,left_hand,0.8141154646873474,0.18588459491729736,ScorePonderado,-3.926506631076336,0.7853013262152672,5
70463,left_hand,0.7848452925682068,0.21515469253063202,ScorePonderado,-3.658142678439617,0.7316285356879234,5
70527,left_hand,0.8919220566749573,0.10807791352272034,ScorePonderado,-3.5997310131788254,0.719946202635765,5
70591,left_hand,0.9212555885314941,0.07874440401792526,ScorePonderado,-3.693212367594242,0.7386424735188484,5
70655,left_hand,0.884907603263855,0.11509240418672562,ScorePonderado,-3.59409199655056,0.718818399310112,5
70719,left_hand,0.8378285765647888,0.16217143833637238,ScorePonderado,-3.6415182650089264,0.7283036530017852,5
70783,left_hand,0.7441664338111877,0.25583353638648987,ScorePonderado,-3.5601605623960495,0.7120321124792099,5
70847,left_hand,0.8940553069114685,0.1059446930885315,ScorePonderado,-3.5644270330667496,0.7128854066133499,5
70911,left_hand,0.9130567908287048,0.08694318681955338,ScorePonderado,-3.548029452562332,0.7096058905124665,5
70975,left_hand,0.9081059694290161,0.09189403057098389,ScorePonderado,-3.594426192343235,0.718885238468647,5
71039,left_hand,0.9040631651878357,0.09593682736158371,ScorePonderado,-3.7268953919410706,0.7453790783882142,5
71103,left_hand,0.8524197936058044,0.14758014678955078,ScorePonderado,-3.9434021413326263,0.7886804282665253,5
71167,left_hand,0.8312961459159851,0.16870388388633728,ScorePonderado,-3.817883789539337,0.7635767579078674,5
71231,left_hand,0.8252460360527039,0.17475394904613495,ScorePonderado,-3.6422622725367546,0.728452454507351,5
71295,left_hand,0.875588595867157,0.12441139668226242,ScorePonderado,-3.577227532863617,0.7154455065727234,5
71359,left_hand,0.8882710337638855,0.11172889173030853,ScorePonderado,-3.545643337070942,0.7091286674141883,5
71423,left_hand,0.8929328918457031,0.10706716775894165,ScorePonderado,-3.6266694143414497,0.7253338828682899,5
71487,left_hand,0.8397206664085388,0.16027934849262238,ScorePonderado,-3.6435184702277184,0.7287036940455437,5
71551,left_hand,0.880683958530426,0.11931601911783218,ScorePonderado,-3.7543943226337433,0.7508788645267487,5
71615,left_hand,0.9614717364311218,0.03852824866771698,ScorePonderado,-3.9261606112122536,0.7852321222424508,5
71679,left_hand,0.9754539132118225,0.024546153843402863,ScorePonderado,-4.100526228547096,0.8201052457094192,5
71743,left_hand,0.9726880788803101,0.027311885729432106,ScorePonderado,-4.260036697611213,0.8520073395222425,5
71807,left_hand,0.963047981262207,0.03695199638605118,ScorePonderado,-4.506691364571452,0.9013382729142905,5
71871,left_hand,0.9554056525230408,0.04459433630108833,ScorePonderado,-4.656134741380811,0.9312269482761621,5
71935,left_hand,0.9535926580429077,0.04640734940767288,ScorePonderado,-4.640376562252641,0.9280753124505281,5
71999,left_hand,0.9586457014083862,0.04135429486632347,ScorePonderado,-4.606760209426284,0.9213520418852568,5
72063,left_hand,0.9485751986503601,0.05142485350370407,ScorePonderado,-4.558534361422062,0.9117068722844124,5
72127,left_hand,0.9447346925735474,0.055265363305807114,ScorePonderado,-4.521907705813646,0.9043815411627293,5
72191,left_hand,0.9636916518211365,0.036308396607637405,ScorePonderado,-4.538479644805193,0.9076959289610386,5
72255,left_hand,0.9740530252456665,0.025947002694010735,ScorePonderado,-4.579400358721614,0.9158800717443227,5
72319,left_hand,0.9622433185577393,0.03775675594806671,ScorePonderado,-4.586595514789224,0.9173191029578447,5
72383,left_hand,0.9588615298271179,0.04113846272230148,ScorePonderado,-4.607168236747384,0.9214336473494769,5
72447,left_hand,0.9602637887001038,0.039736248552799225,ScorePonderado,-4.638226447626948,0.9276452895253897,5
72511,left_hand,0.9120165705680847,0.08798343688249588,ScorePonderado,-4.534876326099038,0.9069752652198076,5
72575,left_hand,0.8386882543563843,0.16131176054477692,ScorePonderado,-4.26414679735899,0.8528293594717979,5
72639,left_hand,0.936772882938385,0.06322716921567917,ScorePonderado,-4.213205948472023,0.8426411896944046,5
72703,left_hand,0.9452828168869019,0.05471723526716232,ScorePonderado,-4.186048462986946,0.8372096925973892,5
72767,left_hand,0.9549197554588318,0.0450802706182003,ScorePonderado,-4.175360407680273,0.8350720815360546,5
72831,left_hand,0.9309999346733093,0.06900012493133545,ScorePonderado,-4.213327083736658,0.8426654167473316,5
72895,left_hand,0.9395463466644287,0.06045360118150711,ScorePonderado,-4.415043335407972,0.8830086670815944,5
72959,left_hand,0.9436843991279602,0.0563155896961689,ScorePonderado,-4.428866431117058,0.8857732862234116,5
73023,left_hand,0.9099288582801819,0.09007114917039871,ScorePonderado,-4.358158558607101,0.8716317117214203,5
73087,left_hand,0.7573948502540588,0.24260514974594116,ScorePonderado,-3.9631087742745876,0.7926217548549175,5
73151,left_hand,0.42145413160324097,0.5785459280014038,ScorePonderado,-2.944017168134451,0.6516401521861553,5
73215,left_hand,0.559282124042511,0.440717875957489,ScorePonderado,-2.1834886707365513,0.49953445270657537,5
73279,left_hand,0.460111141204834,0.5398889183998108,ScorePonderado,-1.2163420841097832,0.3380162462592125,5
73343,left_hand,0.4666169285774231,0.5333830714225769,ScorePonderado,-0.3297182321548462,0.18739793300628663,5
73407,right_hand,0.5273694396018982,0.4726305902004242,ScorePonderado,0.13033261895179749,0.09538776278495789,5
73471,right_hand,0.29386135935783386,0.7061386704444885,ScorePonderado,0.3855181336402893,0.14642486572265626,5
73535,right_hand,0.09978771954774857,0.9002122282981873,ScorePonderado,1.30450689047575,0.28279691785573957,5
73599,right_hand,0.10609263181686401,0.893907368183136,ScorePonderado,2.012543849647045,0.42440430968999865,5
73663,right_hand,0.070306196808815,0.9296938180923462,ScorePonderado,2.8051653280854225,0.5829286053776741,5
73727,right_hand,0.050118137151002884,0.9498818516731262,ScorePonderado,3.75966789200902,0.751933578401804,5
73791,right_hand,0.04409681260585785,0.9559032320976257,ScorePonderado,4.259197000414133,0.8518394000828267,5
73855,right_hand,0.03609052672982216,0.9639094471931458,ScorePonderado,4.386591412127018,0.8773182824254036,5
73919,right_hand,0.031348295509815216,0.9686517119407654,ScorePonderado,4.536080092191696,0.9072160184383392,5
73983,right_hand,0.02276664599776268,0.977233350276947,ScorePonderado,4.631159175187349,0.9262318350374699,5
74047,right_hand,0.02848884090781212,0.9715111255645752,ScorePonderado,4.674417745321989,0.9348835490643979,5
74111,right_hand,0.026016727089881897,0.9739832282066345,ScorePonderado,4.710577826946974,0.9421155653893948,5
74175,right_hand,0.046596627682447433,0.9534033536911011,ScorePonderado,4.689565632492304,0.9379131264984608,5
74239,right_hand,0.040201663970947266,0.9597983956336975,ScorePonderado,4.671858947724104,0.9343717895448208,5
74303,right_hand,0.13757357001304626,0.8624264001846313,ScorePonderado,4.442245073616505,0.888449014723301,5
74367,right_hand,0.2875140607357025,0.7124859690666199,ScorePonderado,3.924194697290659,0.7848389394581318,5
74431,right_hand,0.6878030300140381,0.3121970295906067,ScorePonderado,2.600622195750475,0.6703668393194675,5
74495,right_hand,0.9142798185348511,0.08572012931108475,ScorePonderado,0.865255780518055,0.6547174319624901,5
74559,left_hand,0.961974024772644,0.038025952875614166,ScorePonderado,-0.9782890230417252,0.655587700009346,5
74623,left_hand,0.9390875697135925,0.06091250106692314,ScorePonderado,-2.5813169218599796,0.6862521477043628,5
74687,left_hand,0.9456409811973572,0.05435900762677193,ScorePonderado,-3.8975708037614822,0.7795141607522964,5
74751,left_hand,0.9282885193824768,0.07171151041984558,ScorePonderado,-4.378541812300682,0.8757083624601364,5
74815,left_hand,0.9475091099739075,0.05249093472957611,ScorePonderado,-4.445000298321247,0.8890000596642494,5
74879,left_hand,0.9487341642379761,0.05126578360795975,ScorePonderado,-4.4185206070542336,0.8837041214108468,5
74943,left_hand,0.970767080783844,0.029232967644929886,ScorePonderado,-4.481879651546478,0.8963759303092956,5
75007,left_hand,0.9844047427177429,0.015595246106386185,ScorePonderado,-4.55940717458725,0.91188143491745,5
75071,left_hand,0.9797518849372864,0.020248182117938995,ScorePonderado,-4.662333868443966,0.9324667736887932,5
75135,left_hand,0.9580820202827454,0.041917938739061356,ScorePonderado,-4.683479774743319,0.9366959549486638,5
75199,left_hand,0.8933583498001099,0.10664160549640656,ScorePonderado,-4.5727281384170055,0.9145456276834011,5
75263,left_hand,0.8982818722724915,0.10171817243099213,ScorePonderado,-4.427757725119591,0.8855515450239182,5
75327,left_hand,0.8669078946113586,0.13309216499328613,ScorePonderado,-4.1927639581263065,0.8385527916252613,5
75391,left_hand,0.7178391218185425,0.28216081857681274,ScorePonderado,-3.668938558548689,0.7337877117097378,5
75455,left_hand,0.4950403571128845,0.5049596428871155,ScorePonderado,-2.742855191230774,0.5525387525558472,5
75519,left_hand,0.5342702865600586,0.465729683637619,ScorePonderado,-2.02467904984951,0.4089035242795944,5
75583,left_hand,0.44987043738365173,0.5501295924186707,ScorePonderado,-1.127856194972992,0.26964261531829836,5
75647,left_hand,0.4226512312889099,0.5773487091064453,ScorePonderado,-0.23934298753738403,0.15381896495819092,5
75711,right_hand,0.4704185426235199,0.5295814871788025,ScorePonderado,0.2554982602596283,0.0785158932209015,5
75775,right_hand,0.508746862411499,0.4912531077861786,ScorePonderado,0.2280852198600769,0.08003078699111939,5
75839,right_hand,0.3962356746196747,0.6037643551826477,ScorePonderado,0.5041545033454895,0.10782840251922607,5
75903,right_hand,0.1740058958530426,0.8259941339492798,ScorePonderado,1.0558835864067078,0.21817421913146973,5
75967,right_hand,0.1241164281964302,0.8758835196495056,ScorePonderado,1.6529532000422478,0.3375881418585777,5
76031,right_hand,0.08075188845396042,0.919248104095459,ScorePonderado,2.4322864711284637,0.49345479607582093,5
76095,right_hand,0.10413455963134766,0.8958654403686523,ScorePonderado,3.241511106491089,0.6483022212982178,5
76159,right_hand,0.05332745239138603,0.9466724991798401,ScorePonderado,3.92732747271657,0.7854654945433139,5
76223,right_hand,0.032105300575494766,0.9678947329521179,ScorePonderado,4.211128666996956,0.8422257333993912,5
76287,right_hand,0.08384209871292114,0.9161578416824341,ScorePonderado,4.291677318513393,0.8583354637026787,5
76351,right_hand,0.1003875881433487,0.8996124267578125,ScorePonderado,4.252405941486359,0.8504811882972717,5
76415,right_hand,0.09856954216957092,0.9014304280281067,ScorePonderado,4.26353594660759,0.8527071893215179,5
76479,right_hand,0.12949763238430023,0.8705023527145386,ScorePonderado,4.111195620149374,0.8222391240298748,5
76543,right_hand,0.12947982549667358,0.8705201148986816,ScorePonderado,3.916446477174759,0.7832892954349517,5
76607,right_hand,0.36943477392196655,0.6305651664733887,ScorePonderado,3.345261126756668,0.6690522253513336,5
76671,right_hand,0.49239757657051086,0.5076023936271667,ScorePonderado,2.56124110519886,0.5122482210397721,5
76735,right_hand,0.746728777885437,0.2532711625099182,ScorePonderado,1.2649226039648056,0.45036756694316865,5
76799,left_hand,0.8622456789016724,0.13775430619716644,ScorePonderado,-0.20057348906993866,0.44706489741802213,5
76863,left_hand,0.8721670508384705,0.12783297896385193,ScorePonderado,-1.6859478503465652,0.44772365391254426,5
76927,left_hand,0.8664044737815857,0.1335955113172531,ScorePonderado,-2.67988720536232,0.5420593678951263,5
76991,left_hand,0.9512627720832825,0.048737265169620514,ScorePonderado,-3.597617529332638,0.7195235058665276,5
77055,left_hand,0.9783614277839661,0.021638495847582817,ScorePonderado,-4.060882845893502,0.8121765691787004,5
77119,left_hand,0.9832965135574341,0.016703451052308083,ScorePonderado,-4.302984535694122,0.8605969071388244,5
77183,left_hand,0.9777138829231262,0.022286122664809227,ScorePonderado,-4.514078224077821,0.9028156448155642,5
77247,left_hand,0.9581817388534546,0.04181831330060959,ScorePonderado,-4.697632687166333,0.9395265374332666,5
77311,left_hand,0.9378730654716492,0.06212690472602844,ScorePonderado,-4.670853340998292,0.9341706681996584,5
77375,left_hand,0.9532763361930847,0.0467236191034317,ScorePonderado,-4.620683126151562,0.9241366252303124,5
77439,left_hand,0.9333085417747498,0.06669141352176666,ScorePonderado,-4.520707191899419,0.9041414383798838,5
77503,left_hand,0.9160799980163574,0.0839199647307396,ScorePonderado,-4.39743946492672,0.8794878929853439,5
77567,left_hand,0.6697940826416016,0.33020588755607605,ScorePonderado,-3.8206642344594,0.76413284689188,5
77631,left_hand,0.6130951642990112,0.38690489530563354,ScorePonderado,-3.171108342707157,0.6342216685414315,5
77695,left_hand,0.4704068899154663,0.5295931100845337,ScorePonderado,-2.2053694054484367,0.4647483691573143,5
77759,left_hand,0.7921261787414551,0.20787380635738373,ScorePonderado,-1.923004649579525,0.40827541798353195,5
77823,left_hand,0.8748528361320496,0.12514710426330566,ScorePonderado,-1.840550348162651,0.3917845577001572,5
77887,left_hand,0.8300842642784119,0.1699157953262329,ScorePonderado,-2.1611306220293045,0.45590061247348784,5
77951,left_hand,0.7476608157157898,0.2523392140865326,ScorePonderado,-2.430261954665184,0.5097268790006637,5
78015,left_hand,0.770937442779541,0.22906258702278137,ScorePonderado,-3.031323030591011,0.6062646061182022,5
78079,left_hand,0.757988452911377,0.24201156198978424,ScorePonderado,-2.9630475491285324,0.5926095098257065,5
78143,left_hand,0.7272422313690186,0.27275776863098145,ScorePonderado,-2.6678262799978256,0.5335652559995652,5
78207,left_hand,0.8517548441886902,0.1482451856136322,ScorePonderado,-2.7111674696207047,0.5422334939241409,5
78271,left_hand,0.844740092754364,0.1552598625421524,ScorePonderado,-2.905326098203659,0.5810652196407318,5
78335,left_hand,0.9242081046104431,0.07579191774129868,ScorePonderado,-3.211867429316044,0.6423734858632087,5
78399,left_hand,0.9315736889839172,0.06842628121376038,ScorePonderado,-3.559037946164608,0.7118075892329216,5
78463,left_hand,0.9576300978660583,0.04236987605690956,ScorePonderado,-4.01981370523572,0.8039627410471439,5
78527,left_hand,0.9579164981842041,0.04208351671695709,ScorePonderado,-4.232137028127909,0.8464274056255817,5
78591,left_hand,0.9412404894828796,0.05875954404473305,ScorePonderado,-4.425137743353844,0.8850275486707687,5
78655,left_hand,0.9371668100357056,0.0628332644701004,ScorePonderado,-4.451055102050304,0.8902110204100608,5
78719,left_hand,0.9433908462524414,0.056609146296978,ScorePonderado,-4.474689394235611,0.8949378788471222,5
78783,left_hand,0.973726749420166,0.026273276656866074,ScorePonderado,-4.506882645189762,0.9013765290379524,5
78847,left_hand,0.9730674028396606,0.026932591572403908,ScorePonderado,-4.537184474989772,0.9074368949979543,5
78911,left_hand,0.9771331548690796,0.022866804152727127,ScorePonderado,-4.608969880267978,0.9217939760535956,5
78975,left_hand,0.9820241332054138,0.017975904047489166,ScorePonderado,-4.698684563860297,0.9397369127720594,5
79039,left_hand,0.9766948223114014,0.023305239155888557,ScorePonderado,-4.765292447060347,0.9530584894120693,5
79103,left_hand,0.9759151935577393,0.02408480830490589,ScorePonderado,-4.76966935954988,0.953933871909976,5
79167,left_hand,0.9635047912597656,0.0364951565861702,ScorePonderado,-4.750544182956219,0.9501088365912438,5
79231,left_hand,0.9668915271759033,0.03310844302177429,ScorePonderado,-4.730060916393995,0.9460121832787991,5
79295,left_hand,0.9725268483161926,0.02747310884296894,ScorePonderado,-4.711066426709294,0.9422132853418589,5
79359,left_hand,0.9797025322914124,0.020297428593039513,ScorePonderado,-4.717081947252154,0.9434163894504308,5
79423,left_hand,0.9818003177642822,0.018199685961008072,ScorePonderado,-4.728852193802595,0.945770438760519,5
79487,left_hand,0.9763216376304626,0.023678448051214218,ScorePonderado,-4.754485748708248,0.9508971497416496,5
79551,left_hand,0.9439122080802917,0.05608779564499855,ScorePonderado,-4.708527076989412,0.9417054153978824,5
79615,left_hand,0.9325658679008484,0.0674341470003128,ScorePonderado,-4.628605058416724,0.9257210116833449,5
79679,left_hand,0.9671379923820496,0.032861966639757156,ScorePonderado,-4.603475980460644,0.9206951960921288,5
79743,left_hand,0.9676917195320129,0.03230832517147064,ScorePonderado,-4.575258743017912,0.9150517486035824,5
79807,left_hand,0.9568462371826172,0.04315374419093132,ScorePonderado,-4.536308046430349,0.9072616092860699,5
79871,left_hand,0.9216371774673462,0.07836280018091202,ScorePonderado,-4.49175801128149,0.8983516022562981,5
79935,left_hand,0.9583670496940613,0.04163287952542305,ScorePonderado,-4.543360460549593,0.9086720921099186,5
79999,left_hand,0.9608622193336487,0.03913775458931923,ScorePonderado,-4.53080889955163,0.906161779910326,5
80063,left_hand,0.9671388864517212,0.03286109119653702,ScorePonderado,-4.529703300446272,0.9059406600892543,5
80127,left_hand,0.9558899402618408,0.04411003738641739,ScorePonderado,-4.5277907103300095,0.9055581420660019,5
80191,left_hand,0.9230546355247498,0.07694531977176666,ScorePonderado,-4.530625648796558,0.9061251297593117,5
80255,left_hand,0.8777985572814941,0.12220147252082825,ScorePonderado,-4.369488563388586,0.8738977126777172,5
80319,left_hand,0.8747256994247437,0.12527434527873993,ScorePonderado,-4.19721545279026,0.8394430905580521,5
80383,left_hand,0.9235810041427612,0.07641902565956116,ScorePonderado,-4.110099636018276,0.8220199272036552,5
80447,left_hand,0.9197415113449097,0.08025848865509033,ScorePonderado,-4.037802755832672,0.8075605511665345,5
80511,left_hand,0.9263356924057007,0.07366427034139633,ScorePonderado,-4.044364862143993,0.8088729724287986,5
80575,left_hand,0.7402395606040955,0.25976037979125977,ScorePonderado,-3.769246958196163,0.7538493916392326,5
80639,left_hand,0.5535045266151428,0.4464954733848572,ScorePonderado,-3.126804657280445,0.6253609314560891,5
80703,left_hand,0.22280126810073853,0.7771987318992615,ScorePonderado,-1.725245214998722,0.5668080285191536,5
80767,left_hand,0.2871880531311035,0.7128120064735413,ScorePonderado,-0.460138238966465,0.4840362146496773,5
80831,right_hand,0.18193605542182922,0.8180639743804932,ScorePonderado,1.0286611020565033,0.4407275140285492,5
80895,right_hand,0.12372930347919464,0.8762707114219666,ScorePonderado,2.261681690812111,0.4951399594545364,5
80959,right_hand,0.12968020141124725,0.8703198432922363,ScorePonderado,3.1093303859233856,0.6218660771846771,5
81023,right_hand,0.1873016059398651,0.8126984238624573,ScorePonderado,3.180329740047455,0.636065948009491,5
81087,right_hand,0.19713638722896576,0.802863597869873,ScorePonderado,3.3604329973459244,0.6720865994691849,5
81151,right_hand,0.1704980581998825,0.8295019268989563,ScorePonderado,3.3833089470863342,0.6766617894172668,5
81215,right_hand,0.10542332381010056,0.8945766687393188,ScorePonderado,3.4199208840727806,0.6839841768145561,5
81279,right_hand,0.08642047643661499,0.913579523563385,ScorePonderado,3.5064402893185616,0.7012880578637123,5
81343,right_hand,0.08267412334680557,0.9173259139060974,ScorePonderado,3.7156952619552612,0.7431390523910523,5
81407,right_hand,0.062151748687028885,0.9378482699394226,ScorePonderado,3.9856645725667477,0.7971329145133496,5
81471,right_hand,0.02669011615216732,0.9733099341392517,ScorePonderado,4.273280521854758,0.8546561043709516,5
81535,right_hand,0.028417212888598442,0.9715827703475952,ScorePonderado,4.427292734384537,0.8854585468769074,5
81599,right_hand,0.0471048578619957,0.9528951048851013,ScorePonderado,4.505923934280872,0.9011847868561744,5
81663,right_hand,0.03504776954650879,0.964952290058136,ScorePonderado,4.601176664233208,0.9202353328466415,5
81727,right_hand,0.019856754690408707,0.9801432490348816,ScorePonderado,4.685766637325287,0.9371533274650574,5
81791,right_hand,0.028135159984230995,0.9718648791313171,ScorePonderado,4.682876538485289,0.9365753076970578,5
81855,right_hand,0.0284469872713089,0.9715529680252075,ScorePonderado,4.6828169617801905,0.9365633923560381,5
81919,right_hand,0.01487030554562807,0.985129714012146,ScorePonderado,4.747286123223603,0.9494572246447206,5
81983,right_hand,0.013417930342257023,0.9865820407867432,ScorePonderado,4.790545713156462,0.9581091426312923,5
82047,right_hand,0.05496208742260933,0.9450379014015198,ScorePonderado,4.720335032790899,0.9440670065581799,5
82111,right_hand,0.20385906100273132,0.7961409091949463,ScorePonderado,4.368887161836028,0.8737774323672056,5
82175,right_hand,0.2087145298719406,0.7912854552268982,ScorePonderado,4.008352106437087,0.8016704212874174,5
82239,right_hand,0.3348303437232971,0.6651697158813477,ScorePonderado,3.3684320701286197,0.6736864140257239,5
82303,right_hand,0.46032974123954773,0.5396702289581299,ScorePonderado,2.4746084474027157,0.49492168948054316,5
82367,right_hand,0.6033257842063904,0.3966742157936096,ScorePonderado,1.3778810650110245,0.3582368403673172,5
82431,right_hand,0.6206185817718506,0.3793814182281494,ScorePonderado,0.5443620532751083,0.2880279034376144,5
82495,left_hand,0.8135535717010498,0.1864464282989502,ScorePonderado,-0.6653160154819489,0.2969351470470428,5
82559,left_hand,0.8537333607673645,0.1462666392326355,ScorePonderado,-1.7031221091747284,0.37236061692237854,5
82623,left_hand,0.952413022518158,0.04758705571293831,ScorePonderado,-2.68728856369853,0.537457712739706,5
82687,left_hand,0.974899411201477,0.02510061487555504,ScorePonderado,-3.4304357916116714,0.6860871583223342,5
82751,left_hand,0.9825069308280945,0.01749303564429283,ScorePonderado,-4.154212523251772,0.8308425046503544,5
82815,left_hand,0.9878101348876953,0.01218988373875618,ScorePonderado,-4.5027256309986115,0.9005451261997223,5
82879,left_hand,0.9886628985404968,0.011337151750922203,ScorePonderado,-4.772584656253457,0.9545169312506914,5
82943,left_hand,0.985331654548645,0.014668410643935204,ScorePonderado,-4.838421933352947,0.9676843866705894,5
83007,left_hand,0.9804385900497437,0.019561367109417915,ScorePonderado,-4.849500359967351,0.9699000719934702,5
83071,left_hand,0.9839297533035278,0.016070308163762093,ScorePonderado,-4.852345909923315,0.970469181984663,5
83135,left_hand,0.9802775979042053,0.019722335040569305,ScorePonderado,-4.837280921638012,0.9674561843276024,5
83199,left_hand,0.9641739130020142,0.03582611307501793,ScorePonderado,-4.7883029747754335,0.9576605949550867,5
83263,left_hand,0.9464425444602966,0.053557462990283966,ScorePonderado,-4.710524812340736,0.9421049624681472,5
83327,left_hand,0.9392470717430115,0.06075296550989151,ScorePonderado,-4.628141695633531,0.9256283391267062,5
83391,left_hand,0.9067783951759338,0.09322153776884079,ScorePonderado,-4.473839107900858,0.8947678215801715,5
83455,left_hand,0.890164852142334,0.1098352000117302,ScorePonderado,-4.293613497167826,0.8587226994335652,5
83519,left_hand,0.9227660894393921,0.07723396271467209,ScorePonderado,-4.2107978239655495,0.8421595647931099,5
83583,left_hand,0.8719488382339478,0.12805113196372986,ScorePonderado,-4.061810448765755,0.8123620897531509,5
83647,left_hand,0.8976567983627319,0.10234318673610687,ScorePonderado,-3.97862995415926,0.7957259908318519,5
83711,left_hand,0.8975746631622314,0.10242532938718796,ScorePonderado,-3.9602224305272102,0.7920444861054421,5
83775,left_hand,0.8429530262947083,0.15704700350761414,ScorePonderado,-3.8657988011837006,0.7731597602367402,5
83839,left_hand,0.5572107434272766,0.44278931617736816,ScorePonderado,-3.134688101708889,0.6269376203417778,5
83903,left_hand,0.5621178150177002,0.4378822147846222,ScorePonderado,-2.515025995671749,0.5030051991343498,5
83967,left_hand,0.4171740412712097,0.5828259587287903,ScorePonderado,-1.5540604665875435,0.37707286030054094,5
84031,left_hand,0.32522815465927124,0.6747718453407288,ScorePonderado,-0.4093674421310425,0.28795173168182375,5
84095,left_hand,0.6736369132995605,0.32636308670043945,ScorePonderado,-0.07073524594306946,0.22022529244422911,5
84159,left_hand,0.7338874340057373,0.2661125659942627,ScorePonderado,-0.4240886867046356,0.29089598059654237,5
84223,left_hand,0.6742939352989197,0.32570600509643555,ScorePonderado,-0.6484410166740417,0.3357664465904236,5
84287,left_hand,0.6159898638725281,0.38401007652282715,ScorePonderado,-1.0460727214813232,0.34903202056884763,5
84351,left_hand,0.26769670844078064,0.7323033213615417,ScorePonderado,-0.9310097992420197,0.3720446050167084,5
84415,right_hand,0.10082392394542694,0.8991761207580566,ScorePonderado,0.21461622416973114,0.4622602790594101,5
84479,right_hand,0.14124402403831482,0.8587559461593628,ScorePonderado,1.3999030143022537,0.5122076898813248,5
84543,right_hand,0.14351631700992584,0.8564836382865906,ScorePonderado,2.4614582657814026,0.5850835680961609,5
84607,right_hand,0.22542953491210938,0.7745704650878906,ScorePonderado,3.2425789833068848,0.6485157966613769,5
84671,right_hand,0.35586392879486084,0.6441360712051392,ScorePonderado,3.066244512796402,0.6132489025592804,5
84735,right_hand,0.30711081624031067,0.6928891539573669,ScorePonderado,2.6536706537008286,0.5307341307401657,5
84799,right_hand,0.29481878876686096,0.7051812410354614,ScorePonderado,2.346521183848381,0.4693042367696762,5
84863,right_hand,0.1352117359638214,0.864788293838501,ScorePonderado,2.363130420446396,0.4726260840892792,5
84927,right_hand,0.12762580811977386,0.8723741769790649,ScorePonderado,2.5587378591299057,0.5117475718259812,5
84991,right_hand,0.07155406475067139,0.9284458756446838,ScorePonderado,3.12735752761364,0.625471505522728,5
85055,right_hand,0.040170248597860336,0.9598298072814941,ScorePonderado,3.6612387485802174,0.7322477497160435,5
85119,right_hand,0.04289529100060463,0.9571046829223633,ScorePonderado,4.1650856882333755,0.8330171376466751,5
85183,right_hand,0.03278885781764984,0.9672111868858337,ScorePonderado,4.36993145942688,0.873986291885376,5
85247,right_hand,0.040969472378492355,0.9590305089950562,ScorePonderado,4.543244127184153,0.9086488254368306,5
85311,right_hand,0.05922434478998184,0.9407756924629211,ScorePonderado,4.5679036639630795,0.9135807327926159,5
85375,right_hand,0.04473630711436272,0.9552636742591858,ScorePonderado,4.558771472424269,0.9117542944848538,5
85439,right_hand,0.053026191890239716,0.9469737410545349,ScorePonderado,4.538509629666805,0.9077019259333611,5
85503,right_hand,0.0506330206990242,0.9493670463562012,ScorePonderado,4.502821326255798,0.9005642652511596,5
85567,right_hand,0.03847113624215126,0.9615288972854614,ScorePonderado,4.507818050682545,0.901563610136509,5
85631,right_hand,0.03523518890142441,0.9647648334503174,ScorePonderado,4.555796347558498,0.9111592695116997,5
85695,right_hand,0.027651727199554443,0.9723482728004456,ScorePonderado,4.589965526014566,0.9179931052029133,5
85759,right_hand,0.01602853275835514,0.9839714765548706,ScorePonderado,4.663960920646787,0.9327921841293574,5
85823,right_hand,0.016688624396920204,0.9833114147186279,ScorePonderado,4.731849685311317,0.9463699370622635,5
85887,right_hand,0.014727111905813217,0.9852728247642517,ScorePonderado,4.779337637126446,0.9558675274252891,5
85951,right_hand,0.028665782883763313,0.9713341593742371,ScorePonderado,4.7924763690680265,0.9584952738136053,5
86015,right_hand,0.018919887021183968,0.9810801148414612,ScorePonderado,4.809940051287413,0.9619880102574825,5
86079,right_hand,0.02377135492861271,0.976228654384613,ScorePonderado,4.7944544069468975,0.9588908813893795,5
86143,right_hand,0.03675539791584015,0.9632445573806763,ScorePonderado,4.754320776090026,0.9508641552180052,5
86207,right_hand,0.059294700622558594,0.9407052993774414,ScorePonderado,4.66518566198647,0.933037132397294,5
86271,right_hand,0.06245008856058121,0.9375499486923218,ScorePonderado,4.597617145627737,0.9195234291255474,5
86335,right_hand,0.06094253808259964,0.939057469367981,ScorePonderado,4.513571849092841,0.9027143698185682,5
86399,right_hand,0.06611137092113495,0.9338886141777039,ScorePonderado,4.42889179289341,0.8857783585786819,5
86463,right_hand,0.11628277599811554,0.8837172389030457,ScorePonderado,4.269837096333504,0.8539674192667007,5
86527,right_hand,0.0772702619433403,0.9227297306060791,ScorePonderado,4.23388596624136,0.8467771932482719,5
86591,right_hand,0.14286866784095764,0.85713130235672,ScorePonderado,4.0730487406253815,0.8146097481250762,5
86655,right_hand,0.20654700696468353,0.7934529781341553,ScorePonderado,3.781839780509472,0.7563679561018943,5
86719,right_hand,0.250139445066452,0.7498605251312256,ScorePonderado,3.4137836173176765,0.6827567234635353,5
86783,right_hand,0.3736424446105957,0.6263576149940491,ScorePonderado,2.8990643247962,0.57981286495924,5
86847,right_hand,0.40175676345825195,0.598243236541748,ScorePonderado,2.250091329216957,0.45001826584339144,5
86911,right_hand,0.6796150207519531,0.3203849494457245,ScorePonderado,1.1765986233949661,0.37901175320148467,5
86975,right_hand,0.7190127372741699,0.28098729252815247,ScorePonderado,0.15166720747947693,0.34923564791679385,5
87039,left_hand,0.8237920999526978,0.17620791494846344,ScorePonderado,-0.995638057589531,0.378808268904686,5
87103,left_hand,0.9564226269721985,0.043577373027801514,ScorePonderado,-2.1611984819173813,0.5108342856168747,5
87167,left_hand,0.9589452147483826,0.04105484113097191,ScorePonderado,-3.275575328618288,0.6551150657236576,5
87231,left_hand,0.9752732515335083,0.024726707488298416,ScorePonderado,-3.8668918013572693,0.7733783602714539,5
87295,left_hand,0.9767504334449768,0.02324952930212021,ScorePonderado,-4.382367260754108,0.8764734521508217,5
87359,left_hand,0.958817720413208,0.04118229076266289,ScorePonderado,-4.652418505400419,0.9304837010800838,5
87423,left_hand,0.940788745880127,0.059211261570453644,ScorePonderado,-4.621150735765696,0.9242301471531391,5
87487,left_hand,0.9171926379203796,0.08280740678310394,ScorePonderado,-4.537645593285561,0.9075291186571122,5
87551,left_hand,0.9030947685241699,0.09690520167350769,ScorePonderado,-4.393288616091013,0.8786577232182026,5
87615,left_hand,0.9023401737213135,0.09765980392694473,ScorePonderado,-4.244468081742525,0.848893616348505,5
87679,left_hand,0.840469479560852,0.15953049063682556,ScorePonderado,-4.0077716410160065,0.8015543282032013,5
87743,left_hand,0.6241447329521179,0.3758552670478821,ScorePonderado,-3.374483622610569,0.6748967245221138,5
87807,left_hand,0.658963680267334,0.341036319732666,ScorePonderado,-2.8580257520079613,0.5716051504015922,5
87871,left_hand,0.5765256285667419,0.42347437143325806,ScorePonderado,-2.204887442290783,0.4409774884581566,5
87935,left_hand,0.31922632455825806,0.6807737350463867,ScorePonderado,-1.0386596620082855,0.35235089659690855,5
87999,right_hand,0.08889731019735336,0.9111026525497437,ScorePonderado,0.46448466926813126,0.38060416728258134,5
88063,right_hand,0.06174900755286217,0.9382510185241699,ScorePonderado,1.5892761461436749,0.5062466762959957,5
88127,right_hand,0.030826110392808914,0.9691739082336426,ScorePonderado,2.8455513045191765,0.6303307637572289,5
88191,right_hand,0.027982886880636215,0.9720171093940735,ScorePonderado,3.9426367841660976,0.7885273568332195,5
88255,right_hand,0.024634091183543205,0.9753658771514893,ScorePonderado,4.531821159645915,0.906364231929183,5
88319,right_hand,0.024522945284843445,0.9754770398139954,ScorePonderado,4.660569911822677,0.9321139823645354,5
88383,right_hand,0.039912402629852295,0.9600875973701477,ScorePonderado,4.704243095591664,0.9408486191183328,5
88447,right_hand,0.05154895409941673,0.9484509825706482,ScorePonderado,4.662797326222062,0.9325594652444125,5
88511,right_hand,0.03791435435414314,0.9620857238769531,ScorePonderado,4.642934473231435,0.928586894646287,5
88575,right_hand,0.03848174959421158,0.9615182280540466,ScorePonderado,4.615239165723324,0.9230478331446648,5
88639,right_hand,0.051528725773096085,0.9484712481498718,ScorePonderado,4.561227593570948,0.9122455187141896,5
88703,right_hand,0.08028290420770645,0.9197170734405518,ScorePonderado,4.4804865680634975,0.8960973136126995,5
88767,right_hand,0.08022190630435944,0.9197781085968018,ScorePonderado,4.423140741884708,0.8846281483769417,5
88831,right_hand,0.13121925294399261,0.8687807321548462,ScorePonderado,4.236530851572752,0.8473061703145504,5
88895,right_hand,0.22425997257232666,0.7757400870323181,ScorePonderado,3.8649744875729084,0.7729948975145817,5
88959,right_hand,0.2531532049179077,0.7468467950820923,ScorePonderado,3.4617255553603172,0.6923451110720634,5
89023,right_hand,0.2673364281654358,0.7326635718345642,ScorePonderado,3.0876185297966003,0.61752370595932,5
89087,right_hand,0.08687785267829895,0.9131221175193787,ScorePonderado,3.0743065923452377,0.6148613184690476,5
89151,right_hand,0.06124425306916237,0.9387557506561279,ScorePonderado,3.2142566107213497,0.64285132214427,5
89215,right_hand,0.11661764979362488,0.8833823800086975,ScorePonderado,3.429541226476431,0.6859082452952862,5
89279,right_hand,0.0737936720252037,0.9262062907218933,ScorePonderado,3.788260255008936,0.7576520510017872,5
89343,right_hand,0.04667067900300026,0.95332932472229,ScorePonderado,4.229591757059097,0.8459183514118195,5
89407,right_hand,0.04524926096200943,0.9547507166862488,ScorePonderado,4.312848947942257,0.8625697895884514,5
89471,right_hand,0.060659948736429214,0.9393400549888611,ScorePonderado,4.314017556607723,0.8628035113215446,5
89535,right_hand,0.05086468532681465,0.9491353034973145,ScorePonderado,4.44552344456315,0.8891046889126301,5
89599,right_hand,0.11583402752876282,0.8841660022735596,ScorePonderado,4.3614428006112576,0.8722885601222515,5
89663,right_hand,0.35386741161346436,0.6461326479911804,ScorePonderado,3.747049391269684,0.7494098782539368,5
89727,right_hand,0.36139845848083496,0.638601541519165,ScorePonderado,3.1147510185837746,0.6229502037167549,5
89791,right_hand,0.2300480753183365,0.7699519395828247,ScorePonderado,2.775974776595831,0.5551949553191662,5
89855,right_hand,0.22561205923557281,0.7743879556655884,ScorePonderado,2.4264800548553467,0.48529601097106934,5
89919,right_hand,0.31536203622817993,0.6846379637718201,ScorePonderado,2.02742400765419,0.405484801530838,5
89983,right_hand,0.34948018193244934,0.650519847869873,ScorePonderado,2.0361984372138977,0.40723968744277955,5
90047,right_hand,0.3488014340400696,0.6511985063552856,ScorePonderado,2.0613924264907837,0.41227848529815675,5
90111,right_hand,0.35456740856170654,0.6454326510429382,ScorePonderado,1.8123538047075272,0.36247076094150543,5
90175,right_hand,0.41522935032844543,0.5847706198692322,ScorePonderado,1.4331191778182983,0.28662383556365967,5
90239,right_hand,0.8808193206787109,0.11918066442012787,ScorePonderado,0.30220459401607513,0.36509638130664823,5
90239,right_hand,0.8808193206787109,0.11918066442012787,ScorePonderado,0.30220459401607513,0.36509638130664823,5
