sample,prediction,p_left_raw,p_right_raw,name,p_left_smooth,p_right_smooth,alpha,threshold
3978,left_hand,0.9979574680328369,0.0020425256807357073,ExponentialSmoothing,0.9979574680328369,0.0020425256807357073,0.85,0.75
4028,left_hand,0.9936331510543823,0.00636680331081152,ExponentialSmoothing,0.9973088204860687,0.0026911673252470792,0.85,0.75
4053,left_hand,0.97988361120224,0.02011643350124359,ExponentialSmoothing,0.9946950390934943,0.005304957251646557,0.85,0.75
4103,left_hand,0.960812509059906,0.039187539368867874,ExponentialSmoothing,0.989612659588456,0.010387344569229755,0.85,0.75
4128,left_hand,0.9337244033813477,0.06627564132213593,ExponentialSmoothing,0.9812294211573898,0.01877058908216568,0.85,0.75
4153,left_hand,0.9792917370796204,0.020708268508315086,ExponentialSmoothing,0.9809387685457243,0.019061240996088094,0.85,0.75
4178,left_hand,0.9869699478149414,0.013030084781348705,ExponentialSmoothing,0.9818434454361069,0.018156567563877186,0.85,0.75
4253,left_hand,0.9911313652992249,0.008868647739291191,ExponentialSmoothing,0.9832366334155745,0.016763379590189288,0.85,0.75
4278,left_hand,0.9924969673156738,0.00750309182330966,ExponentialSmoothing,0.9846256835005894,0.015374336425157344,0.85,0.75
4328,left_hand,0.9911251664161682,0.008874869905412197,ExponentialSmoothing,0.9856006059379262,0.01439941644719557,0.85,0.75
4353,left_hand,0.9936723709106445,0.006327637936919928,ExponentialSmoothing,0.986811370683834,0.013188649670654225,0.85,0.75
4403,left_hand,0.9909896850585938,0.00901027675718069,ExponentialSmoothing,0.987438117840048,0.012561893733633195,0.85,0.75
4428,left_hand,0.9894383549690247,0.010561609640717506,ExponentialSmoothing,0.9877381534093945,0.012261851119695842,0.85,0.75
4453,left_hand,0.9820522665977478,0.017947709187865257,ExponentialSmoothing,0.9868852703876476,0.013114729829921255,0.85,0.75
4503,left_hand,0.9470604658126831,0.05293957516551018,ExponentialSmoothing,0.9809115497014029,0.01908845663025959,0.85,0.75
4553,left_hand,0.9071378707885742,0.0928620770573616,ExponentialSmoothing,0.9698454978644786,0.030154499694324894,0.85,0.75
4578,left_hand,0.8594430685043335,0.1405569314956665,ExponentialSmoothing,0.9532851334604568,0.046714864464526135,0.85,0.75
4603,left_hand,0.908731997013092,0.09126794338226318,ExponentialSmoothing,0.9466021629933521,0.053397826302186695,0.85,0.75
4653,left_hand,0.8002170920372009,0.19978292286396027,ExponentialSmoothing,0.9246444023499294,0.07535559078645274,0.85,0.75
4703,left_hand,0.6806806921958923,0.31931930780410767,ExponentialSmoothing,0.8880498458268239,0.11195014833910098,0.85,0.75
4728,left_hand,0.6799730658531189,0.3200269639492035,ExponentialSmoothing,0.8568383288307682,0.14316167068061636,0.85,0.75
4778,left_hand,0.7137572765350342,0.28624269366264343,ExponentialSmoothing,0.835376170986408,0.16462382412792043,0.85,0.75
4803,left_hand,0.757170557975769,0.24282942712306976,ExponentialSmoothing,0.8236453290348121,0.17635466457719284,0.85,0.75
4853,rest,0.23062437772750854,0.7693756222724915,ExponentialSmoothing,0.7346921863387166,0.26530780823148764,0.85,0.75
4878,rest,0.07834669947624207,0.9216532707214355,ExponentialSmoothing,0.6362403633093454,0.3637596276049798,0.85,0.75
4928,rest,0.011791098862886429,0.9882088899612427,ExponentialSmoothing,0.5425729736423766,0.45742701695841925,0.85,0.75
4953,rest,0.005233131814748049,0.9947668313980103,ExponentialSmoothing,0.46197199736823225,0.5380279891243579,0.85,0.75
4978,rest,0.0032514496706426144,0.9967485666275024,ExponentialSmoothing,0.3931639152135938,0.6068360757498296,0.85,0.75
5028,rest,0.0011992364889010787,0.9988007545471191,ExponentialSmoothing,0.33436921340488984,0.665630777569423,0.85,0.75
5078,rest,0.0005300104967318475,0.999470055103302,ExponentialSmoothing,0.2842933329686661,0.7157066691995049,0.85,0.75
5103,right_hand,0.0004653255164157599,0.9995347261428833,ExponentialSmoothing,0.24171913185082855,0.7582808777410116,0.85,0.75
5153,right_hand,0.00039045681478455663,0.9996095299720764,ExponentialSmoothing,0.20551983059542195,0.7944801755756713,0.85,0.75
5178,right_hand,0.00038720216252841055,0.9996128678321838,ExponentialSmoothing,0.1747499363304879,0.8252500794141482,0.85,0.75
5228,right_hand,0.0002246010844828561,0.9997753500938416,ExponentialSmoothing,0.14857113604358715,0.8514288700161022,0.85,0.75
5253,right_hand,0.00018669692508410662,0.9998133778572083,ExponentialSmoothing,0.12631347017581168,0.8736865461922682,0.85,0.75
5303,right_hand,0.00015343389532063156,0.9998465776443481,ExponentialSmoothing,0.10738946473373802,0.8926105509100801,0.85,0.75
5328,right_hand,0.0001766652858350426,0.9998233914375305,ExponentialSmoothing,0.09130754481655257,0.9086924769891978,0.85,0.75
5353,right_hand,0.00017933994240593165,0.9998206496238708,ExponentialSmoothing,0.07763831408543057,0.9223617028843988,0.85,0.75
5403,right_hand,0.00018774533236864954,0.9998123049736023,ExponentialSmoothing,0.06602072877247127,0.9339792931977793,0.85,0.75
5428,right_hand,0.00013780698645859957,0.9998621940612793,ExponentialSmoothing,0.056138290504569366,0.9438617283273043,0.85,0.75
5478,right_hand,9.884592145681381e-05,0.9999011754989624,ExponentialSmoothing,0.047732373817102484,0.952267645403053,0.85,0.75
5528,right_hand,9.22612234717235e-05,0.9999077320098877,ExponentialSmoothing,0.040586356928057864,0.9594136583940782,0.85,0.75
5553,right_hand,9.453344682697207e-05,0.9999054670333862,ExponentialSmoothing,0.03451258340587323,0.9654874296899744,0.85,0.75
5603,right_hand,0.00010782784374896437,0.9998921155929565,ExponentialSmoothing,0.02935187007155459,0.9706481325754217,0.85,0.75
5628,right_hand,0.00011161358997924253,0.9998884201049805,ExponentialSmoothing,0.024965831599318287,0.9750341757048555,0.85,0.75
5678,right_hand,6.603526708204299e-05,0.9999339580535889,ExponentialSmoothing,0.02123086214948285,0.9787691430571654,0.85,0.75
5703,right_hand,5.119141496834345e-05,0.9999488592147827,ExponentialSmoothing,0.018053911539305675,0.9819461004808081,0.85,0.75
5728,right_hand,4.3287120206514373e-05,0.9999567270278931,ExponentialSmoothing,0.015352317876440801,0.9846476944628708,0.85,0.75
5778,right_hand,4.219145193928853e-05,0.999957799911499,ExponentialSmoothing,0.013055798912765574,0.9869442102801651,0.85,0.75
5803,right_hand,2.9136745069990866e-05,0.9999709129333496,ExponentialSmoothing,0.011101799587611236,0.9888982156781427,0.85,0.75
5853,right_hand,4.666265158448368e-05,0.9999533891677856,ExponentialSmoothing,0.009443529047207223,0.9905564917015892,0.85,0.75
5903,right_hand,0.00010840737377293408,0.9998916387557983,ExponentialSmoothing,0.008043260796192081,0.9919567637597206,0.85,0.75
5928,right_hand,0.00018566957442089915,0.9998143315315247,ExponentialSmoothing,0.006864622112926403,0.9931353989254913,0.85,0.75
5978,right_hand,0.00039608817314729095,0.9996039271354675,ExponentialSmoothing,0.005894342021959537,0.9941056781569877,0.85,0.75
6053,right_hand,0.0004154438793193549,0.9995846152305603,ExponentialSmoothing,0.005072507300563509,0.9949275187180237,0.85,0.75
6078,right_hand,0.00036885240115225315,0.9996311664581299,ExponentialSmoothing,0.004366959065651821,0.9956330658790395,0.85,0.75
6103,right_hand,0.0003490648523438722,0.9996509552001953,ExponentialSmoothing,0.0037642749336556282,0.9962357492772129,0.85,0.75
6153,right_hand,0.0006318086525425315,0.9993682503700256,ExponentialSmoothing,0.0032944049914886636,0.9967056244411349,0.85,0.75
6178,right_hand,0.0008609937503933907,0.9991389513015747,ExponentialSmoothing,0.0029293933053243727,0.9970706234702008,0.85,0.75
6228,right_hand,0.0013434201246127486,0.9986565113067627,ExponentialSmoothing,0.0026914973282176295,0.997308506645685,0.85,0.75
6253,right_hand,0.0010820378083735704,0.9989179372787476,ExponentialSmoothing,0.0024500784002410205,0.9975499212406445,0.85,0.75
6303,right_hand,0.001152115990407765,0.9988478422164917,ExponentialSmoothing,0.002255384038766032,0.9977446093870216,0.85,0.75
6353,right_hand,0.0034362156875431538,0.9965638518333435,ExponentialSmoothing,0.0024325087860826004,0.9975674957539699,0.85,0.75
6378,right_hand,0.0040113963186740875,0.9959885478019714,ExponentialSmoothing,0.0026693419159713235,0.9973306535611701,0.85,0.75
6428,right_hand,0.008747045882046223,0.9912529587745667,ExponentialSmoothing,0.0035809975108825583,0.9964189993431796,0.85,0.75
6453,right_hand,0.006426781415939331,0.9935732483863831,ExponentialSmoothing,0.004007865096641075,0.99599213669966,0.85,0.75
6503,right_hand,0.0071296230889856815,0.9928703904151917,ExponentialSmoothing,0.0044761287954927665,0.9955238747569898,0.85,0.75
6528,right_hand,0.004940472077578306,0.995059609413147,ExponentialSmoothing,0.004545780287805598,0.9954542349554133,0.85,0.75
6553,right_hand,0.00364870042540133,0.9963512420654297,ExponentialSmoothing,0.004411218308444958,0.9955887860219157,0.85,0.75
6603,right_hand,0.008275162428617477,0.9917248487472534,ExponentialSmoothing,0.0049908099264708355,0.9950091954307164,0.85,0.75
6628,right_hand,0.008217711932957172,0.9917823076248169,ExponentialSmoothing,0.005474845227443786,0.9945251622598315,0.85,0.75
6678,right_hand,0.01577555574476719,0.9842244386672974,ExponentialSmoothing,0.007019951805042297,0.9929800537209513,0.85,0.75
6728,right_hand,0.058326590806245804,0.9416734576225281,ExponentialSmoothing,0.014715947655222824,0.9852840643061878,0.85,0.75
6753,right_hand,0.05275634303689003,0.9472436904907227,ExponentialSmoothing,0.020422006962472906,0.979578008233868,0.85,0.75
6803,right_hand,0.0544092021882534,0.9455907344818115,ExponentialSmoothing,0.02552008624633998,0.9744799171710595,0.85,0.75
6828,right_hand,0.031385574489831924,0.9686144590377808,ExponentialSmoothing,0.026399909482863772,0.9736000984510678,0.85,0.75
6878,right_hand,0.021345805376768112,0.9786542057991028,ExponentialSmoothing,0.025641793866949425,0.974358214553273,0.85,0.75
6903,right_hand,0.02422534115612507,0.9757746458053589,ExponentialSmoothing,0.025429325960325773,0.9745706792410859,0.85,0.75
6953,right_hand,0.05607891455292702,0.9439210891723633,ExponentialSmoothing,0.03002676424921596,0.9699732407307775,0.85,0.75
6978,right_hand,0.08249496668577194,0.9175050258636475,ExponentialSmoothing,0.037896994614699364,0.962103008500708,0.85,0.75
7003,right_hand,0.1247432604432106,0.8752567768096924,ExponentialSmoothing,0.050923934488976044,0.9490760737470556,0.85,0.75
7053,right_hand,0.26791757345199585,0.7320824265480042,ExponentialSmoothing,0.08347298033342902,0.9165270266671979,0.85,0.75
7078,right_hand,0.2536104619503021,0.7463895678520203,ExponentialSmoothing,0.10899360257596,0.8910064078449212,0.85,0.75
7128,right_hand,0.05153374746441841,0.9484662413597107,ExponentialSmoothing,0.10037462430922876,0.8996253828721397,0.85,0.75
7153,right_hand,0.07617433369159698,0.9238256812095642,ExponentialSmoothing,0.096744580716584,0.9032554276227533,0.85,0.75
7203,right_hand,0.1147945299744606,0.8852054476737976,ExponentialSmoothing,0.09945207310526549,0.90054793063041,0.85,0.75
7228,right_hand,0.2690543234348297,0.7309456467628479,ExponentialSmoothing,0.12489241065470014,0.8751075880502757,0.85,0.75
7278,right_hand,0.08366543799638748,0.9163346290588379,ExponentialSmoothing,0.11870836475595324,0.8812916442015599,0.85,0.75
7328,right_hand,0.17122074961662292,0.8287792801856995,ExponentialSmoothing,0.1265852224850537,0.8734147895991808,0.85,0.75
7353,right_hand,0.21240654587745667,0.787593424320221,ExponentialSmoothing,0.13945842099391415,0.8605415848073369,0.85,0.75
7378,right_hand,0.4258071482181549,0.5741928219795227,ExponentialSmoothing,0.18241073007755026,0.8175892703831648,0.85,0.75
7428,right_hand,0.31685206294059753,0.6831479668617249,ExponentialSmoothing,0.20257693000700736,0.7974230748549488,0.85,0.75
7453,rest,0.8574967980384827,0.14250323176383972,ExponentialSmoothing,0.3008149102117287,0.6991850983912824,0.85,0.75
7503,rest,0.961990475654602,0.038009531795978546,ExponentialSmoothing,0.39999124502815975,0.6000087634019868,0.85,0.75
7528,rest,0.985159695148468,0.014840354211628437,ExponentialSmoothing,0.48776651254620595,0.5122335020234331,0.85,0.75
7578,rest,0.983679473400116,0.01632058061659336,ExponentialSmoothing,0.5621534566742925,0.4378465638124071,0.85,0.75
7603,rest,0.9790688157081604,0.020931119099259377,ExponentialSmoothing,0.6246907605293728,0.37530924710543495,0.85,0.75
7653,rest,0.9721563458442688,0.027843575924634933,ExponentialSmoothing,0.6768105983266072,0.32318939642831496,0.85,0.75
7703,rest,0.990627646446228,0.009372398257255554,ExponentialSmoothing,0.7238831555445504,0.276116846702656,0.85,0.75
7728,left_hand,0.989769697189331,0.010230297222733498,ExponentialSmoothing,0.7637661367912675,0.23623386428066762,0.85,0.75
7778,left_hand,0.9928794503211975,0.007120552007108927,ExponentialSmoothing,0.7981331338207569,0.2018668674396338,0.85,0.75
7803,left_hand,0.9799015522003174,0.020098384469747543,ExponentialSmoothing,0.825398396577691,0.17460159499415087,0.85,0.75
7828,left_hand,0.9642077088356018,0.0357922688126564,ExponentialSmoothing,0.8462197934163777,0.1537801960669267,0.85,0.75
7878,left_hand,0.9358459711074829,0.06415406614542007,ExponentialSmoothing,0.8596637200700434,0.14033627657870068,0.85,0.75
7928,left_hand,0.9441381692886353,0.055861882865428925,ExponentialSmoothing,0.8723348874528322,0.12766511752170992,0.85,0.75
7953,left_hand,0.7142931818962097,0.28570684790611267,ExponentialSmoothing,0.8486286316193388,0.15137137707937035,0.85,0.75
8003,left_hand,0.7118598818778992,0.2881401777267456,ExponentialSmoothing,0.8281133191581228,0.17188669717647664,0.85,0.75
8078,left_hand,0.6357537508010864,0.36424627900123596,ExponentialSmoothing,0.7992593839045674,0.20074063445019052,0.85,0.75
8103,left_hand,0.6096378564834595,0.3903621435165405,ExponentialSmoothing,0.7708161547914012,0.22918386081014303,0.85,0.75
8128,rest,0.37030157446861267,0.6296983957290649,ExponentialSmoothing,0.710738967742983,0.28926104104798134,0.85,0.75
8178,rest,0.20435236394405365,0.7956476807594299,ExponentialSmoothing,0.6347809771731435,0.3652190370046986,0.85,0.75
8203,rest,0.03365686163306236,0.966343104839325,ExponentialSmoothing,0.5446123598421313,0.45538764717989255,0.85,0.75
8253,rest,0.0073303356766700745,0.9926697015762329,ExponentialSmoothing,0.46402005621731207,0.5359799553393436,0.85,0.75
8278,rest,0.003318419214338064,0.9966815114021301,ExponentialSmoothing,0.39491481066686596,0.6050851887487616,0.85,0.75
8328,rest,0.0009217489277943969,0.9990782737731934,ExponentialSmoothing,0.3358158514060052,0.6641841515024264,0.85,0.75
8378,rest,0.0003797407844103873,0.9996201992034912,ExponentialSmoothing,0.28550043481276594,0.7144995586575862,0.85,0.75
8403,right_hand,0.0002269518154207617,0.9997730851173401,ExponentialSmoothing,0.24270941236316415,0.7572905876265492,0.85,0.75
8453,right_hand,0.00013760660658590496,0.9998624324798584,ExponentialSmoothing,0.2063236414996774,0.7936763643545457,0.85,0.75
8478,right_hand,0.00010472296708030626,0.9998952150344849,ExponentialSmoothing,0.17539080371978785,0.8246091919565366,0.85,0.75
8528,right_hand,0.00011070930486312136,0.9998892545700073,ExponentialSmoothing,0.14909878955754916,0.8509012013485573,0.85,0.75
8553,right_hand,8.575285755796358e-05,0.999914288520813,ExponentialSmoothing,0.12674683405255047,0.8732531644243957,0.85,0.75
8578,right_hand,7.728115451755002e-05,0.9999227523803711,ExponentialSmoothing,0.10774640111784552,0.892253602617792,0.85,0.75
8628,right_hand,5.346857869881205e-05,0.9999464750289917,ExponentialSmoothing,0.09159246123697351,0.9084075334794719,0.85,0.75
8653,right_hand,5.2406212489586323e-05,0.9999475479125977,ExponentialSmoothing,0.07786145298330092,0.9221385356444408,0.85,0.75
8703,right_hand,9.224344830727205e-05,0.9999077320098877,ExponentialSmoothing,0.06619607155305188,0.9338039150992579,0.85,0.75
8753,right_hand,0.00017186003969982266,0.9998281002044678,ExponentialSmoothing,0.05629243982604907,0.9437075428650393,0.85,0.75
8778,right_hand,0.00017313357966486365,0.9998268485069275,ExponentialSmoothing,0.04787454388909144,0.9521254387113226,0.85,0.75
8803,right_hand,0.00020072761981282383,0.9997993111610413,ExponentialSmoothing,0.040723471448699644,0.9592765195787805,0.85,0.75
8828,right_hand,0.0001889292907435447,0.9998111128807068,ExponentialSmoothing,0.03464329012500623,0.9653567085740694,0.85,0.75
8903,right_hand,0.0003504447522573173,0.9996495246887207,ExponentialSmoothing,0.02949936331909389,0.9705006309912672,0.85,0.75
8928,right_hand,0.00034221087116748095,0.9996577501296997,ExponentialSmoothing,0.02512579045190493,0.974874198862032,0.85,0.75
8953,right_hand,0.0004044846282340586,0.999595582485199,ExponentialSmoothing,0.021417594578354297,0.978582406405507,0.85,0.75
9003,right_hand,0.00026193345547653735,0.9997380375862122,ExponentialSmoothing,0.018244245409922633,0.9817557510826127,0.85,0.75
9028,right_hand,0.0002635499695315957,0.999736487865448,ExponentialSmoothing,0.015547141093863976,0.984452861600038,0.85,0.75
9078,right_hand,0.00021028031187597662,0.9997897744178772,ExponentialSmoothing,0.013246611976565776,0.9867533985227139,0.85,0.75
9103,right_hand,0.00032167937024496496,0.999678373336792,ExponentialSmoothing,0.011307872085617655,0.9886921447448256,0.85,0.75
9153,right_hand,0.0003684533294290304,0.9996315240859985,ExponentialSmoothing,0.00966695927218936,0.9903330516460016,0.85,0.75
9203,right_hand,0.0005382513045333326,0.9994617104530334,ExponentialSmoothing,0.008297653077040957,0.9917023504670563,0.85,0.75
9228,right_hand,0.0005400278023444116,0.9994599223136902,ExponentialSmoothing,0.007134009285836475,0.9928659862440514,0.85,0.75
9278,right_hand,0.0009533246047794819,0.9990466237068176,ExponentialSmoothing,0.006206906583677926,0.9937930818634664,0.85,0.75
9303,right_hand,0.0012812134809792042,0.9987188577651978,ExponentialSmoothing,0.005468052618273118,0.9945319482487261,0.85,0.75
9353,right_hand,0.0041902451775968075,0.99580979347229,ExponentialSmoothing,0.005276381502171671,0.9947236250322607,0.85,0.75
9378,right_hand,0.005039723124355078,0.9949603080749512,ExponentialSmoothing,0.005240882745499182,0.9947591274886642,0.85,0.75
9403,right_hand,0.00979955866932869,0.9902004599571228,ExponentialSmoothing,0.0059246841340736085,0.994075327358933,0.85,0.75
9453,right_hand,0.03355586901307106,0.9664440751075745,ExponentialSmoothing,0.010069361865923228,0.9899306395212292,0.85,0.75
9478,right_hand,0.08405018597841263,0.9159497618675232,ExponentialSmoothing,0.02116648548279664,0.9788335078731732,0.85,0.75
9528,right_hand,0.07811136543750763,0.9218886494636536,ExponentialSmoothing,0.029708217476003294,0.9702917791117452,0.85,0.75
9578,right_hand,0.03139900043606758,0.9686010479927063,ExponentialSmoothing,0.029961834920012937,0.9700381694438893,0.85,0.75
9603,right_hand,0.01680605858564377,0.9831939935684204,ExponentialSmoothing,0.02798846846985756,0.9720115430625689,0.85,0.75
9653,right_hand,0.012184098362922668,0.9878159165382385,ExponentialSmoothing,0.025617812953817327,0.9743821990839193,0.85,0.75
9678,right_hand,0.011831298470497131,0.9881687760353088,ExponentialSmoothing,0.0235498357813193,0.9764501856266278,0.85,0.75
9703,right_hand,0.017057552933692932,0.9829424619674683,ExponentialSmoothing,0.022575993354175344,0.9774240270777539,0.85,0.75
9753,right_hand,0.01853230781853199,0.9814676642417908,ExponentialSmoothing,0.02196944052382884,0.9780305726523594,0.85,0.75
9778,right_hand,0.01884402707219124,0.9811559915542603,ExponentialSmoothing,0.0215006285060832,0.9784993854876445,0.85,0.75
9828,right_hand,0.010622777044773102,0.9893772602081299,ExponentialSmoothing,0.019868950786886684,0.9801310666957173,0.85,0.75
9853,right_hand,0.0076172370463609695,0.992382824420929,ExponentialSmoothing,0.018031193725807824,0.981968830354499,0.85,0.75
9903,right_hand,0.01805436983704567,0.9819455742835999,ExponentialSmoothing,0.018034670142493502,0.9819653419438641,0.85,0.75
9953,right_hand,0.07284354418516159,0.9271565079689026,ExponentialSmoothing,0.02625600124889372,0.9737440168476198,0.85,0.75
9978,right_hand,0.1515098512172699,0.8484901189804077,ExponentialSmoothing,0.045044078744150146,0.954955932167538,0.85,0.75
10003,right_hand,0.26150941848754883,0.7384905815124512,ExponentialSmoothing,0.07751387970565995,0.922486129569275,0.85,0.75
10053,right_hand,0.898414134979248,0.10158579051494598,ExponentialSmoothing,0.20064891799669818,0.7993510787111255,0.85,0.75
10078,rest,0.966876745223999,0.03312322124838829,ExponentialSmoothing,0.3155830920807933,0.684416900091715,0.85,0.75
10128,rest,0.988240122795105,0.011759914457798004,ExponentialSmoothing,0.4164816466879401,0.5835183522466274,0.85,0.75
10153,rest,0.9868691563606262,0.013130858540534973,ExponentialSmoothing,0.502039773138843,0.49796022819071356,0.85,0.75
10203,rest,0.9552653431892395,0.0447346530854702,ExponentialSmoothing,0.5700236086464024,0.42997639192492704,0.85,0.75
10228,rest,0.8832157254219055,0.11678426712751389,ExponentialSmoothing,0.6170024261627279,0.3829975732053151,0.85,0.75
10278,rest,0.2499513179063797,0.7500486373901367,ExponentialSmoothing,0.5619447599242757,0.4380552328330383,0.85,0.75
10303,rest,0.21985165774822235,0.7801483273506165,ExponentialSmoothing,0.5106307945978678,0.48936919701067505,0.85,0.75
10353,rest,0.19009734690189362,0.8099026679992676,ExponentialSmoothing,0.4625507774434716,0.5374492176589639,0.85,0.75
10403,rest,0.03793368116021156,0.9620662927627563,ExponentialSmoothing,0.3988582130009826,0.6011417789245328,0.85,0.75
10428,rest,0.015965083613991737,0.9840348958969116,ExponentialSmoothing,0.34142424359293394,0.6585757464703896,0.85,0.75
10478,rest,0.028461318463087082,0.9715386629104614,ExponentialSmoothing,0.29447980482345687,0.7055201839364005,0.85,0.75
10503,rest,0.022751381620764732,0.9772486090660095,ExponentialSmoothing,0.25372054134305305,0.7462794477058419,0.85,0.75
10553,right_hand,0.02444649487733841,0.9755535125732422,ExponentialSmoothing,0.21932943437319585,0.7806705574359519,0.85,0.75
10578,right_hand,0.05308297276496887,0.9469169974327087,ExponentialSmoothing,0.1943924651319618,0.8056075234354655,0.85,0.75
10603,right_hand,0.037105757743120193,0.9628943204879761,ExponentialSmoothing,0.17079945902363555,0.8292005429933421,0.85,0.75
10653,right_hand,0.0734560415148735,0.9265438914299011,ExponentialSmoothing,0.15619794639732124,0.843802045258826,0.85,0.75
10678,right_hand,0.09269260615110397,0.9073073267936707,ExponentialSmoothing,0.14667214536038864,0.8533278374890527,0.85,0.75
10728,right_hand,0.22337833046913147,0.7766216397285461,ExponentialSmoothing,0.15817807312670007,0.8418219078249767,0.85,0.75
10778,right_hand,0.15827101469039917,0.8417289853096008,ExponentialSmoothing,0.1581920143612549,0.8418079694476702,0.85,0.75
10803,right_hand,0.09508207440376282,0.9049178957939148,ExponentialSmoothing,0.1487255233676311,0.8512744583996068,0.85,0.75
10853,right_hand,0.029106123372912407,0.970893919467926,ExponentialSmoothing,0.13078261336842328,0.8692173775598547,0.85,0.75
10878,right_hand,0.018822837620973587,0.9811772108078003,ExponentialSmoothing,0.11398864700630583,0.8860113525470465,0.85,0.75
10928,right_hand,0.01802152581512928,0.9819784760475159,ExponentialSmoothing,0.09959357882762936,0.9004064210721169,0.85,0.75
10953,right_hand,0.01631929539144039,0.9836807250976562,ExponentialSmoothing,0.087102436312201,0.9128975666759478,0.85,0.75
11003,right_hand,0.01036807894706726,0.9896318912506104,ExponentialSmoothing,0.07559228270743094,0.9244077153621473,0.85,0.75
11028,right_hand,0.008045565336942673,0.991954505443573,ExponentialSmoothing,0.0654602751018577,0.9345397338743611,0.85,0.75
11053,right_hand,0.013578937388956547,0.9864211082458496,ExponentialSmoothing,0.05767807444492253,0.9423219400300843,0.85,0.75
11103,right_hand,0.14207260310649872,0.8579273819923401,ExponentialSmoothing,0.07033725374415896,0.9296627563244226,0.85,0.75
11128,right_hand,0.21589796245098114,0.7841020822525024,ExponentialSmoothing,0.09217136005018228,0.9078286552136345,0.85,0.75
11178,right_hand,0.4816928505897522,0.5183072090148926,ExponentialSmoothing,0.15059958363111778,0.8494004382838233,0.85,0.75
11228,right_hand,0.2920372188091278,0.7079627513885498,ExponentialSmoothing,0.17181522890781928,0.8281847852495322,0.85,0.75
11253,right_hand,0.1255033314228058,0.8744966387748718,ExponentialSmoothing,0.16486844428506725,0.8351315632783332,0.85,0.75
11303,rest,0.8649426102638245,0.13505738973617554,ExponentialSmoothing,0.26987956918188083,0.7301204372470096,0.85,0.75
11328,rest,0.9673895239830017,0.032610513269901276,ExponentialSmoothing,0.374506062402049,0.6254939486504433,0.85,0.75
11353,rest,0.9723549485206604,0.027645038440823555,ExponentialSmoothing,0.4641833953198407,0.5358166121190003,0.85,0.75
11403,rest,0.9684404730796814,0.031559597700834274,ExponentialSmoothing,0.5398219569838169,0.4601780599562754,0.85,0.75
11428,rest,0.974663257598877,0.02533670887351036,ExponentialSmoothing,0.6050481520760759,0.3949518572938607,0.85,0.75
11478,rest,0.9469199180603027,0.05308014526963234,ExponentialSmoothing,0.6563289169737099,0.3436711004902264,0.85,0.75
11503,rest,0.9145594239234924,0.08544052392244339,ExponentialSmoothing,0.6950634930161773,0.304936514005059,0.85,0.75
11553,rest,0.7936705946922302,0.20632940530776978,ExponentialSmoothing,0.7098545582675853,0.29014544770046563,0.85,0.75
11603,rest,0.7392067909240723,0.26079320907592773,ExponentialSmoothing,0.7142573931660583,0.28574261190678496,0.85,0.75
11628,rest,0.8410000801086426,0.1589999794960022,ExponentialSmoothing,0.7332687962074459,0.26673121704516756,0.85,0.75
11678,left_hand,0.9249011278152466,0.0750989317893982,ExponentialSmoothing,0.762013645948616,0.23798637425680214,0.85,0.75
11703,left_hand,0.9463024735450745,0.053697504103183746,ExponentialSmoothing,0.7896569700880848,0.21034304373375937,0.85,0.75
11753,left_hand,0.8151952028274536,0.1848047822713852,ExponentialSmoothing,0.7934877049989901,0.20651230451440322,0.85,0.75
11778,left_hand,0.5195276737213135,0.48047226667404175,ExponentialSmoothing,0.7523937003073387,0.247606298838349,0.85,0.75
11803,rest,0.2898562252521515,0.7101438045501709,ExponentialSmoothing,0.6830130790490605,0.3169869246951223,0.85,0.75
11853,rest,0.06681663542985916,0.9331833124160767,ExponentialSmoothing,0.5905836125061803,0.4094163828532655,0.85,0.75
11878,rest,0.035445161163806915,0.9645548462867737,ExponentialSmoothing,0.5073128448048242,0.49268715236829175,0.85,0.75
11928,rest,0.006033313926309347,0.9939666986465454,ExponentialSmoothing,0.43212091517304696,0.5678790843100299,0.85,0.75
11953,rest,0.005009718704968691,0.9949902892112732,ExponentialSmoothing,0.36805423570283524,0.6319457650452164,0.85,0.75
12003,rest,0.003510637441650033,0.9964893460273743,ExponentialSmoothing,0.31337269596365747,0.6866273021925401,0.85,0.75
12053,rest,0.013556115329265594,0.9864438772201538,ExponentialSmoothing,0.2684002088684987,0.7315997884466822,0.85,0.75
12078,right_hand,0.028900571167469025,0.9710993766784668,ExponentialSmoothing,0.23247526321334425,0.7675247266814498,0.85,0.75
12128,right_hand,0.17271442711353302,0.8272855877876282,ExponentialSmoothing,0.22351113779837256,0.7764888558473765,0.85,0.75
12153,rest,0.5024060010910034,0.4975939989089966,ExponentialSmoothing,0.2653453672922672,0.7346546273066196,0.85,0.75
12178,rest,0.8394860625267029,0.16051393747329712,ExponentialSmoothing,0.35146647157743255,0.6485335238316212,0.85,0.75
12228,rest,0.9730169773101807,0.026982998475432396,ExponentialSmoothing,0.4446990474373448,0.5553009450281929,0.85,0.75
12253,rest,0.98623126745224,0.013768753968179226,ExponentialSmoothing,0.5259288804395791,0.47407111636919086,0.85,0.75
12303,rest,0.9784783124923706,0.02152172476053238,ExponentialSmoothing,0.5938112952474978,0.40618870762789205,0.85,0.75
12328,rest,0.9790788888931274,0.020921066403388977,ExponentialSmoothing,0.6516014342943421,0.3483985614442166,0.85,0.75
12378,rest,0.9866887927055359,0.013311251066625118,ExponentialSmoothing,0.7018645380560212,0.29813546488757786,0.85,0.75
12428,rest,0.9947380423545837,0.005262015853077173,ExponentialSmoothing,0.7457955637008056,0.2542044475324028,0.85,0.75
12453,left_hand,0.9979034662246704,0.002096588024869561,ExponentialSmoothing,0.7836117490793854,0.21638826860627278,0.85,0.75
12503,left_hand,0.9983834028244019,0.0016165698179975152,ExponentialSmoothing,0.8158274971411379,0.18417251378803148,0.85,0.75
12528,left_hand,0.9985793828964233,0.0014205897459760308,ExponentialSmoothing,0.8432402800044307,0.15675972518172318,0.85,0.75
12578,left_hand,0.9981733560562134,0.0018266853876411915,ExponentialSmoothing,0.8664802414121981,0.13351976921261088,0.85,0.75
12603,left_hand,0.9985018968582153,0.0014981019776314497,ExponentialSmoothing,0.8862834897291008,0.11371651912736397,0.85,0.75
12628,left_hand,0.9987429976463318,0.0012570172548294067,ExponentialSmoothing,0.9031524159166855,0.09684759384648378,0.85,0.75
12678,left_hand,0.997988224029541,0.00201173173263669,ExponentialSmoothing,0.9173777871336137,0.08262221452940671,0.85,0.75
12703,left_hand,0.9964113831520081,0.0035886254627257586,ExponentialSmoothing,0.929232826536373,0.07076717616940457,0.85,0.75
12753,left_hand,0.9965292811393738,0.003470756346359849,ExponentialSmoothing,0.9393272947268231,0.060672713195947865,0.85,0.75
12778,left_hand,0.9981306195259094,0.0018693552119657397,ExponentialSmoothing,0.948147793446686,0.051852209498350545,0.85,0.75
12828,left_hand,0.9993657469749451,0.0006342678098008037,ExponentialSmoothing,0.9558304864759248,0.04416951824506808,0.85,0.75
12853,left_hand,0.9994404911994934,0.0005595026887021959,ExponentialSmoothing,0.96237198718446,0.0376280159116132,0.85,0.75
12903,left_hand,0.9993736147880554,0.0006264416151680052,ExponentialSmoothing,0.9679222313249993,0.032077779767146423,0.85,0.75
12928,left_hand,0.9993607401847839,0.0006393190706148744,ExponentialSmoothing,0.972638007653967,0.027362010662666688,0.85,0.75
12978,left_hand,0.9993938207626343,0.0006061401218175888,ExponentialSmoothing,0.9766513796202672,0.023348630081539323,0.85,0.75
13003,left_hand,0.9991776347160339,0.0008223193581216037,ExponentialSmoothing,0.9800303178846321,0.019969683473026665,0.85,0.75
13053,left_hand,0.9991244673728943,0.0008755962480790913,ExponentialSmoothing,0.9828944403078714,0.01710557038928453,0.85,0.75
13078,left_hand,0.9986594915390015,0.0013405265053734183,ExponentialSmoothing,0.9852591979925409,0.014740813806697861,0.85,0.75
13128,left_hand,0.9924811124801636,0.007518903352320194,ExponentialSmoothing,0.9863424851656843,0.013657527238541212,0.85,0.75
13153,left_hand,0.9685311317443848,0.03146890550851822,ExponentialSmoothing,0.9836707821524894,0.016329233979037763,0.85,0.75
13203,left_hand,0.9575350284576416,0.042464956641197205,ExponentialSmoothing,0.9797504190982622,0.02024959237836168,0.85,0.75
13228,left_hand,0.9423004388809204,0.05769961327314377,ExponentialSmoothing,0.9741329220656609,0.025867095512578993,0.85,0.75
13278,left_hand,0.8132545351982117,0.1867455244064331,ExponentialSmoothing,0.9500011640355436,0.04999885984665711,0.85,0.75
13303,left_hand,0.2850976288318634,0.714902400970459,ExponentialSmoothing,0.8502656337549915,0.1497343910152274,0.85,0.75
13353,rest,0.08612202852964401,0.9138779044151306,ExponentialSmoothing,0.7356440929711894,0.26435591802521285,0.85,0.75
13378,rest,0.017769869416952133,0.9822301864624023,ExponentialSmoothing,0.6279629594380537,0.37203705829079126,0.85,0.75
13428,rest,0.007518995087593794,0.992480993270874,ExponentialSmoothing,0.5348963647854846,0.46510364853780367,0.85,0.75
13453,rest,0.0037493263371288776,0.9962506890296936,ExponentialSmoothing,0.45522430901823124,0.5447757046115871,0.85,0.75
13503,rest,0.0035951377358287573,0.9964048862457275,ExponentialSmoothing,0.38747993332587083,0.6125200818567081,0.85,0.75
13528,rest,0.0027714467141777277,0.9972285628318787,ExponentialSmoothing,0.32977366033411687,0.6702263540029838,0.85,0.75
13578,rest,0.004228151403367519,0.9957718253135681,ExponentialSmoothing,0.28094183399450445,0.7190581746995715,0.85,0.75
13628,right_hand,0.007041385862976313,0.992958664894104,ExponentialSmoothing,0.23985676677477522,0.7601432482287513,0.85,0.75
13653,right_hand,0.008168883621692657,0.9918311238288879,ExponentialSmoothing,0.20510358430181283,0.7948964295687718,0.85,0.75
13703,right_hand,0.00493019912391901,0.9950698614120483,ExponentialSmoothing,0.17507757652512876,0.8249224443452633,0.85,0.75
13778,right_hand,0.004418831318616867,0.9955812096595764,ExponentialSmoothing,0.14947876474415198,0.8505212591424103,0.85,0.75
13803,right_hand,0.005208555143326521,0.9947915077209473,ExponentialSmoothing,0.12783823330402816,0.8721617964291909,0.85,0.75
13853,right_hand,0.003522148123010993,0.9964779019355774,ExponentialSmoothing,0.10919082052687558,0.8908092122551489,0.85,0.75
13878,right_hand,0.0034564605448395014,0.9965435862541199,ExponentialSmoothing,0.09333066652957016,0.9066693683549946,0.85,0.75
13903,right_hand,0.002412551548331976,0.9975874423980713,ExponentialSmoothing,0.07969294928238443,0.9203070794614561,0.85,0.75
13953,right_hand,0.0017797652399167418,0.9982202649116516,ExponentialSmoothing,0.06800597167601427,0.9319940572789854,0.85,0.75
13978,right_hand,0.001307205529883504,0.9986928105354309,ExponentialSmoothing,0.05800115675409465,0.9419988702674522,0.85,0.75
14028,right_hand,0.000918179692234844,0.9990818500518799,ExponentialSmoothing,0.049438710194815674,0.9505613172351164,0.85,0.75
14078,right_hand,0.00046069748350419104,0.9995393753051758,ExponentialSmoothing,0.04209200828811895,0.9579080259456252,0.85,0.75
14103,right_hand,0.00038527700235135853,0.9996147155761719,ExponentialSmoothing,0.03583599859525381,0.9641640293902072,0.85,0.75
14153,right_hand,0.0003336701192893088,0.9996663331985474,ExponentialSmoothing,0.030510649323859138,0.9694893749614582,0.85,0.75
14178,right_hand,0.00037239157245494425,0.9996275901794434,ExponentialSmoothing,0.025989910661148505,0.9740101072441558,0.85,0.75
14228,right_hand,0.0004184662248007953,0.999581515789032,ExponentialSmoothing,0.022154193995696347,0.9778458185258873,0.85,0.75
14253,right_hand,0.0004267804906703532,0.9995731711387634,ExponentialSmoothing,0.018895081969942447,0.9811049214178187,0.85,0.75
14278,right_hand,0.0003884043835569173,0.9996116757392883,ExponentialSmoothing,0.016119080331984618,0.9838809345660391,0.85,0.75
14328,right_hand,0.0003686342970468104,0.999631404876709,ExponentialSmoothing,0.013756513426743945,0.9862435051126396,0.85,0.75
14353,right_hand,0.0003623718221206218,0.9996376037597656,ExponentialSmoothing,0.011747392186050446,0.9882526199097085,0.85,0.75
14403,right_hand,0.0003836472751572728,0.999616265296936,ExponentialSmoothing,0.01004283044941647,0.9899571667177927,0.85,0.75
14453,right_hand,0.000340435653924942,0.999659538269043,ExponentialSmoothing,0.008587471230092741,0.9914125224504802,0.85,0.75
14478,right_hand,0.0003041182644665241,0.999695897102356,ExponentialSmoothing,0.007344968285248808,0.9926550286482616,0.85,0.75
14528,right_hand,0.0003454084217082709,0.9996546506881714,ExponentialSmoothing,0.006295034305717727,0.9937049719542481,0.85,0.75
14553,right_hand,0.0003164148947689682,0.9996836185455322,ExponentialSmoothing,0.005398241394075413,0.9946017689429407,0.85,0.75
14578,right_hand,0.0002633693802636117,0.9997366070747375,ExponentialSmoothing,0.004628010592003642,0.9953719946627103,0.85,0.75
14628,right_hand,0.00022455977159552276,0.9997754693031311,ExponentialSmoothing,0.003967492968942424,0.9960325158587735,0.85,0.75
14653,right_hand,0.0002050303592113778,0.9997950196266174,ExponentialSmoothing,0.003403123577482767,0.9965968914239501,0.85,0.75
14703,right_hand,0.00022024655481800437,0.9997797608375549,ExponentialSmoothing,0.0029256920240830525,0.9970743218359909,0.85,0.75
14728,right_hand,0.00025069675757549703,0.9997492432594299,ExponentialSmoothing,0.0025244427341069194,0.9974755600495067,0.85,0.75
14778,right_hand,0.0003149741387460381,0.9996850490570068,ExponentialSmoothing,0.002193022444802787,0.9978069834006317,0.85,0.75
14803,right_hand,0.00034765939926728606,0.9996523857116699,ExponentialSmoothing,0.0019162179879724617,0.9980837937472875,0.85,0.75
14853,right_hand,0.00034828236675821245,0.9996516704559326,ExponentialSmoothing,0.0016810276447903243,0.9983189752535843,0.85,0.75
14903,right_hand,0.0006962841143831611,0.9993036985397339,ExponentialSmoothing,0.0015333161152292498,0.9984666837465068,0.85,0.75
14928,right_hand,0.0010445774532854557,0.9989553689956665,ExponentialSmoothing,0.0014600053159376806,0.9985399865338808,0.85,0.75
14978,right_hand,0.004294820129871368,0.9957051873207092,ExponentialSmoothing,0.0018852275380277336,0.998114766651905,0.85,0.75
15003,right_hand,0.005712614860385656,0.9942874312400818,ExponentialSmoothing,0.0024593356363814224,0.9975406663401315,0.85,0.75
15053,right_hand,0.008664117194712162,0.9913358688354492,ExponentialSmoothing,0.0033900528701310334,0.9966099467144292,0.85,0.75
15078,right_hand,0.007201491389423609,0.9927984476089478,ExponentialSmoothing,0.00396176864802492,0.996038221848607,0.85,0.75
15128,right_hand,0.00404583802446723,0.995954155921936,ExponentialSmoothing,0.003974379054491267,0.9960256119596063,0.85,0.75
15153,right_hand,0.0036726295948028564,0.9963273406028748,ExponentialSmoothing,0.003929116635538005,0.9960708712560966,0.85,0.75
15178,right_hand,0.002850936958566308,0.9971490502357483,ExponentialSmoothing,0.0037673896839922503,0.9962325981030443,0.85,0.75
15228,right_hand,0.0025017193984240294,0.9974982142448425,ExponentialSmoothing,0.003577539141157017,0.9964224405243141,0.85,0.75
15253,right_hand,0.0029684784822165966,0.9970314502716064,ExponentialSmoothing,0.003486180042315954,0.996513791986408,0.85,0.75
15303,right_hand,0.0037040063180029392,0.9962959885597229,ExponentialSmoothing,0.003518853983669002,0.9964811214724052,0.85,0.75
15328,right_hand,0.002799780573695898,0.9972002506256104,ExponentialSmoothing,0.0034109929721730364,0.996588990845386,0.85,0.75
15378,right_hand,0.005753578618168831,0.9942464232444763,ExponentialSmoothing,0.0037623808190724055,0.9962376057052496,0.85,0.75
15403,right_hand,0.00671263225376606,0.9932873845100403,ExponentialSmoothing,0.004204918534276453,0.9957950725259682,0.85,0.75
15453,right_hand,0.03044510819017887,0.9695548415184021,ExponentialSmoothing,0.008140946982661816,0.9918590378748333,0.85,0.75
15503,right_hand,0.09094144403934479,0.9090585708618164,ExponentialSmoothing,0.020561021541164265,0.9794389678228808,0.85,0.75
15528,right_hand,0.7808387279510498,0.2191612720489502,ExponentialSmoothing,0.1346026775026471,0.8653973134567912,0.85,0.75
15553,right_hand,0.8903617262840271,0.10963825136423111,ExponentialSmoothing,0.24796653481985412,0.7520334541429071,0.85,0.75
15603,rest,0.9479992985725403,0.05200067162513733,ExponentialSmoothing,0.35297144938275704,0.6470285367652416,0.85,0.75
15628,rest,0.9238672256469727,0.07613282650709152,ExponentialSmoothing,0.43860581582238944,0.5613941802265191,0.85,0.75
15678,rest,0.957366406917572,0.042633578181266785,ExponentialSmoothing,0.5164199044866669,0.4835800899197312,0.85,0.75
15703,rest,0.9503558874130249,0.049644067883491516,ExponentialSmoothing,0.5815103019256206,0.41848968661429525,0.85,0.75
15753,rest,0.9755687117576599,0.02443133294582367,ExponentialSmoothing,0.6406190634004265,0.3593809335640245,0.85,0.75
15803,rest,0.9787852168083191,0.021214863285422325,ExponentialSmoothing,0.6913439864116104,0.30865602302223416,0.85,0.75
15828,rest,0.9702290296554565,0.029770979657769203,ExponentialSmoothing,0.7331767428981874,0.2668232665175644,0.85,0.75
15853,left_hand,0.9407404661178589,0.05925950035452843,ExponentialSmoothing,0.7643113013811381,0.23568870159310898,0.85,0.75
15903,left_hand,0.862872838973999,0.13712720572948456,ExponentialSmoothing,0.7790955320200672,0.22090447721356532,0.85,0.75
15928,rest,0.3283250629901886,0.671674907207489,ExponentialSmoothing,0.7114799616655854,0.2885200417126539,0.85,0.75
15978,rest,0.6060240268707275,0.3939759135246277,ExponentialSmoothing,0.6956615714463567,0.30433842248445,0.85,0.75
16003,rest,0.9487850666046143,0.051214925944805145,ExponentialSmoothing,0.7336300957200953,0.26636989800350325,0.85,0.75
16053,left_hand,0.9867837429046631,0.01321627851575613,ExponentialSmoothing,0.7716031427977805,0.2283968550803412,0.85,0.75
16078,left_hand,0.9870141744613647,0.012985804118216038,ExponentialSmoothing,0.8039147975473181,0.19608519743602243,0.85,0.75
16128,left_hand,0.9842520356178284,0.01574799418449402,ExponentialSmoothing,0.8309653832578947,0.16903461694829316,0.85,0.75
16153,left_hand,0.9842227101325989,0.015777288004755974,ExponentialSmoothing,0.8539539822891004,0.14604601760676258,0.85,0.75
16178,left_hand,0.9805161952972412,0.019483858719468117,ExponentialSmoothing,0.8729383142403215,0.1270616937736684,0.85,0.75
16228,left_hand,0.9908497333526611,0.009150343015789986,ExponentialSmoothing,0.8906250271071725,0.10937499115998665,0.85,0.75
16278,left_hand,0.9879719614982605,0.012028010562062263,ExponentialSmoothing,0.9052270672658358,0.094772944070298,0.85,0.75
16303,left_hand,0.9854066371917725,0.014593374915421009,ExponentialSmoothing,0.9172540027547262,0.08274600869706644,0.85,0.75
16353,left_hand,0.6983931660652161,0.30160680413246155,ExponentialSmoothing,0.8844248772512997,0.11557512801237571,0.85,0.75
16378,left_hand,0.3469787836074829,0.6530211567878723,ExponentialSmoothing,0.8038079632047272,0.19619203232870022,0.85,0.75
16428,rest,0.00802996288985014,0.9919701218605042,ExponentialSmoothing,0.6844412631574956,0.3155587457584708,0.85,0.75
16453,rest,0.008143089711666107,0.9918569326400757,ExponentialSmoothing,0.5829965371406212,0.41700347379071157,0.85,0.75
16503,rest,0.004023555666208267,0.9959765076637268,ExponentialSmoothing,0.4961505899194592,0.5038494288716638,0.85,0.75
16528,rest,0.005105007905513048,0.9948949217796326,ExponentialSmoothing,0.42249375261736727,0.5775062528078592,0.85,0.75
16578,rest,0.003429184900596738,0.9965708255767822,ExponentialSmoothing,0.35963406745985166,0.6403659387231977,0.85,0.75
16603,rest,0.002736105350777507,0.9972639083862305,ExponentialSmoothing,0.30609937314349056,0.6939006341726527,0.85,0.75
16653,rest,0.002202131086960435,0.9977978467941284,ExponentialSmoothing,0.26051478683501106,0.739485216065874,0.85,0.75
16703,right_hand,0.0019744224846363068,0.99802565574646,ExponentialSmoothing,0.22173373218245485,0.778266282017962,0.85,0.75
16728,right_hand,0.0018943741451948881,0.9981056451797485,ExponentialSmoothing,0.18875782847686584,0.8112421864922299,0.85,0.75
16778,right_hand,0.004603540059179068,0.9953964352607727,ExponentialSmoothing,0.1611346852142128,0.8388653238075113,0.85,0.75
16803,right_hand,0.007629541680216789,0.9923704862594604,ExponentialSmoothing,0.1381089136841134,0.8618910981753036,0.85,0.75
16828,right_hand,0.02577262558043003,0.9742273688316345,ExponentialSmoothing,0.1212584704685609,0.8787415387737532,0.85,0.75
16878,right_hand,0.018337154760956764,0.9816628098487854,ExponentialSmoothing,0.10582027311242029,0.894179729435008,0.85,0.75
16903,right_hand,0.0053022271022200584,0.9946978092193604,ExponentialSmoothing,0.09074256621089026,0.9092574414026608,0.85,0.75
16953,right_hand,0.0013915442395955324,0.9986085295677185,ExponentialSmoothing,0.07733991291519605,0.9226601046274195,0.85,0.75
16978,right_hand,0.0015421654097735882,0.9984577894210815,ExponentialSmoothing,0.06597025078938268,0.9340297573464689,0.85,0.75
17028,right_hand,0.0022947262041270733,0.9977052807807922,ExponentialSmoothing,0.05641892210159433,0.9435810858616174,0.85,0.75
17053,right_hand,0.003339583519846201,0.9966604709625244,ExponentialSmoothing,0.04845702131433211,0.9515429936267534,0.85,0.75
17103,right_hand,0.0031520819757133722,0.996847927570343,ExponentialSmoothing,0.041661280413539295,0.9583387337182918,0.85,0.75
17153,right_hand,0.0006923860055394471,0.9993076324462891,ExponentialSmoothing,0.035515946252339316,0.9644840685274914,0.85,0.75
17178,right_hand,0.0005019872914999723,0.9994980096817017,ExponentialSmoothing,0.030263852408213412,0.9697361597006229,0.85,0.75
17203,right_hand,0.0006665466353297234,0.9993334412574768,ExponentialSmoothing,0.02582425654228086,0.974175751934151,0.85,0.75
17253,right_hand,0.0010101974476128817,0.9989897608757019,ExponentialSmoothing,0.022102147678080664,0.9778978532753836,0.85,0.75
17278,right_hand,0.0020401105284690857,0.9979598522186279,ExponentialSmoothing,0.019092842105638927,0.9809071531168703,0.85,0.75
17328,right_hand,0.0022089877165853977,0.997791051864624,ExponentialSmoothing,0.016560263947280898,0.9834397379290334,0.85,0.75
17378,right_hand,0.001455112942494452,0.9985449314117432,ExponentialSmoothing,0.014294491296562932,0.9857055169514399,0.85,0.75
17403,right_hand,0.0008823343669064343,0.9991176724433899,ExponentialSmoothing,0.012282667757114457,0.9877173402752324,0.85,0.75
17428,right_hand,0.0008903039270080626,0.99910968542099,ExponentialSmoothing,0.010573813182598497,0.9894261920470961,0.85,0.75
17478,right_hand,0.0012299891095608473,0.9987699389457703,ExponentialSmoothing,0.00917223957164285,0.9908277540818973,0.85,0.75
17528,right_hand,0.001345269032754004,0.9986547231674194,ExponentialSmoothing,0.007998193990809522,0.9920017994447256,0.85,0.75
17553,right_hand,0.0009628342813812196,0.9990371465682983,ExponentialSmoothing,0.006942890034395276,0.9930571015132615,0.85,0.75
17603,right_hand,0.0009773263009265065,0.9990227222442627,ExponentialSmoothing,0.00604805547437496,0.9939519446229117,0.85,0.75
17628,right_hand,0.0008605081820860505,0.9991394281387329,ExponentialSmoothing,0.005269923380531624,0.9947300671502848,0.85,0.75
17653,right_hand,0.0008867169381119311,0.9991132616996765,ExponentialSmoothing,0.00461244241416867,0.9953875463326936,0.85,0.75
17703,right_hand,0.0002724435762502253,0.9997275471687317,ExponentialSmoothing,0.003961442588480904,0.9960385464580993,0.85,0.75
17753,right_hand,0.00019988611165899783,0.9998001456260681,ExponentialSmoothing,0.0033972091169576176,0.9966027863332947,0.85,0.75
17778,right_hand,0.00016161483654286712,0.9998383522033691,ExponentialSmoothing,0.002911869974895405,0.9970881212138059,0.85,0.75
17803,right_hand,0.00026501392130739987,0.9997349381446838,ExponentialSmoothing,0.002514841566857204,0.9974851437534376,0.85,0.75
17853,right_hand,0.00034426816273480654,0.9996557235717773,ExponentialSmoothing,0.002189255556238844,0.9978107307261885,0.85,0.75
17903,right_hand,0.0008372829761356115,0.9991626739501953,ExponentialSmoothing,0.001986459669223359,0.9980135222097894,0.85,0.75
17928,right_hand,0.0005057052476331592,0.9994943141937256,ExponentialSmoothing,0.0017643465059848289,0.9982356410073799,0.85,0.75
17953,right_hand,0.0006457031704485416,0.9993543028831482,ExponentialSmoothing,0.0015965500056543856,0.9984034402887452,0.85,0.75
18003,right_hand,0.0016387663781642914,0.9983611702919006,ExponentialSmoothing,0.0016028824615308714,0.9983970997892185,0.85,0.75
18028,right_hand,0.0015698755159974098,0.998430073261261,ExponentialSmoothing,0.0015979314197008521,0.9984020458100249,0.85,0.75
18078,right_hand,0.004630898125469685,0.995369017124176,ExponentialSmoothing,0.0020528764255661773,0.9979470915071476,0.85,0.75
18103,right_hand,0.0030531976372003555,0.9969467520713806,ExponentialSmoothing,0.002202924607311304,0.9977970405917825,0.85,0.75
18153,right_hand,0.001673578517511487,0.9983263611793518,ExponentialSmoothing,0.0021235226938413313,0.9978764386799179,0.85,0.75
18203,right_hand,0.0013858150923624635,0.9986141920089722,ExponentialSmoothing,0.0020128665536195012,0.9979871016792761,0.85,0.75
18228,right_hand,0.000989791820757091,0.9990102052688599,ExponentialSmoothing,0.0018594053436901397,0.9981405672177136,0.85,0.75
18253,right_hand,0.0009231014410033822,0.9990768432617188,ExponentialSmoothing,0.001718959758287126,0.9982810086243143,0.85,0.75
18303,right_hand,0.0004095225885976106,0.9995904564857483,ExponentialSmoothing,0.0015225441828336987,0.9984774258035294,0.85,0.75
18353,right_hand,0.0002667458029463887,0.9997332692146301,ExponentialSmoothing,0.0013341744258506022,0.9986658023151945,0.85,0.75
18378,right_hand,0.00024748165742494166,0.9997524619102478,ExponentialSmoothing,0.001171170510586753,0.9988288012544526,0.85,0.75
18403,right_hand,0.00022188405273482203,0.9997780919075012,ExponentialSmoothing,0.0010287775419089635,0.9989711948524098,0.85,0.75
18453,right_hand,0.00020101699919905514,0.9997989535331726,ExponentialSmoothing,0.0009046134605024773,0.9990953586545241,0.85,0.75
18478,right_hand,0.00019738612172659487,0.9998026490211487,ExponentialSmoothing,0.0007985293596860949,0.9992014522095178,0.85,0.75
18528,right_hand,0.00019323345622979105,0.999806821346283,ExponentialSmoothing,0.0007077349741676492,0.9992922575800326,0.85,0.75
18578,right_hand,0.00018584704957902431,0.9998142123222351,ExponentialSmoothing,0.0006294517854793554,0.999370550791363,0.85,0.75
18653,right_hand,0.00018327271391171962,0.9998167157173157,ExponentialSmoothing,0.00056252492474421,0.999437475530256,0.85,0.75
18678,right_hand,0.0001977960637304932,0.9998021721839905,ExponentialSmoothing,0.0005078155955921525,0.9994921800283162,0.85,0.75
18703,right_hand,0.00014147351612336934,0.9998584985733032,ExponentialSmoothing,0.000452864283671835,0.9995471278100643,0.85,0.75
18753,right_hand,9.66927400440909e-05,0.9999033212661743,ExponentialSmoothing,0.0003994385521276734,0.9996005568284807,0.85,0.75
18778,right_hand,7.996117346920073e-05,0.9999200105667114,ExponentialSmoothing,0.00035151694532890247,0.9996484748892154,0.85,0.75
18828,right_hand,4.880376945948228e-05,0.9999512434005737,ExponentialSmoothing,0.0003061099689484894,0.9996938901659191,0.85,0.75
18853,right_hand,3.5589324397733435e-05,0.9999643564224243,ExponentialSmoothing,0.000265531872265876,0.9997344601043949,0.85,0.75
18903,right_hand,1.8904873286373913e-05,0.9999810457229614,ExponentialSmoothing,0.0002285378224189507,0.99977144794718,0.85,0.75
18953,right_hand,1.3214932550908998e-05,0.9999867677688599,ExponentialSmoothing,0.00019623938893874443,0.9998037459204321,0.85,0.75
18978,right_hand,1.3214830687502399e-05,0.9999867677688599,ExponentialSmoothing,0.00016878570520105813,0.9998311991976963,0.85,0.75
19003,right_hand,1.2164963663963135e-05,0.9999878406524658,ExponentialSmoothing,0.00014529259397049387,0.9998546954159118,0.85,0.75
19053,right_hand,1.0342224413761869e-05,0.9999896287918091,ExponentialSmoothing,0.00012505003853698407,0.9998749354222964,0.85,0.75
19078,right_hand,1.0679853403416928e-05,0.9999892711639404,ExponentialSmoothing,0.00010789451076694901,0.999892085783543,0.85,0.75
19128,right_hand,8.750793313083705e-06,0.9999912977218628,ExponentialSmoothing,9.30229531488692e-05,0.999906967574291,0.85,0.75
19178,right_hand,7.82835286372574e-06,0.9999921321868896,ExponentialSmoothing,8.024376310609768e-05,0.9999197422661807,0.85,0.75
19203,right_hand,8.348936717084143e-06,0.9999916553497314,ExponentialSmoothing,6.945953914774565e-05,0.9999305292287134,0.85,0.75
19228,right_hand,1.0199611097050365e-05,0.9999897480010986,ExponentialSmoothing,6.0570549940141356e-05,0.9999394120445713,0.85,0.75
19278,right_hand,1.4544322766596451e-05,0.9999854564666748,ExponentialSmoothing,5.366661586410962e-05,0.9999463187078869,0.85,0.75
19303,right_hand,1.452448941563489e-05,0.9999854564666748,ExponentialSmoothing,4.7795296896838405e-05,0.999952189371705,0.85,0.75
19353,right_hand,1.5709942090325058e-05,0.9999842643737793,ExponentialSmoothing,4.2982493675861403e-05,0.9999570006220162,0.85,0.75
19378,right_hand,2.0599480194505304e-05,0.9999793767929077,ExponentialSmoothing,3.962504165365799e-05,0.99996035704765,0.85,0.75
19428,right_hand,2.3203048840514384e-05,0.9999767541885376,ExponentialSmoothing,3.716174273168645e-05,0.9999628166187831,0.85,0.75
19453,right_hand,2.5201617972925305e-05,0.9999748468399048,ExponentialSmoothing,3.536772401787228e-05,0.9999646211519513,0.85,0.75
19503,right_hand,2.3675620468566194e-05,0.9999762773513794,ExponentialSmoothing,3.361390848547637e-05,0.9999663695818655,0.85,0.75
19553,right_hand,3.55367265001405e-05,0.9999644756317139,ExponentialSmoothing,3.390233118767599e-05,0.9999660854893427,0.85,0.75
19578,right_hand,4.698624979937449e-05,0.999953031539917,ExponentialSmoothing,3.586491897943077e-05,0.9999641273969289,0.85,0.75
19628,right_hand,5.969002086203545e-05,0.9999402761459351,ExponentialSmoothing,3.943868426182147e-05,0.9999605497092798,0.85,0.75
19653,right_hand,5.850784873473458e-05,0.9999414682388306,ExponentialSmoothing,4.2299058932758436e-05,0.9999576874887124,0.85,0.75
19678,right_hand,7.109611033229157e-05,0.9999289512634277,ExponentialSmoothing,4.661861664268841e-05,0.9999533770549196,0.85,0.75
19728,right_hand,0.00012003113079117611,0.9998799562454224,ExponentialSmoothing,5.7630493764961564e-05,0.999942363933495,0.85,0.75
19753,right_hand,0.00013560855586547405,0.9998643398284912,ExponentialSmoothing,6.932720308003843e-05,0.9999306603177445,0.85,0.75
19803,right_hand,0.00014610479411203414,0.9998538494110107,ExponentialSmoothing,8.08438417348378e-05,0.9999191386817343,0.85,0.75
19828,right_hand,0.00016406916256528348,0.9998358488082886,ExponentialSmoothing,9.332763985940465e-05,0.9999066452007175,0.85,0.75
19878,right_hand,0.00021108060900587589,0.9997889399528503,ExponentialSmoothing,0.00011099058523137534,0.9998889894135374,0.85,0.75
19928,right_hand,0.00030231240089051425,0.9996976852416992,ExponentialSmoothing,0.0001396888575802462,0.9998602937877616,0.85,0.75
19953,right_hand,0.0004371399700175971,0.9995627999305725,ExponentialSmoothing,0.00018430652444584883,0.9998156697091832,0.85,0.75
20003,right_hand,0.0006907774368301034,0.9993091821670532,ExponentialSmoothing,0.000260277161303487,0.9997396965778638,0.85,0.75
20028,right_hand,0.0011543878354132175,0.9988455772399902,ExponentialSmoothing,0.0003943937624199466,0.9996055786771827,0.85,0.75
20053,right_hand,0.0018422288121655583,0.998157799243927,ExponentialSmoothing,0.0006115690198817884,0.9993884117621943,0.85,0.75
20103,right_hand,0.003327342215925455,0.9966726303100586,ExponentialSmoothing,0.0010189349992883385,0.998981044544374,0.85,0.75
20128,right_hand,0.0027976769488304853,0.9972023963928223,ExponentialSmoothing,0.0012857462917196605,0.9987142473216412,0.85,0.75
20178,right_hand,0.0017155763925984502,0.9982843995094299,ExponentialSmoothing,0.001350220806851479,0.9986497701498094,0.85,0.75
20203,right_hand,0.0013626373838633299,0.9986373782157898,ExponentialSmoothing,0.0013520832934032566,0.9986479113597064,0.85,0.75
20253,right_hand,0.0008517307578586042,0.9991482496261597,ExponentialSmoothing,0.0012770304130715587,0.9987229620996744,0.85,0.75
20303,right_hand,0.000490630220156163,0.999509334564209,ExponentialSmoothing,0.0011590703841342493,0.9988409179693545,0.85,0.75
20328,right_hand,0.00034394965041428804,0.999656081199646,ExponentialSmoothing,0.001036802274076255,0.9989631924538982,0.85,0.75
20353,right_hand,0.00028408155776560307,0.9997158646583557,ExponentialSmoothing,0.0009238941666296572,0.9990760932845668,0.85,0.75
20403,right_hand,0.0003494910488370806,0.9996504783630371,ExponentialSmoothing,0.0008377336989607708,0.9991622510463374,0.85,0.75
20453,right_hand,0.00039071260835044086,0.9996092915534973,ExponentialSmoothing,0.0007706805353692212,0.9992293071224114,0.85,0.75
20478,right_hand,0.0002971287176478654,0.9997028708457947,ExponentialSmoothing,0.0006996477627110178,0.999300341680919,0.85,0.75
20503,right_hand,0.00025744223967194557,0.9997425675392151,ExponentialSmoothing,0.0006333169342551569,0.9993666755596634,0.85,0.75
20553,right_hand,0.00020044378470629454,0.9997995495796204,ExponentialSmoothing,0.0005683859618228276,0.999431606662657,0.85,0.75
20578,right_hand,0.00018885901954490691,0.9998111128807068,ExponentialSmoothing,0.0005114569204811395,0.9994885325953644,0.85,0.75
20628,right_hand,0.00010518857015995309,0.9998948574066162,ExponentialSmoothing,0.0004505166679329615,0.9995494813170522,0.85,0.75
20653,right_hand,9.26631037145853e-05,0.999907374382019,ExponentialSmoothing,0.0003968386333002051,0.9996031652767973,0.85,0.75
20703,right_hand,9.050062362803146e-05,0.999909520149231,ExponentialSmoothing,0.000350887931849379,0.9996491185076624,0.85,0.75
20753,right_hand,0.00016042553761508316,0.9998395442962646,ExponentialSmoothing,0.00032231857271423464,0.9996776823759528,0.85,0.75
20778,right_hand,0.0001680020650383085,0.9998319149017334,ExponentialSmoothing,0.00029917109656284576,0.9997008172548199,0.85,0.75
20803,right_hand,0.0002269457618240267,0.9997730851173401,ExponentialSmoothing,0.0002883372963520229,0.999711657434198,0.85,0.75
20853,right_hand,0.0002940885897260159,0.9997058510780334,ExponentialSmoothing,0.00028919999035812187,0.9997107864807733,0.85,0.75
20878,right_hand,0.0003575680311769247,0.9996423721313477,ExponentialSmoothing,0.00029945519648094226,0.9997005243283594,0.85,0.75
20928,right_hand,0.0003192909643985331,0.999680757522583,ExponentialSmoothing,0.00030243056166858086,0.9996975593074929,0.85,0.75
20953,right_hand,0.0003229182620998472,0.9996770620346069,ExponentialSmoothing,0.0003055037167332708,0.9996944847165601,0.85,0.75
21003,right_hand,0.00023673477699048817,0.9997633099555969,ExponentialSmoothing,0.0002951883757718534,0.9997048085024156,0.85,0.75
21028,right_hand,0.00022908695973455906,0.9997709393501282,ExponentialSmoothing,0.00028527316336625927,0.9997147281295724,0.85,0.75
21078,right_hand,0.00026858088676817715,0.9997313618659973,ExponentialSmoothing,0.00028276932187654694,0.9997172231900362,0.85,0.75
21128,right_hand,0.0004610019095707685,0.9995390176773071,ExponentialSmoothing,0.0003095042100306802,0.9996904923631269,0.85,0.75
21153,right_hand,0.0006754024070687592,0.9993245601654053,ExponentialSmoothing,0.00036438893958639203,0.9996356025334687,0.85,0.75
21178,right_hand,0.0007878195610828698,0.9992121458053589,ExponentialSmoothing,0.00042790353281086367,0.9995720840242523,0.85,0.75
21228,right_hand,0.001711807562969625,0.9982882142066956,ExponentialSmoothing,0.0006204891373346779,0.9993795035516189,0.85,0.75
21278,right_hand,0.0029784857761114836,0.997021496295929,ExponentialSmoothing,0.0009741886331511988,0.9990258024632653,0.85,0.75
21303,right_hand,0.0028351773507893085,0.997164785861969,ExponentialSmoothing,0.0012533369407969153,0.9987466499730708,0.85,0.75
21328,right_hand,0.002975693205371499,0.9970243573188782,ExponentialSmoothing,0.001511690380483103,0.9984883060749419,0.85,0.75
21378,right_hand,0.010955865494906902,0.9890440702438354,ExponentialSmoothing,0.002928316647646673,0.9970716707002759,0.85,0.75
21428,right_hand,0.012170040048658848,0.9878299832344055,ExponentialSmoothing,0.004314575157798499,0.9956854175803954,0.85,0.75
21453,right_hand,0.009387209080159664,0.9906127452850342,ExponentialSmoothing,0.005075470246152674,0.9949245167360912,0.85,0.75
21503,right_hand,0.01605425588786602,0.9839457869529724,ExponentialSmoothing,0.006722288092409676,0.9932777072686234,0.85,0.75
21528,right_hand,0.013686696998775005,0.9863132238388062,ExponentialSmoothing,0.007766949428364476,0.9922330347541508,0.85,0.75
21578,right_hand,0.0127840181812644,0.9872159361839294,ExponentialSmoothing,0.008519509741299466,0.9914804699686176,0.85,0.75
21603,right_hand,0.010606306605041027,0.9893937110900879,ExponentialSmoothing,0.0088325292708607,0.9911674561368382,0.85,0.75
21628,right_hand,0.00613578874617815,0.9938642978668213,ExponentialSmoothing,0.008428018192158318,0.9915719823963357,0.85,0.75
21678,right_hand,0.0032822962384670973,0.996717631816864,ExponentialSmoothing,0.0076561598991046345,0.9923438298094149,0.85,0.75
21703,right_hand,0.00155979348346591,0.9984402060508728,ExponentialSmoothing,0.006741704936758826,0.9932582862456336,0.85,0.75
21753,right_hand,0.0009913916001096368,0.9990085959434509,ExponentialSmoothing,0.005879157936261448,0.9941208327003062,0.85,0.75
21803,right_hand,0.000950865913182497,0.9990491271018982,ExponentialSmoothing,0.005139914132799605,0.9948600768605449,0.85,0.75
21828,right_hand,0.0008121313876472414,0.9991878867149353,ExponentialSmoothing,0.004490746721026751,0.9955092483387035,0.85,0.75
21878,right_hand,0.0007278978009708226,0.9992721676826477,ExponentialSmoothing,0.003926319383018361,0.9960736862402951,0.85,0.75
21903,right_hand,0.0008244251366704702,0.9991756081581116,ExponentialSmoothing,0.0034610352460661773,0.9965389745279676,0.85,0.75
21953,right_hand,0.0009108679951168597,0.9990891218185425,ExponentialSmoothing,0.0030785101584237798,0.9969214966215538,0.85,0.75
21978,right_hand,0.0008575398824177682,0.9991424083709717,ExponentialSmoothing,0.0027453646170228782,0.9972546333839665,0.85,0.75
22003,right_hand,0.0006736051291227341,0.9993264675140381,ExponentialSmoothing,0.002434600693837857,0.9975654085034772,0.85,0.75
22053,right_hand,0.0004719716380350292,0.9995280504226685,ExponentialSmoothing,0.0021402063354674324,0.9978598047913558,0.85,0.75
22078,right_hand,0.0005155752296559513,0.9994844198226929,ExponentialSmoothing,0.0018965116695957103,0.9981034970460564,0.85,0.75
22128,right_hand,0.0006151223788037896,0.999384880065918,ExponentialSmoothing,0.0017043032759769222,0.9982957044990356,0.85,0.75
22153,right_hand,0.0005601296434178948,0.9994398951530457,ExponentialSmoothing,0.0015326772310930682,0.9984673330971372,0.85,0.75
22203,right_hand,0.000458794878795743,0.9995412826538086,ExponentialSmoothing,0.0013715948782484692,0.9986284255306379,0.85,0.75
22253,right_hand,0.0003503076732158661,0.9996496438980103,ExponentialSmoothing,0.0012184017974935788,0.9987816082857437,0.85,0.75
22278,right_hand,0.00020904725533910096,0.9997909665107727,ExponentialSmoothing,0.0010669986161704072,0.9989330120194981,0.85,0.75
22328,right_hand,0.00019002720364369452,0.9998100399971008,ExponentialSmoothing,0.0009354529042914003,0.9990645662161386,0.85,0.75
22353,right_hand,0.00015386243467219174,0.9998461008071899,ExponentialSmoothing,0.000818214333848519,0.9991817964047962,0.85,0.75
22378,right_hand,0.00012473706738092005,0.9998751878738403,ExponentialSmoothing,0.0007141927438783791,0.9992858051251529,0.85,0.75
22428,right_hand,0.00024316029157489538,0.9997568726539612,ExponentialSmoothing,0.0006435378760328566,0.9993564652544741,0.85,0.75
22453,right_hand,0.0003230133734177798,0.9996769428253174,ExponentialSmoothing,0.0005954592006405951,0.9994045368901006,0.85,0.75
22503,right_hand,0.0009427220211364329,0.9990572333335876,ExponentialSmoothing,0.0006475486237149708,0.9993524413566237,0.85,0.75
22528,right_hand,0.001271232613362372,0.9987288117408752,ExponentialSmoothing,0.0007411012221620809,0.9992588969142615,0.85,0.75
22578,right_hand,0.0056645371951162815,0.9943354725837708,ExponentialSmoothing,0.0014796166181052111,0.998520383264688,0.85,0.75
22603,right_hand,0.010922260582447052,0.9890778064727783,ExponentialSmoothing,0.002896013212756487,0.9971039967459016,0.85,0.75
22653,right_hand,0.09856835007667542,0.9014316201210022,ExponentialSmoothing,0.017246863742344326,0.9827531402521665,0.85,0.75
22678,right_hand,0.21360164880752563,0.7863983511924744,ExponentialSmoothing,0.04670008150212152,0.9532999218932127,0.85,0.75
22728,right_hand,0.3122701942920685,0.6877298355102539,ExponentialSmoothing,0.08653559842061358,0.9134644089357689,0.85,0.75
22778,right_hand,0.71901935338974,0.28098064661026,ExponentialSmoothing,0.18140816166598256,0.8185918445869425,0.85,0.75
22803,rest,0.7125827074050903,0.2874172627925873,ExponentialSmoothing,0.26108434352684873,0.7389156573177892,0.85,0.75
22853,rest,0.9838129281997681,0.01618707738816738,ExponentialSmoothing,0.36949363122778667,0.6305063703283459,0.85,0.75
22878,rest,0.9937582015991211,0.006241797469556332,ExponentialSmoothing,0.46313331678348685,0.5368666843995274,0.85,0.75
22903,rest,0.9963035583496094,0.0036963929887861013,ExponentialSmoothing,0.5431088530184053,0.4568911406879162,0.85,0.75
22953,rest,0.9989645481109619,0.0010354577098041773,ExponentialSmoothing,0.6114872072822888,0.3885127882411994,0.85,0.75
22978,rest,0.9984509944915771,0.0015489779179915786,ExponentialSmoothing,0.669531775363682,0.3304682166927182,0.85,0.75
23028,rest,0.9977118968963623,0.0022881506010890007,ExponentialSmoothing,0.718758793593584,0.2812412067789738,0.85,0.75
23053,left_hand,0.9972180128097534,0.0027819753158837557,ExponentialSmoothing,0.7605276764760094,0.2394723220595103,0.85,0.75
23103,left_hand,0.997153639793396,0.002846349263563752,ExponentialSmoothing,0.7960215709736174,0.2039784261401183,0.85,0.75
23128,left_hand,0.9966321587562561,0.0033678654581308365,ExponentialSmoothing,0.8261131591410131,0.17388684203782015,0.85,0.75
23178,left_hand,0.9895009398460388,0.010499093681573868,ExponentialSmoothing,0.850621326246767,0.1493786797843832,0.85,0.75
23203,left_hand,0.9802652597427368,0.019734811037778854,ExponentialSmoothing,0.8700679162711625,0.12993209947239256,0.85,0.75
23253,left_hand,0.9913923740386963,0.008607670664787292,ExponentialSmoothing,0.8882665849362925,0.11173343515125178,0.85,0.75
23303,left_hand,0.9953576922416687,0.004642264451831579,ExponentialSmoothing,0.904330251032099,0.09566975954633876,0.85,0.75
23328,left_hand,0.9947227239608765,0.0052773477509617805,ExponentialSmoothing,0.9178891219714156,0.0821108977770322,0.85,0.75
23353,left_hand,0.9955594539642334,0.004440480377525091,ExponentialSmoothing,0.9295396717703382,0.07046033516710613,0.85,0.75
23403,left_hand,0.9945388436317444,0.005461097229272127,ExponentialSmoothing,0.9392895475495491,0.060710449476431026,0.85,0.75
23428,left_hand,0.9946611523628235,0.005338860675692558,ExponentialSmoothing,0.9475952882715403,0.052404711156320255,0.85,0.75
23478,left_hand,0.9963670969009399,0.003632878651842475,ExponentialSmoothing,0.9549110595659502,0.045088936280648584,0.85,0.75
23503,left_hand,0.9959468245506287,0.0040531461127102375,ExponentialSmoothing,0.961066424313652,0.03893356775545783,0.85,0.75
23553,left_hand,0.9962233304977417,0.0037766818422824144,ExponentialSmoothing,0.9663399602412654,0.033660034868481514,0.85,0.75
23603,left_hand,0.9969044327735901,0.0030955562833696604,ExponentialSmoothing,0.9709246311211142,0.029075363080714737,0.85,0.75
23628,left_hand,0.9966310858726501,0.003368920413777232,ExponentialSmoothing,0.9747805993338445,0.025219396680674112,0.85,0.75
23678,left_hand,0.9968972206115723,0.003102743998169899,ExponentialSmoothing,0.9780980925255037,0.021901898778298477,0.85,0.75
23703,left_hand,0.9974722266197205,0.002527789678424597,ExponentialSmoothing,0.9810042126396362,0.018995782413317393,0.85,0.75
23728,left_hand,0.9973374009132385,0.0026625546161085367,ExponentialSmoothing,0.9834541908806765,0.016545798243736063,0.85,0.75
23778,left_hand,0.9958837628364563,0.00411619758233428,ExponentialSmoothing,0.9853186266740436,0.014681358144525796,0.85,0.75
23803,left_hand,0.9961385130882263,0.003861453616991639,ExponentialSmoothing,0.986941609636171,0.013058372465395672,0.85,0.75
23853,left_hand,0.9975390434265137,0.002461023395881057,ExponentialSmoothing,0.9885312247047224,0.01146877010496848,0.85,0.75
23903,left_hand,0.9983572363853455,0.0016427907394245267,ExponentialSmoothing,0.9900051264568158,0.009994873200136886,0.85,0.75
23928,left_hand,0.9985573887825012,0.0014425917761400342,ExponentialSmoothing,0.9912879658056686,0.008712030986537358,0.85,0.75
23978,left_hand,0.9988815188407898,0.0011184557806700468,ExponentialSmoothing,0.9924269987609368,0.0075729947056572605,0.85,0.75
24003,left_hand,0.9983974099159241,0.0016025290824472904,ExponentialSmoothing,0.9933225604341849,0.006677424862175765,0.85,0.75
24053,left_hand,0.9993332028388977,0.0006668256246484816,ExponentialSmoothing,0.9942241567948917,0.005775834976546672,0.85,0.75
24078,left_hand,0.999407172203064,0.0005928622558712959,ExponentialSmoothing,0.9950016091061176,0.004998389068445366,0.85,0.75
24103,left_hand,0.9995484948158264,0.000451539148343727,ExponentialSmoothing,0.9956836419625739,0.004316361580430121,0.85,0.75
24153,left_hand,0.9997405409812927,0.0002594566612970084,ExponentialSmoothing,0.9962921768153816,0.003707825842560154,0.85,0.75
24178,left_hand,0.9996563196182251,0.00034363954910077155,ExponentialSmoothing,0.9967967982358081,0.0032031978985412467,0.85,0.75
24228,left_hand,0.9996609687805176,0.00033899705158546567,ExponentialSmoothing,0.9972264238175146,0.0027735677714978793,0.85,0.75
24253,left_hand,0.9995300769805908,0.00046998728066682816,ExponentialSmoothing,0.9975719717919761,0.0024280306978732217,0.85,0.75
24303,left_hand,0.9992150068283081,0.0007850182591937482,ExponentialSmoothing,0.9978184270474258,0.0021815788320713007,0.85,0.75
24328,left_hand,0.9989596605300903,0.0010403466876596212,ExponentialSmoothing,0.9979896120698255,0.002010394010409549,0.85,0.75
24378,left_hand,0.9951627254486084,0.004837189335376024,ExponentialSmoothing,0.9975655790766429,0.0024344133091545204,0.85,0.75
24428,left_hand,0.8949583172798157,0.10504171997308731,ExponentialSmoothing,0.9821744898071187,0.017825509308744443,0.85,0.75
24453,left_hand,0.6825252771377563,0.3174747824668884,ExponentialSmoothing,0.9372271079067144,0.06277290028246604,0.85,0.75
24503,left_hand,0.3820245563983917,0.6179754734039307,ExponentialSmoothing,0.853946725180466,0.14605328625068575,0.85,0.75
24528,left_hand,0.24961037933826447,0.7503896355628967,ExponentialSmoothing,0.7632962733041357,0.23670373864751743,0.85,0.75
24553,rest,0.17306217551231384,0.8269378542900085,ExponentialSmoothing,0.6747611586353625,0.32523885599389113,0.85,0.75
24603,rest,0.04447689652442932,0.9555230736732483,ExponentialSmoothing,0.5802185193187225,0.4197814886457947,0.85,0.75
24653,rest,0.02781454473733902,0.9721854329109192,ExponentialSmoothing,0.49735792313151495,0.5026420802855633,0.85,0.75
24678,rest,0.03494156524538994,0.9650583863258362,ExponentialSmoothing,0.4279954694485962,0.5720045261916042,0.85,0.75
24703,rest,0.03139742836356163,0.9686025977134705,ExponentialSmoothing,0.368505763285841,0.6314942369198842,0.85,0.75
24753,rest,0.017737602815032005,0.982262372970581,ExponentialSmoothing,0.31589053921521965,0.6841094573274886,0.85,0.75
24803,rest,0.01833481155335903,0.9816651940345764,ExponentialSmoothing,0.2712571800659406,0.7287428178335518,0.85,0.75
24828,right_hand,0.01347892452031374,0.9865211248397827,ExponentialSmoothing,0.23259044173409654,0.7674095638844864,0.85,0.75
24853,right_hand,0.013158116489648819,0.9868418574333191,ExponentialSmoothing,0.19967559294742937,0.8003244079168113,0.85,0.75
24903,right_hand,0.00625156844034791,0.9937484264373779,ExponentialSmoothing,0.17066198927136714,0.8293380106948963,0.85,0.75
24953,right_hand,0.006953406147658825,0.9930465817451477,ExponentialSmoothing,0.14610570180281088,0.8538942963524341,0.85,0.75
24978,right_hand,0.006996149197220802,0.9930039048194885,ExponentialSmoothing,0.12523926891197235,0.8747607376224923,0.85,0.75
25003,right_hand,0.006792466156184673,0.9932075142860413,ExponentialSmoothing,0.10747224849860419,0.8925277541220247,0.85,0.75
25053,right_hand,0.0025385015178471804,0.9974614381790161,ExponentialSmoothing,0.09173218645149063,0.9082678067305734,0.85,0.75
25078,right_hand,0.0018446529284119606,0.9981552958488464,ExponentialSmoothing,0.07824905642302883,0.9217509300983143,0.85,0.75
25128,right_hand,0.0008719483157619834,0.9991280436515808,ExponentialSmoothing,0.06664249020693881,0.9333574971313043,0.85,0.75
25178,right_hand,0.000601255102083087,0.9993987083435059,ExponentialSmoothing,0.05673630494121045,0.9432636788131346,0.85,0.75
25203,right_hand,0.00037052895640954375,0.9996294975280762,ExponentialSmoothing,0.04828143854349032,0.9517185516203758,0.85,0.75
25253,right_hand,0.00014437078789342195,0.999855637550354,ExponentialSmoothing,0.04106087838015078,0.9589391145098725,0.85,0.75
25278,right_hand,0.00011361899669282138,0.9998863935470581,ExponentialSmoothing,0.034918789472632085,0.9650812063654503,0.85,0.75
25303,right_hand,0.00011971381900366396,0.999880313873291,ExponentialSmoothing,0.029698928124587822,0.9703010724916263,0.85,0.75
25353,right_hand,0.00025600887602195144,0.9997439980506897,ExponentialSmoothing,0.025282490237302942,0.9747175113254859,0.85,0.75
25378,right_hand,0.0005739827174693346,0.999426007270813,ExponentialSmoothing,0.0215762141093279,0.9784237857172849,0.85,0.75
25428,right_hand,0.0019334740936756134,0.9980664849281311,ExponentialSmoothing,0.018629803106980057,0.9813701905989118,0.85,0.75
25453,right_hand,0.004806683864444494,0.9951933026313782,ExponentialSmoothing,0.01655633522059972,0.9834436574037817,0.85,0.75
25503,right_hand,0.00899001955986023,0.9910099506378174,ExponentialSmoothing,0.015421387871488796,0.9845786013888871,0.85,0.75
25553,right_hand,0.008273545652627945,0.9917263984680176,ExponentialSmoothing,0.01434921153865967,0.9856507709507567,0.85,0.75
25578,right_hand,0.00505348015576601,0.9949465394020081,ExponentialSmoothing,0.01295485183122562,0.9870451362184445,0.85,0.75
25628,right_hand,0.0056010158732533455,0.9943990111351013,ExponentialSmoothing,0.011851776437529778,0.9881482174559431,0.85,0.75
25653,right_hand,0.004848286509513855,0.9951516389846802,ExponentialSmoothing,0.010801252948327388,0.9891987306852537,0.85,0.75
25703,right_hand,0.005185593385249376,0.994814395904541,ExponentialSmoothing,0.009958904013865686,0.9900410804681468,0.85,0.75
25728,right_hand,0.00765939150005579,0.9923405647277832,ExponentialSmoothing,0.0096139771367942,0.9903860031070922,0.85,0.75
25753,right_hand,0.015898674726486206,0.9841013550758362,ExponentialSmoothing,0.010556681775248001,0.9894433059024038,0.85,0.75
25803,right_hand,0.016050264239311218,0.9839497208595276,ExponentialSmoothing,0.011380719144857483,0.9886192681459725,0.85,0.75
25828,right_hand,0.027261823415756226,0.9727381467819214,ExponentialSmoothing,0.013762884785492296,0.9862370999413648,0.85,0.75
25878,right_hand,0.0202250387519598,0.9797749519348145,ExponentialSmoothing,0.01473220788046242,0.9852677777403822,0.85,0.75
25903,right_hand,0.06766323000192642,0.9323368072509766,ExponentialSmoothing,0.022671861198682024,0.9773281321669713,0.85,0.75
25953,right_hand,0.14595185220241547,0.8540481925010681,ExponentialSmoothing,0.04116385984924204,0.9588361412170858,0.85,0.75
26003,right_hand,0.45877009630203247,0.5412299036979675,ExponentialSmoothing,0.10380479531716062,0.8961952055892181,0.85,0.75
26028,right_hand,0.6155304312705994,0.38446956872940063,ExponentialSmoothing,0.18056364071017644,0.8194363600602455,0.85,0.75
26053,rest,0.8182199001312256,0.1817801296710968,ExponentialSmoothing,0.27621207962333383,0.7237879255018732,0.85,0.75
26103,rest,0.7673764824867249,0.23262348771095276,ExponentialSmoothing,0.3498867400528425,0.6501132598332352,0.85,0.75
26128,rest,0.9344408512115479,0.06555923074483871,ExponentialSmoothing,0.4375698567266483,0.5624301554699758,0.85,0.75
26178,rest,0.9642458558082581,0.03575419634580612,ExponentialSmoothing,0.5165712565888898,0.4834287616013503,0.85,0.75
26203,rest,0.9814892411231995,0.018510794267058372,ExponentialSmoothing,0.5863089542690363,0.4136910665012065,0.85,0.75
26253,rest,0.42739027738571167,0.5726097226142883,ExponentialSmoothing,0.5624711527365376,0.4375288649181688,0.85,0.75
26303,rest,0.04445834457874298,0.9555416107177734,ExponentialSmoothing,0.4847692315128684,0.5152307767881095,0.85,0.75
26328,rest,0.014954914338886738,0.9850450158119202,ExponentialSmoothing,0.4142970839367711,0.5857029126416811,0.85,0.75
26378,rest,0.00959745328873396,0.9904025793075562,ExponentialSmoothing,0.35359213933956557,0.6464078626415624,0.85,0.75
26428,rest,0.005972144193947315,0.994027853012085,ExponentialSmoothing,0.3014491400677228,0.6985508611971407,0.85,0.75
26478,rest,0.009776769205927849,0.990223228931427,ExponentialSmoothing,0.2576982844384535,0.7423017163572836,0.85,0.75
26503,right_hand,0.014572159387171268,0.9854277968406677,ExponentialSmoothing,0.22122936568076115,0.7787706284297912,0.85,0.75
26553,right_hand,0.009163781069219112,0.9908362627029419,ExponentialSmoothing,0.18941952798902983,0.8105804735707638,0.85,0.75
26578,right_hand,0.009636114351451397,0.9903638958930969,ExponentialSmoothing,0.16245201594339306,0.8375479869191138,0.85,0.75
26628,right_hand,0.003827969543635845,0.9961720108985901,ExponentialSmoothing,0.1386584089834295,0.8613415905160353,0.85,0.75
26653,right_hand,0.003419494954869151,0.9965805411338806,ExponentialSmoothing,0.11837257187914543,0.8816274331087122,0.85,0.75
26703,right_hand,0.003040515584871173,0.9969595670700073,ExponentialSmoothing,0.10107276343500429,0.8989272532029065,0.85,0.75
26753,right_hand,0.003012936096638441,0.9969870448112488,ExponentialSmoothing,0.08636378933424942,0.9136362219441578,0.85,0.75
26778,right_hand,0.0023069882299751043,0.9976930022239685,ExponentialSmoothing,0.07375526916860828,0.9262447389861295,0.85,0.75
26803,right_hand,0.001618993584997952,0.9983810186386108,ExponentialSmoothing,0.06293482783106673,0.9370651809340016,0.85,0.75
26853,right_hand,0.0005347287515178323,0.99946528673172,ExponentialSmoothing,0.05357481296913439,0.9464251968036593,0.85,0.75
26878,right_hand,0.0003989652614109218,0.9996010661125183,ExponentialSmoothing,0.04559843581297587,0.9544015771999881,0.85,0.75
26928,right_hand,0.0001874383888207376,0.9998125433921814,ExponentialSmoothing,0.038786786199352594,0.9612132221288171,0.85,0.75
26978,right_hand,0.0001607086305739358,0.9998393058776855,ExponentialSmoothing,0.03299287456403579,0.9670071346911473,0.85,0.75
27003,right_hand,0.00014870031736791134,0.9998512268066406,ExponentialSmoothing,0.028066248427035607,0.9719337485084713,0.85,0.75
27028,right_hand,0.00015093454567249864,0.9998490810394287,ExponentialSmoothing,0.023878951344831142,0.9761210483881149,0.85,0.75
27078,right_hand,0.00013925765233580023,0.9998607635498047,ExponentialSmoothing,0.02031799729095684,0.9796820056623683,0.85,0.75
27128,right_hand,0.0001884390221675858,0.999811589717865,ExponentialSmoothing,0.01729856355063845,0.9827014432706928,0.85,0.75
27153,right_hand,0.00022258839453570545,0.9997773766517639,ExponentialSmoothing,0.014737167277223039,0.9852628332778535,0.85,0.75
27178,right_hand,0.00029164800071157515,0.999708354473114,ExponentialSmoothing,0.01257033938574632,0.9874296614571425,0.85,0.75
27228,right_hand,0.00029993729549460113,0.9997000694274902,ExponentialSmoothing,0.010729779072208562,0.9892702226526946,0.85,0.75
27253,right_hand,0.000301277992548421,0.9996987581253052,ExponentialSmoothing,0.00916550391025954,0.9908345029735862,0.85,0.75
27303,right_hand,0.0008755390299484134,0.9991244673728943,ExponentialSmoothing,0.00792200917821287,0.9920779976334825,0.85,0.75
27328,right_hand,0.0022733062505722046,0.9977267384529114,ExponentialSmoothing,0.00707470373906677,0.9929253087563968,0.85,0.75
27378,right_hand,0.007243430241942406,0.9927565455436707,ExponentialSmoothing,0.007100012714498116,0.9928999942744879,0.85,0.75
27403,right_hand,0.011200928129255772,0.9887990355491638,ExponentialSmoothing,0.007715150026711764,0.9922848504656893,0.85,0.75
27453,right_hand,0.013169923797249794,0.9868300557136536,ExponentialSmoothing,0.00853336609229247,0.9914666312528839,0.85,0.75
27478,right_hand,0.01521881204098463,0.9847811460494995,ExponentialSmoothing,0.009536182984596294,0.9904638084723763,0.85,0.75
27528,right_hand,0.018407518044114113,0.9815924763679504,ExponentialSmoothing,0.010866883243523967,0.9891331086567123,0.85,0.75
27578,right_hand,0.026526497676968575,0.9734734892845154,ExponentialSmoothing,0.01321582540854066,0.9867841657508828,0.85,0.75
27603,right_hand,0.030122060328722,0.9698778986930847,ExponentialSmoothing,0.015751760646567862,0.984248225692213,0.85,0.75
27653,right_hand,0.08133254945278168,0.9186674356460571,ExponentialSmoothing,0.025588878967499937,0.9744111071852897,0.85,0.75
27678,right_hand,0.12749318778514862,0.872506856918335,ExponentialSmoothing,0.04087452529014724,0.9591254696452465,0.85,0.75
27703,right_hand,0.29159635305404663,0.7084035873413086,ExponentialSmoothing,0.07848279945473216,0.9215171872996558,0.85,0.75
27753,right_hand,0.9693970084190369,0.03060298040509224,ExponentialSmoothing,0.21211993079937788,0.7878800562654713,0.85,0.75
27778,rest,0.9935687780380249,0.006431151647120714,ExponentialSmoothing,0.3293372578851749,0.6706627205727187,0.85,0.75
27828,rest,0.9980254173278809,0.0019746527541428804,ExponentialSmoothing,0.4296404818015808,0.5703595103999323,0.85,0.75
27853,rest,0.9986434578895569,0.0013566046254709363,ExponentialSmoothing,0.5149909282147772,0.4850090745337631,0.85,0.75
27903,rest,0.9992635846138,0.0007363706245087087,ExponentialSmoothing,0.5876318266746307,0.4123681689473749,0.85,0.75
27953,rest,0.9993471503257751,0.0006528522935695946,ExponentialSmoothing,0.6493891252223023,0.3506108714493041,0.85,0.75
27978,rest,0.9992753863334656,0.0007246365421451628,ExponentialSmoothing,0.7018720643889769,0.2981279362132302,0.85,0.75
28003,rest,0.9992732405662537,0.0007267784094437957,ExponentialSmoothing,0.7464822408155685,0.25351776254266223,0.85,0.75
28053,left_hand,0.9984203577041626,0.0015796558000147343,ExponentialSmoothing,0.7842729583488577,0.2157270465312651,0.85,0.75
28078,left_hand,0.9974919557571411,0.0025080409832298756,ExponentialSmoothing,0.8162558079601001,0.1837441956990598,0.85,0.75
28128,left_hand,0.997372031211853,0.0026279231533408165,ExponentialSmoothing,0.8434232414478631,0.15657675481720196,0.85,0.75
28153,left_hand,0.9958113431930542,0.004188647028058767,ExponentialSmoothing,0.8662814567096417,0.13371853864883046,0.85,0.75
28203,left_hand,0.9961217045783997,0.003878248855471611,ExponentialSmoothing,0.8857574938899555,0.11424249517982663,0.85,0.75
28228,left_hand,0.9952691197395325,0.004730806685984135,ExponentialSmoothing,0.902184237767392,0.09781574190575025,0.85,0.75
28278,left_hand,0.9878355860710144,0.012164412066340446,ExponentialSmoothing,0.9150319400129353,0.08496804242983878,0.85,0.75
28328,left_hand,0.9846619367599487,0.015338089317083359,ExponentialSmoothing,0.9254764395249874,0.07452354946292547,0.85,0.75
28353,left_hand,0.985262393951416,0.014737571589648724,ExponentialSmoothing,0.9344443326889517,0.06555565278193395,0.85,0.75
28403,left_hand,0.9762229919433594,0.023777028545737267,ExponentialSmoothing,0.9407111315771128,0.05928885914650445,0.85,0.75
28428,left_hand,0.9646922945976257,0.035307690501213074,ExponentialSmoothing,0.9443083060301898,0.05569168384971074,0.85,0.75
28453,left_hand,0.9614438414573669,0.038556113839149475,ExponentialSmoothing,0.9468786363442664,0.053121348348126554,0.85,0.75
28503,left_hand,0.9844796061515808,0.01552034541964531,ExponentialSmoothing,0.9525187818153635,0.04748119790885437,0.85,0.75
28528,left_hand,0.9892364144325256,0.010763639584183693,ExponentialSmoothing,0.9580264267079379,0.04197356416015377,0.85,0.75
28578,left_hand,0.9948800802230835,0.005119926296174526,ExponentialSmoothing,0.9635544747352098,0.03644551848055688,0.85,0.75
28628,left_hand,0.9926180243492126,0.007381967268884182,ExponentialSmoothing,0.9679140071773102,0.03208598579880598,0.85,0.75
28653,left_hand,0.9920133948326111,0.007986592128872871,ExponentialSmoothing,0.9715289153256053,0.02847107674831601,0.85,0.75
28678,left_hand,0.98787921667099,0.01212078146636486,ExponentialSmoothing,0.9739814605274129,0.026018532456023338,0.85,0.75
28728,left_hand,0.9912837743759155,0.008716273121535778,ExponentialSmoothing,0.9765768076046882,0.023423193555850205,0.85,0.75
28778,left_hand,0.9948611855506897,0.005138787440955639,ExponentialSmoothing,0.9793194642965884,0.02068053263861602,0.85,0.75
28803,left_hand,0.9866786599159241,0.013321255333721638,ExponentialSmoothing,0.9804233436394888,0.019576641042881864,0.85,0.75
28828,left_hand,0.8334656357765198,0.16653433442115784,ExponentialSmoothing,0.9583796874600434,0.041620295049623265,0.85,0.75
28878,left_hand,0.5922812223434448,0.4077187776565552,ExponentialSmoothing,0.9034649176925537,0.09653506744066306,0.85,0.75
28903,left_hand,0.33356305956840515,0.6664369106292725,ExponentialSmoothing,0.8179796389739314,0.1820203439189545,0.85,0.75
28953,left_hand,0.6692859530448914,0.33071407675743103,ExponentialSmoothing,0.7956755860845754,0.20432440384472597,0.85,0.75
28978,rest,0.3308980166912079,0.6691020131111145,ExponentialSmoothing,0.7259589506755703,0.27404104523468426,0.85,0.75
29028,rest,0.1421150267124176,0.8578850030899048,ExponentialSmoothing,0.6383823620810974,0.36161763891296733,0.85,0.75
29053,rest,0.16814014315605164,0.8318598866462708,ExponentialSmoothing,0.5678460292423406,0.43215397607296285,0.85,0.75
29103,rest,0.18862710893154144,0.8113729357719421,ExponentialSmoothing,0.5109631911957208,0.4890368200278098,0.85,0.75
29153,rest,0.011284753680229187,0.9887152314186096,ExponentialSmoothing,0.436011425568397,0.5639885817364299,0.85,0.75
29178,rest,0.005433917511254549,0.9945660829544067,ExponentialSmoothing,0.37142479935982564,0.6285752069191264,0.85,0.75
29203,rest,0.0034215219784528017,0.9965785145759583,ExponentialSmoothing,0.3162243077526197,0.6837757030676512,0.85,0.75
29253,rest,0.0022392161190509796,0.9977607727050781,ExponentialSmoothing,0.2691265440075844,0.7308734635132652,0.85,0.75
29278,right_hand,0.0018667243421077728,0.9981332421302795,ExponentialSmoothing,0.2290375710577629,0.7709624303058173,0.85,0.75
29328,right_hand,0.0011493394849821925,0.9988507032394409,ExponentialSmoothing,0.1948543363218458,0.8051456712458609,0.85,0.75
29378,right_hand,0.0008478019735775888,0.9991521835327148,ExponentialSmoothing,0.16575335616960557,0.834246648088889,0.85,0.75
29403,right_hand,0.0005849562003277242,0.9994150400161743,ExponentialSmoothing,0.1409780961742139,0.8590219068779819,0.85,0.75
29453,right_hand,0.0003042769094463438,0.9996957778930664,ExponentialSmoothing,0.11987702328449876,0.8801229875302445,0.85,0.75
29478,right_hand,0.00019170896848663688,0.9998083710670471,ExponentialSmoothing,0.10192422613709694,0.898075795060765,0.85,0.75
29503,right_hand,0.0001467312395107001,0.999853253364563,ExponentialSmoothing,0.08665760190245901,0.9133424138063346,0.85,0.75
29553,right_hand,8.474620699416846e-05,0.9999152421951294,ExponentialSmoothing,0.07367167354813928,0.9263283380646539,0.85,0.75
29603,right_hand,5.648586738971062e-05,0.9999434947967529,ExponentialSmoothing,0.06262939539602684,0.9373706115744687,0.85,0.75
29653,right_hand,3.375904634594917e-05,0.9999662637710571,ExponentialSmoothing,0.0532400499435747,0.946759959403957,0.85,0.75
29703,right_hand,2.820339796016924e-05,0.9999717473983765,ExponentialSmoothing,0.04525827296173252,0.9547417276031199,0.85,0.75
29728,right_hand,4.619540413841605e-05,0.9999537467956543,ExponentialSmoothing,0.0384764613280934,0.961523530482,0.85,0.75
29778,right_hand,7.633915083715692e-05,0.9999237060546875,ExponentialSmoothing,0.03271644300150496,0.9672835568179031,0.85,0.75
29803,right_hand,9.979177411878482e-05,0.999900221824646,ExponentialSmoothing,0.027823945317397035,0.9721760565689146,0.85,0.75
29853,right_hand,0.00014991713396739215,0.9998500347137451,ExponentialSmoothing,0.023672841089882588,0.9763271532906391,0.85,0.75
29878,right_hand,0.0002662840997800231,0.9997337460517883,ExponentialSmoothing,0.0201618575413672,0.9798381422048115,0.85,0.75
29928,right_hand,0.0008817064808681607,0.9991182684898376,ExponentialSmoothing,0.017269834882292345,0.9827301611475654,0.85,0.75
29978,right_hand,0.001414458267390728,0.99858558177948,ExponentialSmoothing,0.0148915283900571,0.9851084742423526,0.85,0.75
30003,right_hand,0.0017933087656274438,0.9982067346572876,ExponentialSmoothing,0.012926795446392652,0.9870732133045929,0.85,0.75
30053,right_hand,0.0026595944073051214,0.9973403811454773,ExponentialSmoothing,0.011386715290529521,0.9886132884807255,0.85,0.75
30078,right_hand,0.0035177343524992466,0.996482253074646,ExponentialSmoothing,0.01020636814982498,0.9897936331698136,0.85,0.75
30103,right_hand,0.004313780460506678,0.9956862926483154,ExponentialSmoothing,0.009322479996427234,0.9906775320915888,0.85,0.75
30153,right_hand,0.006485024932771921,0.9935150146484375,ExponentialSmoothing,0.008896861736878937,0.9911031544751161,0.85,0.75
30178,right_hand,0.007550785318017006,0.9924492835998535,ExponentialSmoothing,0.008694950274049647,0.9913050738438267,0.85,0.75
30228,right_hand,0.04997749254107475,0.9500225782394409,ExponentialSmoothing,0.014887331614103414,0.9851126995031689,0.85,0.75
30253,right_hand,0.26655033230781555,0.7334496378898621,ExponentialSmoothing,0.05263678171816024,0.9473632402611729,0.85,0.75
30303,right_hand,0.950640857219696,0.04935915768146515,ExponentialSmoothing,0.18733739304339064,0.8126626278742167,0.85,0.75
30328,rest,0.9773498177528381,0.022650154307484627,ExponentialSmoothing,0.30583925674980783,0.694160756839207,0.85,0.75
30378,rest,0.9954812526702881,0.004518684931099415,ExponentialSmoothing,0.40928555613787987,0.5907144460529908,0.85,0.75
30428,rest,0.9993141889572144,0.0006858325214125216,ExponentialSmoothing,0.4977898510607801,0.5022101540232541,0.85,0.75
30453,rest,0.9996591806411743,0.00034081737976521254,ExponentialSmoothing,0.5730702504978392,0.42692975352673074,0.85,0.75
30478,rest,0.9997697472572327,0.00023021722154226154,ExponentialSmoothing,0.6370751750117483,0.3629248230809524,0.85,0.75
30528,rest,0.9999016523361206,9.830720227910206e-05,ExponentialSmoothing,0.6914991466104041,0.3085008456991514,0.85,0.75
30553,rest,0.9999133348464966,8.667362271808088e-05,ExponentialSmoothing,0.737761274845818,0.26223871988768643,0.85,0.75
30603,left_hand,0.9999426603317261,5.734241130994633e-05,ExponentialSmoothing,0.7770884826687041,0.22291151326622996,0.85,0.75
30653,left_hand,0.9999473094940186,5.27280499227345e-05,ExponentialSmoothing,0.8105173066925013,0.18948269548378388,0.85,0.75
30678,left_hand,0.99993896484375,6.097842924646102e-05,ExponentialSmoothing,0.8389305554151887,0.16106943792560324,0.85,0.75
30703,left_hand,0.9999217987060547,7.825127977412194e-05,ExponentialSmoothing,0.8630792419088187,0.13692075992872885,0.85,0.75
30753,left_hand,0.9998137354850769,0.00018623053620103747,ExponentialSmoothing,0.8835894159452574,0.11641058051984968,0.85,0.75
30778,left_hand,0.9996688365936279,0.0003311141044832766,ExponentialSmoothing,0.901001329042513,0.09899866055754471,0.85,0.75
30828,left_hand,0.9995021820068359,0.000497796107083559,ExponentialSmoothing,0.9157764569871614,0.08422353088997553,0.85,0.75
30853,left_hand,0.9993040561676025,0.0006959139136597514,ExponentialSmoothing,0.9283055968642275,0.07169438834352816,0.85,0.75
30903,left_hand,0.9991359114646912,0.0008641070453450084,ExponentialSmoothing,0.9389301440542972,0.061069846148800684,0.85,0.75
30953,left_hand,0.9974538683891296,0.0025460952892899513,ExponentialSmoothing,0.9477087027045221,0.052291283519874075,0.85,0.75
30978,left_hand,0.9938416481018066,0.006158321630209684,ExponentialSmoothing,0.9546286445141148,0.04537133923642442,0.85,0.75
31028,left_hand,0.9767816662788391,0.023218272253870964,ExponentialSmoothing,0.9579515977788234,0.0420483791890414,0.85,0.75
31053,left_hand,0.9441509246826172,0.055849067866802216,ExponentialSmoothing,0.9558814968143925,0.04411848249070552,0.85,0.75
31078,left_hand,0.8911731243133545,0.1088268831372261,ExponentialSmoothing,0.9461752409392368,0.053824742587683605,0.85,0.75
31128,left_hand,0.9010303616523743,0.09896963089704514,ExponentialSmoothing,0.9394035090462074,0.06059647583408784,0.85,0.75
31153,left_hand,0.8240559101104736,0.17594411969184875,ExponentialSmoothing,0.9221013692058473,0.07789862241275197,0.85,0.75
31203,left_hand,0.6990590691566467,0.30094093084335327,ExponentialSmoothing,0.8886450241984671,0.11135496867734217,0.85,0.75
31253,left_hand,0.27965328097343445,0.7203466892242432,ExponentialSmoothing,0.7972962627147122,0.2027037267593773,0.85,0.75
31278,rest,0.31266486644744873,0.6873351335525513,ExponentialSmoothing,0.7246015532746227,0.27539843777835343,0.85,0.75
31303,rest,0.12370968610048294,0.8762903213500977,ExponentialSmoothing,0.6344677731985018,0.3655322203141151,0.85,0.75
31353,rest,0.030771132558584213,0.9692288637161255,ExponentialSmoothing,0.5439132771025141,0.4560867168244167,0.85,0.75
31378,rest,0.012150122784078121,0.9878498911857605,ExponentialSmoothing,0.4641488039547487,0.5358511929786183,0.85,0.75
31428,rest,0.004929190501570702,0.9950708150863647,ExponentialSmoothing,0.395265861936772,0.6047341362947802,0.85,0.75
31453,rest,0.0021480065770447254,0.9978519678115845,ExponentialSmoothing,0.3362981836328129,0.663701811022301,0.85,0.75
31503,rest,0.0007306127226911485,0.999269425868988,ExponentialSmoothing,0.2859630479962946,0.714036953249304,0.85,0.75
31528,right_hand,0.000720436975825578,0.9992795586585999,ExponentialSmoothing,0.24317665634322422,0.7568233440606984,0.85,0.75
31553,right_hand,0.00037876178976148367,0.9996212720870972,ExponentialSmoothing,0.2067569721602048,0.7932430332646583,0.85,0.75
31628,right_hand,0.0013831418473273516,0.9986168146133423,ExponentialSmoothing,0.17595089761327318,0.8240491004669609,0.85,0.75
31653,right_hand,0.0021962642204016447,0.9978037476539612,ExponentialSmoothing,0.14988770260434245,0.850112297545011,0.85,0.75
31703,right_hand,0.011774958111345768,0.9882251024246216,ExponentialSmoothing,0.12917079093039294,0.8708292182769526,0.85,0.75
31728,right_hand,0.010908772237598896,0.9890912175178528,ExponentialSmoothing,0.11143148812647383,0.8885685181630877,0.85,0.75
31753,right_hand,0.006895853206515312,0.9931041598320007,ExponentialSmoothing,0.09575114288848005,0.9042488644134246,0.85,0.75
31803,right_hand,0.006717199459671974,0.9932827949523926,ExponentialSmoothing,0.08239605137415884,0.9176039539942697,0.85,0.75
31828,right_hand,0.009354421868920326,0.9906455278396606,ExponentialSmoothing,0.07143980694837306,0.9285601900710785,0.85,0.75
31878,right_hand,0.04001825675368309,0.9599816799163818,ExponentialSmoothing,0.06672657441916956,0.933273413547874,0.85,0.75
31903,right_hand,0.3211289942264557,0.6788709759712219,ExponentialSmoothing,0.10488693739026247,0.8951130479113761,0.85,0.75
31953,right_hand,0.908124566078186,0.09187547117471695,ExponentialSmoothing,0.22537258169345104,0.7746274114008772,0.85,0.75
32003,rest,0.950067937374115,0.04993200674653053,ExponentialSmoothing,0.33407688504555066,0.6659231007027252,0.85,0.75
32028,rest,0.8733270764350891,0.12667293846607208,ExponentialSmoothing,0.4149644137539814,0.5850355763672271,0.85,0.75
32078,rest,0.6815634965896606,0.31843650341033936,ExponentialSmoothing,0.4549542761793333,0.545045715423694,0.85,0.75
32103,rest,0.510028600692749,0.4899713695049286,ExponentialSmoothing,0.46321542485634565,0.5367845635358792,0.85,0.75
32153,rest,0.06437192857265472,0.9356280565261841,ExponentialSmoothing,0.403388900413792,0.596611087484425,0.85,0.75
32178,rest,0.021170608699321747,0.9788293838500977,ExponentialSmoothing,0.3460561566566214,0.653943831939276,0.85,0.75
32203,rest,0.02408934384584427,0.9759106636047363,ExponentialSmoothing,0.2977611347350048,0.7022388566890951,0.85,0.75
32253,rest,0.005884972866624594,0.9941149950027466,ExponentialSmoothing,0.2539797104547478,0.7460202774361429,0.85,0.75
32278,right_hand,0.0042280531488358974,0.9957719445228577,ExponentialSmoothing,0.21651696185886102,0.7834830274991501,0.85,0.75
32328,right_hand,0.005775449797511101,0.9942246079444885,ExponentialSmoothing,0.18490573504965854,0.8150942645659509,0.85,0.75
32353,right_hand,0.006328376475721598,0.9936716556549072,ExponentialSmoothing,0.158119131263568,0.8418808732292944,0.85,0.75
32403,right_hand,0.0018607572419568896,0.9981392621994019,ExponentialSmoothing,0.13468037516032633,0.8653196315748104,0.85,0.75
32428,right_hand,0.0012632218422368169,0.9987367987632751,ExponentialSmoothing,0.11466780216261291,0.8853322066530802,0.85,0.75
32478,right_hand,0.0005235702847130597,0.9994764924049377,ExponentialSmoothing,0.09754616738092792,0.9024538495158589,0.85,0.75
32528,right_hand,0.0001765049819368869,0.9998235106468201,ExponentialSmoothing,0.08294071802107926,0.9170592986855031,0.85,0.75
32553,right_hand,0.00011072430061176419,0.9998892545700073,ExponentialSmoothing,0.07051621896300912,0.9294837920681787,0.85,0.75
32603,right_hand,5.6399425375275314e-05,0.9999436140060425,ExponentialSmoothing,0.059947246032364045,0.9400527653588582,0.85,0.75
32628,right_hand,5.3301904699765146e-05,0.9999467134475708,ExponentialSmoothing,0.0509631544132144,0.949036857572165,0.85,0.75
32653,right_hand,6.306185241555795e-05,0.9999369382858276,ExponentialSmoothing,0.04332814052909457,0.9566718696792145,0.85,0.75
32703,right_hand,0.00010241092968499288,0.9998975992202759,ExponentialSmoothing,0.036844281089183126,0.9631557291103736,0.85,0.75
32728,right_hand,0.00011524175351951271,0.9998847246170044,ExponentialSmoothing,0.03133492518883358,0.9686650784363683,0.85,0.75
32778,right_hand,0.0001230030320584774,0.9998769760131836,ExponentialSmoothing,0.026653136865317312,0.9733468630728906,0.85,0.75
32803,right_hand,0.00011854941840283573,0.999881386756897,ExponentialSmoothing,0.022672948748280138,0.9773270416254916,0.85,0.75
32853,right_hand,8.720628102310002e-05,0.9999127388000488,ExponentialSmoothing,0.01928508737819158,0.9807148962016752,0.85,0.75
32903,right_hand,8.023522968869656e-05,0.9999197721481323,ExponentialSmoothing,0.01640435955591615,0.9835956275936437,0.85,0.75
32928,right_hand,7.73386491346173e-05,0.9999226331710815,ExponentialSmoothing,0.01395530641989892,0.9860446784302594,0.85,0.75
32978,right_hand,7.687923789490014e-05,0.9999231100082397,ExponentialSmoothing,0.011873542342598317,0.9881264431669565,0.85,0.75
33003,right_hand,8.030956087168306e-05,0.9999196529388428,ExponentialSmoothing,0.010104557425339321,0.9898954246327394,0.85,0.75
33028,right_hand,8.944473665906116e-05,0.9999105930328369,ExponentialSmoothing,0.008602290522037283,0.9913976998927541,0.85,0.75
33078,right_hand,0.00020182383013889194,0.9997982382774353,ExponentialSmoothing,0.007342220518252524,0.9926577806504563,0.85,0.75
33103,right_hand,0.0003079144807998091,0.9996920824050903,ExponentialSmoothing,0.006287074612634617,0.9937129259136513,0.85,0.75
33153,right_hand,0.0005876583163626492,0.9994122982025146,ExponentialSmoothing,0.005432162168193822,0.9945678317569808,0.85,0.75
33178,right_hand,0.0005389078869484365,0.9994611144065857,ExponentialSmoothing,0.004698174026007014,0.9953018241544216,0.85,0.75
33228,right_hand,0.0002215399144915864,0.9997784495353699,ExponentialSmoothing,0.0040266789092797,0.9959733179615637,0.85,0.75
33253,right_hand,0.0002557146653998643,0.9997442364692688,ExponentialSmoothing,0.003461034272697724,0.9965389557377194,0.85,0.75
33303,right_hand,0.00028735719388350844,0.9997126460075378,ExponentialSmoothing,0.0029849827108755916,0.9970150092781922,0.85,0.75
33353,right_hand,0.0005127271288074553,0.9994872808456421,ExponentialSmoothing,0.002614144373565371,0.9973858500133097,0.85,0.75
33378,right_hand,0.000536030565854162,0.9994639754295349,ExponentialSmoothing,0.00230242730240869,0.9976975688257435,0.85,0.75
33428,right_hand,0.0006103651248849928,0.9993896484375,ExponentialSmoothing,0.0020486179757801355,0.9979513807675069,0.85,0.75
33453,right_hand,0.0003937639994546771,0.9996063113212585,ExponentialSmoothing,0.0018003898793313169,0.9981996203505696,0.85,0.75
33478,right_hand,0.0005767953116446733,0.9994232654571533,ExponentialSmoothing,0.0016168506941783203,0.9983831671165572,0.85,0.75
33528,right_hand,0.0005012942128814757,0.999498724937439,ExponentialSmoothing,0.0014495172219837935,0.9985505007896894,0.85,0.75
33553,right_hand,0.0007628636667504907,0.9992371797561646,ExponentialSmoothing,0.0013465191886987981,0.9986535026346608,0.85,0.75
33603,right_hand,0.0006395509699359536,0.9993605017662048,ExponentialSmoothing,0.0012404739558843714,0.9987595525043924,0.85,0.75
33628,right_hand,0.000587893882766366,0.9994120597839355,ExponentialSmoothing,0.0011425869449166706,0.9988574285963239,0.85,0.75
33678,right_hand,0.00022683196584694088,0.9997732043266296,ExponentialSmoothing,0.0010052236980562111,0.9989947949558697,0.85,0.75
33703,right_hand,0.00020114412473049015,0.9997988343238831,ExponentialSmoothing,0.000884611762057353,0.9991154008610718,0.85,0.75
33753,right_hand,0.0001424912188667804,0.9998575448989868,ExponentialSmoothing,0.000773293680578767,0.999226722466759,0.85,0.75
33803,right_hand,0.00025302486028522253,0.9997469782829285,ExponentialSmoothing,0.0006952533575347353,0.9993047608391844,0.85,0.75
33828,right_hand,0.0002597232232801616,0.9997403025627136,ExponentialSmoothing,0.0006299238373965492,0.9993700920977138,0.85,0.75
33878,right_hand,0.0007422237540595233,0.9992577433586121,ExponentialSmoothing,0.0006467688248959954,0.9993532397868485,0.85,0.75
33903,right_hand,0.0009118719608522952,0.9990881681442261,ExponentialSmoothing,0.0006865342952894404,0.9993134790404552,0.85,0.75
33928,right_hand,0.0009607230313122272,0.9990392923355103,ExponentialSmoothing,0.0007276626056928584,0.9992723510347135,0.85,0.75
33978,right_hand,0.0009613690781407058,0.9990386962890625,ExponentialSmoothing,0.0007627185765600355,0.9992373028228658,0.85,0.75
34003,right_hand,0.0008947020978666842,0.9991052746772766,ExponentialSmoothing,0.0007825161047560328,0.9992174986010274,0.85,0.75
34053,right_hand,0.0007549857255071402,0.9992450475692749,ExponentialSmoothing,0.0007783865478686989,0.9992216309462645,0.85,0.75
34103,right_hand,0.000969083746895194,0.9990309476852417,ExponentialSmoothing,0.0008069911277226732,0.9991930284571111,0.85,0.75
34128,right_hand,0.0005564035382121801,0.9994435906410217,ExponentialSmoothing,0.0007694029892960992,0.9992306127846977,0.85,0.75
34153,right_hand,0.00048649232485331595,0.9995135068893433,ExponentialSmoothing,0.0007269663896296817,0.9992730469003945,0.85,0.75
34203,right_hand,0.00042964931344613433,0.9995703101158142,ExponentialSmoothing,0.0006823688282021496,0.9993176363827075,0.85,0.75
34228,right_hand,0.0005095036467537284,0.99949049949646,ExponentialSmoothing,0.0006564390509848864,0.9993435658497705,0.85,0.75
34278,right_hand,0.0008181397570297122,0.9991818070411682,ExponentialSmoothing,0.0006806941568916103,0.9993193020284801,0.85,0.75
34303,right_hand,0.000906544562894851,0.9990934133529663,ExponentialSmoothing,0.0007145717177920964,0.999285418727153,0.85,0.75
34353,right_hand,0.0012233654269948602,0.9987766146659851,ExponentialSmoothing,0.000790890774172511,0.9992090981179779,0.85,0.75
34378,right_hand,0.0013167171273380518,0.9986832737922668,ExponentialSmoothing,0.0008697647271473421,0.9991302244691211,0.85,0.75
34428,right_hand,0.0015298138605430722,0.99847012758255,ExponentialSmoothing,0.0009687720971567016,0.9990312099361356,0.85,0.75
34453,right_hand,0.0013372902758419514,0.9986627101898193,ExponentialSmoothing,0.0010240498239594891,0.9989759349741881,0.85,0.75
34503,right_hand,0.0010452696587890387,0.9989546537399292,ExponentialSmoothing,0.0010272327991839216,0.9989727427890494,0.85,0.75
34553,right_hand,0.0007573524489998817,0.9992426633834839,ExponentialSmoothing,0.0009867507466563155,0.9990132308782145,0.85,0.75
34578,right_hand,0.0006607109680771828,0.9993392825126648,ExponentialSmoothing,0.0009378447798694457,0.999062138623382,0.85,0.75
34628,right_hand,0.0006091537070460618,0.9993908405303955,ExponentialSmoothing,0.0008885411189459381,0.9991114439094341,0.85,0.75
34653,right_hand,0.0005981454160064459,0.9994018077850342,ExponentialSmoothing,0.0008449817635050143,0.999154998490774,0.85,0.75
34678,right_hand,0.0005119300913065672,0.9994879961013794,ExponentialSmoothing,0.0007950240126752472,0.9992049481323648,0.85,0.75
34728,right_hand,0.00041993940249085426,0.9995800852775574,ExponentialSmoothing,0.0007387613211475882,0.9992612187041437,0.85,0.75
34753,right_hand,0.00035991379991173744,0.9996401071548462,ExponentialSmoothing,0.0006819341929622106,0.999318051971749,0.85,0.75
34803,right_hand,0.00036368818837217987,0.9996362924575806,ExponentialSmoothing,0.0006341972922737061,0.9993657880446238,0.85,0.75
34828,right_hand,0.0003705148119479418,0.9996294975280762,ExponentialSmoothing,0.0005946449202248414,0.9994053444671417,0.85,0.75
34878,right_hand,0.0004724397149402648,0.9995275735855103,ExponentialSmoothing,0.0005763141394321549,0.9994236788348969,0.85,0.75
34903,right_hand,0.0006788691389374435,0.9993211030960083,ExponentialSmoothing,0.0005916973893579482,0.9994082924740636,0.85,0.75
34953,right_hand,0.0007237590034492314,0.9992762207984924,ExponentialSmoothing,0.0006115066314716407,0.9993884817227279,0.85,0.75
35003,right_hand,0.0034088583197444677,0.9965912103652954,ExponentialSmoothing,0.0010311093847125649,0.998968891019113,0.85,0.75
35028,right_hand,0.014658061787486076,0.9853419065475464,ExponentialSmoothing,0.003075152245128592,0.9969248433483779,0.85,0.75
35053,right_hand,0.10317707806825638,0.8968229293823242,ExponentialSmoothing,0.018090441118597762,0.9819095562534699,0.85,0.75
35103,right_hand,0.6608944535255432,0.3391055762767792,ExponentialSmoothing,0.1145110429796396,0.8854889592569662,0.85,0.75
35128,right_hand,0.9598519802093506,0.0401480533182621,ExponentialSmoothing,0.24131218356409628,0.7586878233661606,0.85,0.75
35178,rest,0.829526960849762,0.17047306895256042,ExponentialSmoothing,0.32954440015694614,0.6704556102041206,0.85,0.75
35203,rest,0.9511902928352356,0.04880976304411888,ExponentialSmoothing,0.4227912840586896,0.5772087331301203,0.85,0.75
35253,rest,0.9441910982131958,0.05580894276499748,ExponentialSmoothing,0.5010012561818655,0.49899876457535186,0.85,0.75
35303,rest,0.9919581413269043,0.008041858673095703,ExponentialSmoothing,0.5746447889536214,0.4253552286900134,0.85,0.75
35328,rest,0.9842187762260437,0.015781257301568985,ExponentialSmoothing,0.6360808870444847,0.3639191329817467,0.85,0.75
35353,rest,0.9825474619865417,0.01745259016752243,ExponentialSmoothing,0.6880508732857933,0.31194915155961306,0.85,0.75
35378,rest,0.9601506590843201,0.039849355816841125,ExponentialSmoothing,0.7288658411555723,0.27113418219819724,0.85,0.75
35428,left_hand,0.9644731879234314,0.03552684187889099,ExponentialSmoothing,0.7642069431707511,0.2357930811503013,0.85,0.75
35478,left_hand,0.9977756142616272,0.0022243582643568516,ExponentialSmoothing,0.7992422438343826,0.2007577727174096,0.85,0.75
35503,left_hand,0.9992163181304932,0.000783617259003222,ExponentialSmoothing,0.8292383549787992,0.17076164939864866,0.85,0.75
35553,left_hand,0.9998030066490173,0.00019701043493114412,ExponentialSmoothing,0.8548230527293319,0.14517695355409102,0.85,0.75
35578,left_hand,0.9998155236244202,0.00018456076213624328,ExponentialSmoothing,0.8765719233635951,0.1234280946352978,0.85,0.75
35628,left_hand,0.9998867511749268,0.00011322012869641185,ExponentialSmoothing,0.8950691475352949,0.10493086345930759,0.85,0.75
35678,left_hand,0.9998385906219482,0.0001613918284419924,ExponentialSmoothing,0.9107845639982928,0.08921544271467775,0.85,0.75
35703,left_hand,0.9998669624328613,0.0001330655359197408,ExponentialSmoothing,0.9241469237634781,0.07585308613786405,0.85,0.75
35753,left_hand,0.9998652935028076,0.00013468507677316666,ExponentialSmoothing,0.9355046792243775,0.06449532597870042,0.85,0.75
35803,left_hand,0.9997618794441223,0.00023811700521036983,ExponentialSmoothing,0.9451432592573392,0.05485674463267691,0.85,0.75
35853,left_hand,0.9998699426651001,0.00013003865024074912,ExponentialSmoothing,0.9533522617685033,0.04664773873531148,0.85,0.75
35878,left_hand,0.9998718500137329,0.0001280791184399277,ExponentialSmoothing,0.9603302000052878,0.03966978979278075,0.85,0.75
35928,left_hand,0.999872088432312,0.00012788081949111074,ExponentialSmoothing,0.9662614832693414,0.0337385034467873,0.85,0.75
35953,left_hand,0.9998327493667603,0.00016719152336008847,ExponentialSmoothing,0.9712971731839541,0.028702806658273215,0.85,0.75
36003,left_hand,0.9997935891151428,0.00020644273899961263,ExponentialSmoothing,0.9755716355736324,0.024428352070382173,0.85,0.75
36028,left_hand,0.9996803998947144,0.0003196205070707947,ExponentialSmoothing,0.9791879502217946,0.020812042335885465,0.85,0.75
36078,left_hand,0.999531626701355,0.0004684205341618508,ExponentialSmoothing,0.9822395016937286,0.01776049906562692,0.85,0.75
36103,left_hand,0.9994564652442932,0.0005435227649286389,ExponentialSmoothing,0.9848220462263133,0.015177952620522177,0.85,0.75
36153,left_hand,0.9993933439254761,0.0006065954803489149,ExponentialSmoothing,0.9870077408811877,0.012992249049496188,0.85,0.75
36178,left_hand,0.9991831183433533,0.0008169152424670756,ExponentialSmoothing,0.9888340475005125,0.01116594897844182,0.85,0.75
36228,left_hand,0.9995203018188477,0.0004796571156475693,ExponentialSmoothing,0.9904369856482629,0.009563005199022683,0.85,0.75
36253,left_hand,0.9996840953826904,0.0003159235930070281,ExponentialSmoothing,0.9918240521084271,0.008175942958120335,0.85,0.75
36303,left_hand,0.9998088479042053,0.00019120566139463335,ExponentialSmoothing,0.9930217714777938,0.0069782323636114795,0.85,0.75
36328,left_hand,0.9997883439064026,0.00021166969963815063,ExponentialSmoothing,0.9940367573420851,0.00596324796401548,0.85,0.75
36378,left_hand,0.9997521042823792,0.000247947929892689,ExponentialSmoothing,0.9948940593831292,0.005105952958897061,0.85,0.75
36403,left_hand,0.9997052550315857,0.00029473338508978486,ExponentialSmoothing,0.9956157387303978,0.00438427002282597,0.85,0.75
36453,left_hand,0.9993957281112671,0.0006042173481546342,ExponentialSmoothing,0.9961827371375283,0.00381726212162527,0.85,0.75
36503,left_hand,0.9995229244232178,0.000477086054161191,ExponentialSmoothing,0.9966837652303817,0.003316235711505658,0.85,0.75
36528,left_hand,0.9995332956314087,0.0004667829198297113,ExponentialSmoothing,0.9971111947905358,0.002888817792754266,0.85,0.75
36553,left_hand,0.9995325803756714,0.00046748711611144245,ExponentialSmoothing,0.9974744026283062,0.0025256181912578423,0.85,0.75
36603,left_hand,0.9994007349014282,0.0005993096274323761,ExponentialSmoothing,0.9977633524692745,0.002236671906684022,0.85,0.75
36628,left_hand,0.9994156360626221,0.0005843878025189042,ExponentialSmoothing,0.9980111950082766,0.0019888292910592545,0.85,0.75
36678,left_hand,0.9995912909507751,0.0004087682464160025,ExponentialSmoothing,0.9982482093996514,0.0017518201343627666,0.85,0.75
36703,left_hand,0.9995914101600647,0.0004085430409759283,ExponentialSmoothing,0.9984496895137134,0.0015503285703547408,0.85,0.75
36753,left_hand,0.9993025064468384,0.0006974589196033776,ExponentialSmoothing,0.9985776120536822,0.0014223981227420362,0.85,0.75
36778,left_hand,0.9991742968559265,0.0008257334702648222,ExponentialSmoothing,0.9986671147740189,0.001332898424870454,0.85,0.75
36828,left_hand,0.9984546899795532,0.0015453399391844869,ExponentialSmoothing,0.9986352510548491,0.001364764652017559,0.85,0.75
36853,left_hand,0.9982913136482239,0.001708683092147112,ExponentialSmoothing,0.9985836604438554,0.0014163524180369918,0.85,0.75
36903,left_hand,0.9972891807556152,0.002710800152271986,ExponentialSmoothing,0.9983894884906194,0.001610519578172241,0.85,0.75
36928,left_hand,0.9984620809555054,0.0015379545511677861,ExponentialSmoothing,0.9984003773603523,0.0015996348241215726,0.85,0.75
36978,left_hand,0.9988896250724792,0.001110404497012496,ExponentialSmoothing,0.9984737645171713,0.001526250275055211,0.85,0.75
37003,left_hand,0.9988413453102112,0.0011586721520870924,ExponentialSmoothing,0.9985289016361273,0.0014711135566099934,0.85,0.75
37053,left_hand,0.999051034450531,0.0009489181684330106,ExponentialSmoothing,0.9986072215582878,0.001392784248383446,0.85,0.75
37078,left_hand,0.9991804957389832,0.0008195279515348375,ExponentialSmoothing,0.9986932126853921,0.0013067958038561545,0.85,0.75
37128,left_hand,0.9990076422691345,0.00099235400557518,ExponentialSmoothing,0.9987403771229535,0.0012596295341140084,0.85,0.75
37153,left_hand,0.9989973902702332,0.0010025625815615058,ExponentialSmoothing,0.9987789290950454,0.001221069491231133,0.85,0.75
37203,left_hand,0.997811496257782,0.002188514918088913,ExponentialSmoothing,0.998633814169456,0.0013661863052598,0.85,0.75
37228,left_hand,0.9981999397277832,0.0018000536365434527,ExponentialSmoothing,0.998568733003205,0.0014312664049523477,0.85,0.75
37278,left_hand,0.9980549812316895,0.001944991061463952,ExponentialSmoothing,0.9984916702374778,0.0015083251034290885,0.85,0.75
37303,left_hand,0.9981383085250854,0.001861639553681016,ExponentialSmoothing,0.9984386659806189,0.0015613222709668776,0.85,0.75
37353,left_hand,0.9900985360145569,0.00990141462534666,ExponentialSmoothing,0.9971876464857097,0.0028123361241238452,0.85,0.75
37378,left_hand,0.9889165163040161,0.011083502322435379,ExponentialSmoothing,0.9959469769584557,0.004053011053870575,0.85,0.75
37428,left_hand,0.9839966893196106,0.01600337214767933,ExponentialSmoothing,0.9941544338126289,0.005845565217941889,0.85,0.75
37453,left_hand,0.9754936099052429,0.02450641803443432,ExponentialSmoothing,0.991355310226521,0.008644693140415754,0.85,0.75
37503,left_hand,0.9722503423690796,0.0277496837079525,ExponentialSmoothing,0.9884895650479049,0.011510441725546265,0.85,0.75
37528,left_hand,0.9597077965736389,0.04029222950339317,ExponentialSmoothing,0.9841722997767649,0.0158277098922233,0.85,0.75
37578,left_hand,0.9426432847976685,0.05735671520233154,ExponentialSmoothing,0.9779429475299004,0.022057060688739537,0.85,0.75
37603,left_hand,0.9524785280227661,0.047521498054265976,ExponentialSmoothing,0.9741232846038304,0.025876726293568502,0.85,0.75
37653,left_hand,0.9267978072166443,0.07320227473974228,ExponentialSmoothing,0.9670244629957525,0.03297555856049457,0.85,0.75
37678,left_hand,0.8049623370170593,0.19503766298294067,ExponentialSmoothing,0.9427151440989485,0.05728487422386149,0.85,0.75
37728,left_hand,0.8039794564247131,0.19602055847644806,ExponentialSmoothing,0.9219047909478132,0.07809522686174948,0.85,0.75
37778,left_hand,0.660326361656189,0.33967360854148865,ExponentialSmoothing,0.8826680265540696,0.11733198411371037,0.85,0.75
37853,left_hand,0.436985582113266,0.5630144476890564,ExponentialSmoothing,0.815815659887949,0.1841843536500123,0.85,0.75
37878,left_hand,0.7551350593566895,0.24486492574214935,ExponentialSmoothing,0.80671356980826,0.19328643946383287,0.85,0.75
37903,left_hand,0.8926752805709839,0.10732472687959671,ExponentialSmoothing,0.8196078264226686,0.18039218257619744,0.85,0.75
37953,left_hand,0.8340756297111511,0.16592438519001007,ExponentialSmoothing,0.821777996915941,0.17822201296826934,0.85,0.75
37978,left_hand,0.558731734752655,0.44126832485198975,ExponentialSmoothing,0.7823210575914481,0.2176789597508274,0.85,0.75
38028,rest,0.043872423470020294,0.9561275243759155,ExponentialSmoothing,0.6715537624732338,0.32844624444459064,0.85,0.75
38053,rest,0.03351452201604843,0.9664855003356934,ExponentialSmoothing,0.5758478764046561,0.4241521328282561,0.85,0.75
38103,rest,0.037580497562885284,0.9624195098876953,ExponentialSmoothing,0.4951077695783904,0.504892239387172,0.85,0.75
38153,rest,0.126320943236351,0.8736791014671326,ExponentialSmoothing,0.4397897456270845,0.5602102686991661,0.85,0.75
38178,rest,0.13282647728919983,0.8671734929084778,ExponentialSmoothing,0.3937452553764018,0.6062547523305629,0.85,0.75
38228,rest,0.04169687256217003,0.9583031535148621,ExponentialSmoothing,0.340937997954267,0.6590620125082078,0.85,0.75
38253,rest,0.1482638567686081,0.8517361283302307,ExponentialSmoothing,0.31203687677641817,0.6879631298815113,0.85,0.75
38278,rest,0.3497546315193176,0.6502453684806824,ExponentialSmoothing,0.31769453998785313,0.6823054656713871,0.85,0.75
38328,rest,0.29831430315971375,0.7016857266426086,ExponentialSmoothing,0.31478750446363224,0.6852125048170703,0.85,0.75
38353,rest,0.3923608064651489,0.6076391935348511,ExponentialSmoothing,0.3264234997638597,0.6735765081247373,0.85,0.75
38403,rest,0.2312011867761612,0.7687987685203552,ExponentialSmoothing,0.31214015281570495,0.68785984718408,0.85,0.75
38428,rest,0.181515634059906,0.818484365940094,ExponentialSmoothing,0.2925464750023351,0.707453524997482,0.85,0.75
38478,rest,0.23763693869113922,0.762363076210022,ExponentialSmoothing,0.2843100445556557,0.715689957679363,0.85,0.75
38503,rest,0.430441677570343,0.569558322429657,ExponentialSmoothing,0.30622978950785884,0.6937702123919072,0.85,0.75
38553,rest,0.7860199809074402,0.2139800637960434,ExponentialSmoothing,0.37819831821779604,0.6218016901025276,0.85,0.75
38578,rest,0.9071672558784485,0.09283280372619629,ExponentialSmoothing,0.4575436588668939,0.5424563571460779,0.85,0.75
38628,rest,0.8651072978973389,0.13489271700382233,ExponentialSmoothing,0.5186782047214606,0.48132181112473954,0.85,0.75
38653,rest,0.8895007967948914,0.11049919575452805,ExponentialSmoothing,0.5743015935324752,0.4256984188192078,0.85,0.75
38703,rest,0.966045618057251,0.03395439684391022,ExponentialSmoothing,0.6330631972111915,0.36693681552291313,0.85,0.75
38753,rest,0.9937828183174133,0.0062172613106667995,ExponentialSmoothing,0.6871711403771248,0.31282888239107615,0.85,0.75
38778,rest,0.9952581524848938,0.00474182516336441,ExponentialSmoothing,0.7333841921932901,0.26661582380691934,0.85,0.75
38828,left_hand,0.9978812336921692,0.002118796342983842,ExponentialSmoothing,0.7730587484181219,0.226941269687329,0.85,0.75
38853,left_hand,0.9975956082344055,0.0024043703451752663,ExponentialSmoothing,0.8067392773905645,0.19326073478600592,0.85,0.75
38878,left_hand,0.9963017702102661,0.003698222106322646,ExponentialSmoothing,0.8351736513135197,0.16482635788405342,0.85,0.75
38928,left_hand,0.9959719777107239,0.004028006922453642,ExponentialSmoothing,0.8592934002731004,0.14070660523981346,0.85,0.75
38953,left_hand,0.9966397285461426,0.003360295668244362,ExponentialSmoothing,0.8798953495140567,0.12010465880407808,0.85,0.75
39003,left_hand,0.9973040819168091,0.0026958517264574766,ExponentialSmoothing,0.8975066593744695,0.10249333774243499,0.85,0.75
39028,left_hand,0.9975395202636719,0.002460460178554058,ExponentialSmoothing,0.9125115885078499,0.08748840610785284,0.85,0.75
39078,left_hand,0.9976776242256165,0.0023223822936415672,ExponentialSmoothing,0.9252864938655148,0.07471350253572115,0.85,0.75
39103,left_hand,0.9975093603134155,0.002490678569301963,ExponentialSmoothing,0.9361199238326998,0.06388007894075827,0.85,0.75
39153,left_hand,0.9986832737922668,0.0013166624121367931,ExponentialSmoothing,0.9455044263266349,0.05449556646146505,0.85,0.75
39178,left_hand,0.9990684390068054,0.0009315907373093069,ExponentialSmoothing,0.9535390282286605,0.046460970102841684,0.85,0.75
39228,left_hand,0.9992325305938721,0.0007675038068555295,ExponentialSmoothing,0.9603930535834423,0.03960695015844376,0.85,0.75
39278,left_hand,0.9996007084846497,0.0003992541751358658,ExponentialSmoothing,0.9662742018186234,0.03372579576094757,0.85,0.75
39303,left_hand,0.9996488094329834,0.0003511978138703853,ExponentialSmoothing,0.9712803929607774,0.028719606068885992,0.85,0.75
39353,left_hand,0.999754011631012,0.0002460427931509912,ExponentialSmoothing,0.9755514357613126,0.02444857157752574,0.85,0.75
39378,left_hand,0.9997509121894836,0.00024904057499952614,ExponentialSmoothing,0.9791813572255383,0.02081864192714681,0.85,0.75
39428,left_hand,0.9998012185096741,0.00019879134197253734,ExponentialSmoothing,0.9822743364181588,0.01772566433937067,0.85,0.75
39453,left_hand,0.9997864365577698,0.00021360140817705542,ExponentialSmoothing,0.9849011514391004,0.015098854899691625,0.85,0.75
39503,left_hand,0.9997065663337708,0.0002934352378360927,ExponentialSmoothing,0.9871219636733009,0.012878041950413295,0.85,0.75
39528,left_hand,0.9995700716972351,0.0004299763240851462,ExponentialSmoothing,0.9889891798768911,0.011010832106464074,0.85,0.75
39553,left_hand,0.9994757771492004,0.0005242724437266588,ExponentialSmoothing,0.9905621694677375,0.009437848157053463,0.85,0.75
39603,left_hand,0.9996364116668701,0.00036357948556542397,ExponentialSmoothing,0.9919233057976073,0.008076707856330256,0.85,0.75
39628,left_hand,0.9993929862976074,0.0006069936789572239,ExponentialSmoothing,0.9930437578726073,0.006956250729724301,0.85,0.75
39678,left_hand,0.9981800317764282,0.001819975208491087,ExponentialSmoothing,0.9938141989581805,0.006185809401539319,0.85,0.75
39703,left_hand,0.9949315190315247,0.005068438593298197,ExponentialSmoothing,0.9939817969691821,0.00601820378030315,0.85,0.75
39753,left_hand,0.9817556142807007,0.01824440248310566,ExponentialSmoothing,0.9921478695659098,0.007852133585723528,0.85,0.75
39803,left_hand,0.9785163402557373,0.02148372493684292,ExponentialSmoothing,0.9901031401693839,0.009896872288391437,0.85,0.75
39853,left_hand,0.9580507278442383,0.04194920137524605,ExponentialSmoothing,0.9852952783206121,0.014704721651419629,0.85,0.75
39878,left_hand,0.8516589999198914,0.14834098517894745,ExponentialSmoothing,0.965249836560504,0.03475016118054881,0.85,0.75
39903,left_hand,0.7385362982749939,0.2614637017250061,ExponentialSmoothing,0.9312428058176774,0.06875719226221741,0.85,0.75
39953,left_hand,0.428867369890213,0.5711326599121094,ExponentialSmoothing,0.8558864904285577,0.14411351240970122,0.85,0.75
39978,left_hand,0.301369309425354,0.698630690574646,ExponentialSmoothing,0.7727089132780771,0.22729108913444296,0.85,0.75
40028,rest,0.046830907464027405,0.9531691074371338,ExponentialSmoothing,0.6638272124059696,0.3361727918798466,0.85,0.75
40053,rest,0.019575268030166626,0.980424702167511,ExponentialSmoothing,0.5671894207495992,0.4328105784229963,0.85,0.75
40128,rest,0.001114963903091848,0.9988850951194763,ExponentialSmoothing,0.4822782522226231,0.5177217559274683,0.85,0.75
40178,rest,0.0005003747064620256,0.9994995594024658,ExponentialSmoothing,0.41001157059519894,0.589988426448718,0.85,0.75
40228,rest,0.00033422218984924257,0.9996657371520996,ExponentialSmoothing,0.34855996833439645,0.6514400230542252,0.85,0.75
40253,rest,0.00019053809228353202,0.9998094439506531,ExponentialSmoothing,0.2963045537980795,0.7036954361886893,0.85,0.75
40303,rest,0.00010098230995936319,0.9998990297317505,ExponentialSmoothing,0.2518740180748615,0.7481259752201486,0.85,0.75
40328,right_hand,6.620677595492452e-05,0.9999338388442993,ExponentialSmoothing,0.2141028463800255,0.7858971547637712,0.85,0.75
40353,right_hand,5.8402991271577775e-05,0.9999415874481201,ExponentialSmoothing,0.1819961798717124,0.8180038196664235,0.85,0.75
40403,right_hand,6.022502566338517e-05,0.9999397993087769,ExponentialSmoothing,0.15470578664480505,0.8452942166127766,0.85,0.75
40428,right_hand,7.263568841153756e-05,0.9999274015426636,ExponentialSmoothing,0.13151081400134604,0.8684891943522597,0.85,0.75
40478,right_hand,4.603634079103358e-05,0.9999539852142334,ExponentialSmoothing,0.11179109735226278,0.8882089129815558,0.85,0.75
40528,right_hand,4.842053022002801e-05,0.9999516010284424,ExponentialSmoothing,0.09502969582895636,0.9049703161885887,0.85,0.75
40553,right_hand,7.217864913400263e-05,0.9999277591705322,ExponentialSmoothing,0.080786068251983,0.9192139326358801,0.85,0.75
40603,right_hand,0.00019068240362685174,0.9998093247413635,ExponentialSmoothing,0.06869676037472958,0.9313032414517026,0.85,0.75
40628,right_hand,0.00022575876209884882,0.9997742772102356,ExponentialSmoothing,0.05842611013283496,0.9415738968154825,0.85,0.75
40678,right_hand,0.0002582008019089699,0.9997417330741882,ExponentialSmoothing,0.04970092373319606,0.9502990722542883,0.85,0.75
40703,right_hand,0.0002788810234051198,0.999721109867096,ExponentialSmoothing,0.042287617326727416,0.9577123778962096,0.85,0.75
40753,right_hand,0.0004839046741835773,0.9995161294937134,ExponentialSmoothing,0.03601706042884584,0.9639829406358351,0.85,0.75
40803,right_hand,0.0017481442773714662,0.9982518553733826,ExponentialSmoothing,0.030876723006124682,0.9691232778464672,0.85,0.75
40828,right_hand,0.001662776805460453,0.9983371496200562,ExponentialSmoothing,0.026494631076025045,0.9735053586125055,0.85,0.75
40878,right_hand,0.001356177031993866,0.9986438155174255,ExponentialSmoothing,0.022723862969420368,0.9772761271482435,0.85,0.75
40903,right_hand,0.002281795721501112,0.9977182149887085,ExponentialSmoothing,0.01965755288223248,0.9803424403243133,0.85,0.75
40928,right_hand,0.0026063553523272276,0.9973936080932617,ExponentialSmoothing,0.017099873252746693,0.9829001154896555,0.85,0.75
40978,right_hand,0.0052163805812597275,0.9947835803031921,ExponentialSmoothing,0.015317349352023649,0.984682635211686,0.85,0.75
41003,right_hand,0.005323391407728195,0.9946765899658203,ExponentialSmoothing,0.013818255660379329,0.9861817284248062,0.85,0.75
41053,right_hand,0.018090832978487015,0.9819091558456421,ExponentialSmoothing,0.014459142258095484,0.9855408425379316,0.85,0.75
41078,right_hand,0.031144071370363235,0.9688558578491211,ExponentialSmoothing,0.016961881624935646,0.98303809483461,0.85,0.75
41153,right_hand,0.2227361649274826,0.7772638201713562,ExponentialSmoothing,0.0478280241203177,0.9521719536351219,0.85,0.75
41178,right_hand,0.25348615646362305,0.7465139031410217,ExponentialSmoothing,0.0786767439718135,0.9213232460610068,0.85,0.75
41203,right_hand,0.5289740562438965,0.47102591395378113,ExponentialSmoothing,0.14622134081262594,0.853778646244923,0.85,0.75
41253,right_hand,0.5652311444282532,0.4347688853740692,ExponentialSmoothing,0.20907281135497002,0.7909271821142948,0.85,0.75
41278,rest,0.8278521299362183,0.17214789986610413,ExponentialSmoothing,0.3018897091421573,0.6981102897770661,0.85,0.75
41303,rest,0.8482621908187866,0.15173782408237457,ExponentialSmoothing,0.3838455813936517,0.6161544199228625,0.85,0.75
41353,rest,0.9374971389770508,0.06250284612178802,ExponentialSmoothing,0.4668933150311616,0.5331066838527013,0.85,0.75
41403,rest,0.951073408126831,0.04892655834555626,ExponentialSmoothing,0.539520328995512,0.46047966502662957,0.85,0.75
41428,rest,0.9693220257759094,0.030677970498800278,ExponentialSmoothing,0.6039905835125716,0.39600941084745517,0.85,0.75
41453,rest,0.9195931553840637,0.08040685206651688,ExponentialSmoothing,0.6513309692932954,0.34866902703031444,0.85,0.75
41503,rest,0.47545763850212097,0.5245423913002014,ExponentialSmoothing,0.6249499696746192,0.3750500316707975,0.85,0.75
41553,rest,0.0967586413025856,0.9032413363456726,ExponentialSmoothing,0.5457212704188141,0.4542787273720288,0.85,0.75
41578,rest,0.40380024909973145,0.5961997509002686,ExponentialSmoothing,0.5244331172209518,0.47556688090126475,0.85,0.75
41628,rest,0.441642165184021,0.558357834815979,ExponentialSmoothing,0.5120144744154121,0.4879855239884719,0.85,0.75
41653,rest,0.6250013709068298,0.3749985992908478,ExponentialSmoothing,0.5289625088891248,0.47103748528382827,0.85,0.75
41703,rest,0.12665727734565735,0.873342752456665,ExponentialSmoothing,0.46861672415760464,0.5313832753597538,0.85,0.75
41728,rest,0.3700625002384186,0.629937469959259,ExponentialSmoothing,0.4538335905697267,0.5461664045496796,0.85,0.75
41778,rest,0.554847240447998,0.4451526999473572,ExponentialSmoothing,0.4689856380514674,0.5310143488593312,0.85,0.75
41803,rest,0.8357589840888977,0.1642410010099411,ExponentialSmoothing,0.5240016399570819,0.47599834668192265,0.85,0.75
41828,rest,0.7300933003425598,0.2699066698551178,ExponentialSmoothing,0.5549153890149037,0.4450845951579019,0.85,0.75
41878,rest,0.8367106914520264,0.16328932344913483,ExponentialSmoothing,0.597184684380472,0.4028153044015868,0.85,0.75
41903,rest,0.7083734273910522,0.291626513004303,ExponentialSmoothing,0.613862995832059,0.38613698569199423,0.85,0.75
41953,rest,0.7834961414337158,0.21650390326976776,ExponentialSmoothing,0.6393079676723076,0.36069202332866024,0.85,0.75
41978,rest,0.9325075745582581,0.06749238073825836,ExponentialSmoothing,0.6832879087052002,0.31671207694009995,0.85,0.75
42003,rest,0.9631233811378479,0.03687668964266777,ExponentialSmoothing,0.7252632295700974,0.27473676884548515,0.85,0.75
42053,left_hand,0.9973003268241882,0.002699734177440405,ExponentialSmoothing,0.7660687941582109,0.23393121364527844,0.85,0.75
42078,left_hand,0.9982092380523682,0.0017907882574945688,ExponentialSmoothing,0.8008898607423346,0.19911014983711084,0.85,0.75
42103,left_hand,0.9985744953155518,0.0014254995621740818,ExponentialSmoothing,0.8305425559283172,0.16945745229587034,0.85,0.75
42153,left_hand,0.998330295085907,0.0016696944367140532,ExponentialSmoothing,0.8557107168019555,0.1442892886169969,0.85,0.75
42203,left_hand,0.9982917904853821,0.0017082454869523644,ExponentialSmoothing,0.8770978778544696,0.12290213214749023,0.85,0.75
42228,left_hand,0.9975847005844116,0.0024153157137334347,ExponentialSmoothing,0.8951709012639608,0.1048291096824267,0.85,0.75
42253,left_hand,0.9977922439575195,0.0022077015601098537,ExponentialSmoothing,0.9105641026679946,0.08943589846407916,0.85,0.75
42303,left_hand,0.9968308806419373,0.0031690970063209534,ExponentialSmoothing,0.923504119364086,0.07649587824541543,0.85,0.75
42353,left_hand,0.995353102684021,0.004646881017833948,ExponentialSmoothing,0.9342814668620762,0.06571852866127821,0.85,0.75
42403,left_hand,0.9970132112503052,0.0029867724515497684,ExponentialSmoothing,0.9436912285203106,0.056308765229818945,0.85,0.75
42453,left_hand,0.9983991980552673,0.0016007645754143596,ExponentialSmoothing,0.9518974239505542,0.048102565131658254,0.85,0.75
42478,left_hand,0.9986452460289001,0.0013548177666962147,ExponentialSmoothing,0.9589095972623062,0.04109040302691394,0.85,0.75
42528,left_hand,0.9969797134399414,0.003020352218300104,ExponentialSmoothing,0.9646201146889515,0.035379895405621864,0.85,0.75
42553,left_hand,0.9969973564147949,0.003002673853188753,ExponentialSmoothing,0.969476700947828,0.0305233121727569,0.85,0.75
42603,left_hand,0.9984349608421326,0.0015650555724278092,ExponentialSmoothing,0.9738204399319736,0.026179573682707534,0.85,0.75
42628,left_hand,0.9991826415061951,0.0008173177484422922,ExponentialSmoothing,0.9776247701681069,0.022375235292567748,0.85,0.75
42653,left_hand,0.9994454979896545,0.0005544878076761961,ExponentialSmoothing,0.980897879341339,0.019102123169834014,0.85,0.75
42703,left_hand,0.9997404217720032,0.0002595197584014386,ExponentialSmoothing,0.9837242607059387,0.016275732658119126,0.85,0.75
42728,left_hand,0.9998032450675964,0.00019681479898281395,ExponentialSmoothing,0.9861361083601873,0.013863894979248679,0.85,0.75
42753,left_hand,0.9998219609260559,0.00017801208014134318,ExponentialSmoothing,0.9881889862450677,0.011811012544382576,0.85,0.75
42803,left_hand,0.9998379945755005,0.0001619566755834967,ExponentialSmoothing,0.9899363374946326,0.010063654164062715,0.85,0.75
42828,left_hand,0.9997790455818176,0.0002209989761468023,ExponentialSmoothing,0.9914127437077105,0.008587255885875328,0.85,0.75
42878,left_hand,0.9993718266487122,0.0006282023969106376,ExponentialSmoothing,0.9926066061488608,0.0073933978625306245,0.85,0.75
42903,left_hand,0.9986984729766846,0.0013015101430937648,ExponentialSmoothing,0.9935203861730343,0.006479614704615095,0.85,0.75
42928,left_hand,0.9982535243034363,0.0017464343691244721,ExponentialSmoothing,0.9942303568925945,0.005769637654291501,0.85,0.75
42978,left_hand,0.9959916472434998,0.0040083397179841995,ExponentialSmoothing,0.9944945504452304,0.0055054429638454055,0.85,0.75
43003,left_hand,0.9958678483963013,0.00413220189511776,ExponentialSmoothing,0.994700545137891,0.0052994568035362585,0.85,0.75
43053,left_hand,0.9939391613006592,0.006060865242034197,ExponentialSmoothing,0.9945863375623062,0.005413668069310949,0.85,0.75
43078,left_hand,0.9940235018730164,0.005976527463644743,ExponentialSmoothing,0.9945019122089127,0.005498096978461018,0.85,0.75
43128,left_hand,0.9782899022102356,0.021710114553570747,ExponentialSmoothing,0.9920701107091111,0.007929899614727478,0.85,0.75
43178,left_hand,0.615420401096344,0.3845795691013336,ExponentialSmoothing,0.935572654267196,0.0644273500377184,0.85,0.75
43203,left_hand,0.27949026226997375,0.7205097079277039,ExponentialSmoothing,0.8371602954676127,0.16283970372121626,0.85,0.75
43253,rest,0.12827901542186737,0.8717210292816162,ExponentialSmoothing,0.7308281034607509,0.26917190255527623,0.85,0.75
43278,rest,0.1255662888288498,0.874433696269989,ExponentialSmoothing,0.6400388312659657,0.35996117161248314,0.85,0.75
43328,rest,0.061406299471855164,0.9385936856269836,ExponentialSmoothing,0.5532439514968491,0.44675604871465824,0.85,0.75
43353,rest,0.038368094712495804,0.9616318345069885,ExponentialSmoothing,0.4760125729791961,0.5239874165835078,0.85,0.75
43403,rest,0.016003739088773727,0.9839962124824524,ExponentialSmoothing,0.40701124789563276,0.5929887359683494,0.85,0.75
43428,rest,0.013407714664936066,0.9865922331809998,ExponentialSmoothing,0.34797071791102824,0.652029260550247,0.85,0.75
43453,rest,0.011754811741411686,0.9882452487945557,ExponentialSmoothing,0.2975383319855857,0.7024616587868933,0.85,0.75
43503,rest,0.0020405633840709925,0.9979594945907593,ExponentialSmoothing,0.2532136666953585,0.7467863341574732,0.85,0.75
43528,right_hand,0.0014168282505124807,0.998583197593689,ExponentialSmoothing,0.2154441409286316,0.7845558636729055,0.85,0.75
43578,right_hand,0.0007286317413672805,0.9992713332176208,ExponentialSmoothing,0.18323681455054194,0.8167631841046128,0.85,0.75
43628,right_hand,0.0006630113930441439,0.9993370175361633,ExponentialSmoothing,0.15585074407691726,0.8441492591193454,0.85,0.75
43653,right_hand,0.0005057206726633012,0.9994943141937256,ExponentialSmoothing,0.13254899056627917,0.8674510173805025,0.85,0.75
43678,right_hand,0.0005901605472899973,0.9994097948074341,ExponentialSmoothing,0.11275516606343079,0.8872448339945422,0.85,0.75
43703,right_hand,0.0005499512772075832,0.9994500279426575,ExponentialSmoothing,0.09592438384549731,0.9040756130867595,0.85,0.75
43753,right_hand,0.0004933415912091732,0.9995067119598389,ExponentialSmoothing,0.08160972750735408,0.9183902779177214,0.85,0.75
43803,right_hand,0.000746071629691869,0.9992539286613464,ExponentialSmoothing,0.06948017912570476,0.9305198255292653,0.85,0.75
43828,right_hand,0.0009037062991410494,0.9990962743759155,ExponentialSmoothing,0.059193708201720194,0.9408062928562628,0.85,0.75
43878,right_hand,0.0008438635850325227,0.99915611743927,ExponentialSmoothing,0.05044123150921704,0.949558766543714,0.85,0.75
43928,right_hand,0.0011209031799808145,0.9988791346549988,ExponentialSmoothing,0.04304318225983161,0.9569568217604066,0.85,0.75
43978,right_hand,0.0015736852074041963,0.9984263181686401,ExponentialSmoothing,0.036822757701967496,0.9631772462216417,0.85,0.75
44003,right_hand,0.001975428080186248,0.998024582862854,ExponentialSmoothing,0.0315956582587003,0.9684043467178236,0.85,0.75
44053,right_hand,0.0031469722744077444,0.9968530535697937,ExponentialSmoothing,0.02732835536105642,0.9726716527456192,0.85,0.75
44078,right_hand,0.009392226114869118,0.990607738494873,ExponentialSmoothing,0.024637935974128323,0.9753620656080072,0.85,0.75
44128,right_hand,0.026912370696663857,0.9730876088142395,ExponentialSmoothing,0.02497910118250865,0.975020897088942,0.85,0.75
44153,right_hand,0.06389005482196808,0.9361100196838379,ExponentialSmoothing,0.030815744228427564,0.9691842654781764,0.85,0.75
44203,right_hand,0.04560163989663124,0.9543983340263367,ExponentialSmoothing,0.03303362857865812,0.9669663757604005,0.85,0.75
44228,right_hand,0.43608731031417847,0.5639126896858215,ExponentialSmoothing,0.09349168083898618,0.9065083228492136,0.85,0.75
44253,right_hand,0.6991232633590698,0.3008767068386078,ExponentialSmoothing,0.18433641821699875,0.8156635804476227,0.85,0.75
44303,rest,0.9138481616973877,0.0861518383026123,ExponentialSmoothing,0.2937631797390571,0.706236819125871,0.85,0.75
44328,rest,0.9075802564620972,0.09241975098848343,ExponentialSmoothing,0.3858357412475131,0.6141642589052628,0.85,0.75
44378,rest,0.9787620306015015,0.02123803272843361,ExponentialSmoothing,0.47477468465061134,0.5252253249787384,0.85,0.75
44428,rest,0.9895393252372742,0.01046060211956501,ExponentialSmoothing,0.5519893807386108,0.44801061654986235,0.85,0.75
44453,rest,0.9949030876159668,0.005096918437629938,ExponentialSmoothing,0.6184264367702142,0.3815735618330275,0.85,0.75
44503,rest,0.9946197271347046,0.005380199756473303,ExponentialSmoothing,0.6748554303248878,0.32514455752154436,0.85,0.75
44528,rest,0.9949719905853271,0.005027984734624624,ExponentialSmoothing,0.7228729143639537,0.2771270716035064,0.85,0.75
44578,left_hand,0.9852884411811829,0.014711498282849789,ExponentialSmoothing,0.7622352433865381,0.23776473560540792,0.85,0.75
44628,left_hand,0.987586498260498,0.012413457036018372,ExponentialSmoothing,0.7960379316176321,0.20396204381999947,0.85,0.75
44653,left_hand,0.9924473762512207,0.007552625145763159,ExponentialSmoothing,0.8254993483126705,0.17450063101886404,0.85,0.75
44703,left_hand,0.9978406429290771,0.002159372204914689,ExponentialSmoothing,0.8513505425051315,0.14864944219677165,0.85,0.75
44753,left_hand,0.9985055923461914,0.0014944388531148434,ExponentialSmoothing,0.8734237999812906,0.1265761916952231,0.85,0.75
44778,left_hand,0.9988712668418884,0.0011286932276561856,ExponentialSmoothing,0.8922409200103802,0.10775906692508806,0.85,0.75
44828,left_hand,0.9986529350280762,0.001347025390714407,ExponentialSmoothing,0.9082027222630347,0.091797260694932,0.85,0.75
44853,left_hand,0.9980757236480713,0.0019242127891629934,ExponentialSmoothing,0.9216836724707902,0.07831630350906665,0.85,0.75
44878,left_hand,0.994085431098938,0.005914493463933468,ExponentialSmoothing,0.9325439362650124,0.06745603200229666,0.85,0.75
44903,left_hand,0.9923460483551025,0.007653899025171995,ExponentialSmoothing,0.9415142530785259,0.05848571205572796,0.85,0.75
44953,left_hand,0.986173152923584,0.013826864771544933,ExponentialSmoothing,0.9482130880552846,0.05178688496310051,0.85,0.75
44978,left_hand,0.976798415184021,0.0232015922665596,ExponentialSmoothing,0.952500887124595,0.047499091058619373,0.85,0.75
45028,left_hand,0.9823470115661621,0.01765294559299946,ExponentialSmoothing,0.95697780579083,0.04302216923877639,0.85,0.75
45078,left_hand,0.9790260195732117,0.0209740549325943,ExponentialSmoothing,0.9602850378581873,0.03971495209284907,0.85,0.75
45103,left_hand,0.9132952690124512,0.08670476824045181,ExponentialSmoothing,0.9532365725313269,0.04676342451498948,0.85,0.75
45153,left_hand,0.49181556701660156,0.5081844329833984,ExponentialSmoothing,0.8840234217041181,0.11597657578525083,0.85,0.75
45178,left_hand,0.1536107212305069,0.8463892340660095,ExponentialSmoothing,0.7744615166330764,0.22553847452736467,0.85,0.75
45203,rest,0.1058204174041748,0.8941795825958252,ExponentialSmoothing,0.6741653517487411,0.3258346407376338,0.85,0.75
45253,rest,0.03979860991239548,0.9602013230323792,ExponentialSmoothing,0.5790103404732893,0.4209896430818456,0.85,0.75
45278,rest,0.04498171806335449,0.9550182223320007,ExponentialSmoothing,0.49890604711179903,0.5010939299693689,0.85,0.75
45328,rest,0.006701294798403978,0.9932987093925476,ExponentialSmoothing,0.4250753342647898,0.5749246468828457,0.85,0.75
45378,rest,0.007338653318583965,0.9926613569259644,ExponentialSmoothing,0.3624148321228589,0.6375851533893135,0.85,0.75
45428,rest,0.0029676612466573715,0.9970322847366333,ExponentialSmoothing,0.3084977564914287,0.6915022230914115,0.85,0.75
45478,rest,0.0020604331512004137,0.9979395270347595,ExponentialSmoothing,0.2625321579903945,0.7374678186829138,0.85,0.75
45503,right_hand,0.0016533652087673545,0.9983466863632202,ExponentialSmoothing,0.22340033907315038,0.7765996488349598,0.85,0.75
45553,right_hand,0.002352464245632291,0.9976475834846497,ExponentialSmoothing,0.19024315784902265,0.8097568390324132,0.85,0.75
45578,right_hand,0.001723910914734006,0.9982761144638062,ExponentialSmoothing,0.16196527080887935,0.8380347303471223,0.85,0.75
45603,right_hand,0.002151109743863344,0.9978488683700562,ExponentialSmoothing,0.13799314664912693,0.8620068510505624,0.85,0.75
45653,right_hand,0.002171618165448308,0.9978284239768982,ExponentialSmoothing,0.11761991737657514,0.8823800869895129,0.85,0.75
45678,right_hand,0.0058983671478927135,0.9941015839576721,ExponentialSmoothing,0.10086168484227277,0.8991383115347368,0.85,0.75
45728,right_hand,0.003477477002888918,0.9965225458145142,ExponentialSmoothing,0.0862540536663652,0.9137459466767035,0.85,0.75
45753,right_hand,0.005557430442422628,0.9944425225257874,ExponentialSmoothing,0.07414956018277381,0.9258504330540661,0.85,0.75
45778,right_hand,0.009354475885629654,0.9906455278396606,ExponentialSmoothing,0.06443029753820219,0.9355696972719052,0.85,0.75
45828,right_hand,0.0786345899105072,0.9213653802871704,ExponentialSmoothing,0.06656094139404793,0.933439049724195,0.85,0.75
45853,right_hand,0.2566237151622772,0.7433762550354004,ExponentialSmoothing,0.09507035745928233,0.9049296305208757,0.85,0.75
45903,right_hand,0.8778659701347351,0.12213403731584549,ExponentialSmoothing,0.21248969936060025,0.7875102915401212,0.85,0.75
45928,rest,0.9631634950637817,0.036836523562669754,ExponentialSmoothing,0.32509076871607745,0.6749092263435035,0.85,0.75
45978,rest,0.9871382713317871,0.012861712835729122,ExponentialSmoothing,0.42439789410843387,0.5756020993173373,0.85,0.75
46028,rest,0.9942570328712463,0.005743018351495266,ExponentialSmoothing,0.5098767649228557,0.490123237172461,0.85,0.75
46078,rest,0.9973301887512207,0.0026697686407715082,ExponentialSmoothing,0.5829947784971106,0.41700521689270753,0.85,0.75
46103,rest,0.9982709884643555,0.001728938426822424,ExponentialSmoothing,0.6452862099921973,0.35471377512282476,0.85,0.75
46153,rest,0.9995325803756714,0.0004674969532061368,ExponentialSmoothing,0.6984231655497184,0.301576833397382,0.85,0.75
46203,rest,0.999821126461029,0.00017894315533339977,ExponentialSmoothing,0.743632859686415,0.25636714986107473,0.85,0.75
46228,left_hand,0.9998674392700195,0.00013256048259790987,ExponentialSmoothing,0.7820680466239557,0.21793196145430319,0.85,0.75
46278,left_hand,0.9998794794082642,0.00012048523058183491,ExponentialSmoothing,0.8147397615416019,0.18526024002074495,0.85,0.75
46303,left_hand,0.9998501539230347,0.00014977468526922166,ExponentialSmoothing,0.8425063203988168,0.1574936702204236,0.85,0.75
46353,left_hand,0.9998447895050049,0.0001552377943880856,ExponentialSmoothing,0.866107090764745,0.13389290535651827,0.85,0.75
46378,left_hand,0.9995689988136292,0.0004309416108299047,ExponentialSmoothing,0.8861263769720776,0.11387361079466501,0.85,0.75
46428,left_hand,0.9987257122993469,0.0012743021361529827,ExponentialSmoothing,0.9030162772711681,0.0969837144958882,0.85,0.75
46478,left_hand,0.998860239982605,0.001139799365773797,ExponentialSmoothing,0.9173928716778836,0.08260712722637104,0.85,0.75
46503,left_hand,0.9982380867004395,0.0017619527643546462,ExponentialSmoothing,0.929519653931267,0.07048035105706858,0.85,0.75
46553,left_hand,0.9902713894844055,0.009728530421853065,ExponentialSmoothing,0.9386324142642378,0.061367577961786254,0.85,0.75
46578,left_hand,0.9761542677879333,0.023845702409744263,ExponentialSmoothing,0.9442606922927922,0.05573929662897996,0.85,0.75
46603,left_hand,0.960540235042572,0.03945974260568619,ExponentialSmoothing,0.9467026237052591,0.05329736352548589,0.85,0.75
46678,left_hand,0.9963399171829224,0.0036601037718355656,ExponentialSmoothing,0.9541482177269086,0.045851774562438344,0.85,0.75
46703,left_hand,0.9971019625663757,0.0028980234637856483,ExponentialSmoothing,0.9605912794528286,0.03940871189764044,0.85,0.75
46728,left_hand,0.9970456957817078,0.002954330062493682,ExponentialSmoothing,0.9660594419021605,0.033940554622368425,0.85,0.75
46778,left_hand,0.9963566064834595,0.0036434484645724297,ExponentialSmoothing,0.9706040165893554,0.029395988698699024,0.85,0.75
46828,left_hand,0.9871330261230469,0.01286695059388876,ExponentialSmoothing,0.9730833680194091,0.026916632982977483,0.85,0.75
46878,left_hand,0.9505894780158997,0.04941051825881004,ExponentialSmoothing,0.9697092845188826,0.030290715774352366,0.85,0.75
46953,left_hand,0.9505171179771423,0.04948292300105095,ExponentialSmoothing,0.9668304595376216,0.03316954685835716,0.85,0.75
46978,left_hand,0.9712734222412109,0.028726520016789436,ExponentialSmoothing,0.96749690394316,0.032503092832122,0.85,0.75
47028,left_hand,0.9755735993385315,0.024426454678177834,ExponentialSmoothing,0.9687084082524657,0.03129159710903037,0.85,0.75
47053,left_hand,0.9849896430969238,0.01501032616943121,ExponentialSmoothing,0.9711505934791345,0.028849406468090498,0.85,0.75
47078,left_hand,0.9813801646232605,0.018619779497385025,ExponentialSmoothing,0.9726850291507534,0.027314962422484677,0.85,0.75
47128,left_hand,0.9138467907905579,0.08615323901176453,ExponentialSmoothing,0.963859293396724,0.036140703910876655,0.85,0.75
47153,left_hand,0.8532099723815918,0.1467900425195694,ExponentialSmoothing,0.9472618952444543,0.05273810470218057,0.85,0.75
47203,left_hand,0.7857850193977356,0.2142149657011032,ExponentialSmoothing,0.9230403638674465,0.07695963385201897,0.85,0.75
47228,left_hand,0.8306025266647339,0.16939745843410492,ExponentialSmoothing,0.9091746882870396,0.09082530753933186,0.85,0.75
47278,left_hand,0.9853416085243225,0.01465839147567749,ExponentialSmoothing,0.920599726322632,0.0794002701297837,0.85,0.75
47328,left_hand,0.9964537620544434,0.0035462791565805674,ExponentialSmoothing,0.9319778316824037,0.06802217148380323,0.85,0.75
47353,left_hand,0.9950965046882629,0.004903427325189114,ExponentialSmoothing,0.9414456326332825,0.058554359860011104,0.85,0.75
47403,left_hand,0.9961513876914978,0.0038485333789139986,ExponentialSmoothing,0.9496514958920148,0.05034848588784654,0.85,0.75
47428,left_hand,0.9977832436561584,0.0022168171126395464,ExponentialSmoothing,0.9568712580566363,0.04312873557156549,0.85,0.75
47478,left_hand,0.9988682270050049,0.001131810829974711,ExponentialSmoothing,0.9631708033988915,0.03682919686032687,0.85,0.75
47528,left_hand,0.9991798996925354,0.0008200661395676434,ExponentialSmoothing,0.9685721678429381,0.031427827252212985,0.85,0.75
47578,left_hand,0.9991957545280457,0.0008042369154281914,ExponentialSmoothing,0.9731657058457042,0.026834288701695266,0.85,0.75
47603,left_hand,0.9993165731430054,0.0006834440864622593,ExponentialSmoothing,0.9770883359402993,0.022911662009410316,0.85,0.75
47653,left_hand,0.9992513060569763,0.0007487180409952998,ExponentialSmoothing,0.9804127814578009,0.019587220414148062,0.85,0.75
47703,left_hand,0.9993042945861816,0.0006956470315344632,ExponentialSmoothing,0.9832465084270581,0.01675348440675602,0.85,0.75
47728,left_hand,0.9993653893470764,0.0006346214795485139,ExponentialSmoothing,0.9856643405650609,0.014335654967674893,0.85,0.75
47753,left_hand,0.9995113611221313,0.0004886735114268959,ExponentialSmoothing,0.9877413936486215,0.012258607749237694,0.85,0.75
47803,left_hand,0.9995075464248657,0.0004924817476421595,ExponentialSmoothing,0.9895063165650582,0.010493688848998364,0.85,0.75
47828,left_hand,0.9994781613349915,0.0005218132282607257,ExponentialSmoothing,0.9910020932805481,0.008997907505887717,0.85,0.75
47853,left_hand,0.9992271661758423,0.0007727815536782146,ExponentialSmoothing,0.9922358542148422,0.007764138613056292,0.85,0.75
47903,left_hand,0.9988970756530762,0.0011029531015083194,ExponentialSmoothing,0.9932350374305773,0.006764960786324096,0.85,0.75
47953,left_hand,0.9985162615776062,0.001483688480220735,ExponentialSmoothing,0.9940272210526315,0.0059727699404085914,0.85,0.75
47978,left_hand,0.9984143972396851,0.0015856074169278145,ExponentialSmoothing,0.9946852974806897,0.005314695561886475,0.85,0.75
48028,left_hand,0.9980283379554749,0.0019716667011380196,ExponentialSmoothing,0.9951867535519074,0.004813241232774207,0.85,0.75
48078,left_hand,0.9984822869300842,0.0015177101595327258,ExponentialSmoothing,0.995681083558634,0.004318911571787985,0.85,0.75
48103,left_hand,0.9983695149421692,0.0016305464087054133,ExponentialSmoothing,0.9960843482661643,0.003915656797325599,0.85,0.75
48128,left_hand,0.9985047578811646,0.00149527657777071,ExponentialSmoothing,0.9964474097084144,0.0035525997643923654,0.85,0.75
48153,left_hand,0.9986172914505005,0.001382747432217002,ExponentialSmoothing,0.9967728919697274,0.003227121914566061,0.85,0.75
48178,left_hand,0.9981301426887512,0.0018698928179219365,ExponentialSmoothing,0.996976479577581,0.003023537550069442,0.85,0.75
48203,left_hand,0.9982051849365234,0.0017947518499568105,ExponentialSmoothing,0.9971607853814224,0.0028392196950525472,0.85,0.75
48253,left_hand,0.9983862638473511,0.0016136986669152975,ExponentialSmoothing,0.9973446071513117,0.00265539154083196,0.85,0.75
48278,left_hand,0.9978429079055786,0.002157081151381135,ExponentialSmoothing,0.9974193522644518,0.0025806449824143365,0.85,0.75
48303,left_hand,0.9974913597106934,0.002508698496967554,ExponentialSmoothing,0.9974301533813881,0.002569853009597319,0.85,0.75
48353,left_hand,0.997886598110199,0.002113399328663945,ExponentialSmoothing,0.9974986200907097,0.002501384957457313,0.85,0.75
48378,left_hand,0.997967541217804,0.0020324771758168936,ExponentialSmoothing,0.9975689582597739,0.0024310487902112496,0.85,0.75
48428,left_hand,0.9977793097496033,0.002220684662461281,ExponentialSmoothing,0.9976005109832482,0.0023994941710487544,0.85,0.75
48453,left_hand,0.9973164200782776,0.002683629048988223,ExponentialSmoothing,0.9975578973475026,0.0024421144027396745,0.85,0.75
48503,left_hand,0.9943861961364746,0.005613780580461025,ExponentialSmoothing,0.9970821421658483,0.002917864329397877,0.85,0.75
48553,left_hand,0.9939818978309631,0.006018068175762892,ExponentialSmoothing,0.9966171055156157,0.0033828949063526292,0.85,0.75
48578,left_hand,0.9943873286247253,0.005612633191049099,ExponentialSmoothing,0.9962826389819821,0.0037173556490570996,0.85,0.75
48628,left_hand,0.9881362915039062,0.011863727122545242,ExponentialSmoothing,0.9950606868602707,0.0049393113700803215,0.85,0.75
48653,left_hand,0.9853034019470215,0.014696568250656128,ExponentialSmoothing,0.9935970941232832,0.006402899902166692,0.85,0.75
48703,left_hand,0.9878129363059998,0.012187058106064796,ExponentialSmoothing,0.9927294704506907,0.007270523632751408,0.85,0.75
48753,left_hand,0.9925580024719238,0.007442016154527664,ExponentialSmoothing,0.9927037502538757,0.007296247511017847,0.85,0.75
48803,left_hand,0.9945673942565918,0.005432561505585909,ExponentialSmoothing,0.9929832968542831,0.007016694610203056,0.85,0.75
48853,left_hand,0.9948071837425232,0.0051928553730249405,ExponentialSmoothing,0.9932568798875191,0.006743118724626339,0.85,0.75
48878,left_hand,0.9956629872322083,0.004337047692388296,ExponentialSmoothing,0.9936177959892225,0.006382208069790633,0.85,0.75
48928,left_hand,0.9979678988456726,0.002032084157690406,ExponentialSmoothing,0.9942703114176901,0.005729689482975598,0.85,0.75
48978,left_hand,0.9980897307395935,0.0019101948710158467,ExponentialSmoothing,0.9948432243159756,0.005156765291181636,0.85,0.75
49028,left_hand,0.9970507621765137,0.0029492024332284927,ExponentialSmoothing,0.9951743549950564,0.004825630862488664,0.85,0.75
49053,left_hand,0.996966540813446,0.0030334568582475185,ExponentialSmoothing,0.9954431828678147,0.004556804761852492,0.85,0.75
49078,left_hand,0.9967553019523621,0.0032446985132992268,ExponentialSmoothing,0.9956400007304969,0.0043599888245695025,0.85,0.75
49103,left_hand,0.9925289154052734,0.007471058983355761,ExponentialSmoothing,0.9951733379317134,0.004826649348387441,0.85,0.75
49153,left_hand,0.9903392195701599,0.009660731069743633,ExponentialSmoothing,0.9944482201774804,0.00555176160659087,0.85,0.75
49178,left_hand,0.9697939157485962,0.0302061028778553,ExponentialSmoothing,0.9907500745131478,0.009249912797280536,0.85,0.75
49228,left_hand,0.9876909255981445,0.012309149838984013,ExponentialSmoothing,0.9902912021758974,0.009708798353536057,0.85,0.75
49278,left_hand,0.9879142642021179,0.012085722759366035,ExponentialSmoothing,0.9899346614798304,0.010065337014410555,0.85,0.75
49303,left_hand,0.9836946725845337,0.01630532369017601,ExponentialSmoothing,0.9889986631455359,0.011001335015775372,0.85,0.75
49353,left_hand,0.9757822751998901,0.024217726662755013,ExponentialSmoothing,0.987016204953689,0.012983793762822318,0.85,0.75
49378,left_hand,0.9746853709220886,0.025314608588814735,ExponentialSmoothing,0.985166579848949,0.01483341598672118,0.85,0.75
49428,left_hand,0.9665372967720032,0.0334627591073513,ExponentialSmoothing,0.9823721873874071,0.0176278174548157,0.85,0.75
49453,left_hand,0.9693164229393005,0.03068358451128006,ExponentialSmoothing,0.9804138227201911,0.019586182513285352,0.85,0.75
49503,left_hand,0.983799934387207,0.01620006002485752,ExponentialSmoothing,0.9809217394702434,0.019078264140021176,0.85,0.75
49528,left_hand,0.9917702674865723,0.008229712955653667,ExponentialSmoothing,0.9825490186726928,0.01745098146236605,0.85,0.75
49553,left_hand,0.9890643954277039,0.010935678146779537,ExponentialSmoothing,0.9835263251859445,0.016473685965028073,0.85,0.75
49603,left_hand,0.9896522164344788,0.010347769595682621,ExponentialSmoothing,0.9844452088732247,0.015554798509626256,0.85,0.75
49653,left_hand,0.9876319766044617,0.012367996387183666,ExponentialSmoothing,0.9849232240329102,0.015076778191259868,0.85,0.75
49678,left_hand,0.9829525947570801,0.017047444358468056,ExponentialSmoothing,0.9846276296415357,0.015372378116341096,0.85,0.75
49703,left_hand,0.9606605768203735,0.039339497685432434,ExponentialSmoothing,0.9810325717183613,0.018967446051704796,0.85,0.75
49753,left_hand,0.9767833948135376,0.023216629400849342,ExponentialSmoothing,0.9803951951826377,0.01960482355407648,0.85,0.75
49803,left_hand,0.9745352268218994,0.025464830920100212,ExponentialSmoothing,0.9795161999285269,0.020483824658980042,0.85,0.75
49828,left_hand,0.9726017117500305,0.027398284524679184,ExponentialSmoothing,0.9784790267017525,0.021520993638834914,0.85,0.75
49878,left_hand,0.987837553024292,0.012162387371063232,ExponentialSmoothing,0.9798828056501334,0.02011720269866916,0.85,0.75
49928,left_hand,0.9789157509803772,0.021084286272525787,ExponentialSmoothing,0.97973774744967,0.020262265234747653,0.85,0.75
49978,left_hand,0.991569995880127,0.008429979905486107,ExponentialSmoothing,0.9815125847142385,0.018487422435358423,0.85,0.75
50003,left_hand,0.9918926954269409,0.00810735858976841,ExponentialSmoothing,0.983069601321144,0.01693041285851992,0.85,0.75
50028,left_hand,0.9926431775093079,0.007356818299740553,ExponentialSmoothing,0.9845056377493686,0.015494373674703016,0.85,0.75
50103,left_hand,0.8197683095932007,0.18023164570331573,ExponentialSmoothing,0.9597950385259434,0.04020496447899493,0.85,0.75
50128,left_hand,0.6920493245124817,0.3079506754875183,ExponentialSmoothing,0.9196331814239241,0.08036682113027344,0.85,0.75
50178,left_hand,0.3353342115879059,0.6646658182144165,ExponentialSmoothing,0.8319883359485214,0.1680116706928949,0.85,0.75
50203,left_hand,0.4547504484653473,0.5452495217323303,ExponentialSmoothing,0.7754026528260453,0.22459734834881023,0.85,0.75
50253,rest,0.0567304827272892,0.9432694911956787,ExponentialSmoothing,0.6676018273112317,0.3323981697758405,0.85,0.75
50303,rest,0.0497899167239666,0.9502101540565491,ExponentialSmoothing,0.5749300407231419,0.42506996741794684,0.85,0.75
50328,rest,0.029191220179200172,0.970808744430542,ExponentialSmoothing,0.49306921764155065,0.506930783969836,0.85,0.75
50353,rest,0.0332069918513298,0.9667930603027344,ExponentialSmoothing,0.4240898837730175,0.5759101254197708,0.85,0.75
50403,rest,0.006337350234389305,0.9936625957489014,ExponentialSmoothing,0.36142700374222325,0.6385729959691404,0.85,0.75
50453,rest,0.005217261612415314,0.9947827458381653,ExponentialSmoothing,0.30799554242275207,0.6920044584494941,0.85,0.75
50478,rest,0.0070585631765425205,0.9929414987564087,ExponentialSmoothing,0.26285499553582065,0.7371450144955314,0.85,0.75
50528,right_hand,0.014202430844306946,0.9857975840568542,ExponentialSmoothing,0.22555711083209357,0.7744428999297299,0.85,0.75
50553,right_hand,0.014782588928937912,0.9852173924446106,ExponentialSmoothing,0.1939409325466202,0.806059073806962,0.85,0.75
50603,right_hand,0.04106972739100456,0.958930253982544,ExponentialSmoothing,0.17101025177327786,0.8289897508332993,0.85,0.75
50653,right_hand,0.038632407784461975,0.9613676071166992,ExponentialSmoothing,0.15115357517495548,0.8488464292758093,0.85,0.75
50678,right_hand,0.013610396534204483,0.9863895773887634,ExponentialSmoothing,0.13052209837884285,0.8694779014927525,0.85,0.75
50703,right_hand,0.0074101584032177925,0.9925898313522339,ExponentialSmoothing,0.11205530738249908,0.8879446909716748,0.85,0.75
50728,right_hand,0.00568999582901597,0.9943100214004517,ExponentialSmoothing,0.09610051064947661,0.9038994905359914,0.85,0.75
50778,right_hand,0.0013682383578270674,0.9986317753791809,ExponentialSmoothing,0.08189066980572918,0.9181093332624698,0.85,0.75
50828,right_hand,0.0005623833858408034,0.9994376301765442,ExponentialSmoothing,0.06969142684274592,0.930308577799581,0.85,0.75
50853,right_hand,0.00047089066356420517,0.9995291233062744,ExponentialSmoothing,0.05930834641586866,0.940691659625585,0.85,0.75
50903,right_hand,0.0002923793508671224,0.9997076392173767,ExponentialSmoothing,0.050455951356118425,0.9495440565643537,0.85,0.75
50953,right_hand,0.0002910388575401157,0.9997089505195618,ExponentialSmoothing,0.04293121448133168,0.957068790657635,0.85,0.75
51003,right_hand,0.0004003810463473201,0.9995996356010437,ExponentialSmoothing,0.03655158946608403,0.9634484173991462,0.85,0.75
51028,right_hand,0.00040731116314418614,0.9995927214622498,ExponentialSmoothing,0.03112994772064305,0.9688700630086118,0.85,0.75
51078,right_hand,0.0004995891358703375,0.9995003938674927,ExponentialSmoothing,0.026535393932927143,0.973464612637444,0.85,0.75
51103,right_hand,0.000391840236261487,0.9996082186698914,ExponentialSmoothing,0.022613860878427296,0.9773861535423112,0.85,0.75
51153,right_hand,0.0004946228000335395,0.9995054006576538,ExponentialSmoothing,0.01929597516666823,0.9807040406096126,0.85,0.75
51178,right_hand,0.0005341951036825776,0.9994657635688782,ExponentialSmoothing,0.016481708157220384,0.9835182990535025,0.85,0.75
51228,right_hand,0.0005865428247489035,0.9994134902954102,ExponentialSmoothing,0.014097433357349662,0.9859025777397886,0.85,0.75
51253,right_hand,0.0005254292627796531,0.9994745850563049,ExponentialSmoothing,0.01206163274316416,0.9879383788372661,0.85,0.75
51303,right_hand,0.0009587003733031452,0.9990412592887878,ExponentialSmoothing,0.010396192887685007,0.9896038109049944,0.85,0.75
51328,right_hand,0.0009247625712305307,0.999075174331665,ExponentialSmoothing,0.008975478340216836,0.991024515418995,0.85,0.75
51378,right_hand,0.0010918863117694855,0.9989081621170044,ExponentialSmoothing,0.007792939535949733,0.9922070624236963,0.85,0.75
51403,right_hand,0.000796700653154403,0.9992032647132874,ExponentialSmoothing,0.006743503703530433,0.993256492767135,0.85,0.75
51428,right_hand,0.0006281536188907921,0.9993718266487122,ExponentialSmoothing,0.005826201190834487,0.9941737928493716,0.85,0.75
51478,right_hand,0.0005909142200835049,0.9994090795516968,ExponentialSmoothing,0.005040908145221839,0.9949590858547204,0.85,0.75
51503,right_hand,0.0005996650434099138,0.9994003772735596,ExponentialSmoothing,0.00437472167995005,0.9956252795675462,0.85,0.75
51553,right_hand,0.0006188579136505723,0.9993810653686523,ExponentialSmoothing,0.0038113421150051284,0.9961886474377122,0.85,0.75
51603,right_hand,0.0007216353551484644,0.9992783665657043,ExponentialSmoothing,0.0033478861010266285,0.9966521053069111,0.85,0.75
51628,right_hand,0.0009922381723299623,0.9990077614784241,ExponentialSmoothing,0.0029945389117221285,0.997005453732638,0.85,0.75
51678,right_hand,0.0023415610194206238,0.997658371925354,ExponentialSmoothing,0.002896592227876903,0.9971033914615455,0.85,0.75
51703,right_hand,0.0030702562071383,0.9969298243522644,ExponentialSmoothing,0.0029226418247661123,0.9970773563951534,0.85,0.75
51728,right_hand,0.006908884737640619,0.9930911064147949,ExponentialSmoothing,0.0035205782616972887,0.9964794188980997,0.85,0.75
51803,right_hand,0.04290967807173729,0.9570903778076172,ExponentialSmoothing,0.00942894323320329,0.9905710627345273,0.85,0.75
51828,right_hand,0.05988044664263725,0.9401195645332336,ExponentialSmoothing,0.016996668744618387,0.9830033380043333,0.85,0.75
51878,right_hand,0.2958059310913086,0.7041941285133362,ExponentialSmoothing,0.058818058096621925,0.9411819565806837,0.85,0.75
51903,right_hand,0.8265817761421204,0.17341819405555725,ExponentialSmoothing,0.1739826158034467,0.8260173922019147,0.85,0.75
51953,rest,0.9858121871948242,0.014187877997756004,ExponentialSmoothing,0.29575705151215337,0.7042429650712909,0.85,0.75
52003,rest,0.9678560495376587,0.032143909484148026,ExponentialSmoothing,0.3965719012159792,0.6034281067332194,0.85,0.75
52028,rest,0.9627098441123962,0.03729011118412018,ExponentialSmoothing,0.48149259265044175,0.5185074074008545,0.85,0.75
52078,rest,0.943770706653595,0.056229300796985626,ExponentialSmoothing,0.5508343097509147,0.4491656914102742,0.85,0.75
52103,rest,0.949508786201477,0.05049118772149086,ExponentialSmoothing,0.6106354812184991,0.3893645158569567,0.85,0.75
52153,rest,0.9259405136108398,0.07405944913625717,ExponentialSmoothing,0.6579312360773502,0.34206875584885177,0.85,0.75
52178,rest,0.9389982223510742,0.061001747846603394,ExponentialSmoothing,0.7000912840184088,0.2999087046485145,0.85,0.75
52203,rest,0.7433571219444275,0.2566428482532501,ExponentialSmoothing,0.7065811597073115,0.2934188261892248,0.85,0.75
52253,rest,0.04287360981106758,0.9571263790130615,ExponentialSmoothing,0.607025027222875,0.39297495911280034,0.85,0.75
52278,rest,0.03050634078681469,0.9694936871528625,ExponentialSmoothing,0.5205472242574659,0.4794527683188097,0.85,0.75
52328,rest,0.008911649696528912,0.9910882711410522,ExponentialSmoothing,0.4438018880733253,0.556198093742146,0.85,0.75
52378,rest,0.0065612890757620335,0.9934386610984802,ExponentialSmoothing,0.37821579822369084,0.6217841788455961,0.85,0.75
52428,rest,0.004858583677560091,0.9951413869857788,ExponentialSmoothing,0.32221221604177125,0.6777877600666236,0.85,0.75
52453,rest,0.003666346427053213,0.9963335990905762,ExponentialSmoothing,0.27443033559956354,0.7255696359202164,0.85,0.75
52478,right_hand,0.003803292755037546,0.9961967468261719,ExponentialSmoothing,0.23383627917288463,0.7661637025561097,0.85,0.75
52528,right_hand,0.006182568613439798,0.9938173890113831,ExponentialSmoothing,0.1996882225889679,0.8003117555244006,0.85,0.75
52578,right_hand,0.007585305720567703,0.992414653301239,ExponentialSmoothing,0.17087278505870787,0.8291271901909263,0.85,0.75
52603,right_hand,0.005917528178542852,0.994082510471344,ExponentialSmoothing,0.1461294965266831,0.853870488232989,0.85,0.75
52653,right_hand,0.010304170660674572,0.9896957874298096,ExponentialSmoothing,0.12575569764678182,0.874244283112512,0.85,0.75
52678,right_hand,0.008999298326671124,0.9910007119178772,ExponentialSmoothing,0.10824223774876522,0.8917577474333167,0.85,0.75
52728,right_hand,0.03277309611439705,0.9672269225120544,ExponentialSmoothing,0.09692186650360998,0.9030781236951273,0.85,0.75
52753,right_hand,0.014837455004453659,0.9851625561714172,ExponentialSmoothing,0.08460920477873654,0.9153907885665707,0.85,0.75
52803,right_hand,0.019487246870994568,0.9805127382278442,ExponentialSmoothing,0.07484091109257524,0.9251590810157617,0.85,0.75
52828,right_hand,0.01078738085925579,0.9892126321792603,ExponentialSmoothing,0.06523288155757731,0.9347671136902864,0.85,0.75
52853,right_hand,0.007385686039924622,0.9926142692565918,ExponentialSmoothing,0.056555802229929404,0.9434441870252321,0.85,0.75
52903,right_hand,0.009319856762886047,0.9906801581382751,ExponentialSmoothing,0.0494704104098729,0.9505295826921886,0.85,0.75
52953,right_hand,0.02853103168308735,0.9714689254760742,ExponentialSmoothing,0.04632950360085507,0.9536704841097714,0.85,0.75
52978,right_hand,0.035073600709438324,0.9649264216423035,ExponentialSmoothing,0.04464111816714256,0.9553588747396513,0.85,0.75
53028,right_hand,0.06595809012651443,0.9340419173240662,ExponentialSmoothing,0.047838663961048335,0.9521613311273136,0.85,0.75
53053,right_hand,0.036719392985105515,0.9632806181907654,ExponentialSmoothing,0.04617077331465691,0.9538292241868314,0.85,0.75
53103,right_hand,0.029393643140792847,0.9706063270568848,ExponentialSmoothing,0.0436542037885773,0.9563457896173394,0.85,0.75
53128,right_hand,0.05437518283724785,0.9456247687339783,ExponentialSmoothing,0.045262350645877886,0.9547376364848352,0.85,0.75
53153,right_hand,0.2218853384256363,0.7781146168708801,ExponentialSmoothing,0.07175579881284165,0.928244183542742,0.85,0.75
53203,right_hand,0.7947085499763489,0.20529140532016754,ExponentialSmoothing,0.18019871148736774,0.8198012668093558,0.85,0.75
53253,rest,0.9121492505073547,0.08785071223974228,ExponentialSmoothing,0.2899912923403658,0.7100086836239138,0.85,0.75
53278,rest,0.9269689321517944,0.07303112745285034,ExponentialSmoothing,0.3855379383120801,0.6144620501982543,0.85,0.75
53303,rest,0.9287617802619934,0.07123817503452301,ExponentialSmoothing,0.4670215146045671,0.5329784689236946,0.85,0.75
53353,rest,0.9809781312942505,0.01902187429368496,ExponentialSmoothing,0.5441150071080196,0.4558849797291932,0.85,0.75
53403,rest,0.9856805801391602,0.014319365844130516,ExponentialSmoothing,0.6103498430626908,0.3896501376464338,0.85,0.75
53428,rest,0.9688335061073303,0.0311665590852499,ExponentialSmoothing,0.6641223925193867,0.3358776008622562,0.85,0.75
53478,rest,0.906914472579956,0.09308553487062454,ExponentialSmoothing,0.700541204528472,0.29945879096351147,0.85,0.75
53503,rest,0.5868655443191528,0.4131344258785248,ExponentialSmoothing,0.6834898554970741,0.31651013620076346,0.85,0.75
53553,rest,0.14114105701446533,0.8588588833808899,ExponentialSmoothing,0.6021375357246828,0.39786244827778244,0.85,0.75
53578,rest,0.029108040034770966,0.9708918929100037,ExponentialSmoothing,0.516183111371196,0.4838168649726156,0.85,0.75
53628,rest,0.013819792307913303,0.9861802458763123,ExponentialSmoothing,0.4408286135117036,0.5591713721081701,0.85,0.75
53678,rest,0.032229434698820114,0.967770516872406,ExponentialSmoothing,0.37953873668977106,0.6204612438228055,0.85,0.75
53703,rest,0.024203699082136154,0.9757963418960571,ExponentialSmoothing,0.32623848104862585,0.6737615085337932,0.85,0.75
53728,rest,0.024939164519309998,0.9750608205795288,ExponentialSmoothing,0.2810435835692285,0.7189564053406536,0.85,0.75
53753,right_hand,0.028017191216349602,0.9719827771186829,ExponentialSmoothing,0.24308962471629664,0.756910361107358,0.85,0.75
53803,right_hand,0.15063126385211945,0.8493687510490417,ExponentialSmoothing,0.22922087058667007,0.7707791195986105,0.85,0.75
53853,right_hand,0.10055645555257797,0.8994435667991638,ExponentialSmoothing,0.20992120833155625,0.7900787866786936,0.85,0.75
53878,right_hand,0.10800781100988388,0.8919921517372131,ExponentialSmoothing,0.1946341987333054,0.8053657914374714,0.85,0.75
53928,right_hand,0.11339292675256729,0.8866070508956909,ExponentialSmoothing,0.1824480079361947,0.8175519803562044,0.85,0.75
53953,right_hand,0.16479431092739105,0.8352056741714478,ExponentialSmoothing,0.17979995338487414,0.8202000344284909,0.85,0.75
54003,right_hand,0.4198545813560486,0.5801454186439514,ExponentialSmoothing,0.21580814758055034,0.7841918420608099,0.85,0.75
54028,rest,0.5757685303688049,0.4242314100265503,ExponentialSmoothing,0.26980220499878854,0.730197777255671,0.85,0.75
54053,rest,0.19553954899311066,0.8044604659080505,ExponentialSmoothing,0.25866280659793683,0.741337180553528,0.85,0.75
54103,right_hand,0.05400395393371582,0.945996105670929,ExponentialSmoothing,0.22796397869830368,0.7720360193211382,0.85,0.75
54153,right_hand,0.015338960103690624,0.9846610426902771,ExponentialSmoothing,0.1960702259091117,0.803929772826509,0.85,0.75
54178,right_hand,0.012950914911925793,0.9870490431785583,ExponentialSmoothing,0.1686023292595338,0.8313976633793164,0.85,0.75
54228,right_hand,0.0024166819639503956,0.997583270072937,ExponentialSmoothing,0.1436744821651963,0.8563255043833595,0.85,0.75
54253,right_hand,0.0007515387260355055,0.9992484450340271,ExponentialSmoothing,0.12223604064932217,0.8777639454809597,0.85,0.75
54303,right_hand,0.00021188049868214875,0.9997881054878235,ExponentialSmoothing,0.10393241662672617,0.8960675694819893,0.85,0.75
54328,right_hand,0.0002247617521788925,0.999775230884552,ExponentialSmoothing,0.08837626839554408,0.9116237186923737,0.85,0.75
54378,right_hand,0.00044529756996780634,0.9995546936988831,ExponentialSmoothing,0.07518662277170762,0.9248133649433501,0.85,0.75
54403,right_hand,0.0005995881510898471,0.9994003772735596,ExponentialSmoothing,0.06399856757861495,0.9360014167928815,0.85,0.75
54428,right_hand,0.000743463693652302,0.9992565512657166,ExponentialSmoothing,0.05451030199587056,0.9454896869638068,0.85,0.75
54478,right_hand,0.0023654892574995756,0.9976345300674438,ExponentialSmoothing,0.04668858008511491,0.9533114134293523,0.85,0.75
54528,right_hand,0.005026496946811676,0.9949735403060913,ExponentialSmoothing,0.040439267614369424,0.9595607324608632,0.85,0.75
54553,right_hand,0.0036307440605014563,0.9963692426681519,ExponentialSmoothing,0.03491798908128923,0.9650820089919565,0.85,0.75
54578,right_hand,0.0026457717176526785,0.99735426902771,ExponentialSmoothing,0.030077156476743746,0.9699228479973194,0.85,0.75
54628,right_hand,0.002075913827866316,0.9979240894317627,ExponentialSmoothing,0.02587697007941213,0.9741230342124858,0.85,0.75
54678,right_hand,0.0012780075194314122,0.9987220168113708,ExponentialSmoothing,0.022187125695415023,0.9778128816023185,0.85,0.75
54703,right_hand,0.0008383136591874063,0.9991617202758789,ExponentialSmoothing,0.018984803889980882,0.9810152074033526,0.85,0.75
54728,right_hand,0.00077166932169348,0.9992283582687378,ExponentialSmoothing,0.01625283370473777,0.9837471800331603,0.85,0.75
54778,right_hand,0.0007101399824023247,0.999289870262146,ExponentialSmoothing,0.013921429646387453,0.9860785835675082,0.85,0.75
54803,right_hand,0.0006480900337919593,0.9993519186973572,ExponentialSmoothing,0.01193042870449813,0.9880695838369855,0.85,0.75
54853,right_hand,0.0005548472981899977,0.9994451403617859,ExponentialSmoothing,0.010224091493551909,0.9897759173157056,0.85,0.75
54878,right_hand,0.0008837836794555187,0.9991162419319153,ExponentialSmoothing,0.00882304532143745,0.9911769660081371,0.85,0.75
54928,right_hand,0.0019140270305797458,0.9980859756469727,ExponentialSmoothing,0.0077866925778087934,0.9922133174539625,0.85,0.75
54953,right_hand,0.0030939984135329723,0.9969059824943542,ExponentialSmoothing,0.007082788453167421,0.9929172172100212,0.85,0.75
55003,right_hand,0.024614989757537842,0.9753850698471069,ExponentialSmoothing,0.009712618648822984,0.9902873951055841,0.85,0.75
55053,right_hand,0.5142114758491516,0.4857885241508484,ExponentialSmoothing,0.08538744722887229,0.9146125644623737,0.85,0.75
55078,right_hand,0.7377538681030273,0.26224613189697266,ExponentialSmoothing,0.18324241035999556,0.8167575995775636,0.85,0.75
55128,rest,0.987273097038269,0.012726877816021442,ExponentialSmoothing,0.3038470133617366,0.6961529913133322,0.85,0.75
55153,rest,0.9951092600822449,0.004890679847449064,ExponentialSmoothing,0.40753635036981284,0.5924636445934497,0.85,0.75
55203,rest,0.999197781085968,0.0008022231631912291,ExponentialSmoothing,0.4962855649772361,0.5037144313789109,0.85,0.75
55228,rest,0.9994096755981445,0.0005902905249968171,ExponentialSmoothing,0.5717541815703724,0.4282458102508238,0.85,0.75
55278,rest,0.9996421337127686,0.0003578782198019326,ExponentialSmoothing,0.6359373743917318,0.3640626204461705,0.85,0.75
55303,rest,0.9997113347053528,0.0002885976282414049,ExponentialSmoothing,0.690503468438775,0.30949651702348113,0.85,0.75
55328,rest,0.9997891783714294,0.0002108434564433992,ExponentialSmoothing,0.7368963249286731,0.26310366598842544,0.85,0.75
55353,left_hand,0.9997982382774353,0.00020183036394882947,ExponentialSmoothing,0.7763316119309874,0.22366839064475394,0.85,0.75
55403,left_hand,0.9997826218605042,0.00021735904738307,ExponentialSmoothing,0.8098492634204149,0.1901507359051483,0.85,0.75
55453,left_hand,0.9997784495353699,0.00022155934129841626,ExponentialSmoothing,0.8383386413376581,0.1616613594205708,0.85,0.75
55503,left_hand,0.9998326301574707,0.00016738583508413285,ExponentialSmoothing,0.8625627396606299,0.13743726338274778,0.85,0.75
55528,left_hand,0.9998389482498169,0.00016103859525173903,ExponentialSmoothing,0.883154170949008,0.11684582966462337,0.85,0.75
55578,left_hand,0.9997448325157166,0.00025518322945572436,ExponentialSmoothing,0.9006427701840143,0.09935723269934822,0.85,0.75
55603,left_hand,0.9994608759880066,0.000539150380063802,ExponentialSmoothing,0.9154654860546131,0.08453452035145556,0.85,0.75
55653,left_hand,0.9991723299026489,0.0008277336601167917,ExponentialSmoothing,0.9280215126318184,0.07197850234775476,0.85,0.75
55678,left_hand,0.998856782913208,0.0011431996244937181,ExponentialSmoothing,0.9386468031740268,0.061353206939265596,0.85,0.75
55703,left_hand,0.9985862970352173,0.001413698773831129,ExponentialSmoothing,0.9476377272532053,0.05236228071445043,0.85,0.75
55753,left_hand,0.9983362555503845,0.0016637388616800308,ExponentialSmoothing,0.9552425064977821,0.04475749943653486,0.85,0.75
55803,left_hand,0.9985948204994202,0.001405217219144106,ExponentialSmoothing,0.9617453535980278,0.038254657103926254,0.85,0.75
55828,left_hand,0.9983945488929749,0.0016054124571383,ExponentialSmoothing,0.9672427328922699,0.03275727040690806,0.85,0.75
55878,left_hand,0.9939934611320496,0.006006515584886074,ExponentialSmoothing,0.9712553421282368,0.028744657183604763,0.85,0.75
55903,left_hand,0.9924612641334534,0.0075387810356915,ExponentialSmoothing,0.9744362304290194,0.025563775761417773,0.85,0.75
55953,left_hand,0.9911866784095764,0.008813349530100822,ExponentialSmoothing,0.9769487976261029,0.02305121182672023,0.85,0.75
55978,left_hand,0.9894746541976929,0.01052527129650116,ExponentialSmoothing,0.9788276761118414,0.02117232074718737,0.85,0.75
56003,left_hand,0.9914851784706116,0.008514825254678726,ExponentialSmoothing,0.980726301465657,0.019273696423311074,0.85,0.75
56053,left_hand,0.9878758192062378,0.012124166823923588,ExponentialSmoothing,0.9817987291267442,0.01820126698340295,0.85,0.75
56078,left_hand,0.98807692527771,0.011923062615096569,ExponentialSmoothing,0.982740458549389,0.017259536328156994,0.85,0.75
56128,left_hand,0.9046241641044617,0.09537587314844131,ExponentialSmoothing,0.9710230143826498,0.028976986851199642,0.85,0.75
56178,left_hand,0.5902926921844482,0.40970727801322937,ExponentialSmoothing,0.9139134660529196,0.0860865305255041,0.85,0.75
56203,left_hand,0.4334764778614044,0.566523551940918,ExponentialSmoothing,0.8418479178241923,0.1581520837378162,0.85,0.75
56253,rest,0.0864265039563179,0.9135735034942627,ExponentialSmoothing,0.7285347057440111,0.27146529670128317,0.85,0.75
56278,rest,0.05663676932454109,0.9433633089065552,ExponentialSmoothing,0.6277500152810906,0.37224999853207397,0.85,0.75
56328,rest,0.12882289290428162,0.8711771368980408,ExponentialSmoothing,0.5529109469245693,0.447089069286969,0.85,0.75
56378,rest,0.40952566266059875,0.5904743671417236,ExponentialSmoothing,0.5314031542849738,0.46859686396518224,0.85,0.75
56428,rest,0.12510831654071808,0.8748917579650879,ExponentialSmoothing,0.4704589286233354,0.529541098065168,0.85,0.75
56453,rest,0.21750713884830475,0.7824928164482117,ExponentialSmoothing,0.4325161601570808,0.5674838558226245,0.85,0.75
56503,rest,0.5827459692955017,0.4172540605068207,ExponentialSmoothing,0.4550506315278439,0.5449493865252539,0.85,0.75
56528,rest,0.7047500014305115,0.2952500283718109,ExponentialSmoothing,0.49250553701324407,0.5074944828022374,0.85,0.75
56578,rest,0.5440645217895508,0.45593544840812683,ExponentialSmoothing,0.5002393847296901,0.4997606276431208,0.85,0.75
56603,rest,0.7611930966377258,0.23880693316459656,ExponentialSmoothing,0.5393824415158954,0.46061757347134213,0.85,0.75
56653,rest,0.5271043181419373,0.47289571166038513,ExponentialSmoothing,0.5375407230098017,0.4624592941996986,0.85,0.75
56678,rest,0.27362915873527527,0.7263708710670471,ExponentialSmoothing,0.49795398836862276,0.5020460307298009,0.85,0.75
56703,rest,0.059417109936475754,0.9405828714370728,ExponentialSmoothing,0.4321734566038007,0.5678265568358917,0.85,0.75
56778,rest,0.014514045789837837,0.9854859113693237,ExponentialSmoothing,0.3695245449817062,0.6304754600159065,0.85,0.75
56803,rest,0.01177297718822956,0.9882270693778992,ExponentialSmoothing,0.3158618098126847,0.6841382014202053,0.85,0.75
56828,rest,0.02167872153222561,0.9783212542533875,ExponentialSmoothing,0.27173434657061585,0.7282656593451826,0.85,0.75
56878,right_hand,0.004725154489278793,0.9952747821807861,ExponentialSmoothing,0.2316829677584153,0.7683170277705231,0.85,0.75
56928,right_hand,0.003871510736644268,0.9961284399032593,ExponentialSmoothing,0.19751124920514962,0.8024887395904335,0.85,0.75
56978,right_hand,0.00407767528668046,0.995922327041626,ExponentialSmoothing,0.16849621311737922,0.8315037777081125,0.85,0.75
57003,right_hand,0.005374301224946976,0.9946256279945374,ExponentialSmoothing,0.14402792633351438,0.8559720552510761,0.85,0.75
57053,right_hand,0.01440714206546545,0.985592782497406,ExponentialSmoothing,0.12458480869330704,0.8754151643380257,0.85,0.75
57103,right_hand,0.018063964322209358,0.9819360375404358,ExponentialSmoothing,0.10860668203764239,0.8913932953183872,0.85,0.75
57153,right_hand,0.014153596945106983,0.9858463406562805,ExponentialSmoothing,0.09443871927376207,0.9055612521190712,0.85,0.75
57178,right_hand,0.023382924497127533,0.9766170382499695,ExponentialSmoothing,0.08378035005726689,0.9162196200387059,0.85,0.75
57228,right_hand,0.026532551273703575,0.9734674096107483,ExponentialSmoothing,0.07519318023973239,0.9248067884745124,0.85,0.75
57253,right_hand,0.01628047600388527,0.9837194681167603,ExponentialSmoothing,0.06635627460435532,0.9336436904208496,0.85,0.75
57303,right_hand,0.025626806542277336,0.9743732213973999,ExponentialSmoothing,0.060246854395043625,0.9397531200673321,0.85,0.75
57328,right_hand,0.01801169291138649,0.9819883704185486,ExponentialSmoothing,0.053911580172495054,0.9460884076200146,0.85,0.75
57353,right_hand,0.024607617408037186,0.9753924012184143,ExponentialSmoothing,0.049515985757826377,0.9504840066597746,0.85,0.75
57403,right_hand,0.03376045450568199,0.9662395715713501,ExponentialSmoothing,0.04715265607000471,0.952847341396511,0.85,0.75
57453,right_hand,0.10830780863761902,0.8916922211647034,ExponentialSmoothing,0.056325928955146855,0.9436740733617397,0.85,0.75
57478,right_hand,0.0547412745654583,0.9452587366104126,ExponentialSmoothing,0.056088230796693575,0.9439117728490406,0.85,0.75
57528,right_hand,0.36571797728538513,0.6342819929122925,ExponentialSmoothing,0.10253269276999732,0.8974673058585284,0.85,0.75
57553,right_hand,0.5020537972450256,0.497946172952652,ExponentialSmoothing,0.16246085844125158,0.837539135922647,0.85,0.75
57603,rest,0.9778921008110046,0.022107824683189392,ExponentialSmoothing,0.2847755447967145,0.7152244392367283,0.85,0.75
57628,rest,0.9905056357383728,0.009494340978562832,ExponentialSmoothing,0.3906350584379633,0.6093649244980034,0.85,0.75
57653,rest,0.9945000410079956,0.005499886814504862,ExponentialSmoothing,0.4812148058234682,0.5187851688454785,0.85,0.75
57703,rest,0.9948315024375916,0.0051685720682144165,ExponentialSmoothing,0.5582573103155868,0.44174267932888894,0.85,0.75
57728,rest,0.9940621256828308,0.0059379274025559425,ExponentialSmoothing,0.6236280326206735,0.376371966539939,0.85,0.75
57778,rest,0.9931259155273438,0.006874079816043377,ExponentialSmoothing,0.6790527150566741,0.32094728353135465,0.85,0.75
57803,rest,0.9934605360031128,0.0065395100973546505,ExponentialSmoothing,0.72621388819864,0.27378611751625465,0.85,0.75
57853,left_hand,0.9919117093086243,0.00808833446353674,ExponentialSmoothing,0.7660685613651377,0.23393145005834695,0.85,0.75
57903,left_hand,0.9961071610450745,0.003892821492627263,ExponentialSmoothing,0.8005743513171282,0.19942565577348897,0.85,0.75
57928,left_hand,0.9944252967834473,0.005574633367359638,ExponentialSmoothing,0.829651993137076,0.1703480024125696,0.85,0.75
57978,left_hand,0.9974122643470764,0.002587712137028575,ExponentialSmoothing,0.8548160338185761,0.14518395887123844,0.85,0.75
58003,left_hand,0.9977598190307617,0.0022401977330446243,ExponentialSmoothing,0.8762576016004039,0.12374239470050936,0.85,0.75
58028,left_hand,0.9975351095199585,0.0024648539256304502,ExponentialSmoothing,0.8944492277883371,0.10555076358427752,0.85,0.75
58078,left_hand,0.9984055161476135,0.0015944691840559244,ExponentialSmoothing,0.9100426710422286,0.08995731942424427,0.85,0.75
58103,left_hand,0.9986995458602905,0.0013004811480641365,ExponentialSmoothing,0.9233412022649379,0.07665879368281725,0.85,0.75
58153,left_hand,0.9982220530509949,0.0017779888585209846,ExponentialSmoothing,0.9345733298828465,0.06542667295917282,0.85,0.75
58203,left_hand,0.997545063495636,0.0024548626970499754,ExponentialSmoothing,0.9440190899247649,0.05598090141985439,0.85,0.75
58253,left_hand,0.9905121922492981,0.009487878531217575,ExponentialSmoothing,0.9509930552734449,0.049006947986558864,0.85,0.75
58303,left_hand,0.6519041657447815,0.3480958342552185,ExponentialSmoothing,0.9061297218441454,0.09387028092685781,0.85,0.75
58328,left_hand,0.8618713021278381,0.13812868297100067,ExponentialSmoothing,0.8994909588866993,0.10050904123347923,0.85,0.75
58353,left_hand,0.9154664874076843,0.08453356474637985,ExponentialSmoothing,0.901887288164847,0.09811271976041433,0.85,0.75
58403,left_hand,0.7498074173927307,0.2501925230026245,ExponentialSmoothing,0.8790753075490295,0.12092469024674586,0.85,0.75
58453,left_hand,0.30475741624832153,0.6952425837516785,ExponentialSmoothing,0.7929276238539233,0.20707237427248576,0.85,0.75
58503,rest,0.05143037065863609,0.9485695958137512,ExponentialSmoothing,0.6817030358746302,0.3182969575036756,0.85,0.75
58553,rest,0.026136241853237152,0.9738637208938599,ExponentialSmoothing,0.5833680167714212,0.41663197201220326,0.85,0.75
58578,rest,0.02193094789981842,0.9780690670013428,ExponentialSmoothing,0.4991524564406808,0.5008475362605742,0.85,0.75
58628,rest,0.004588049836456776,0.9954119324684143,ExponentialSmoothing,0.42496779545004715,0.5750321956917502,0.85,0.75
58678,rest,0.0019272491335868835,0.9980727434158325,ExponentialSmoothing,0.3615117135025781,0.6384882778503626,0.85,0.75
58728,rest,0.001225071493536234,0.9987749457359314,ExponentialSmoothing,0.3074687172012218,0.6925312780331978,0.85,0.75
58753,rest,0.0015618549659848213,0.9984381794929504,ExponentialSmoothing,0.2615826878659363,0.7384173132521608,0.85,0.75
58803,right_hand,0.0026551031041890383,0.9973449110984802,ExponentialSmoothing,0.2227435501516742,0.7772564529291087,0.85,0.75
58828,right_hand,0.0022854763083159924,0.9977145195007324,ExponentialSmoothing,0.18967483907517046,0.8103251629148523,0.85,0.75
58878,right_hand,0.0010893085272982717,0.998910665512085,ExponentialSmoothing,0.16138700949298962,0.8386129883044372,0.85,0.75
58903,right_hand,0.0007626903243362904,0.9992372989654541,ExponentialSmoothing,0.13729336161769162,0.8627066349035897,0.85,0.75
58953,right_hand,0.0003982706111855805,0.9996017813682556,ExponentialSmoothing,0.11675909796671571,0.8832409068732896,0.85,0.75
58978,right_hand,0.0002857071813195944,0.9997143149375916,ExponentialSmoothing,0.09928808934890629,0.9007119180829348,0.85,0.75
59003,right_hand,0.0001540894154459238,0.9998458623886108,ExponentialSmoothing,0.08441798935888724,0.9155820097287862,0.85,0.75
59053,right_hand,0.00011470750177977607,0.9998853206634521,ExponentialSmoothing,0.07177249708032112,0.9282275063689861,0.85,0.75
59078,right_hand,0.00013119858340360224,0.9998687505722046,ExponentialSmoothing,0.061026302305783486,0.938973692999469,0.85,0.75
59128,right_hand,0.00014028535224497318,0.9998596906661987,ExponentialSmoothing,0.05189339976275271,0.9481065926494785,0.85,0.75
59178,right_hand,0.00023034412879496813,0.9997696280479431,ExponentialSmoothing,0.044143941417659045,0.9558560479592482,0.85,0.75
59203,right_hand,0.00029115460347384214,0.9997088313102722,ExponentialSmoothing,0.037566023395531264,0.9624339654619017,0.85,0.75
59253,right_hand,0.000289174698991701,0.9997108578681946,ExponentialSmoothing,0.031974496091050325,0.9680254993228457,0.85,0.75
59278,right_hand,0.00039391001337207854,0.9996060729026794,ExponentialSmoothing,0.027237408179398587,0.9727625853598207,0.85,0.75
59303,right_hand,0.0005863625556230545,0.9994136095046997,ExponentialSmoothing,0.023239751335832257,0.9767602389815526,0.85,0.75
59353,right_hand,0.0006611963035538793,0.9993388056755066,ExponentialSmoothing,0.019852968080990498,0.9801470239856458,0.85,0.75
59378,right_hand,0.0007295947289094329,0.9992703795433044,ExponentialSmoothing,0.016984462078178338,0.9830155273192945,0.85,0.75
59428,right_hand,0.0005510652554221451,0.9994489550590515,ExponentialSmoothing,0.014519452554764908,0.9854805414802581,0.85,0.75
59478,right_hand,0.00041592275374569,0.9995841383934021,ExponentialSmoothing,0.012403923084612025,0.9875960810172297,0.85,0.75
59528,right_hand,0.00041196963866241276,0.9995880722999573,ExponentialSmoothing,0.010605130067719582,0.9893948797096388,0.85,0.75
59553,right_hand,0.00040885747876018286,0.9995911717414856,ExponentialSmoothing,0.009075689179375672,0.9909243235144158,0.85,0.75
59578,right_hand,0.0005700657493434846,0.9994298815727234,ExponentialSmoothing,0.007799845664870844,0.992200157223162,0.85,0.75
59628,right_hand,0.0003409523924347013,0.9996590614318848,ExponentialSmoothing,0.006681011674005422,0.9933189928544705,0.85,0.75
59678,right_hand,0.00016430603864137083,0.9998356103897095,ExponentialSmoothing,0.005703505828700815,0.9942964854847562,0.85,0.75
59728,right_hand,0.00011769689444918185,0.9998823404312134,ExponentialSmoothing,0.00486563448856307,0.9951343637267248,0.85,0.75
59753,right_hand,0.00012034193059662357,0.9998795986175537,ExponentialSmoothing,0.004153840604868103,0.9958461489603492,0.85,0.75
59803,right_hand,0.00020681472960859537,0.9997932314872742,ExponentialSmoothing,0.003561786723579177,0.9964382113393879,0.85,0.75
59853,right_hand,0.0003943283809348941,0.9996057152748108,ExponentialSmoothing,0.0030866679721825345,0.9969133369297014,0.85,0.75
59878,right_hand,0.0006174057489261031,0.9993826150894165,ExponentialSmoothing,0.0027162786386940698,0.9972837286536587,0.85,0.75
59928,right_hand,0.0008085824665613472,0.9991914629936218,ExponentialSmoothing,0.002430124212874161,0.9975698888046531,0.85,0.75
59953,right_hand,0.0010501056676730514,0.9989499449729919,ExponentialSmoothing,0.002223121431093995,0.9977768972299039,0.85,0.75
59978,right_hand,0.0010315080871805549,0.9989684820175171,ExponentialSmoothing,0.002044379429506979,0.9979556349480458,0.85,0.75
60003,right_hand,0.001255848677828908,0.9987441301345825,ExponentialSmoothing,0.0019260998167552681,0.9980739092260263,0.85,0.75
60053,right_hand,0.0014912531478330493,0.9985087513923645,ExponentialSmoothing,0.0018608728164169353,0.9981391355509771,0.85,0.75
60103,right_hand,0.001567324623465538,0.9984326958656311,ExponentialSmoothing,0.0018168405874742256,0.9981831695981752,0.85,0.75
60153,right_hand,0.0014797301264479756,0.9985203146934509,ExponentialSmoothing,0.0017662740183202882,0.9982337413624666,0.85,0.75
60178,right_hand,0.0006713251932524145,0.9993287324905396,ExponentialSmoothing,0.0016020316945601072,0.9983979900316775,0.85,0.75
60228,right_hand,0.0003758756793104112,0.9996241331100464,ExponentialSmoothing,0.0014181082922726529,0.9985819114934328,0.85,0.75
60278,right_hand,0.00038744235644117,0.9996126294136047,ExponentialSmoothing,0.0012635084018979305,0.9987365191814586,0.85,0.75
60328,right_hand,0.00034719862742349505,0.9996527433395386,ExponentialSmoothing,0.0011260619357267652,0.9988739528051706,0.85,0.75
60378,right_hand,0.000572317629121244,0.9994276165962219,ExponentialSmoothing,0.001043000289735937,0.9989570023738283,0.85,0.75
60403,right_hand,0.000805600720923394,0.9991944432258606,ExponentialSmoothing,0.0010073903544140555,0.9989926185016332,0.85,0.75
60453,right_hand,0.0015477623092010617,0.9984521865844727,ExponentialSmoothing,0.0010884461476321065,0.9989115537140592,0.85,0.75
60478,right_hand,0.001851269043982029,0.9981487989425659,ExponentialSmoothing,0.0012028695820845948,0.9987971404983351,0.85,0.75
60528,right_hand,0.015782635658979416,0.9842174053192139,ExponentialSmoothing,0.003389834493618818,0.9966101802214669,0.85,0.75
60553,right_hand,0.13017752766609192,0.8698225021362305,ExponentialSmoothing,0.022407988469489784,0.9775920285086814,0.85,0.75
60603,right_hand,0.5322992205619812,0.4677008092403412,ExponentialSmoothing,0.0988916732833635,0.9011083456184303,0.85,0.75
60628,right_hand,0.7988919019699097,0.20110805332660675,ExponentialSmoothing,0.20389170758634545,0.7961083017746569,0.85,0.75
60653,rest,0.9429834485054016,0.057016558945178986,ExponentialSmoothing,0.3147554687242039,0.6852445403502352,0.85,0.75
60703,rest,0.9447146654129028,0.055285319685935974,ExponentialSmoothing,0.4092493482275088,0.5907506572505903,0.85,0.75
60753,rest,0.8790123462677002,0.12098771333694458,ExponentialSmoothing,0.4797137979335375,0.5202862156635435,0.85,0.75
60778,rest,0.8483033776283264,0.15169668197631836,ExponentialSmoothing,0.5350022348877559,0.46499778561045974,0.85,0.75
60828,rest,0.8348868489265442,0.1651131957769394,ExponentialSmoothing,0.5799849269935742,0.42001509713543167,0.85,0.75
60853,rest,0.8429673314094543,0.15703271329402924,ExponentialSmoothing,0.6194322876559563,0.3805677395592213,0.85,0.75
60903,rest,0.9457246661186218,0.05427531152963638,ExponentialSmoothing,0.6683761444253561,0.33162387535478355,0.85,0.75
60928,rest,0.9653862714767456,0.03461378067731857,ExponentialSmoothing,0.7129276634830646,0.2870723611531638,0.85,0.75
60953,left_hand,0.9849058985710144,0.015094143338501453,ExponentialSmoothing,0.753724398746257,0.24627562848096443,0.85,0.75
61003,left_hand,0.9718070030212402,0.02819296345114708,ExponentialSmoothing,0.7864367893875045,0.2135632287264918,0.85,0.75
61028,left_hand,0.9780831336975098,0.02191685140132904,ExponentialSmoothing,0.8151837410340053,0.1848162721277174,0.85,0.75
61078,left_hand,0.9914933443069458,0.008506616577506065,ExponentialSmoothing,0.8416301815249463,0.1583698237951857,0.85,0.75
61103,left_hand,0.9951430559158325,0.004856924060732126,ExponentialSmoothing,0.8646571126835793,0.13534288883501766,0.85,0.75
61153,left_hand,0.9947473406791687,0.005252594128251076,ExponentialSmoothing,0.8841706468829177,0.11582934462900267,0.85,0.75
61203,left_hand,0.9970170259475708,0.0029830033890902996,ExponentialSmoothing,0.9010976037426156,0.09890239344301581,0.85,0.75
61228,left_hand,0.9990682005882263,0.0009318171069025993,ExponentialSmoothing,0.9157931932694572,0.08420680699259883,0.85,0.75
61253,left_hand,0.9995443224906921,0.00045565521577373147,ExponentialSmoothing,0.9283558626526425,0.07164413422607506,0.85,0.75
61278,left_hand,0.9995693564414978,0.0004306196642573923,ExponentialSmoothing,0.9390378867209708,0.0609621070418024,0.85,0.75
61328,left_hand,0.9993758797645569,0.0006241335067898035,ExponentialSmoothing,0.9480885856775086,0.05191141101155051,0.85,0.75
61378,left_hand,0.9987574815750122,0.0012425701133906841,ExponentialSmoothing,0.9556889200621341,0.04431108487682653,0.85,0.75
61403,left_hand,0.9978324770927429,0.002167513594031334,ExponentialSmoothing,0.9620104536167254,0.03798954918440725,0.85,0.75
61453,left_hand,0.9942002296447754,0.005799825768917799,ExponentialSmoothing,0.966838920020933,0.03316109067208384,0.85,0.75
61478,left_hand,0.9736325740814209,0.02636745385825634,ExponentialSmoothing,0.9678579681300061,0.032142045150009714,0.85,0.75
61528,left_hand,0.6506889462471008,0.3493110239505768,ExponentialSmoothing,0.9202826148475703,0.07971739197009478,0.85,0.75
61578,left_hand,0.12450956553220749,0.8754904270172119,ExponentialSmoothing,0.800916657450266,0.19908334722716237,0.85,0.75
61603,rest,0.044246211647987366,0.9557538032531738,ExponentialSmoothing,0.6874160905799243,0.3125839156310641,0.85,0.75
61653,rest,0.008167380467057228,0.9918326139450073,ExponentialSmoothing,0.5855287840629942,0.41447122037815554,0.85,0.75
61678,rest,0.00578269362449646,0.9942172765731812,ExponentialSmoothing,0.49856687049721954,0.5014331288074094,0.85,0.75
61728,rest,0.004664918873459101,0.995335042476654,ExponentialSmoothing,0.4244815777536554,0.5755184158577962,0.85,0.75
61753,rest,0.004944566637277603,0.9950554370880127,ExponentialSmoothing,0.3615510260861987,0.6384489690423286,0.85,0.75
61803,rest,0.002950357971712947,0.9970495700836182,ExponentialSmoothing,0.30776092586902587,0.692239059198522,0.85,0.75
61853,rest,0.0024070630315691233,0.9975928664207458,ExponentialSmoothing,0.26195784644340736,0.7380421302818556,0.85,0.75
61878,right_hand,0.0022132967133075,0.9977866411209106,ExponentialSmoothing,0.22299616398389235,0.7770038069077139,0.85,0.75
61903,right_hand,0.0023986308369785547,0.997601330280304,ExponentialSmoothing,0.18990653401185528,0.8100934354136025,0.85,0.75
61928,right_hand,0.002250135876238346,0.9977498650550842,ExponentialSmoothing,0.16175807429151273,0.8382418998598247,0.85,0.75
61978,right_hand,0.000845767033752054,0.9991542100906372,ExponentialSmoothing,0.13762122820284864,0.8623787463944466,0.85,0.75
62028,right_hand,0.0004978525685146451,0.9995021820068359,ExponentialSmoothing,0.11705272185769854,0.882947261736305,0.85,0.75
62053,right_hand,0.0004150832537561655,0.999584972858429,ExponentialSmoothing,0.09955707606710719,0.9004429184046236,0.85,0.75
62103,right_hand,0.00015946381608955562,0.999840497970581,ExponentialSmoothing,0.08464743422945455,0.9153525553395172,0.85,0.75
62128,right_hand,0.00010580028902040794,0.9998941421508789,ExponentialSmoothing,0.07196618913838942,0.9280337933612215,0.85,0.75
62178,right_hand,3.3438664104323834e-05,0.9999665021896362,ExponentialSmoothing,0.06117627656724666,0.9388236996854837,0.85,0.75
62203,right_hand,3.183532317052595e-05,0.9999681711196899,ExponentialSmoothing,0.05200461038063524,0.9479953704006147,0.85,0.75
62228,right_hand,3.2834079320309684e-05,0.9999672174453735,ExponentialSmoothing,0.044208843935438,0.9557911474573285,0.85,0.75
62278,right_hand,5.0670609198277816e-05,0.9999493360519409,ExponentialSmoothing,0.037585117936502044,0.9624148757465204,0.85,0.75
62303,right_hand,4.4193071516929194e-05,0.9999557733535767,ExponentialSmoothing,0.031953979206754274,0.9680460103875788,0.85,0.75
62353,right_hand,7.572698086732998e-05,0.9999243021011353,ExponentialSmoothing,0.027172241372871234,0.9728277541446122,0.85,0.75
62403,right_hand,0.0001392280391883105,0.9998607635498047,ExponentialSmoothing,0.023117289372818796,0.976882705555391,0.85,0.75
62428,right_hand,0.00026463193353265524,0.999735414981842,ExponentialSmoothing,0.019689390756925874,0.9803106119693588,0.85,0.75
62478,right_hand,0.0002888285380322486,0.9997110962867737,ExponentialSmoothing,0.016779306424091832,0.9832206846169711,0.85,0.75
62503,right_hand,0.0005108187324367464,0.9994891881942749,ExponentialSmoothing,0.014339033270343568,0.9856609601535666,0.85,0.75
62553,right_hand,0.0006293068290688097,0.9993707537651062,ExponentialSmoothing,0.012282574304152354,0.9877174291952975,0.85,0.75
62578,right_hand,0.0014551854692399502,0.9985448122024536,ExponentialSmoothing,0.010658465978915493,0.9893415366463709,0.85,0.75
62603,right_hand,0.0023817738983780146,0.9976182579994202,ExponentialSmoothing,0.00941696216683487,0.9905830448493284,0.85,0.75
62653,right_hand,0.003952567465603352,0.9960474371910095,ExponentialSmoothing,0.008597302961650143,0.9914027037005806,0.85,0.75
62678,right_hand,0.004473503679037094,0.9955264925956726,ExponentialSmoothing,0.007978733069258184,0.9920212720348445,0.85,0.75
62753,right_hand,0.006833310704678297,0.9931667447090149,ExponentialSmoothing,0.0078069197145712015,0.9921930929359701,0.85,0.75
62778,right_hand,0.0072641875594854355,0.9927358627319336,ExponentialSmoothing,0.007725509891308336,0.9922745084053646,0.85,0.75
62803,right_hand,0.00820885132998228,0.9917911291122437,ExponentialSmoothing,0.007798011107109428,0.9922020015113964,0.85,0.75
62853,right_hand,0.009429347701370716,0.9905706644058228,ExponentialSmoothing,0.008042711596248621,0.9919573009455602,0.85,0.75
62878,right_hand,0.02646167390048504,0.973538339138031,ExponentialSmoothing,0.010805555941884083,0.9891944566744308,0.85,0.75
62928,right_hand,0.030239161103963852,0.9697608947753906,ExponentialSmoothing,0.013720596716196048,0.9862794223895748,0.85,0.75
62953,right_hand,0.08218906819820404,0.9178109169006348,ExponentialSmoothing,0.023990867438497248,0.9760091465662338,0.85,0.75
63003,right_hand,0.08068747818470001,0.9193124771118164,ExponentialSmoothing,0.032495359050427663,0.9675046461480712,0.85,0.75
63053,right_hand,0.15065225958824158,0.849347710609436,ExponentialSmoothing,0.050218894131099756,0.9497811058172759,0.85,0.75
63128,right_hand,0.15746231377124786,0.8425376415252686,ExponentialSmoothing,0.06630540707712197,0.9336945861734748,0.85,0.75
63153,right_hand,0.05581030249595642,0.9441896677017212,ExponentialSmoothing,0.06473114138994714,0.9352688484027118,0.85,0.75
63178,right_hand,0.029264213517308235,0.9707357287406921,ExponentialSmoothing,0.0594111022090513,0.9405888804534088,0.85,0.75
63203,right_hand,0.07661885768175125,0.9233810901641846,ExponentialSmoothing,0.06199226552995629,0.9380077119100252,0.85,0.75
63253,right_hand,0.061998579651117325,0.9380014538764954,ExponentialSmoothing,0.06199321264813045,0.9380067732049957,0.85,0.75
63278,right_hand,0.14046929776668549,0.8595306873321533,ExponentialSmoothing,0.0737646254159137,0.9262353603240694,0.85,0.75
63328,right_hand,0.0411837100982666,0.9588162899017334,ExponentialSmoothing,0.06887748811826663,0.931122499760719,0.85,0.75
63378,right_hand,0.08526242524385452,0.9147375226020813,ExponentialSmoothing,0.07133522868710482,0.9286647531869234,0.85,0.75
63403,right_hand,0.04202534630894661,0.9579746127128601,ExponentialSmoothing,0.06693874633038109,0.9330612321158139,0.85,0.75
63453,right_hand,0.4505387246608734,0.549461305141449,ExponentialSmoothing,0.12447874307995495,0.8755212430696592,0.85,0.75
63478,right_hand,0.4223339557647705,0.5776659846305847,ExponentialSmoothing,0.1691570249826773,0.8308429543037981,0.85,0.75
63528,right_hand,0.27608442306518555,0.7239155769348145,ExponentialSmoothing,0.18519613469505353,0.8148038476984505,0.85,0.75
63553,right_hand,0.04571690410375595,0.9542830586433411,ExponentialSmoothing,0.1642742501063589,0.8357257293401841,0.85,0.75
63603,right_hand,0.011831064708530903,0.9881689548492432,ExponentialSmoothing,0.1414077722966847,0.8585922131665429,0.85,0.75
63628,right_hand,0.004992331378161907,0.9950076341629028,ExponentialSmoothing,0.12094545615890627,0.8790545263159968,0.85,0.75
63678,right_hand,0.0034999456256628036,0.9965000152587891,ExponentialSmoothing,0.10332862957891975,0.8966713496574157,0.85,0.75
63703,right_hand,0.0030719449277967215,0.9969280362129211,ExponentialSmoothing,0.08829012688125129,0.9117098526407416,0.85,0.75
63753,right_hand,0.006655440665781498,0.9933445453643799,ExponentialSmoothing,0.07604492394893082,0.9239550565492873,0.85,0.75
63778,right_hand,0.006807034835219383,0.9931929707527161,ExponentialSmoothing,0.06565924058187411,0.9343407436798017,0.85,0.75
63778,right_hand,0.006807034835219383,0.9931929707527161,ExponentialSmoothing,0.0568314097198759,0.9431685777407388,0.85,0.75
