sample,prediction,p_left_raw,p_right_raw,name ,integrator,threshold
4159,left_hand,0.922581136226654,0.07741885632276535,IntegradorFuga,-4.024220392107964,1.0
4223,left_hand,0.8992146253585815,0.10078539699316025,IntegradorFuga,-3.92318657040596,1.0
4287,left_hand,0.8863864541053772,0.1136135384440422,IntegradorFuga,-3.89482993632555,1.0
4351,left_hand,0.8949359655380249,0.10506405681371689,IntegradorFuga,-3.953775018453598,1.0
4415,left_hand,0.9153779745101929,0.08462205529212952,IntegradorFuga,-4.036992251873016,1.0
4479,left_hand,0.8597304224967957,0.14026959240436554,IntegradorFuga,-3.9112908020615578,1.0
4543,left_hand,0.730100691318512,0.2698993384838104,IntegradorFuga,-3.573062926530838,1.0
4607,left_hand,0.7806417942047119,0.21935823559761047,IntegradorFuga,-3.3615735694766045,1.0
4671,left_hand,0.5970028042793274,0.4029971659183502,IntegradorFuga,-2.7657072991132736,1.0
4735,left_hand,0.3220653831958771,0.6779346466064453,IntegradorFuga,-1.579082116484642,1.0
4799,,0.3080505132675171,0.6919494867324829,IntegradorFuga,-0.4757223129272461,1.0
4863,,0.4545596241950989,0.5454403758049011,IntegradorFuga,-0.3003625214099883,1.0
4927,,0.4504143297672272,0.5495856404304504,IntegradorFuga,0.5354521393775941,1.0
4991,,0.7350543141365051,0.2649456858634949,IntegradorFuga,0.8951638102531434,1.0
5055,,0.7426877021789551,0.25731226801872253,IntegradorFuga,0.41363078355789185,1.0
5119,,0.6135596036911011,0.3864404261112213,IntegradorFuga,-0.6789203941822052,1.0
5183,left_hand,0.617243230342865,0.3827567398548126,IntegradorFuga,-1.8968388140201569,1.0
5247,left_hand,0.7504323124885559,0.2495676875114441,IntegradorFuga,-1.9179543554782867,1.0
5311,left_hand,0.8145158290863037,0.18548418581485748,IntegradorFuga,-2.0768773704767227,1.0
5375,left_hand,0.6146507859230042,0.38534921407699585,IntegradorFuga,-1.8208035081624985,1.0
5439,left_hand,0.5324158072471619,0.4675842523574829,IntegradorFuga,-1.6585158854722977,1.0
5503,left_hand,0.37201881408691406,0.6279811859130859,IntegradorFuga,-1.1680670231580734,1.0
5567,,0.37334173917770386,0.6266582608222961,IntegradorFuga,-0.4138858765363693,1.0
5631,,0.4676836431026459,0.5323163866996765,IntegradorFuga,-0.0341073662042618,1.0
5695,,0.5483495593070984,0.4516504406929016,IntegradorFuga,0.41238096356391907,1.0
5759,,0.5103235840797424,0.48967641592025757,IntegradorFuga,0.7689463138580322,1.0
5823,,0.5909885764122009,0.4090114235877991,IntegradorFuga,0.6875721395015717,1.0
5887,,0.587437629699707,0.4125623404979706,IntegradorFuga,0.17800615429878242,1.0
5951,,0.5754651427268982,0.4245349168777466,IntegradorFuga,-0.5471228003501891,1.0
6015,left_hand,0.64713054895401,0.3528694808483124,IntegradorFuga,-1.2698137044906614,1.0
6079,,0.5549014806747437,0.44509851932525635,IntegradorFuga,-0.9118466973304749,1.0
6143,left_hand,0.5220575928688049,0.47794243693351746,IntegradorFuga,-1.5858313977718352,1.0
6207,,0.48645639419555664,0.5135436654090881,IntegradorFuga,-0.5720221400260925,1.0
6271,,0.525650143623352,0.47434988617897034,IntegradorFuga,-0.9444143116474152,1.0
6335,left_hand,0.4999639689922333,0.5000360608100891,IntegradorFuga,-1.0224733233451844,1.0
6399,,0.5658096075057983,0.43419039249420166,IntegradorFuga,-0.19987526535987854,1.0
6463,,0.5905216932296753,0.4094783067703247,IntegradorFuga,-0.4366787612438202,1.0
6527,,0.5237072110176086,0.47629275918006897,IntegradorFuga,-0.747983980178833,1.0
6591,left_hand,0.5315349102020264,0.46846508979797363,IntegradorFuga,-1.071058762073517,1.0
6655,,0.7129493951797485,0.28705063462257385,IntegradorFuga,-0.8490456342697144,1.0
6719,left_hand,0.5969159603118896,0.40308403968811035,IntegradorFuga,-1.6603039741516112,1.0
6783,,0.500406801700592,0.49959319829940796,IntegradorFuga,-0.7310285568237305,1.0
6847,left_hand,0.5519039630889893,0.44809600710868835,IntegradorFuga,-1.418450617790222,1.0
6911,,0.4127565920352936,0.5872434377670288,IntegradorFuga,-0.5498653948307037,1.0
6975,,0.399008572101593,0.600991427898407,IntegradorFuga,-0.37184917330741885,1.0
7039,,0.391377329826355,0.6086227297782898,IntegradorFuga,0.21724436879158016,1.0
7103,,0.48351171612739563,0.5164883136749268,IntegradorFuga,0.6401281118392944,1.0
7167,,0.733624279499054,0.26637569069862366,IntegradorFuga,0.6995712220668793,1.0
7231,,0.6821593642234802,0.3178406059741974,IntegradorFuga,0.22020872831344596,1.0
7295,,0.6305833458900452,0.36941665410995483,IntegradorFuga,-0.7223033130168915,1.0
7359,left_hand,0.9340923428535461,0.06590769439935684,IntegradorFuga,-2.550245402753353,1.0
7423,left_hand,0.9208219647407532,0.07917798310518265,IntegradorFuga,-2.8025626689195633,1.0
7487,left_hand,0.9529182314872742,0.04708173871040344,IntegradorFuga,-3.2411505728960037,1.0
7551,left_hand,0.9459268450737,0.054073184728622437,IntegradorFuga,-3.7686854749917984,1.0
7615,left_hand,0.9623200297355652,0.03768002614378929,IntegradorFuga,-4.432158786803484,1.0
7679,left_hand,0.965893030166626,0.034106943756341934,IntegradorFuga,-4.495760224759579,1.0
7743,left_hand,0.9628855586051941,0.03711439296603203,IntegradorFuga,-4.57988740876317,1.0
7807,left_hand,0.9705130457878113,0.029486950486898422,IntegradorFuga,-4.615077011287212,1.0
7871,left_hand,0.981847882270813,0.01815207488834858,IntegradorFuga,-4.686919158324599,1.0
7935,left_hand,0.9775180220603943,0.022481949999928474,IntegradorFuga,-4.717315226793289,1.0
7999,left_hand,0.966184139251709,0.03381587192416191,IntegradorFuga,-4.717897407710552,1.0
8063,left_hand,0.9393201470375061,0.060679834336042404,IntegradorFuga,-4.670766554772854,1.0
8127,left_hand,0.9349921941757202,0.06500780582427979,IntegradorFuga,-4.599724847823381,1.0
8191,left_hand,0.8386706113815308,0.16132935881614685,IntegradorFuga,-4.313370293006301,1.0
8255,left_hand,0.7568464279174805,0.24315360188484192,IntegradorFuga,-3.8720270469784737,1.0
8319,left_hand,0.7513028979301453,0.24869708716869354,IntegradorFuga,-3.4422645904123783,1.0
8383,left_hand,0.9148645401000977,0.08513545244932175,IntegradorFuga,-3.3933533653616905,1.0
8447,left_hand,0.8961097598075867,0.10389029234647751,IntegradorFuga,-3.3155884444713593,1.0
8511,left_hand,0.803312361240387,0.19668765366077423,IntegradorFuga,-3.244871899485588,1.0
8575,left_hand,0.7603732943534851,0.2396266758441925,IntegradorFuga,-3.251925691962242,1.0
8639,left_hand,0.7280142307281494,0.2719857394695282,IntegradorFuga,-3.2053483724594116,1.0
8703,left_hand,0.6319836974143982,0.3680162727832794,IntegradorFuga,-2.6395867094397545,1.0
8767,left_hand,0.5691859126091003,0.43081408739089966,IntegradorFuga,-1.985739067196846,1.0
8831,left_hand,0.6795163154602051,0.3204836845397949,IntegradorFuga,-1.7381469905376434,1.0
8895,left_hand,0.7318650484085083,0.2681349217891693,IntegradorFuga,-1.6811304986476898,1.0
8959,left_hand,0.7739040851593018,0.22609592974185944,IntegradorFuga,-1.772910162806511,1.0
9023,left_hand,0.8617748618125916,0.13822507858276367,IntegradorFuga,-2.23249252140522,1.0
9087,left_hand,0.9465043544769287,0.053495630621910095,IntegradorFuga,-2.987129420042038,1.0
9151,left_hand,0.9596371650695801,0.04036279767751694,IntegradorFuga,-3.547371156513691,1.0
9215,left_hand,0.9551572203636169,0.04484284296631813,IntegradorFuga,-3.9939554072916508,1.0
9279,left_hand,0.8877755403518677,0.11222448199987411,IntegradorFuga,-4.221698310226202,1.0
9343,left_hand,0.34380242228507996,0.6561975479125977,IntegradorFuga,-3.1857534013688564,1.0
9407,left_hand,0.46509790420532227,0.534902036190033,IntegradorFuga,-2.222940545529127,1.0
9471,left_hand,0.7476533651351929,0.25234663486480713,IntegradorFuga,-1.7989729084074497,1.0
9535,left_hand,0.8763797283172607,0.12362022697925568,IntegradorFuga,-1.641418032348156,1.0
9599,left_hand,0.9022589325904846,0.09774109721183777,IntegradorFuga,-1.6703848093748093,1.0
9663,left_hand,0.8994724750518799,0.10052750259637833,IntegradorFuga,-2.7817249074578285,1.0
9727,left_hand,0.8723180294036865,0.12768195569515228,IntegradorFuga,-3.5961651131510735,1.0
9791,left_hand,0.8695306181907654,0.130469411611557,IntegradorFuga,-3.839919589459896,1.0
9855,left_hand,0.8803253769874573,0.11967463046312332,IntegradorFuga,-3.847810834646225,1.0
9919,left_hand,0.8685855269432068,0.1314144879579544,IntegradorFuga,-3.7804640382528305,1.0
9983,left_hand,0.8682987093925476,0.1317013055086136,IntegradorFuga,-3.718116469681263,1.0
10047,left_hand,0.7820152044296265,0.21798478066921234,IntegradorFuga,-3.537510819733143,1.0
10111,left_hand,0.7072250843048096,0.2927749454975128,IntegradorFuga,-3.2128997519612312,1.0
10175,left_hand,0.7977393865585327,0.20226064324378967,IntegradorFuga,-3.0477277487516403,1.0
10239,left_hand,0.8491114377975464,0.15088851749897003,IntegradorFuga,-3.0087796300649643,1.0
10303,left_hand,0.9183651208877563,0.08163490891456604,IntegradorFuga,-3.1089124381542206,1.0
10367,left_hand,0.9099265336990356,0.09007348865270615,IntegradorFuga,-3.364735059440136,1.0
10431,left_hand,0.9325506091117859,0.06744943559169769,IntegradorFuga,-3.8153860941529274,1.0
10495,left_hand,0.962181806564331,0.03781820461153984,IntegradorFuga,-4.144270952790976,1.0
10559,left_hand,0.9427321553230286,0.057267867028713226,IntegradorFuga,-4.3315123207867146,1.0
10623,left_hand,0.9816411137580872,0.018358884379267693,IntegradorFuga,-4.458064338192344,1.0
10687,left_hand,0.9872103929519653,0.012789647094905376,IntegradorFuga,-4.612632039003074,1.0
10751,left_hand,0.9887464642524719,0.01125349197536707,IntegradorFuga,-4.725023837760091,1.0
10815,left_hand,0.9870468378067017,0.012953214347362518,IntegradorFuga,-4.774753859266639,1.0
10879,left_hand,0.9910208582878113,0.008979137986898422,IntegradorFuga,-4.871331291273236,1.0
10943,left_hand,0.9921838641166687,0.007816118188202381,IntegradorFuga,-4.892416807822883,1.0
11007,left_hand,0.9925801157951355,0.007419872563332319,IntegradorFuga,-4.903156305197626,1.0
11071,left_hand,0.9922095537185669,0.007790485862642527,IntegradorFuga,-4.910082400776446,1.0
11135,left_hand,0.9928775429725647,0.0071224672719836235,IntegradorFuga,-4.921743853017688,1.0
11199,left_hand,0.9903618097305298,0.0096381651237607,IntegradorFuga,-4.920425777323544,1.0
11263,left_hand,0.9872260689735413,0.012773899361491203,IntegradorFuga,-4.910510201007128,1.0
11327,left_hand,0.9805499911308289,0.01944999396800995,IntegradorFuga,-4.8864499549381435,1.0
11391,left_hand,0.963454008102417,0.036545976996421814,IntegradorFuga,-4.828938918188214,1.0
11455,left_hand,0.9532385468482971,0.04676148295402527,IntegradorFuga,-4.749660906381905,1.0
11519,left_hand,0.9542994499206543,0.04570058360695839,IntegradorFuga,-4.677536128088832,1.0
11583,left_hand,0.8965039253234863,0.10349602997303009,IntegradorFuga,-4.496091853827238,1.0
11647,left_hand,0.874888002872467,0.12511207163333893,IntegradorFuga,-4.284767787903547,1.0
11711,left_hand,0.750676155090332,0.24932381510734558,IntegradorFuga,-3.8592120967805386,1.0
11775,left_hand,0.4562544524669647,0.5437455773353577,IntegradorFuga,-2.8652439080178738,1.0
11839,left_hand,0.46434086561203003,0.5356591939926147,IntegradorFuga,-1.8853267133235931,1.0
11903,,0.2690376341342926,0.730962336063385,IntegradorFuga,-0.6303941160440445,1.0
11967,,0.19914470613002777,0.800855278968811,IntegradorFuga,0.19069827198982248,1.0
12031,right_hand,0.13683320581912994,0.8631668090820312,IntegradorFuga,2.039476603269577,1.0
12095,right_hand,0.14846284687519073,0.8515371084213257,IntegradorFuga,2.5643614679574966,1.0
12159,right_hand,0.21127977967262268,0.7887202501296997,IntegradorFuga,3.070483610033989,1.0
12223,right_hand,0.24096524715423584,0.7590347528457642,IntegradorFuga,3.126628413796425,1.0
12287,right_hand,0.3123222291469574,0.6876777410507202,IntegradorFuga,2.9002733528614044,1.0
12351,right_hand,0.2864229381084442,0.7135770916938782,IntegradorFuga,2.601093903183937,1.0
12415,right_hand,0.20849056541919708,0.7915094494819641,IntegradorFuga,2.481038525700569,1.0
12479,right_hand,0.16123583912849426,0.8387641906738281,IntegradorFuga,2.581126406788826,1.0
12543,right_hand,0.14675424993038177,0.853245735168457,IntegradorFuga,2.769548386335373,1.0
12607,right_hand,0.10119086503982544,0.8988091349601746,IntegradorFuga,3.1918111443519592,1.0
12671,right_hand,0.1440330445766449,0.8559669852256775,IntegradorFuga,3.476590931415558,1.0
12735,right_hand,0.2288779467344284,0.7711220383644104,IntegradorFuga,3.435816138982773,1.0
12799,right_hand,0.21948745846748352,0.7805125713348389,IntegradorFuga,3.3193129003047943,1.0
12863,right_hand,0.10550504177808762,0.8944950103759766,IntegradorFuga,3.401811383664608,1.0
12927,right_hand,0.20423588156700134,0.795764148235321,IntegradorFuga,3.1957213804125786,1.0
12991,right_hand,0.13211780786514282,0.8678821921348572,IntegradorFuga,3.2195518240332603,1.0
13055,right_hand,0.09466629475355148,0.9053336381912231,IntegradorFuga,3.48797507584095,1.0
13119,right_hand,0.0594446063041687,0.9405553340911865,IntegradorFuga,3.8080606907606125,1.0
13183,right_hand,0.04872499033808708,0.9512749314308167,IntegradorFuga,3.921620663255453,1.0
13247,right_hand,0.042514368891716,0.9574856162071228,IntegradorFuga,4.24506364390254,1.0
13311,right_hand,0.040483538061380386,0.9595164656639099,IntegradorFuga,4.428332187235355,1.0
13375,right_hand,0.06990958750247955,0.9300903677940369,IntegradorFuga,4.477845624089241,1.0
13439,right_hand,0.20527492463588715,0.7947251200675964,IntegradorFuga,4.1861850917339325,1.0
13503,right_hand,0.2791479229927063,0.7208521366119385,IntegradorFuga,3.725339364260435,1.0
13567,right_hand,0.16136252880096436,0.8386374711990356,IntegradorFuga,3.4876430593430996,1.0
13631,right_hand,0.10511738061904907,0.8948826193809509,IntegradorFuga,3.358375370502472,1.0
13695,right_hand,0.14046677947044373,0.8595332503318787,IntegradorFuga,3.2172610610723495,1.0
13759,right_hand,0.1625763475894928,0.8374236226081848,IntegradorFuga,3.3026581406593323,1.0
13823,right_hand,0.36469945311546326,0.6353005170822144,IntegradorFuga,3.131554991006851,1.0
13887,right_hand,0.30504676699638367,0.694953203201294,IntegradorFuga,2.84418648481369,1.0
13951,right_hand,0.5785526037216187,0.42144742608070374,IntegradorFuga,1.8973160684108734,1.0
14015,,0.7405972480773926,0.25940272212028503,IntegradorFuga,0.6970550715923309,1.0
14079,,0.7623069882392883,0.23769304156303406,IntegradorFuga,0.09464892148971549,1.0
14143,left_hand,0.8025195598602295,0.19748038053512573,IntegradorFuga,-1.3780463933944702,1.0
14207,left_hand,0.9135146737098694,0.0864853709936142,IntegradorFuga,-2.5949821323156357,1.0
14271,left_hand,0.9339516758918762,0.06604831665754318,IntegradorFuga,-3.305780313909054,1.0
14335,left_hand,0.8965192437171936,0.1034807488322258,IntegradorFuga,-3.617624282836914,1.0
14399,left_hand,0.8941536545753479,0.1058463379740715,IntegradorFuga,-3.881317652761936,1.0
14463,left_hand,0.9112226366996765,0.08877739310264587,IntegradorFuga,-4.098723717033863,1.0
14527,left_hand,0.9017525315284729,0.09824741631746292,IntegradorFuga,-4.075199529528618,1.0
14591,left_hand,0.9168931841850281,0.0831068605184555,IntegradorFuga,-4.041082493960857,1.0
14655,left_hand,0.904115617275238,0.09588439762592316,IntegradorFuga,-4.0562752187252045,1.0
14719,left_hand,0.8340529799461365,0.1659470498561859,IntegradorFuga,-3.9360738322138786,1.0
14783,left_hand,0.8803865909576416,0.11961334943771362,IntegradorFuga,-3.874401830136776,1.0
14847,left_hand,0.9083717465400696,0.09162823110818863,IntegradorFuga,-3.887640230357647,1.0
14911,left_hand,0.8623479008674622,0.13765206933021545,IntegradorFuga,-3.778549738228321,1.0
14975,left_hand,0.7961951494216919,0.2038048356771469,IntegradorFuga,-3.562708832323551,1.0
15039,left_hand,0.7086701393127441,0.2913298010826111,IntegradorFuga,-3.3119432404637337,1.0
15103,left_hand,0.47634539008140564,0.5236546397209167,IntegradorFuga,-2.5038607493042946,1.0
15167,left_hand,0.35244181752204895,0.6475581526756287,IntegradorFuga,-1.392000898718834,1.0
15231,,0.06005251035094261,0.9399474263191223,IntegradorFuga,0.21258984878659248,1.0
15295,right_hand,0.0528385303914547,0.9471614956855774,IntegradorFuga,1.8118929766118526,1.0
15359,right_hand,0.04973987117409706,0.9502601623535156,IntegradorFuga,3.017163757234812,1.0
15423,right_hand,0.054860811680555344,0.9451391696929932,IntegradorFuga,3.8601328656077385,1.0
15487,right_hand,0.0384707897901535,0.9615292549133301,IntegradorFuga,4.488074995577335,1.0
15551,right_hand,0.06445902585983276,0.935541033744812,IntegradorFuga,4.479262087494135,1.0
15615,right_hand,0.15085290372371674,0.8491471409797668,IntegradorFuga,4.283233359456062,1.0
15679,right_hand,0.2814926207065582,0.7185073494911194,IntegradorFuga,3.819727797061205,1.0
15743,right_hand,0.2857000231742859,0.7143000364303589,IntegradorFuga,3.35804945230484,1.0
15807,right_hand,0.19503530859947205,0.8049647212028503,IntegradorFuga,3.044920399785042,1.0
15871,right_hand,0.19244781136512756,0.80755215883255,IntegradorFuga,2.788942739367485,1.0
15935,right_hand,0.362199604511261,0.637800395488739,IntegradorFuga,2.366249293088913,1.0
15999,right_hand,0.39147740602493286,0.6085225939750671,IntegradorFuga,2.146279752254486,1.0
16063,right_hand,0.3514727056026459,0.6485272645950317,IntegradorFuga,2.014734297990799,1.0
16127,right_hand,0.40849193930625916,0.5915080904960632,IntegradorFuga,1.5878210365772247,1.0
16191,right_hand,0.46734046936035156,0.5326595306396484,IntegradorFuga,1.0380357503890991,1.0
16255,,0.5632147789001465,0.43678519129753113,IntegradorFuga,0.6360053718090057,1.0
16319,,0.5843148827552795,0.41568514704704285,IntegradorFuga,0.7863358199596404,1.0
16383,,0.6268582940101624,0.37314173579216003,IntegradorFuga,0.385895150899887,1.0
16447,,0.6110691428184509,0.3889308571815491,IntegradorFuga,-0.4196999549865723,1.0
16511,left_hand,0.5457265973091125,0.45427337288856506,IntegradorFuga,-1.1820673465728762,1.0
16575,,0.503101110458374,0.496898889541626,IntegradorFuga,-0.7421400249004364,1.0
16639,left_hand,0.5438923835754395,0.45610764622688293,IntegradorFuga,-1.3034350514411925,1.0
16703,,0.5605500340461731,0.43944990634918213,IntegradorFuga,-0.5286785960197449,1.0
16767,,0.5708408355712891,0.42915916442871094,IntegradorFuga,-0.876900577545166,1.0
16831,left_hand,0.45590266585350037,0.5440973043441772,IntegradorFuga,-1.0454746961593628,1.0
16895,,0.36799880862236023,0.6320011615753174,IntegradorFuga,0.0016304552555084229,1.0
16959,,0.4606132209300995,0.5393868088722229,IntegradorFuga,0.16818878054618835,1.0
17023,,0.555126965045929,0.44487300515174866,IntegradorFuga,0.2472237288951874,1.0
17087,,0.7577234506607056,0.24227654933929443,IntegradorFuga,-0.04750655293464656,1.0
17151,,0.7616623044013977,0.2383376806974411,IntegradorFuga,-0.8062495440244675,1.0
17215,left_hand,0.6489173769950867,0.3510826826095581,IntegradorFuga,-2.0743361353874206,1.0
17279,left_hand,0.6221890449523926,0.37781089544296265,IntegradorFuga,-1.6912383288145065,1.0
17343,left_hand,0.5668345093727112,0.43316546082496643,IntegradorFuga,-1.714653417468071,1.0
17407,,0.3077125549316406,0.6922875046730042,IntegradorFuga,-0.8146315664052963,1.0
17471,,0.15021847188472748,0.8497815132141113,IntegradorFuga,-0.3063754677772521,1.0
17535,right_hand,0.12878787517547607,0.8712121248245239,IntegradorFuga,1.2421395748853685,1.0
17599,right_hand,0.29483431577682495,0.705165684223175,IntegradorFuga,2.1032245606184006,1.0
17663,right_hand,0.26679086685180664,0.7332091331481934,IntegradorFuga,2.703311875462532,1.0
17727,right_hand,0.2720097005367279,0.7279902696609497,IntegradorFuga,2.7747174948453903,1.0
17791,right_hand,0.5870130658149719,0.41298696398735046,IntegradorFuga,1.901128351688385,1.0
17855,,0.6724277138710022,0.3275723159313202,IntegradorFuga,0.8138487040996552,1.0
17919,,0.6299405097961426,0.3700595200061798,IntegradorFuga,0.8574850499629973,1.0
17983,,0.7528640031814575,0.24713601171970367,IntegradorFuga,-0.07102486193180102,1.0
18047,left_hand,0.6928314566612244,0.30716848373413086,IntegradorFuga,-1.6701534539461136,1.0
18111,left_hand,0.7198262810707092,0.28017374873161316,IntegradorFuga,-1.9357798844575882,1.0
18175,left_hand,0.7118423581123352,0.28815770149230957,IntegradorFuga,-2.014609143137932,1.0
18239,left_hand,0.8097358345985413,0.19026418030261993,IntegradorFuga,-2.3741998076438904,1.0
18303,left_hand,0.8781178593635559,0.12188216298818588,IntegradorFuga,-2.6247075125575066,1.0
18367,left_hand,0.9510018825531006,0.04899805784225464,IntegradorFuga,-3.141048364341259,1.0
18431,left_hand,0.9836829304695129,0.016317099332809448,IntegradorFuga,-3.6687616631388664,1.0
18495,left_hand,0.9850249886512756,0.01497501228004694,IntegradorFuga,-4.2151269828900695,1.0
18559,left_hand,0.9870426654815674,0.012957402504980564,IntegradorFuga,-4.569740591570735,1.0
18623,left_hand,0.9869545102119446,0.01304550375789404,IntegradorFuga,-4.7874139016494155,1.0
18687,left_hand,0.9865177273750305,0.013482201844453812,IntegradorFuga,-4.858445602469146,1.0
18751,left_hand,0.9844784736633301,0.015521585009992123,IntegradorFuga,-4.860036659985781,1.0
18815,left_hand,0.9840160608291626,0.015983980149030685,IntegradorFuga,-4.858018764294684,1.0
18879,left_hand,0.9832006692886353,0.01679934561252594,IntegradorFuga,-4.850334824994206,1.0
18943,left_hand,0.983173668384552,0.016826270148158073,IntegradorFuga,-4.84277321677655,1.0
19007,left_hand,0.9840696454048157,0.01593036949634552,IntegradorFuga,-4.837876967154443,1.0
19071,left_hand,0.9781284928321838,0.021871544420719147,IntegradorFuga,-4.82517702691257,1.0
19135,left_hand,0.9780368208885193,0.02196323685348034,IntegradorFuga,-4.813218530267477,1.0
19199,left_hand,0.9661058187484741,0.03389420732855797,IntegradorFuga,-4.779028818011284,1.0
19263,left_hand,0.9379419684410095,0.06205803155899048,IntegradorFuga,-4.688565356656909,1.0
19327,left_hand,0.8864547610282898,0.1135452389717102,IntegradorFuga,-4.493335602805018,1.0
19391,left_hand,0.8462094664573669,0.15379050374031067,IntegradorFuga,-4.22949761711061,1.0
19455,left_hand,0.765258252620697,0.2347416877746582,IntegradorFuga,-3.80394059792161,1.0
19519,left_hand,0.7137774229049683,0.28622257709503174,IntegradorFuga,-3.2992838323116302,1.0
19583,left_hand,0.547354519367218,0.4526454508304596,IntegradorFuga,-2.5181089639663696,1.0
19647,left_hand,0.8797473907470703,0.1202525869011879,IntegradorFuga,-2.5046942457556725,1.0
19711,left_hand,0.8766666054725647,0.12333343178033829,IntegradorFuga,-2.5656084567308426,1.0
19775,left_hand,0.8860835433006287,0.11391641199588776,IntegradorFuga,-2.8072590231895447,1.0
19839,left_hand,0.8971048593521118,0.10289513319730759,IntegradorFuga,-3.1739139035344124,1.0
19903,left_hand,0.9090176820755005,0.09098229557275772,IntegradorFuga,-3.8972402215003967,1.0
19967,left_hand,0.9414870142936707,0.058512989431619644,IntegradorFuga,-4.020719442516565,1.0
20031,left_hand,0.9219257831573486,0.07807426899671555,IntegradorFuga,-4.111237782984972,1.0
20095,left_hand,0.9695357084274292,0.030464356765151024,IntegradorFuga,-4.278142003342509,1.0
20159,left_hand,0.9882825016975403,0.011717456392943859,IntegradorFuga,-4.4604973224923015,1.0
20223,left_hand,0.9860240817070007,0.013975868932902813,IntegradorFuga,-4.614510148763657,1.0
20287,left_hand,0.9747890830039978,0.02521088905632496,IntegradorFuga,-4.6811143178492785,1.0
20351,left_hand,0.9512106776237488,0.0487893745303154,IntegradorFuga,-4.739684106782079,1.0
20415,left_hand,0.8224955201148987,0.1775044947862625,IntegradorFuga,-4.445603780448437,1.0
20479,left_hand,0.7930202484130859,0.20697978138923645,IntegradorFuga,-4.05507920216769,1.0
20543,left_hand,0.6634150147438049,0.3365849554538727,IntegradorFuga,-3.409861048683524,1.0
20607,left_hand,0.6245388984680176,0.37546104192733765,IntegradorFuga,-2.709360711276531,1.0
20671,left_hand,0.6654620170593262,0.33453798294067383,IntegradorFuga,-2.13786344230175,1.0
20735,left_hand,0.577037513256073,0.4229625165462494,IntegradorFuga,-1.6469474136829376,1.0
20799,left_hand,0.5848672986030579,0.4151327311992645,IntegradorFuga,-1.2306415140628815,1.0
20863,,0.34201356768608093,0.6579864025115967,IntegradorFuga,-0.5878386199474335,1.0
20927,,0.3571746349334717,0.6428253650665283,IntegradorFuga,-0.5409486532211303,1.0
20991,,0.22256319224834442,0.7774367928504944,IntegradorFuga,0.3917389482259751,1.0
21055,right_hand,0.11447329819202423,0.885526716709137,IntegradorFuga,2.049554964900017,1.0
21119,right_hand,0.06568204611539841,0.9343178868293762,IntegradorFuga,2.796186424791813,1.0
21183,right_hand,0.06474591046571732,0.9352540969848633,IntegradorFuga,3.350721776485443,1.0
21247,right_hand,0.14541688561439514,0.8545830845832825,IntegradorFuga,3.774237245321274,1.0
21311,right_hand,0.3685314655303955,0.6314685940742493,IntegradorFuga,3.4823007732629776,1.0
21375,right_hand,0.5597057342529297,0.4402942657470703,IntegradorFuga,2.5918358862400055,1.0
21439,right_hand,0.6421629786491394,0.3578369915485382,IntegradorFuga,1.4388740584254265,1.0
21503,,0.7871943712234497,0.2128056436777115,IntegradorFuga,-0.006022855639457703,1.0
21567,left_hand,0.6874127388000488,0.3125872313976288,IntegradorFuga,-1.090014562010765,1.0
21631,left_hand,0.6924210786819458,0.3075789511203766,IntegradorFuga,-1.737793818116188,1.0
21695,left_hand,0.707362711429596,0.29263731837272644,IntegradorFuga,-2.033107742667198,1.0
21759,left_hand,0.7161334753036499,0.2838664948940277,IntegradorFuga,-2.181048735976219,1.0
21823,left_hand,0.7808642983436584,0.21913568675518036,IntegradorFuga,-2.168388620018959,1.0
21887,left_hand,0.8175606727600098,0.182439386844635,IntegradorFuga,-2.4286843985319138,1.0
21951,left_hand,0.8505521416664124,0.14944787323474884,IntegradorFuga,-2.744946539402008,1.0
22015,left_hand,0.9133437275886536,0.08665629476308823,IntegradorFuga,-3.156908579170704,1.0
22079,left_hand,0.9616926312446594,0.03830742835998535,IntegradorFuga,-3.6480268016457558,1.0
22143,left_hand,0.978367805480957,0.021632220596075058,IntegradorFuga,-4.04303377494216,1.0
22207,left_hand,0.9748942255973816,0.02510572038590908,IntegradorFuga,-4.357700994238257,1.0
22271,left_hand,0.9459987282752991,0.054001227021217346,IntegradorFuga,-4.548594227060676,1.0
22335,left_hand,0.8873395323753357,0.11266043037176132,IntegradorFuga,-4.496585896238685,1.0
22399,left_hand,0.8324437141418457,0.16755622625350952,IntegradorFuga,-4.238088181242347,1.0
22463,left_hand,0.8000763654708862,0.19992364943027496,IntegradorFuga,-3.881505312398076,1.0
22527,left_hand,0.9104700088500977,0.08952997624874115,IntegradorFuga,-3.75265683978796,1.0
22591,left_hand,0.9614930748939514,0.03850695490837097,IntegradorFuga,-3.7836454585194588,1.0
22655,left_hand,0.9559317827224731,0.044068239629268646,IntegradorFuga,-3.920829899609089,1.0
22719,left_hand,0.9589526653289795,0.041047368198633194,IntegradorFuga,-4.173847708851099,1.0
22783,left_hand,0.9680711030960083,0.03192891553044319,IntegradorFuga,-4.509837180376053,1.0
22847,left_hand,0.9748623967170715,0.0251376423984766,IntegradorFuga,-4.638621902093291,1.0
22911,left_hand,0.9784520268440247,0.021547948941588402,IntegradorFuga,-4.672539860010147,1.0
22975,left_hand,0.9870721697807312,0.012927858158946037,IntegradorFuga,-4.734820628538728,1.0
23039,left_hand,0.982163667678833,0.017836304381489754,IntegradorFuga,-4.781242694705725,1.0
23103,left_hand,0.9804259538650513,0.01957407034933567,IntegradorFuga,-4.805952390655875,1.0
23167,left_hand,0.9902837872505188,0.00971619039773941,IntegradorFuga,-4.83679523319006,1.0
23231,left_hand,0.9952672719955444,0.004732754081487656,IntegradorFuga,-4.87042567320168,1.0
23295,left_hand,0.9952594637870789,0.004740540403872728,IntegradorFuga,-4.886800284963101,1.0
23359,left_hand,0.9937105178833008,0.006289454642683268,IntegradorFuga,-4.909893984906375,1.0
23423,left_hand,0.9916531443595886,0.00834681373089552,IntegradorFuga,-4.932348432019353,1.0
23487,left_hand,0.9938166737556458,0.00618326012045145,IntegradorFuga,-4.939414248801768,1.0
23551,left_hand,0.9910534024238586,0.008946601301431656,IntegradorFuga,-4.930986532010138,1.0
23615,left_hand,0.991497814655304,0.008502164855599403,IntegradorFuga,-4.9234632584266365,1.0
23679,left_hand,0.9783350825309753,0.021664954721927643,IntegradorFuga,-4.892712322995067,1.0
23743,left_hand,0.9802911281585693,0.019708890467882156,IntegradorFuga,-4.869988230057061,1.0
23807,left_hand,0.9752092957496643,0.024790748953819275,IntegradorFuga,-4.8327733632177114,1.0
23871,left_hand,0.9733399748802185,0.026660054922103882,IntegradorFuga,-4.797346482053399,1.0
23935,left_hand,0.974100649356842,0.025899307802319527,IntegradorFuga,-4.762552173808217,1.0
23999,left_hand,0.9760128855705261,0.023987093940377235,IntegradorFuga,-4.757907837629318,1.0
24063,left_hand,0.96893310546875,0.031066864728927612,IntegradorFuga,-4.7351918406784534,1.0
24127,left_hand,0.9674211144447327,0.032578952610492706,IntegradorFuga,-4.719615455716848,1.0
24191,left_hand,0.9544379115104675,0.04556206986308098,IntegradorFuga,-4.68181137740612,1.0
24255,left_hand,0.9376533627510071,0.06234658509492874,IntegradorFuga,-4.608916813507676,1.0
24319,left_hand,0.9266029596328735,0.07339700311422348,IntegradorFuga,-4.510096978396177,1.0
24383,left_hand,0.9066295623779297,0.09337042272090912,IntegradorFuga,-4.3854898773133755,1.0
24447,left_hand,0.8888676762580872,0.11113227903842926,IntegradorFuga,-4.228383112698793,1.0
24511,left_hand,0.8238179683685303,0.17618206143379211,IntegradorFuga,-3.967143177986145,1.0
24575,left_hand,0.8976739048957825,0.1023261770606041,IntegradorFuga,-3.887184128165245,1.0
24639,left_hand,0.9090108275413513,0.09098915010690689,IntegradorFuga,-3.8519998490810394,1.0
24703,left_hand,0.8546858429908752,0.14531418681144714,IntegradorFuga,-3.748112365603447,1.0
24767,left_hand,0.849139392375946,0.15086062252521515,IntegradorFuga,-3.66865573823452,1.0
24831,left_hand,0.8999602794647217,0.1000397726893425,IntegradorFuga,-3.820940338075161,1.0
24895,left_hand,0.8021290898323059,0.1978708952665329,IntegradorFuga,-3.6298508048057556,1.0
24959,left_hand,0.7798274159431458,0.22017258405685425,IntegradorFuga,-3.3714839592576027,1.0
25023,left_hand,0.7093732357025146,0.29062676429748535,IntegradorFuga,-3.080858774483204,1.0
25087,left_hand,0.809741735458374,0.1902582347393036,IntegradorFuga,-3.0020635053515434,1.0
25151,left_hand,0.8851044774055481,0.11489555239677429,IntegradorFuga,-2.972351923584938,1.0
25215,left_hand,0.9073472619056702,0.09265269339084625,IntegradorFuga,-3.182788297533989,1.0
25279,left_hand,0.9604035019874573,0.03959651291370392,IntegradorFuga,-3.543940454721451,1.0
25343,left_hand,0.954838752746582,0.04516126960515976,IntegradorFuga,-4.034871466457844,1.0
25407,left_hand,0.955897331237793,0.044102638959884644,IntegradorFuga,-4.327182658016682,1.0
25471,left_hand,0.9620575904846191,0.03794240206480026,IntegradorFuga,-4.481088921427727,1.0
25535,left_hand,0.9705479741096497,0.029452094808220863,IntegradorFuga,-4.607490232214332,1.0
25599,left_hand,0.9680242538452148,0.031975772231817245,IntegradorFuga,-4.622731724753976,1.0
25663,left_hand,0.9613193273544312,0.03868062421679497,IntegradorFuga,-4.63569294475019,1.0
25727,left_hand,0.9223005771636963,0.07769940793514252,IntegradorFuga,-4.568499421700835,1.0
25791,left_hand,0.9153568744659424,0.08464306592941284,IntegradorFuga,-4.475098041817546,1.0
25855,left_hand,0.9323365688323975,0.06766337156295776,IntegradorFuga,-4.398675359785557,1.0
25919,left_hand,0.9257880449295044,0.07421200722455978,IntegradorFuga,-4.314202915877104,1.0
25983,left_hand,0.9310433268547058,0.06895670294761658,IntegradorFuga,-4.253650836646557,1.0
26047,left_hand,0.8881937265396118,0.11180621385574341,IntegradorFuga,-4.1854371801018715,1.0
26111,left_hand,0.8889361619949341,0.11106378585100174,IntegradorFuga,-4.132595747709274,1.0
26175,left_hand,0.8492200374603271,0.15077994763851166,IntegradorFuga,-3.96636264026165,1.0
26239,left_hand,0.8613595962524414,0.1386403739452362,IntegradorFuga,-3.8375058248639107,1.0
26303,left_hand,0.8728498220443726,0.12715017795562744,IntegradorFuga,-3.7211188450455666,1.0
26367,left_hand,0.8804251551628113,0.11957485973834991,IntegradorFuga,-3.7055816277861595,1.0
26431,left_hand,0.9145401120185852,0.08545992523431778,IntegradorFuga,-3.7567894384264946,1.0
26495,left_hand,0.9423639178276062,0.05763610452413559,IntegradorFuga,-3.9430771619081497,1.0
26559,left_hand,0.9677969813346863,0.032203011214733124,IntegradorFuga,-4.155951909720898,1.0
26623,left_hand,0.9857010841369629,0.014298941940069199,IntegradorFuga,-4.381654407829046,1.0
26687,left_hand,0.9873535633087158,0.012646449729800224,IntegradorFuga,-4.5955112259835005,1.0
26751,left_hand,0.9873532056808472,0.012646825052797794,IntegradorFuga,-4.741137419827282,1.0
26815,left_hand,0.9862667322158813,0.01373326312750578,IntegradorFuga,-4.828943075612187,1.0
26879,left_hand,0.9881845712661743,0.011815409176051617,IntegradorFuga,-4.869718267582357,1.0
26943,left_hand,0.9899781942367554,0.01002182811498642,IntegradorFuga,-4.878272491507232,1.0
27007,left_hand,0.9933719635009766,0.006628020200878382,IntegradorFuga,-4.890309321228415,1.0
27071,left_hand,0.9928877949714661,0.007112216204404831,IntegradorFuga,-4.901378519367427,1.0
27135,left_hand,0.9928434491157532,0.007156579289585352,IntegradorFuga,-4.914531920105219,1.0
27199,left_hand,0.9926556348800659,0.007344404235482216,IntegradorFuga,-4.92347398865968,1.0
27263,left_hand,0.992887556552887,0.007112452294677496,IntegradorFuga,-4.92929272679612,1.0
27327,left_hand,0.9910270571708679,0.008972954005002975,IntegradorFuga,-4.924602886661887,1.0
27391,left_hand,0.9869179129600525,0.013082102872431278,IntegradorFuga,-4.912663117982447,1.0
27455,left_hand,0.9806309938430786,0.01936900056898594,IntegradorFuga,-4.888238241430372,1.0
27519,left_hand,0.9631173610687256,0.03688265383243561,IntegradorFuga,-4.829161718022078,1.0
27583,left_hand,0.8693230748176575,0.13067695498466492,IntegradorFuga,-4.582032733596861,1.0
27647,left_hand,0.8004440665245056,0.1995559185743332,IntegradorFuga,-4.200866778381169,1.0
27711,left_hand,0.7698348164558411,0.2301652580499649,IntegradorFuga,-3.766700526699424,1.0
27775,left_hand,0.7186647653579712,0.2813352644443512,IntegradorFuga,-3.242768034338951,1.0
27839,left_hand,0.5075682401657104,0.49243175983428955,IntegradorFuga,-2.331669807434082,1.0
27903,,0.1720009446144104,0.8279990553855896,IntegradorFuga,-0.9370255768299103,1.0
27967,,0.08101392537355423,0.9189860820770264,IntegradorFuga,-0.3351908490061759,1.0
28031,right_hand,0.054288722574710846,0.9457112550735474,IntegradorFuga,1.6977359697222711,1.0
28095,right_hand,0.07334981113672256,0.9266501665115356,IntegradorFuga,3.22355667501688,1.0
28159,right_hand,0.03425070270895958,0.9657492637634277,IntegradorFuga,4.170191716402769,1.0
28223,right_hand,0.025653693825006485,0.9743462800979614,IntegradorFuga,4.462886191904545,1.0
28287,right_hand,0.02939894236624241,0.9706010818481445,IntegradorFuga,4.566116174682975,1.0
28351,right_hand,0.04486370459198952,0.9551362991333008,IntegradorFuga,4.58496623672545,1.0
28415,right_hand,0.052826449275016785,0.9471734762191772,IntegradorFuga,4.626012908294797,1.0
28479,right_hand,0.06770894676446915,0.9322910904884338,IntegradorFuga,4.5590964909642935,1.0
28543,right_hand,0.11526288837194443,0.8847370743751526,IntegradorFuga,4.379878090694547,1.0
28607,right_hand,0.17356202006340027,0.8264379501342773,IntegradorFuga,4.091551881283522,1.0
28671,right_hand,0.17234167456626892,0.8276582956314087,IntegradorFuga,3.83659590780735,1.0
28735,right_hand,0.38906553387641907,0.6109344959259033,IntegradorFuga,3.164117842912674,1.0
28799,right_hand,0.2689659297466278,0.7310341000556946,IntegradorFuga,2.761603869497776,1.0
28863,right_hand,0.28313639760017395,0.7168635725975037,IntegradorFuga,2.4258568584918976,1.0
28927,right_hand,0.3340766429901123,0.6659232974052429,IntegradorFuga,2.104827582836151,1.0
28991,right_hand,0.30611369013786316,0.6938862800598145,IntegradorFuga,1.8372835516929626,1.0
29055,right_hand,0.33720117807388306,0.6627987623214722,IntegradorFuga,1.9410121738910675,1.0
29119,right_hand,0.389994353055954,0.6100056171417236,IntegradorFuga,1.6989552676677704,1.0
29183,right_hand,0.4143465459346771,0.5856534838676453,IntegradorFuga,1.4365350306034088,1.0
29247,right_hand,0.3093567490577698,0.6906432509422302,IntegradorFuga,1.4859748780727386,1.0
29311,right_hand,0.2981009781360626,0.7018990516662598,IntegradorFuga,1.5020003616809845,1.0
29375,right_hand,0.24583125114440918,0.754168689250946,IntegradorFuga,1.6847402155399323,1.0
29439,right_hand,0.21635635197162628,0.7836437225341797,IntegradorFuga,2.032016322016716,1.0
29503,right_hand,0.22949883341789246,0.7705011367797852,IntegradorFuga,2.4017116874456406,1.0
29567,right_hand,0.2271883636713028,0.7728115916252136,IntegradorFuga,2.566048413515091,1.0
29631,right_hand,0.19140781462192535,0.8085922002792358,IntegradorFuga,2.7794347256422043,1.0
29695,right_hand,0.7249934077262878,0.27500656247138977,IntegradorFuga,1.8211104422807693,1.0
29759,,0.7843072414398193,0.21569275856018066,IntegradorFuga,0.6852085888385773,1.0
29823,,0.8492456078529358,0.15075436234474182,IntegradorFuga,0.030923628807067782,1.0
29887,left_hand,0.9248189330101013,0.07518110424280167,IntegradorFuga,-1.9495460167527199,1.0
29951,left_hand,0.9500818252563477,0.04991815984249115,IntegradorFuga,-3.466894067823887,1.0
30015,left_hand,0.9758477807044983,0.024152174592018127,IntegradorFuga,-3.968602828681469,1.0
30079,left_hand,0.9836770296096802,0.01632295362651348,IntegradorFuga,-4.367342421784997,1.0
30143,left_hand,0.9751928448677063,0.02480718120932579,IntegradorFuga,-4.6192368399351835,1.0
30207,left_hand,0.970155656337738,0.029844405129551888,IntegradorFuga,-4.70991026237607,1.0
30271,left_hand,0.9285192489624023,0.07148072868585587,IntegradorFuga,-4.66678511723876,1.0
30335,left_hand,0.9437641501426697,0.05623583868145943,IntegradorFuga,-4.60261782258749,1.0
30399,left_hand,0.9248359799385071,0.07516402006149292,IntegradorFuga,-4.4849357064813375,1.0
30463,left_hand,0.909423828125,0.09057620912790298,IntegradorFuga,-4.353397661820054,1.0
30527,left_hand,0.8850182294845581,0.1149817407131195,IntegradorFuga,-4.1831228993833065,1.0
30591,left_hand,0.8526909351348877,0.14730903506278992,IntegradorFuga,-4.031466279178858,1.0
30655,left_hand,0.8254655003547668,0.17453452944755554,IntegradorFuga,-3.794868938624859,1.0
30719,left_hand,0.903883159160614,0.0961168110370636,IntegradorFuga,-3.752963326871395,1.0
30783,left_hand,0.8490209579467773,0.15097901225090027,IntegradorFuga,-3.632157653570175,1.0
30847,left_hand,0.8027462959289551,0.19725371897220612,IntegradorFuga,-3.4676137417554855,1.0
30911,left_hand,0.5224298238754272,0.477570116519928,IntegradorFuga,-2.807091549038887,1.0
30975,left_hand,0.3342079818248749,0.6657920479774475,IntegradorFuga,-1.824576511979103,1.0
31039,left_hand,0.5474523901939392,0.4525476098060608,IntegradorFuga,-1.111714944243431,1.0
31103,left_hand,0.8363872766494751,0.16361278295516968,IntegradorFuga,-1.0864474922418594,1.0
31167,left_hand,0.8896066546440125,0.11039334535598755,IntegradorFuga,-1.2601682245731354,1.0
31231,left_hand,0.9195181727409363,0.08048184216022491,IntegradorFuga,-2.0543448477983475,1.0
31295,left_hand,0.9607219696044922,0.03927809000015259,IntegradorFuga,-3.3073727935552597,1.0
31359,left_hand,0.9334900975227356,0.0665099248290062,IntegradorFuga,-4.079448185861111,1.0
31423,left_hand,0.9602300524711609,0.039770014584064484,IntegradorFuga,-4.327133730053902,1.0
31487,left_hand,0.9799013137817383,0.020098676905035973,IntegradorFuga,-4.507723057642579,1.0
31551,left_hand,0.9844211339950562,0.015578856691718102,IntegradorFuga,-4.637529004365206,1.0
31615,left_hand,0.972162127494812,0.02783789113163948,IntegradorFuga,-4.660409361124039,1.0
31679,left_hand,0.9673644304275513,0.03263555094599724,IntegradorFuga,-4.728158067911863,1.0
31743,left_hand,0.9638796448707581,0.03612038120627403,IntegradorFuga,-4.735457293689251,1.0
31807,left_hand,0.9785272479057312,0.021472787484526634,IntegradorFuga,-4.732709117233753,1.0
31871,left_hand,0.9821150302886963,0.01788495108485222,IntegradorFuga,-4.728096919134259,1.0
31935,left_hand,0.9798035621643066,0.02019638754427433,IntegradorFuga,-4.743379857391119,1.0
31999,left_hand,0.9848284125328064,0.015171590261161327,IntegradorFuga,-4.77830780018121,1.0
32063,left_hand,0.9843763113021851,0.015623703598976135,IntegradorFuga,-4.819301144219935,1.0
32127,left_hand,0.9818912148475647,0.018108783289790154,IntegradorFuga,-4.826029115356505,1.0
32191,left_hand,0.9835357666015625,0.0164642296731472,IntegradorFuga,-4.828870573081076,1.0
32255,left_hand,0.9849427938461304,0.015057232230901718,IntegradorFuga,-4.8391489600762725,1.0
32319,left_hand,0.9869658946990967,0.013034125789999962,IntegradorFuga,-4.843423906713724,1.0
32383,left_hand,0.9860388040542603,0.013961177319288254,IntegradorFuga,-4.846748925745487,1.0
32447,left_hand,0.9846582412719727,0.015341740101575851,IntegradorFuga,-4.8522829953581095,1.0
32511,left_hand,0.9862902760505676,0.013709749095141888,IntegradorFuga,-4.85779198538512,1.0
32575,left_hand,0.9869300127029419,0.013069961220026016,IntegradorFuga,-4.861766475252807,1.0
32639,left_hand,0.9838618636131287,0.016138125211000443,IntegradorFuga,-4.855558444745839,1.0
32703,left_hand,0.9841189384460449,0.015881139785051346,IntegradorFuga,-4.85171861667186,1.0
32767,left_hand,0.9862040281295776,0.013795960694551468,IntegradorFuga,-4.85481018293649,1.0
32831,left_hand,0.9838436245918274,0.01615632139146328,IntegradorFuga,-4.849916959181428,1.0
32895,left_hand,0.9787476062774658,0.02125238999724388,IntegradorFuga,-4.833552123978734,1.0
32959,left_hand,0.9762553572654724,0.023744598031044006,IntegradorFuga,-4.818339144811034,1.0
33023,left_hand,0.978934109210968,0.021065834909677505,IntegradorFuga,-4.807969620451331,1.0
33087,left_hand,0.9707925915718079,0.029207400977611542,IntegradorFuga,-4.777146743610501,1.0
33151,left_hand,0.9667254090309143,0.03327455371618271,IntegradorFuga,-4.742910295724869,1.0
33215,left_hand,0.9545468091964722,0.045453187078237534,IntegradorFuga,-4.6945087015628815,1.0
33279,left_hand,0.9599031209945679,0.04009680822491646,IntegradorFuga,-4.6618042550981045,1.0
33343,left_hand,0.9695489406585693,0.030451059341430664,IntegradorFuga,-4.643033862113953,1.0
33407,left_hand,0.9640876650810242,0.03591233119368553,IntegradorFuga,-4.629624005407095,1.0
33471,left_hand,0.9587625861167908,0.04123742878437042,IntegradorFuga,-4.613698307424784,1.0
33535,left_hand,0.9702891707420349,0.02971080131828785,IntegradorFuga,-4.645183054730296,1.0
33599,left_hand,0.9730036854743958,0.026996321976184845,IntegradorFuga,-4.671384105458856,1.0
33663,left_hand,0.9642865061759949,0.03571352735161781,IntegradorFuga,-4.660859202966094,1.0
33727,left_hand,0.9627834558486938,0.03721659630537033,IntegradorFuga,-4.658250728622079,1.0
33791,left_hand,0.964379072189331,0.03562089428305626,IntegradorFuga,-4.669483749195933,1.0
33855,left_hand,0.9752794504165649,0.024720463901758194,IntegradorFuga,-4.679464366286993,1.0
33919,left_hand,0.9846956133842468,0.01530442200601101,IntegradorFuga,-4.702848194167018,1.0
33983,left_hand,0.9879384636878967,0.012061526998877525,IntegradorFuga,-4.75015215203166,1.0
34047,left_hand,0.9910457730293274,0.00895419716835022,IntegradorFuga,-4.806676868349314,1.0
34111,left_hand,0.9914284348487854,0.00857159961014986,IntegradorFuga,-4.8607755256816745,1.0
34175,left_hand,0.9931163191795349,0.0068837315775454044,IntegradorFuga,-4.896449126768857,1.0
34239,left_hand,0.9948350191116333,0.005165010690689087,IntegradorFuga,-4.916727943811566,1.0
34303,left_hand,0.993462085723877,0.00653787050396204,IntegradorFuga,-4.927775222342461,1.0
34367,left_hand,0.9922460913658142,0.007753877900540829,IntegradorFuga,-4.9301758599467576,1.0
34431,left_hand,0.9927090406417847,0.00729093374684453,IntegradorFuga,-4.932737131603062,1.0
34495,left_hand,0.9917172789573669,0.0082827964797616,IntegradorFuga,-4.929939026478678,1.0
34559,left_hand,0.9921219348907471,0.007878130301833153,IntegradorFuga,-4.924512822646648,1.0
34623,left_hand,0.9925960898399353,0.007403992582112551,IntegradorFuga,-4.9227807046845555,1.0
34687,left_hand,0.992798924446106,0.0072010899893939495,IntegradorFuga,-4.923886325675994,1.0
34751,left_hand,0.99058598279953,0.00941406562924385,IntegradorFuga,-4.91964013595134,1.0
34815,left_hand,0.9776895046234131,0.022310469299554825,IntegradorFuga,-4.891584688797593,1.0
34879,left_hand,0.9821516275405884,0.017848405987024307,IntegradorFuga,-4.871644105762243,1.0
34943,left_hand,0.974053144454956,0.02594689466059208,IntegradorFuga,-4.8345582582987845,1.0
35007,left_hand,0.9186732172966003,0.08132677525281906,IntegradorFuga,-4.686306865885854,1.0
35071,left_hand,0.7349755167961121,0.26502442359924316,IntegradorFuga,-4.1750860419124365,1.0
35135,left_hand,0.24908989667892456,0.7509101629257202,IntegradorFuga,-2.7178867403417826,1.0
35199,,0.05289841443300247,0.9471016526222229,IntegradorFuga,-0.8593802805989981,1.0
35263,,0.056685689836740494,0.943314254283905,IntegradorFuga,0.21597425304353246,1.0
35327,right_hand,0.03737146407365799,0.9626285433769226,IntegradorFuga,2.8539323080331087,1.0
35391,right_hand,0.03740474954247475,0.9625952839851379,IntegradorFuga,4.133099682629108,1.0
35455,right_hand,0.028895074501633644,0.9711049199104309,IntegradorFuga,4.57348926179111,1.0
35519,right_hand,0.020269067957997322,0.9797309041023254,IntegradorFuga,4.638747859746218,1.0
35583,right_hand,0.026800518855452538,0.9731994867324829,IntegradorFuga,4.698518263176084,1.0
35647,right_hand,0.019000092521309853,0.9809999465942383,IntegradorFuga,4.735261037945747,1.0
35711,right_hand,0.017200632020831108,0.9827993512153625,IntegradorFuga,4.775669222697616,1.0
35775,right_hand,0.023752449080348015,0.9762475490570068,IntegradorFuga,4.785954477265477,1.0
35839,right_hand,0.043841566890478134,0.9561583995819092,IntegradorFuga,4.73880947381258,1.0
35903,right_hand,0.0778355672955513,0.9221644401550293,IntegradorFuga,4.636739378795028,1.0
35967,right_hand,0.10742165893316269,0.8925783038139343,IntegradorFuga,4.459896169602871,1.0
36031,right_hand,0.17942269146442413,0.8205772638320923,IntegradorFuga,4.135452022776008,1.0
36095,right_hand,0.3250548541545868,0.6749451160430908,IntegradorFuga,3.532847184687853,1.0
36159,right_hand,0.3985074460506439,0.6014925837516785,IntegradorFuga,2.8235154896974564,1.0
36223,right_hand,0.33649101853370667,0.6635090112686157,IntegradorFuga,2.3062046095728874,1.0
36287,right_hand,0.3291855454444885,0.6708144545555115,IntegradorFuga,1.8626768738031387,1.0
36351,right_hand,0.3751561641693115,0.6248438358306885,IntegradorFuga,1.4712099730968475,1.0
36415,right_hand,0.3864344656467438,0.6135655641555786,IntegradorFuga,1.3484508097171783,1.0
36479,right_hand,0.4187001883983612,0.5812998414039612,IntegradorFuga,1.3080653250217438,1.0
36543,,0.666513979434967,0.33348602056503296,IntegradorFuga,0.6480193734169006,1.0
36607,,0.9288424849510193,0.07115745544433594,IntegradorFuga,-0.003275191783905118,1.0
36671,left_hand,0.9324260354042053,0.06757403165102005,IntegradorFuga,-1.665834240615368,1.0
36735,left_hand,0.9215132594108582,0.07848672568798065,IntegradorFuga,-2.7359918728470802,1.0
36799,left_hand,0.9096248149871826,0.09037522971630096,IntegradorFuga,-3.717841111123562,1.0
36863,left_hand,0.8945077657699585,0.10549227148294449,IntegradorFuga,-4.173828646540642,1.0
36927,left_hand,0.8626338839530945,0.13736611604690552,IntegradorFuga,-4.041411384940147,1.0
36991,left_hand,0.8146629333496094,0.18533705174922943,IntegradorFuga,-3.805885262787342,1.0
37055,left_hand,0.8285133838653564,0.17148655652999878,IntegradorFuga,-3.6198855563998222,1.0
37119,left_hand,0.8811212182044983,0.1188787892460823,IntegradorFuga,-3.5628784000873566,1.0
37183,left_hand,0.9100843667984009,0.0899156853556633,IntegradorFuga,-3.59403158724308,1.0
37247,left_hand,0.8792573809623718,0.12074263393878937,IntegradorFuga,-3.6272785663604736,1.0
37311,left_hand,0.8773042559623718,0.12269575148820877,IntegradorFuga,-3.7525611892342567,1.0
37375,left_hand,0.8189107179641724,0.18108923733234406,IntegradorFuga,-3.7333558425307274,1.0
37439,left_hand,0.8206600546836853,0.1793399453163147,IntegradorFuga,-3.612433522939682,1.0
37503,left_hand,0.4515068829059601,0.5484931468963623,IntegradorFuga,-2.695278577506542,1.0
37567,left_hand,0.12442807108163834,0.8755719661712646,IntegradorFuga,-1.1856199353933334,1.0
37631,,0.07027249783277512,0.9297275543212891,IntegradorFuga,0.42844362556934357,1.0
37695,right_hand,0.06656255573034286,0.9334374070167542,IntegradorFuga,2.2615835830569266,1.0
37759,right_hand,0.04715738818049431,0.9528425931930542,IntegradorFuga,3.4801452718675137,1.0
37823,right_hand,0.10428929328918457,0.8957107663154602,IntegradorFuga,4.174580480903387,1.0
37887,right_hand,0.18246960639953613,0.8175303936004639,IntegradorFuga,4.0584973730146885,1.0
37951,right_hand,0.2020493745803833,0.7979506850242615,IntegradorFuga,3.7949436269700527,1.0
38015,right_hand,0.10210549831390381,0.8978945016860962,IntegradorFuga,3.723857779055834,1.0
38079,right_hand,0.15122447907924652,0.8487755060195923,IntegradorFuga,3.5157236009836197,1.0
38143,right_hand,0.2307378649711609,0.7692621350288391,IntegradorFuga,3.2628263980150223,1.0
38207,right_hand,0.2375263124704361,0.7624736428260803,IntegradorFuga,3.1527129411697388,1.0
38271,right_hand,0.24021315574645996,0.7597869038581848,IntegradorFuga,3.0763853788375854,1.0
38335,right_hand,0.16779805719852448,0.8322019577026367,IntegradorFuga,2.9450002759695053,1.0
38399,right_hand,0.13261914253234863,0.8673809170722961,IntegradorFuga,2.982211023569107,1.0
38463,right_hand,0.11220338195562363,0.8877965807914734,IntegradorFuga,3.2192799523472786,1.0
38527,right_hand,0.16780947148799896,0.8321905136108398,IntegradorFuga,3.3587136641144753,1.0
38591,right_hand,0.2572106420993805,0.7427893280982971,IntegradorFuga,3.324718602001667,1.0
38655,right_hand,0.5962551236152649,0.4037448763847351,IntegradorFuga,2.467804454267025,1.0
38719,right_hand,0.6137655973434448,0.3862343728542328,IntegradorFuga,1.5055114552378654,1.0
38783,,0.652107834815979,0.3478921353816986,IntegradorFuga,0.4257025569677353,1.0
38847,,0.5066121816635132,0.49338778853416443,IntegradorFuga,0.07379967868328097,1.0
38911,,0.6101897358894348,0.3898102641105652,IntegradorFuga,-0.9578610360622406,1.0
38975,left_hand,0.5915533900260925,0.40844663977622986,IntegradorFuga,-1.806318575143814,1.0
39039,,0.3986082673072815,0.6013917326927185,IntegradorFuga,-0.5181428492069244,1.0
39103,,0.36255601048469543,0.6374439597129822,IntegradorFuga,-0.35718204975128176,1.0
39167,,0.29935503005981445,0.7006449699401855,IntegradorFuga,0.21829308271408077,1.0
39231,right_hand,0.35718852281570435,0.6428114771842957,IntegradorFuga,1.0997706413269044,1.0
39295,right_hand,0.35305508971214294,0.6469449400901794,IntegradorFuga,1.4584741592407227,1.0
39359,right_hand,0.3566189110279083,0.6433810591697693,IntegradorFuga,1.5424528419971466,1.0
39423,right_hand,0.3869374394416809,0.6130626201629639,IntegradorFuga,1.4936900734901428,1.0
39487,right_hand,0.44710078835487366,0.5528992414474487,IntegradorFuga,1.1981985867023468,1.0
39551,,0.46012699604034424,0.5398730039596558,IntegradorFuga,0.992321640253067,1.0
39615,right_hand,0.24001860618591309,0.7599813938140869,IntegradorFuga,2.1107162177562713,1.0
39679,right_hand,0.21759019792079926,0.7824097871780396,IntegradorFuga,1.4964520186185837,1.0
39743,right_hand,0.35216179490089417,0.6478381752967834,IntegradorFuga,1.56600321829319,1.0
39807,right_hand,0.4718572497367859,0.5281426906585693,IntegradorFuga,1.5164902061223984,1.0
39871,right_hand,0.5283893346786499,0.4716106653213501,IntegradorFuga,1.379965528845787,1.0
39935,,0.47840696573257446,0.5215930342674255,IntegradorFuga,0.9031888097524643,1.0
39999,right_hand,0.5583160519599915,0.44168391823768616,IntegradorFuga,1.024925896525383,1.0
40063,,0.6302589774131775,0.3697410821914673,IntegradorFuga,-0.3344571888446808,1.0
40127,,0.539775550365448,0.460224449634552,IntegradorFuga,-0.704750919342041,1.0
40191,left_hand,0.609078586101532,0.39092138409614563,IntegradorFuga,-1.2364231824874878,1.0
40255,left_hand,0.8746139407157898,0.12538601458072662,IntegradorFuga,-1.424086257815361,1.0
40319,left_hand,0.9641368985176086,0.03586311638355255,IntegradorFuga,-2.235727906227112,1.0
40383,left_hand,0.9248884916305542,0.0751115158200264,IntegradorFuga,-2.8249869868159294,1.0
40447,left_hand,0.9108242988586426,0.0891757383942604,IntegradorFuga,-3.5670844465494156,1.0
40511,left_hand,0.8431116938591003,0.15688827633857727,IntegradorFuga,-4.035150662064552,1.0
40575,left_hand,0.7921853065490723,0.20781466364860535,IntegradorFuga,-3.870293378829956,1.0
40639,left_hand,0.630082368850708,0.369917631149292,IntegradorFuga,-3.202184334397316,1.0
40703,left_hand,0.6380696892738342,0.36193034052848816,IntegradorFuga,-2.6285467073321342,1.0
40767,left_hand,0.3625568747520447,0.6374431848526001,IntegradorFuga,-1.5320118367671967,1.0
40831,,0.16269920766353607,0.8373008370399475,IntegradorFuga,-0.17118678987026215,1.0
40895,right_hand,0.09483446180820465,0.9051655530929565,IntegradorFuga,1.1523281544446946,1.0
40959,right_hand,0.05304717272520065,0.9469528198242188,IntegradorFuga,2.3775853291153908,1.0
41023,right_hand,0.054850656539201736,0.9451493620872498,IntegradorFuga,3.544023383408785,1.0
41087,right_hand,0.032903071492910385,0.9670968651771545,IntegradorFuga,4.203330866992474,1.0
41151,right_hand,0.014278247952461243,0.9857217073440552,IntegradorFuga,4.500172697007656,1.0
41215,right_hand,0.014598566107451916,0.985401451587677,IntegradorFuga,4.660644491203129,1.0
41279,right_hand,0.022543419152498245,0.9774566292762756,IntegradorFuga,4.721652054227889,1.0
41343,right_hand,0.013041979633271694,0.9869579672813416,IntegradorFuga,4.80526933632791,1.0
41407,right_hand,0.01349487341940403,0.9865050911903381,IntegradorFuga,4.8440857604146,1.0
41471,right_hand,0.018747201189398766,0.9812527298927307,IntegradorFuga,4.835147829726338,1.0
41535,right_hand,0.016772698611021042,0.9832272529602051,IntegradorFuga,4.830799498595297,1.0
41599,right_hand,0.02450389787554741,0.9754961133003235,IntegradorFuga,4.826878503896296,1.0
41663,right_hand,0.05000574141740799,0.9499942660331726,IntegradorFuga,4.752951040863991,1.0
41727,right_hand,0.12460518628358841,0.8753947615623474,IntegradorFuga,4.530730398371816,1.0
41791,right_hand,0.14773748815059662,0.8522624373435974,IntegradorFuga,4.2727498188614845,1.0
41855,right_hand,0.33023831248283386,0.6697617173194885,IntegradorFuga,3.645818669348955,1.0
41919,right_hand,0.5718653202056885,0.4281347095966339,IntegradorFuga,2.5510958433151245,1.0
41983,right_hand,0.803398072719574,0.1966019570827484,IntegradorFuga,1.0443112030625343,1.0
42047,,0.7994378805160522,0.20056211948394775,IntegradorFuga,-0.30535413324832916,1.0
42111,left_hand,0.7288571000099182,0.2711429297924042,IntegradorFuga,-1.672947385907173,1.0
42175,left_hand,0.6791486740112305,0.3208513557910919,IntegradorFuga,-2.165413975715637,1.0
42239,left_hand,0.5399816036224365,0.46001842617988586,IntegradorFuga,-2.1016465425491333,1.0
42303,left_hand,0.4419669806957245,0.5580330491065979,IntegradorFuga,-1.3787843585014343,1.0
42367,,0.5176237225532532,0.4823762774467468,IntegradorFuga,-0.8151560425758362,1.0
42431,left_hand,0.7325159907341003,0.26748400926589966,IntegradorFuga,-1.537629896402359,1.0
42495,left_hand,0.788906455039978,0.21109351515769958,IntegradorFuga,-1.0419894754886627,1.0
42559,left_hand,0.774174690246582,0.22582529485225677,IntegradorFuga,-1.5103756934404373,1.0
42623,left_hand,0.7964386343955994,0.20356135070323944,IntegradorFuga,-2.2193190455436707,1.0
42687,left_hand,0.7682958245277405,0.2317042052745819,IntegradorFuga,-2.720663219690323,1.0
42751,left_hand,0.7290077805519104,0.2709921896457672,IntegradorFuga,-2.7136468291282654,1.0
42815,left_hand,0.6951032876968384,0.304896742105484,IntegradorFuga,-2.5260404348373413,1.0
42879,left_hand,0.6186095476150513,0.38139039278030396,IntegradorFuga,-2.2149101942777634,1.0
42943,left_hand,0.6200045943260193,0.37999534606933594,IntegradorFuga,-1.8620421588420868,1.0
43007,left_hand,0.810752809047699,0.18924716114997864,IntegradorFuga,-1.9469561874866486,1.0
43071,left_hand,0.7520051002502441,0.24799484014511108,IntegradorFuga,-1.9929508566856384,1.0
43135,left_hand,0.7462807297706604,0.253719300031662,IntegradorFuga,-2.0953057408332825,1.0
43199,left_hand,0.8668712973594666,0.13312868773937225,IntegradorFuga,-2.5918291956186295,1.0
43263,left_hand,0.9431740641593933,0.0568259097635746,IntegradorFuga,-3.238168101757765,1.0
43327,left_hand,0.9033961892127991,0.09660378098487854,IntegradorFuga,-3.423454862087965,1.0
43391,left_hand,0.26574259996414185,0.7342574596405029,IntegradorFuga,-2.450929742306471,1.0
43455,left_hand,0.10352436453104019,0.8964756727218628,IntegradorFuga,-1.1654170043766499,1.0
43519,,0.05914584919810295,0.9408541917800903,IntegradorFuga,0.4500339478254318,1.0
43583,right_hand,0.0640171617269516,0.935982882976532,IntegradorFuga,2.5583817712962627,1.0
43647,right_hand,0.03162292391061783,0.9683770537376404,IntegradorFuga,3.951894361525774,1.0
43711,right_hand,0.034276124089956284,0.9657238721847534,IntegradorFuga,4.41482724994421,1.0
43775,right_hand,0.02045515738427639,0.9795447587966919,IntegradorFuga,4.580965543165803,1.0
43839,right_hand,0.020325420424342155,0.9796746373176575,IntegradorFuga,4.658606417477131,1.0
43903,right_hand,0.019168606027960777,0.9808314442634583,IntegradorFuga,4.748303534463048,1.0
43967,right_hand,0.014730260707437992,0.9852697253227234,IntegradorFuga,4.782088869251311,1.0
44031,right_hand,0.01905662938952446,0.9809433817863464,IntegradorFuga,4.812527873553336,1.0
44095,right_hand,0.019014472141861916,0.9809854626655579,IntegradorFuga,4.815409262664616,1.0
44159,right_hand,0.011747457087039948,0.988252580165863,IntegradorFuga,4.832565168850124,1.0
44223,right_hand,0.009624876081943512,0.9903751015663147,IntegradorFuga,4.851652556098998,1.0
44287,right_hand,0.010897351428866386,0.9891026020050049,IntegradorFuga,4.859318342059851,1.0
44351,right_hand,0.03683501482009888,0.9631649255752563,IntegradorFuga,4.823761500418186,1.0
44415,right_hand,0.07790455967187881,0.9220954179763794,IntegradorFuga,4.705981368198991,1.0
44479,right_hand,0.11882934719324112,0.8811706304550171,IntegradorFuga,4.491817528381944,1.0
44543,right_hand,0.1216987669467926,0.8783012628555298,IntegradorFuga,4.26766979880631,1.0
44607,right_hand,0.11788862198591232,0.8821113109588623,IntegradorFuga,4.053687237203121,1.0
44671,right_hand,0.08860545605421066,0.911394476890564,IntegradorFuga,3.950146347284317,1.0
44735,right_hand,0.14092297852039337,0.8590770363807678,IntegradorFuga,3.824109546840191,1.0
44799,right_hand,0.23220571875572205,0.7677943110466003,IntegradorFuga,3.597356855869293,1.0
44863,right_hand,0.34634852409362793,0.6536514759063721,IntegradorFuga,3.1480573117733,1.0
44927,right_hand,0.36478883028030396,0.6352112293243408,IntegradorFuga,2.654257021844387,1.0
44991,right_hand,0.3306719958782196,0.669327974319458,IntegradorFuga,2.170123979449272,1.0
45055,right_hand,0.5097657442092896,0.49023428559303284,IntegradorFuga,1.432438462972641,1.0
45119,right_hand,0.4293586313724518,0.5706413388252258,IntegradorFuga,1.0381325781345367,1.0
45183,,0.3949730396270752,0.6050269603729248,IntegradorFuga,0.9408835470676422,1.0
45247,right_hand,0.2556867003440857,0.7443132996559143,IntegradorFuga,1.999971294403076,1.0
45311,right_hand,0.08454239368438721,0.9154576063156128,IntegradorFuga,1.6513469815254211,1.0
45375,right_hand,0.028007183223962784,0.9719927906990051,IntegradorFuga,2.61486404761672,1.0
45439,right_hand,0.017428351566195488,0.9825716018676758,IntegradorFuga,3.4387245904654264,1.0
45503,right_hand,0.018538111820816994,0.9814619421958923,IntegradorFuga,4.191594500094652,1.0
45567,right_hand,0.015236684121191502,0.9847633242607117,IntegradorFuga,4.672494540922344,1.0
45631,right_hand,0.01222407165914774,0.9877759218215942,IntegradorFuga,4.817131178453565,1.0
45695,right_hand,0.00782060157507658,0.9921793937683105,IntegradorFuga,4.857504363171756,1.0
45759,right_hand,0.00872125569730997,0.9912787079811096,IntegradorFuga,4.874918565154076,1.0
45823,right_hand,0.004827086813747883,0.995172917842865,IntegradorFuga,4.902340565808117,1.0
45887,right_hand,0.006004782859236002,0.9939952492713928,IntegradorFuga,4.920804392080754,1.0
45951,right_hand,0.013613841496407986,0.9863861799240112,IntegradorFuga,4.918024880345911,1.0
46015,right_hand,0.0342019684612751,0.9657980799674988,IntegradorFuga,4.8652621996589005,1.0
46079,right_hand,0.04826926067471504,0.9517307281494141,IntegradorFuga,4.7861662148498,1.0
46143,right_hand,0.033759955316782,0.9662400484085083,IntegradorFuga,4.728300476912409,1.0
46207,right_hand,0.04955536499619484,0.9504446387290955,IntegradorFuga,4.641199284233153,1.0
46271,right_hand,0.06097546964883804,0.9390245676040649,IntegradorFuga,4.5464760437607765,1.0
46335,right_hand,0.09154626727104187,0.9084537029266357,IntegradorFuga,4.431787367910147,1.0
46399,right_hand,0.18753111362457275,0.8124688863754272,IntegradorFuga,4.153263673186302,1.0
46463,right_hand,0.7353883385658264,0.2646116316318512,IntegradorFuga,2.7500068731606007,1.0
46527,right_hand,0.885998010635376,0.1140020340681076,IntegradorFuga,1.0771216228604317,1.0
46591,,0.9553059935569763,0.04469403252005577,IntegradorFuga,-0.7115394361317158,1.0
46655,left_hand,0.9534186124801636,0.04658138006925583,IntegradorFuga,-3.046823540329933,1.0
46719,left_hand,0.9666972160339355,0.03330272436141968,IntegradorFuga,-3.9936163686215878,1.0
46783,left_hand,0.9740210175514221,0.025978965684771538,IntegradorFuga,-4.470881713554263,1.0
46847,left_hand,0.9669383764266968,0.033061593770980835,IntegradorFuga,-4.632762519642711,1.0
46911,left_hand,0.9608597159385681,0.0391402542591095,IntegradorFuga,-4.643870020285249,1.0
46975,left_hand,0.9679242968559265,0.0320756770670414,IntegradorFuga,-4.672881407663226,1.0
47039,left_hand,0.9792992472648621,0.02070075273513794,IntegradorFuga,-4.698085410520434,1.0
47103,left_hand,0.9831804633140564,0.016819527372717857,IntegradorFuga,-4.716404294595122,1.0
47167,left_hand,0.9878072142601013,0.012192829512059689,IntegradorFuga,-4.758141896687448,1.0
47231,left_hand,0.9887300133705139,0.011270010843873024,IntegradorFuga,-4.81388243753463,1.0
47295,left_hand,0.9905592203140259,0.009440765716135502,IntegradorFuga,-4.859152272343636,1.0
47359,left_hand,0.9897463321685791,0.010253612883388996,IntegradorFuga,-4.8800464970991015,1.0
47423,left_hand,0.9882055521011353,0.011794420890510082,IntegradorFuga,-4.890096692368388,1.0
47487,left_hand,0.980824887752533,0.019175097346305847,IntegradorFuga,-4.876132098026574,1.0
47551,left_hand,0.9831103086471558,0.01688973419368267,IntegradorFuga,-4.864892669953406,1.0
47615,left_hand,0.9844598770141602,0.015540175139904022,IntegradorFuga,-4.852693917229772,1.0
47679,left_hand,0.976836085319519,0.023163985460996628,IntegradorFuga,-4.826873297803104,1.0
47743,left_hand,0.9672658443450928,0.03273414820432663,IntegradorFuga,-4.784993862733245,1.0
47807,left_hand,0.957179605960846,0.042820386588573456,IntegradorFuga,-4.73770329169929,1.0
47871,left_hand,0.9369636178016663,0.06303641200065613,IntegradorFuga,-4.645409923046827,1.0
47935,left_hand,0.9043328762054443,0.09566709399223328,IntegradorFuga,-4.485156003385782,1.0
47999,left_hand,0.8981907963752747,0.10180915892124176,IntegradorFuga,-4.327865540981293,1.0
48063,left_hand,0.8719236850738525,0.12807630002498627,IntegradorFuga,-4.137181229889393,1.0
48127,left_hand,0.7947635054588318,0.20523644983768463,IntegradorFuga,-3.8123490661382675,1.0
48191,left_hand,0.8124980926513672,0.18750187754631042,IntegradorFuga,-3.563418075442314,1.0
48255,left_hand,0.8393553495407104,0.16064460575580597,IntegradorFuga,-3.4334630370140076,1.0
48319,left_hand,0.9315404295921326,0.06845960766077042,IntegradorFuga,-3.500162221491337,1.0
48383,left_hand,0.9233425855636597,0.07665743678808212,IntegradorFuga,-3.602999985218048,1.0
48447,left_hand,0.9259024858474731,0.07409750670194626,IntegradorFuga,-3.865277908742428,1.0
48511,left_hand,0.9043181538581848,0.09568189829587936,IntegradorFuga,-4.0489179491996765,1.0
48575,left_hand,0.8955658674240112,0.10443409532308578,IntegradorFuga,-4.1613389775156975,1.0
48639,left_hand,0.8323419690132141,0.1676580011844635,IntegradorFuga,-3.962942123413086,1.0
48703,left_hand,0.7765015363693237,0.22349843382835388,IntegradorFuga,-3.6692600771784782,1.0
48767,left_hand,0.5744527578353882,0.4255473017692566,IntegradorFuga,-2.966360554099083,1.0
48831,left_hand,0.39868760108947754,0.6013123989105225,IntegradorFuga,-1.9550995007157326,1.0
48895,,0.36742767691612244,0.6325723528862,IntegradorFuga,-0.8988230526447296,1.0
48959,,0.22622348368167877,0.7737765312194824,IntegradorFuga,-0.4854090899229049,1.0
49023,,0.2634935975074768,0.736506462097168,IntegradorFuga,0.9540208399295808,1.0
49087,right_hand,0.3145963251590729,0.6854036450386047,IntegradorFuga,2.71316354572773,1.0
49151,right_hand,0.2987867593765259,0.7012132406234741,IntegradorFuga,2.0589443892240524,1.0
49215,right_hand,0.06863914430141449,0.9313608407974243,IntegradorFuga,2.6565214097499847,1.0
49279,right_hand,0.10115928947925568,0.8988407254219055,IntegradorFuga,2.906649798154831,1.0
49343,right_hand,0.09197782725095749,0.9080221056938171,IntegradorFuga,3.2496812120079994,1.0
49407,right_hand,0.05673108994960785,0.943268895149231,IntegradorFuga,3.7654116973280907,1.0
49471,right_hand,0.05147545039653778,0.948524534702301,IntegradorFuga,4.260034300386906,1.0
49535,right_hand,0.038420435041189194,0.9615796208381653,IntegradorFuga,4.320471789687872,1.0
49599,right_hand,0.02981824055314064,0.9701818227767944,IntegradorFuga,4.463153935968876,1.0
49663,right_hand,0.039277855306863785,0.9607221484184265,IntegradorFuga,4.568553950637579,1.0
49727,right_hand,0.05153224244713783,0.9484677314758301,IntegradorFuga,4.578951634466648,1.0
49791,right_hand,0.04044818878173828,0.9595518112182617,IntegradorFuga,4.601006172597408,1.0
49855,right_hand,0.029941149055957794,0.9700588583946228,IntegradorFuga,4.617964696139097,1.0
49919,right_hand,0.02199697121977806,0.9780030846595764,IntegradorFuga,4.633607227355242,1.0
49983,right_hand,0.015562850050628185,0.9844372272491455,IntegradorFuga,4.681037311442196,1.0
50047,right_hand,0.01370165217667818,0.9862982630729675,IntegradorFuga,4.7566984333097935,1.0
50111,right_hand,0.012743101455271244,0.9872568845748901,IntegradorFuga,4.812108593992889,1.0
50175,right_hand,0.014892918057739735,0.9851070046424866,IntegradorFuga,4.842204971238971,1.0
50239,right_hand,0.01910204440355301,0.9808979630470276,IntegradorFuga,4.847994776442647,1.0
50303,right_hand,0.04008036479353905,0.9599196314811707,IntegradorFuga,4.798959665931761,1.0
50367,right_hand,0.1905737817287445,0.8094261884689331,IntegradorFuga,4.4452154617756605,1.0
50431,right_hand,0.5928763151168823,0.4071236848831177,IntegradorFuga,3.284949048422277,1.0
50495,right_hand,0.8740373849868774,0.12596261501312256,IntegradorFuga,1.5666601918637753,1.0
50559,,0.7978519797325134,0.20214802026748657,IntegradorFuga,0.009160313755273819,1.0
50623,left_hand,0.8362412452697754,0.16375869512557983,IntegradorFuga,-1.5831615030765533,1.0
50687,left_hand,0.8958624005317688,0.10413768142461777,IntegradorFuga,-2.993738628923893,1.0
50751,left_hand,0.9452183842658997,0.054781604558229446,IntegradorFuga,-3.6984227783977985,1.0
50815,left_hand,0.9748513102531433,0.02514871023595333,IntegradorFuga,-3.9000506084412336,1.0
50879,left_hand,0.9759816527366638,0.024018408730626106,IntegradorFuga,-4.2563098929822445,1.0
50943,left_hand,0.9520713090896606,0.047928713262081146,IntegradorFuga,-4.487969938665628,1.0
51007,left_hand,0.927083432674408,0.07291652262210846,IntegradorFuga,-4.550412129610777,1.0
51071,left_hand,0.9352188110351562,0.06478111445903778,IntegradorFuga,-4.530413046479225,1.0
51135,left_hand,0.8359062075614929,0.1640937775373459,IntegradorFuga,-4.252522876486182,1.0
51199,left_hand,0.7131463885307312,0.2868536114692688,IntegradorFuga,-3.726852409541607,1.0
51263,left_hand,0.46943867206573486,0.5305613279342651,IntegradorFuga,-2.761587157845497,1.0
51327,left_hand,0.30911314487457275,0.6908868551254272,IntegradorFuga,-1.5256465375423431,1.0
51391,,0.14168797433376312,0.8583120107650757,IntegradorFuga,0.06141519546508789,1.0
51455,right_hand,0.17133517563343048,0.8286648392677307,IntegradorFuga,1.3905572891235352,1.0
51519,right_hand,0.2950931489467621,0.7049068808555603,IntegradorFuga,2.2266637980937958,1.0
51583,right_hand,0.2583039402961731,0.7416961193084717,IntegradorFuga,2.648933321237564,1.0
51647,right_hand,0.08775636553764343,0.9122436046600342,IntegradorFuga,3.0916468501091003,1.0
51711,right_hand,0.06987201422452927,0.9301279187202454,IntegradorFuga,3.235278718173504,1.0
51775,right_hand,0.09027803689241409,0.9097219705581665,IntegradorFuga,3.397392988204956,1.0
51839,right_hand,0.15298029780387878,0.8470197319984436,IntegradorFuga,3.6816186904907227,1.0
51903,right_hand,0.3662296235561371,0.6337703466415405,IntegradorFuga,3.4657672345638275,1.0
51967,right_hand,0.5170547962188721,0.4829452335834503,IntegradorFuga,2.607170432806015,1.0
52031,right_hand,0.567465603351593,0.432534396648407,IntegradorFuga,1.6119833216071129,1.0
52095,,0.6968972682952881,0.3031027019023895,IntegradorFuga,0.3987448215484619,1.0
52159,,0.5230646729469299,0.47693532705307007,IntegradorFuga,-0.04267913699150083,1.0
52223,,0.4967018961906433,0.5032981634140015,IntegradorFuga,-0.6023684144020081,1.0
52287,,0.3590320944786072,0.640967845916748,IntegradorFuga,-0.7886915147304534,1.0
52351,,0.34808510541915894,0.6519148945808411,IntegradorFuga,-0.5362536191940306,1.0
52415,,0.2736116349697113,0.7263883352279663,IntegradorFuga,0.5627555429935457,1.0
52479,right_hand,0.35455459356307983,0.6454454064369202,IntegradorFuga,1.7987848639488222,1.0
52543,right_hand,0.5816939473152161,0.41830605268478394,IntegradorFuga,1.1660451591014862,1.0
52607,,0.6689576506614685,0.3310423195362091,IntegradorFuga,0.5461940765380859,1.0
52671,,0.5547059774398804,0.44529399275779724,IntegradorFuga,0.5791463792324065,1.0
52735,,0.5372470021247864,0.46275296807289124,IntegradorFuga,0.08482794761657708,1.0
52799,,0.42585787177085876,0.5741420984268188,IntegradorFuga,-0.5369250178337097,1.0
52863,left_hand,0.747413158416748,0.25258687138557434,IntegradorFuga,-1.305288428068161,1.0
52927,left_hand,0.9379407167434692,0.062059253454208374,IntegradorFuga,-1.4063295423984528,1.0
52991,left_hand,0.9404827952384949,0.05951717123389244,IntegradorFuga,-2.177883181720972,1.0
53055,left_hand,0.9643539190292358,0.03564607724547386,IntegradorFuga,-3.032096989452839,1.0
53119,left_hand,0.9671372175216675,0.032862767577171326,IntegradorFuga,-4.114655666053295,1.0
53183,left_hand,0.979769229888916,0.02023068629205227,IntegradorFuga,-4.579367922618985,1.0
53247,left_hand,0.9760029911994934,0.023997023701667786,IntegradorFuga,-4.65549242682755,1.0
53311,left_hand,0.9755651950836182,0.02443484216928482,IntegradorFuga,-4.725657155737281,1.0
53375,left_hand,0.9706807136535645,0.029319336637854576,IntegradorFuga,-4.738310690969229,1.0
53439,left_hand,0.9685090184211731,0.03149096295237541,IntegradorFuga,-4.74105429649353,1.0
53503,left_hand,0.9617202877998352,0.0382796972990036,IntegradorFuga,-4.704956343397498,1.0
53567,left_hand,0.9788075685501099,0.021192407235503197,IntegradorFuga,-4.710565537214279,1.0
53631,left_hand,0.9769700765609741,0.023029875010252,IntegradorFuga,-4.713375385850668,1.0
53695,left_hand,0.9796991348266602,0.020300928503274918,IntegradorFuga,-4.731412215158343,1.0
53759,left_hand,0.9798033833503723,0.02019662596285343,IntegradorFuga,-4.7540009170770645,1.0
53823,left_hand,0.9646167159080505,0.03538328409194946,IntegradorFuga,-4.759793758392334,1.0
53887,left_hand,0.9702208638191223,0.029779111966490746,IntegradorFuga,-4.742620348930359,1.0
53951,left_hand,0.9625318050384521,0.037468209862709045,IntegradorFuga,-4.71374374255538,1.0
54015,left_hand,0.9592334628105164,0.04076656326651573,IntegradorFuga,-4.672812435775995,1.0
54079,left_hand,0.9360511898994446,0.06394881755113602,IntegradorFuga,-4.585308050736785,1.0
54143,left_hand,0.8718706965446472,0.12812930345535278,IntegradorFuga,-4.399816012009978,1.0
54207,left_hand,0.9778254628181458,0.022174537181854248,IntegradorFuga,-4.415025185793638,1.0
54271,left_hand,0.9864631295204163,0.013536873273551464,IntegradorFuga,-4.46288784686476,1.0
54335,left_hand,0.9849671721458435,0.0150328129529953,IntegradorFuga,-4.5143553065136075,1.0
54399,left_hand,0.979351282119751,0.020648768171668053,IntegradorFuga,-4.600955448113382,1.0
54463,left_hand,0.9654600024223328,0.03453998640179634,IntegradorFuga,-4.788134071044624,1.0
54527,left_hand,0.9583386182785034,0.04166141897439957,IntegradorFuga,-4.749160344712436,1.0
54591,left_hand,0.956836462020874,0.04316350817680359,IntegradorFuga,-4.689907042309642,1.0
54655,left_hand,0.9590662121772766,0.040933817625045776,IntegradorFuga,-4.6381050776690245,1.0
54719,left_hand,0.9594324827194214,0.04056752845644951,IntegradorFuga,-4.598267517983913,1.0
54783,left_hand,0.9693365097045898,0.030663538724184036,IntegradorFuga,-4.606020472943783,1.0
54847,left_hand,0.9715876579284668,0.028412356972694397,IntegradorFuga,-4.632518574595451,1.0
54911,left_hand,0.9699571132659912,0.030042866244912148,IntegradorFuga,-4.65875986777246,1.0
54975,left_hand,0.9743893146514893,0.02561071328818798,IntegradorFuga,-4.68940607458353,1.0
55039,left_hand,0.9796944260597229,0.020305626094341278,IntegradorFuga,-4.72992992028594,1.0
55103,left_hand,0.960568368434906,0.03943166509270668,IntegradorFuga,-4.712393652647734,1.0
55167,left_hand,0.8578376173973083,0.14216233789920807,IntegradorFuga,-4.484893631190062,1.0
55231,left_hand,0.917119026184082,0.08288099616765976,IntegradorFuga,-4.379217414185405,1.0
55295,left_hand,0.969590961933136,0.030409106984734535,IntegradorFuga,-4.369620667770505,1.0
55359,left_hand,0.975261926651001,0.024738119915127754,IntegradorFuga,-4.3607556745409966,1.0
55423,left_hand,0.9770429134368896,0.02295711450278759,IntegradorFuga,-4.393704770132899,1.0
55487,left_hand,0.9574421048164368,0.042557910084724426,IntegradorFuga,-4.592913685366511,1.0
55551,left_hand,0.8995963335037231,0.10040371865034103,IntegradorFuga,-4.557868270203471,1.0
55615,left_hand,0.654740571975708,0.34525948762893677,IntegradorFuga,-3.928167499601841,1.0
55679,left_hand,0.19061756134033203,0.809382438659668,IntegradorFuga,-2.358878815546632,1.0
55743,,0.1611717939376831,0.8388282656669617,IntegradorFuga,-0.7271365448832512,1.0
55807,,0.09279098361730576,0.907209038734436,IntegradorFuga,0.37502916008234033,1.0
55871,right_hand,0.11584184318780899,0.884158194065094,IntegradorFuga,2.844703830778599,1.0
55935,right_hand,0.09251903742551804,0.9074809551239014,IntegradorFuga,3.694117672741413,1.0
55999,right_hand,0.098715640604496,0.901284396648407,IntegradorFuga,3.877921551465988,1.0
56063,right_hand,0.09228072315454483,0.9077193140983582,IntegradorFuga,4.015703670680523,1.0
56127,right_hand,0.13465037941932678,0.8653496503829956,IntegradorFuga,3.9319848865270615,1.0
56191,right_hand,0.07445089519023895,0.9255490899085999,IntegradorFuga,4.014766730368137,1.0
56255,right_hand,0.0353846549987793,0.9646154046058655,IntegradorFuga,4.12903556227684,1.0
56319,right_hand,0.020015979185700417,0.9799839854240417,IntegradorFuga,4.286434812471271,1.0
56383,right_hand,0.023635998368263245,0.976364016532898,IntegradorFuga,4.423724239692092,1.0
56447,right_hand,0.02093661017715931,0.9790633320808411,IntegradorFuga,4.651151690632105,1.0
56511,right_hand,0.026045087724924088,0.9739548563957214,IntegradorFuga,4.747963264584541,1.0
56575,right_hand,0.03777489438652992,0.962225079536438,IntegradorFuga,4.743182700127363,1.0
56639,right_hand,0.034249331802129745,0.9657506942749023,IntegradorFuga,4.7147160563617945,1.0
56703,right_hand,0.043007008731365204,0.9569929838180542,IntegradorFuga,4.675974013283849,1.0
56767,right_hand,0.0413363091647625,0.9586636424064636,IntegradorFuga,4.635174624621868,1.0
56831,right_hand,0.03194507211446762,0.9680548906326294,IntegradorFuga,4.623374674469233,1.0
56895,right_hand,0.02636966109275818,0.9736303091049194,IntegradorFuga,4.646185137331486,1.0
56959,right_hand,0.02100982703268528,0.9789901375770569,IntegradorFuga,4.672664085403085,1.0
57023,right_hand,0.01684475690126419,0.9831552505493164,IntegradorFuga,4.724988603964448,1.0
57087,right_hand,0.008485948666930199,0.9915140271186829,IntegradorFuga,4.7906893491744995,1.0
57151,right_hand,0.006401452701538801,0.9935985803604126,IntegradorFuga,4.8417766583152115,1.0
57215,right_hand,0.006738810800015926,0.9932611584663391,IntegradorFuga,4.8810383579693735,1.0
57279,right_hand,0.005914022680372,0.9940859079360962,IntegradorFuga,4.911229932680726,1.0
57343,right_hand,0.004563511349260807,0.9954364895820618,IntegradorFuga,4.935792417265475,1.0
57407,right_hand,0.005727872718125582,0.9942721128463745,IntegradorFuga,4.941308578941971,1.0
57471,right_hand,0.006434930954128504,0.993565022945404,IntegradorFuga,4.941241543274373,1.0
57535,right_hand,0.007138549815863371,0.9928614497184753,IntegradorFuga,4.940442095510662,1.0
57599,right_hand,0.005483059212565422,0.994516909122467,IntegradorFuga,4.941304060164839,1.0
57663,right_hand,0.0034154183231294155,0.9965845346450806,IntegradorFuga,4.943600198253989,1.0
57727,right_hand,0.003077834378927946,0.9969221949577332,IntegradorFuga,4.9489003187045455,1.0
57791,right_hand,0.0032029873691499233,0.9967970252037048,IntegradorFuga,4.955364264547825,1.0
57855,right_hand,0.003459378844127059,0.9965406060218811,IntegradorFuga,4.962722591822967,1.0
57919,right_hand,0.003920876886695623,0.99607914686203,IntegradorFuga,4.9658470118884,1.0
57983,right_hand,0.0045979511924088,0.9954019784927368,IntegradorFuga,4.963481922866777,1.0
58047,right_hand,0.006583799608051777,0.9934161901473999,IntegradorFuga,4.9564699528273195,1.0
58111,right_hand,0.006526569370180368,0.9934733510017395,IntegradorFuga,4.949822696624324,1.0
58175,right_hand,0.008513935841619968,0.991486132144928,IntegradorFuga,4.939713665749878,1.0
58239,right_hand,0.009682036936283112,0.9903179407119751,IntegradorFuga,4.928191299550235,1.0
58303,right_hand,0.011692888103425503,0.9883070588111877,IntegradorFuga,4.9140014429576695,1.0
58367,right_hand,0.018954217433929443,0.9810458421707153,IntegradorFuga,4.889260677155107,1.0
58431,right_hand,0.029954304918646812,0.9700456857681274,IntegradorFuga,4.842405276373029,1.0
58495,right_hand,0.043348997831344604,0.9566510319709778,IntegradorFuga,4.772735114209354,1.0
58559,right_hand,0.1041262149810791,0.8958737850189209,IntegradorFuga,4.583846780471504,1.0
58623,right_hand,0.2111397087574005,0.7888603210449219,IntegradorFuga,4.184953222051263,1.0
58687,right_hand,0.16330334544181824,0.8366966247558594,IntegradorFuga,3.896254876628518,1.0
58751,right_hand,0.192696675658226,0.8073033094406128,IntegradorFuga,3.5707701295614243,1.0
58815,right_hand,0.28547874093055725,0.7145212292671204,IntegradorFuga,3.086510583758354,1.0
58879,right_hand,0.37264445424079895,0.6273555159568787,IntegradorFuga,2.549474075436592,1.0
58943,right_hand,0.32648879289627075,0.6735112071037292,IntegradorFuga,2.3187758773565292,1.0
59007,right_hand,0.3083817660808563,0.6916182637214661,IntegradorFuga,2.028619095683098,1.0
59071,right_hand,0.2312047928571701,0.7687951922416687,IntegradorFuga,1.9516028612852097,1.0
59135,right_hand,0.22701409459114075,0.7729858756065369,IntegradorFuga,2.0685321539640427,1.0
59199,right_hand,0.3212524354457855,0.6787475943565369,IntegradorFuga,2.1713162511587143,1.0
59263,right_hand,0.24127653241157532,0.7587234973907471,IntegradorFuga,2.3417408019304276,1.0
59327,right_hand,0.27699899673461914,0.7230010628700256,IntegradorFuga,2.4045063704252243,1.0
59391,right_hand,0.13377021253108978,0.866229772567749,IntegradorFuga,2.599375531077385,1.0
59455,right_hand,0.0604744479060173,0.9395254850387573,IntegradorFuga,2.932454787194729,1.0
59519,right_hand,0.05902165174484253,0.9409782886505127,IntegradorFuga,3.4569162651896477,1.0
59583,right_hand,0.0740521177649498,0.9259478449821472,IntegradorFuga,3.7913650274276733,1.0
59647,right_hand,0.07519612461328506,0.9248038530349731,IntegradorFuga,4.194970689713955,1.0
59711,right_hand,0.05339892953634262,0.9466010332107544,IntegradorFuga,4.3557132333517075,1.0
59775,right_hand,0.08617725223302841,0.9138227701187134,IntegradorFuga,4.304307714104652,1.0
59839,right_hand,0.08747255802154541,0.9125273823738098,IntegradorFuga,4.247405901551247,1.0
59903,right_hand,0.17431655526161194,0.8256834149360657,IntegradorFuga,4.046877034008503,1.0
59967,right_hand,0.22863951325416565,0.7713605165481567,IntegradorFuga,3.739990308880806,1.0
60031,right_hand,0.21574559807777405,0.7842544317245483,IntegradorFuga,3.4152970388531685,1.0
60095,right_hand,0.14956484735012054,0.8504351377487183,IntegradorFuga,3.2885218113660812,1.0
60159,right_hand,0.1933116316795349,0.8066883683204651,IntegradorFuga,3.076843723654747,1.0
60223,right_hand,0.13685394823551178,0.8631460070610046,IntegradorFuga,3.151768922805786,1.0
60287,right_hand,0.20756134390830994,0.7924386262893677,IntegradorFuga,3.193925201892853,1.0
60351,right_hand,0.3742070496082306,0.625792920589447,IntegradorFuga,2.877002239227295,1.0
60415,right_hand,0.26756930351257324,0.7324306964874268,IntegradorFuga,2.6409933418035507,1.0
60479,right_hand,0.3477171063423157,0.6522828936576843,IntegradorFuga,2.332182392477989,1.0
60543,,0.8639581203460693,0.13604189455509186,IntegradorFuga,0.8779741078615189,1.0
60607,,0.9744488000869751,0.02555115334689617,IntegradorFuga,0.12217328660190097,1.0
60671,left_hand,0.9788104295730591,0.021189609542489052,IntegradorFuga,-1.8428342256695034,1.0
60735,left_hand,0.9743030667304993,0.025696977972984314,IntegradorFuga,-3.2784749940037727,1.0
60799,left_hand,0.9398525357246399,0.06014745682477951,IntegradorFuga,-4.462745860219002,1.0
60863,left_hand,0.9188600778579712,0.08113991469144821,IntegradorFuga,-4.572549797594547,1.0
60927,left_hand,0.9285218119621277,0.07147813588380814,IntegradorFuga,-4.480695826932788,1.0
60991,left_hand,0.8871382474899292,0.1128617450594902,IntegradorFuga,-4.297351509332657,1.0
61055,left_hand,0.6906531453132629,0.30934691429138184,IntegradorFuga,-3.730051651597023,1.0
61119,left_hand,0.7041450142860413,0.29585498571395874,IntegradorFuga,-3.258636601269245,1.0
61183,left_hand,0.6733582019805908,0.3266417980194092,IntegradorFuga,-2.767632842063904,1.0
61247,left_hand,0.6318502426147461,0.3681498169898987,IntegradorFuga,-2.1742895916104317,1.0
61311,left_hand,0.5458242893218994,0.4541756808757782,IntegradorFuga,-1.491661697626114,1.0
61375,left_hand,0.5234084725379944,0.476591557264328,IntegradorFuga,-1.1571723818778992,1.0
61439,,0.2661217451095581,0.7338782548904419,IntegradorFuga,-0.28112584352493286,1.0
61503,,0.08038481324911118,0.9196151494979858,IntegradorFuga,0.7236950531601906,1.0
61567,right_hand,0.03449803963303566,0.9655019044876099,IntegradorFuga,2.7232202403247356,1.0
61631,right_hand,0.022683197632431984,0.9773167967796326,IntegradorFuga,3.145807394757867,1.0
61695,right_hand,0.04271603748202324,0.9572840332984924,IntegradorFuga,4.107192305848002,1.0
61759,right_hand,0.04917996749281883,0.9508200287818909,IntegradorFuga,4.541075857356191,1.0
61823,right_hand,0.0941392332315445,0.9058607816696167,IntegradorFuga,4.513567069545388,1.0
61887,right_hand,0.4084356427192688,0.591564416885376,IntegradorFuga,3.765691978856921,1.0
61951,right_hand,0.7624707818031311,0.2375292330980301,IntegradorFuga,2.2861168310046196,1.0
62015,right_hand,0.5904778242111206,0.4095222055912018,IntegradorFuga,1.1905932165682316,1.0
62079,,0.6653720736503601,0.3346278667449951,IntegradorFuga,-0.041791051626205444,1.0
62143,left_hand,0.7835798859596252,0.21642017364501953,IntegradorFuga,-1.4206723123788834,1.0
62207,left_hand,0.9016542434692383,0.09834571927785873,IntegradorFuga,-2.40710961073637,1.0
62271,left_hand,0.9500206112861633,0.049979325383901596,IntegradorFuga,-2.782209347933531,1.0
62335,left_hand,0.9622872471809387,0.03771281987428665,IntegradorFuga,-3.525828156620264,1.0
62399,left_hand,0.9703174829483032,0.029682544991374016,IntegradorFuga,-4.135718887671828,1.0
62463,left_hand,0.970633864402771,0.029366198927164078,IntegradorFuga,-4.5098268408328295,1.0
62527,left_hand,0.976159393787384,0.023840654641389847,IntegradorFuga,-4.658837055787444,1.0
62591,left_hand,0.9826344847679138,0.017365548759698868,IntegradorFuga,-4.724064705893397,1.0
62655,left_hand,0.9848607778549194,0.015139149501919746,IntegradorFuga,-4.769211906939745,1.0
62719,left_hand,0.990480363368988,0.009519688785076141,IntegradorFuga,-4.809537643566728,1.0
62783,left_hand,0.9861648082733154,0.013835162855684757,IntegradorFuga,-4.840599623508751,1.0
62847,left_hand,0.9824381470680237,0.017561888322234154,IntegradorFuga,-4.853157143108547,1.0
62911,left_hand,0.9902092218399048,0.009790766052901745,IntegradorFuga,-4.868306662887335,1.0
62975,left_hand,0.9898576736450195,0.010142387822270393,IntegradorFuga,-4.878300320357084,1.0
63039,left_hand,0.9841827750205994,0.015817182138562202,IntegradorFuga,-4.8657052386552095,1.0
63103,left_hand,0.9781770706176758,0.021822931244969368,IntegradorFuga,-4.849729732610285,1.0
63167,left_hand,0.9532675743103027,0.04673245921730995,IntegradorFuga,-4.7913885889574885,1.0
63231,left_hand,0.9157146215438843,0.0842854231595993,IntegradorFuga,-4.6423993315547705,1.0
63295,left_hand,0.907734215259552,0.09226574003696442,IntegradorFuga,-4.478152520954609,1.0
63359,left_hand,0.8812069296836853,0.11879310756921768,IntegradorFuga,-4.272200750187039,1.0
63423,left_hand,0.5371475219726562,0.46285244822502136,IntegradorFuga,-3.390141684561968,1.0
63487,left_hand,0.2660418450832367,0.7339581251144409,IntegradorFuga,-2.015690289437771,1.0
63551,,0.17076411843299866,0.829235851764679,IntegradorFuga,-0.5257893577218056,1.0
63615,,0.046047769486904144,0.9539522528648376,IntegradorFuga,0.77179424315691,1.0
63679,right_hand,0.012281585484743118,0.9877184629440308,IntegradorFuga,3.6072285436093807,1.0
63743,right_hand,0.014366155490279198,0.9856337904930115,IntegradorFuga,3.980997009202838,1.0
63807,right_hand,0.016201846301555634,0.9837982058525085,IntegradorFuga,4.480677088722587,1.0
63871,right_hand,0.008233215659856796,0.9917667508125305,IntegradorFuga,4.80573889054358,1.0
63935,right_hand,0.009045189246535301,0.9909548163414001,IntegradorFuga,4.879744034260511,1.0
63999,right_hand,0.03524718061089516,0.9647528529167175,IntegradorFuga,4.833812829107046,1.0
64063,right_hand,0.031870681792497635,0.9681292772293091,IntegradorFuga,4.798803789541125,1.0
64127,right_hand,0.04308350384235382,0.9569164514541626,IntegradorFuga,4.745040377601981,1.0
64191,right_hand,0.038929685950279236,0.9610702991485596,IntegradorFuga,4.683647455647588,1.0
64255,right_hand,0.14670774340629578,0.8532922863960266,IntegradorFuga,4.408322371542454,1.0
64319,right_hand,0.3842141926288605,0.6157857775688171,IntegradorFuga,3.710388284176588,1.0
64383,right_hand,0.48009297251701355,0.5199069976806641,IntegradorFuga,2.813943713903427,1.0
64447,right_hand,0.8412759304046631,0.1587240993976593,IntegradorFuga,1.2175589352846146,1.0
64511,,0.8920053839683533,0.10799461603164673,IntegradorFuga,-0.4885924458503723,1.0
64575,left_hand,0.8004619479179382,0.19953809678554535,IntegradorFuga,-2.1846932858228683,1.0
64639,left_hand,0.8461777567863464,0.15382219851016998,IntegradorFuga,-2.720027983188629,1.0
64703,left_hand,0.8596190810203552,0.14038090407848358,IntegradorFuga,-3.4790801852941513,1.0
64767,left_hand,0.8969160318374634,0.10308392345905304,IntegradorFuga,-3.590360462665558,1.0
64831,left_hand,0.9057226181030273,0.09427743405103683,IntegradorFuga,-3.617794878780842,1.0
64895,left_hand,0.9329787492752075,0.06702118366956711,IntegradorFuga,-3.8828285932540894,1.0
64959,left_hand,0.9108820557594299,0.08911796659231186,IntegradorFuga,-4.012237124145031,1.0
65023,left_hand,0.923247754573822,0.07675223052501678,IntegradorFuga,-4.139494471251965,1.0
65087,left_hand,0.925961434841156,0.074038565158844,IntegradorFuga,-4.197585232555866,1.0
65151,left_hand,0.8957228064537048,0.10427722334861755,IntegradorFuga,-4.177585631608963,1.0
65215,left_hand,0.7001079320907593,0.2998920977115631,IntegradorFuga,-3.7118439003825188,1.0
65279,left_hand,0.8040074110031128,0.19599254429340363,IntegradorFuga,-3.49809467792511,1.0
65343,left_hand,0.7188353538513184,0.28116464614868164,IntegradorFuga,-3.0892698615789413,1.0
65407,left_hand,0.4444125294685364,0.5555875301361084,IntegradorFuga,-2.1261719912290573,1.0
65471,left_hand,0.41931357979774475,0.5806864500045776,IntegradorFuga,-1.1733535379171371,1.0
65535,,0.30016499757766724,0.699834942817688,IntegradorFuga,-0.3734677582979202,1.0
65599,,0.24872682988643646,0.7512731552124023,IntegradorFuga,0.4636256754398346,1.0
65663,right_hand,0.6403724551200867,0.35962748527526855,IntegradorFuga,1.257644847035408,1.0
65727,,0.6893370747566223,0.3106629252433777,IntegradorFuga,0.4041700214147568,1.0
65791,,0.7729371190071106,0.22706283628940582,IntegradorFuga,0.0010928899049758023,1.0
65855,left_hand,0.7557922005653381,0.24420779943466187,IntegradorFuga,-1.214331477880478,1.0
65919,left_hand,0.7529623508453369,0.24703766405582428,IntegradorFuga,-2.2228024899959564,1.0
65983,left_hand,0.6011477708816528,0.39885222911834717,IntegradorFuga,-2.144353061914444,1.0
66047,left_hand,0.7353324890136719,0.2646675705909729,IntegradorFuga,-2.2363438308238983,1.0
66111,left_hand,0.7983967065811157,0.20160332322120667,IntegradorFuga,-2.2872629314661026,1.0
66175,left_hand,0.8584340214729309,0.1415659785270691,IntegradorFuga,-2.492546573281288,1.0
66239,left_hand,0.8113062381744385,0.1886938065290451,IntegradorFuga,-2.609234318137169,1.0
66303,left_hand,0.839239776134491,0.16076017916202545,IntegradorFuga,-3.0854183733463287,1.0
66367,left_hand,0.7608150243759155,0.23918502032756805,IntegradorFuga,-3.1363834589719772,1.0
66431,left_hand,0.8665909171104431,0.1334090679883957,IntegradorFuga,-3.2727719247341156,1.0
66495,left_hand,0.8342441916465759,0.16575580835342407,IntegradorFuga,-3.2243922650814056,1.0
66559,left_hand,0.45840153098106384,0.5415984392166138,IntegradorFuga,-2.5185829252004623,1.0
66623,left_hand,0.0963900238275528,0.9036099910736084,IntegradorFuga,-1.0328833609819412,1.0
66687,,0.05339183285832405,0.9466081857681274,IntegradorFuga,0.38196299597620964,1.0
66751,right_hand,0.04837765172123909,0.9516223669052124,IntegradorFuga,2.30035255625844,1.0
66815,right_hand,0.047072965651750565,0.9529269933700562,IntegradorFuga,3.592731971293688,1.0
66879,right_hand,0.04335452616214752,0.9566454887390137,IntegradorFuga,4.422826025635004,1.0
66943,right_hand,0.05401172861456871,0.9459882974624634,IntegradorFuga,4.507582627236843,1.0
67007,right_hand,0.24682405591011047,0.7531759142875671,IntegradorFuga,4.120718132704496,1.0
67071,right_hand,0.3495112955570221,0.6504886746406555,IntegradorFuga,3.5184507966041565,1.0
67135,right_hand,0.19729143381118774,0.8027085661888123,IntegradorFuga,3.2180139012634754,1.0
67199,right_hand,0.3353824019432068,0.6646175980567932,IntegradorFuga,2.6339581348001957,1.0
67263,right_hand,0.35130807757377625,0.6486919522285461,IntegradorFuga,2.039365440607071,1.0
67327,right_hand,0.469134658575058,0.5308653712272644,IntegradorFuga,1.5947442948818207,1.0
67391,,0.8331605792045593,0.16683942079544067,IntegradorFuga,0.6274457573890686,1.0
67455,,0.9657341241836548,0.03426584601402283,IntegradorFuga,-0.38199389576911935,1.0
67519,left_hand,0.9720320105552673,0.027967948466539383,IntegradorFuga,-2.4647328071296215,1.0
67583,left_hand,0.9725080132484436,0.027492031455039978,IntegradorFuga,-3.4251387678086758,1.0
67647,left_hand,0.9798445701599121,0.02015547826886177,IntegradorFuga,-4.4465585723519325,1.0
67711,left_hand,0.9806870818138123,0.01931295357644558,IntegradorFuga,-4.7416115421801805,1.0
67775,left_hand,0.9829335808753967,0.017066389322280884,IntegradorFuga,-4.776010455563664,1.0
67839,left_hand,0.9807979464530945,0.01920204609632492,IntegradorFuga,-4.793542293831706,1.0
67903,left_hand,0.9773739576339722,0.022626105695962906,IntegradorFuga,-4.803274163976312,1.0
67967,left_hand,0.976446270942688,0.023553762584924698,IntegradorFuga,-4.796477580443025,1.0
68031,left_hand,0.9787119626998901,0.021287960931658745,IntegradorFuga,-4.792527453973889,1.0
68095,left_hand,0.9790120720863342,0.02098790742456913,IntegradorFuga,-4.784684427082539,1.0
68159,left_hand,0.9744699001312256,0.0255301371216774,IntegradorFuga,-4.772028289735317,1.0
68223,left_hand,0.9788709878921509,0.021129049360752106,IntegradorFuga,-4.775022376328707,1.0
68287,left_hand,0.9831337332725525,0.016866248100996017,IntegradorFuga,-4.7883973531425,1.0
68351,left_hand,0.9720571041107178,0.027942834421992302,IntegradorFuga,-4.775087621062994,1.0
68415,left_hand,0.971135139465332,0.028864823281764984,IntegradorFuga,-4.759333772584796,1.0
68479,left_hand,0.9767760038375854,0.023224011063575745,IntegradorFuga,-4.7639460023492575,1.0
68543,left_hand,0.9792070388793945,0.020793022587895393,IntegradorFuga,-4.764618080109358,1.0
68607,left_hand,0.9828536510467529,0.01714629866182804,IntegradorFuga,-4.764057947322726,1.0
68671,left_hand,0.9889687299728394,0.01103125512599945,IntegradorFuga,-4.797881152480841,1.0
68735,left_hand,0.9934396147727966,0.006560394540429115,IntegradorFuga,-4.842490056529641,1.0
68799,left_hand,0.9935063123703003,0.006493632216006517,IntegradorFuga,-4.875950743909925,1.0
68863,left_hand,0.9951328635215759,0.004867151845246553,IntegradorFuga,-4.9078024392947555,1.0
68927,left_hand,0.9956802129745483,0.004319726023823023,IntegradorFuga,-4.933455573860556,1.0
68991,left_hand,0.9958732724189758,0.004126776475459337,IntegradorFuga,-4.9472645949572325,1.0
69055,left_hand,0.9956718683242798,0.004328139126300812,IntegradorFuga,-4.951729103922844,1.0
69119,left_hand,0.9959182143211365,0.004081855993717909,IntegradorFuga,-4.956552782095969,1.0
69183,left_hand,0.9956602454185486,0.004339751787483692,IntegradorFuga,-4.957607564050704,1.0
69247,left_hand,0.9954366087913513,0.004563411697745323,IntegradorFuga,-4.957120274193585,1.0
69311,left_hand,0.995559573173523,0.004440451040863991,IntegradorFuga,-4.956492900382727,1.0
69375,left_hand,0.9952853322029114,0.0047147031873464584,IntegradorFuga,-4.955719800200313,1.0
69439,left_hand,0.9945755004882812,0.005424491595476866,IntegradorFuga,-4.953034450765699,1.0
69503,left_hand,0.995704710483551,0.0042952848598361015,IntegradorFuga,-4.953123382758349,1.0
69567,left_hand,0.9951903820037842,0.0048096664249897,IntegradorFuga,-4.952630901243538,1.0
69631,left_hand,0.9936525821685791,0.00634745741263032,IntegradorFuga,-4.9488169038668275,1.0
69695,left_hand,0.99053955078125,0.009460397996008396,IntegradorFuga,-4.939325427636504,1.0
69759,left_hand,0.9891056418418884,0.010894304141402245,IntegradorFuga,-4.928385756444186,1.0
69823,left_hand,0.9829983115196228,0.017001621425151825,IntegradorFuga,-4.902973020914942,1.0
69887,left_hand,0.9744762182235718,0.02552378922700882,IntegradorFuga,-4.8615447343327105,1.0
69951,left_hand,0.9555939435958862,0.04440605267882347,IntegradorFuga,-4.7854275004938245,1.0
70015,left_hand,0.9545254111289978,0.0454745851457119,IntegradorFuga,-4.713399173691869,1.0
70079,left_hand,0.9457723498344421,0.05422762781381607,IntegradorFuga,-4.626732558012009,1.0
70143,left_hand,0.9190272688865662,0.08097271621227264,IntegradorFuga,-4.498790420591831,1.0
70207,left_hand,0.9211279153823853,0.07887210696935654,IntegradorFuga,-4.392093800008297,1.0
70271,left_hand,0.8745149374008179,0.1254851073026657,IntegradorFuga,-4.229935739189386,1.0
70335,left_hand,0.9344677925109863,0.06553222239017487,IntegradorFuga,-4.189820483326912,1.0
70399,left_hand,0.8141154646873474,0.18588459491729736,IntegradorFuga,-3.926506631076336,1.0
70463,left_hand,0.7848452925682068,0.21515469253063202,IntegradorFuga,-3.658142678439617,1.0
70527,left_hand,0.8919220566749573,0.10807791352272034,IntegradorFuga,-3.5997310131788254,1.0
70591,left_hand,0.9212555885314941,0.07874440401792526,IntegradorFuga,-3.693212367594242,1.0
70655,left_hand,0.884907603263855,0.11509240418672562,IntegradorFuga,-3.59409199655056,1.0
70719,left_hand,0.8378285765647888,0.16217143833637238,IntegradorFuga,-3.6415182650089264,1.0
70783,left_hand,0.7441664338111877,0.25583353638648987,IntegradorFuga,-3.5601605623960495,1.0
70847,left_hand,0.8940553069114685,0.1059446930885315,IntegradorFuga,-3.5644270330667496,1.0
70911,left_hand,0.9130567908287048,0.08694318681955338,IntegradorFuga,-3.548029452562332,1.0
70975,left_hand,0.9081059694290161,0.09189403057098389,IntegradorFuga,-3.594426192343235,1.0
71039,left_hand,0.9040631651878357,0.09593682736158371,IntegradorFuga,-3.7268953919410706,1.0
71103,left_hand,0.8524197936058044,0.14758014678955078,IntegradorFuga,-3.9434021413326263,1.0
71167,left_hand,0.8312961459159851,0.16870388388633728,IntegradorFuga,-3.817883789539337,1.0
71231,left_hand,0.8252460360527039,0.17475394904613495,IntegradorFuga,-3.6422622725367546,1.0
71295,left_hand,0.875588595867157,0.12441139668226242,IntegradorFuga,-3.577227532863617,1.0
71359,left_hand,0.8882710337638855,0.11172889173030853,IntegradorFuga,-3.545643337070942,1.0
71423,left_hand,0.8929328918457031,0.10706716775894165,IntegradorFuga,-3.6266694143414497,1.0
71487,left_hand,0.8397206664085388,0.16027934849262238,IntegradorFuga,-3.6435184702277184,1.0
71551,left_hand,0.880683958530426,0.11931601911783218,IntegradorFuga,-3.7543943226337433,1.0
71615,left_hand,0.9614717364311218,0.03852824866771698,IntegradorFuga,-3.9261606112122536,1.0
71679,left_hand,0.9754539132118225,0.024546153843402863,IntegradorFuga,-4.100526228547096,1.0
71743,left_hand,0.9726880788803101,0.027311885729432106,IntegradorFuga,-4.260036697611213,1.0
71807,left_hand,0.963047981262207,0.03695199638605118,IntegradorFuga,-4.506691364571452,1.0
71871,left_hand,0.9554056525230408,0.04459433630108833,IntegradorFuga,-4.656134741380811,1.0
71935,left_hand,0.9535926580429077,0.04640734940767288,IntegradorFuga,-4.640376562252641,1.0
71999,left_hand,0.9586457014083862,0.04135429486632347,IntegradorFuga,-4.606760209426284,1.0
72063,left_hand,0.9485751986503601,0.05142485350370407,IntegradorFuga,-4.558534361422062,1.0
72127,left_hand,0.9447346925735474,0.055265363305807114,IntegradorFuga,-4.521907705813646,1.0
72191,left_hand,0.9636916518211365,0.036308396607637405,IntegradorFuga,-4.538479644805193,1.0
72255,left_hand,0.9740530252456665,0.025947002694010735,IntegradorFuga,-4.579400358721614,1.0
72319,left_hand,0.9622433185577393,0.03775675594806671,IntegradorFuga,-4.586595514789224,1.0
72383,left_hand,0.9588615298271179,0.04113846272230148,IntegradorFuga,-4.607168236747384,1.0
72447,left_hand,0.9602637887001038,0.039736248552799225,IntegradorFuga,-4.638226447626948,1.0
72511,left_hand,0.9120165705680847,0.08798343688249588,IntegradorFuga,-4.534876326099038,1.0
72575,left_hand,0.8386882543563843,0.16131176054477692,IntegradorFuga,-4.26414679735899,1.0
72639,left_hand,0.936772882938385,0.06322716921567917,IntegradorFuga,-4.213205948472023,1.0
72703,left_hand,0.9452828168869019,0.05471723526716232,IntegradorFuga,-4.186048462986946,1.0
72767,left_hand,0.9549197554588318,0.0450802706182003,IntegradorFuga,-4.175360407680273,1.0
72831,left_hand,0.9309999346733093,0.06900012493133545,IntegradorFuga,-4.213327083736658,1.0
72895,left_hand,0.9395463466644287,0.06045360118150711,IntegradorFuga,-4.415043335407972,1.0
72959,left_hand,0.9436843991279602,0.0563155896961689,IntegradorFuga,-4.428866431117058,1.0
73023,left_hand,0.9099288582801819,0.09007114917039871,IntegradorFuga,-4.358158558607101,1.0
73087,left_hand,0.7573948502540588,0.24260514974594116,IntegradorFuga,-3.9631087742745876,1.0
73151,left_hand,0.42145413160324097,0.5785459280014038,IntegradorFuga,-2.944017168134451,1.0
73215,left_hand,0.559282124042511,0.440717875957489,IntegradorFuga,-2.1834886707365513,1.0
73279,left_hand,0.460111141204834,0.5398889183998108,IntegradorFuga,-1.2163420841097832,1.0
73343,,0.4666169285774231,0.5333830714225769,IntegradorFuga,-0.3297182321548462,1.0
73407,,0.5273694396018982,0.4726305902004242,IntegradorFuga,-0.0993856132030487,1.0
73471,,0.29386135935783386,0.7061386704444885,IntegradorFuga,0.3855181336402893,1.0
73535,right_hand,0.09978771954774857,0.9002122282981873,IntegradorFuga,1.5900250241160392,1.0
73599,right_hand,0.10609263181686401,0.893907368183136,IntegradorFuga,2.012543849647045,1.0
73663,right_hand,0.070306196808815,0.9296938180923462,IntegradorFuga,2.8051653280854225,1.0
73727,right_hand,0.050118137151002884,0.9498818516731262,IntegradorFuga,3.75966789200902,1.0
73791,right_hand,0.04409681260585785,0.9559032320976257,IntegradorFuga,4.259197000414133,1.0
73855,right_hand,0.03609052672982216,0.9639094471931458,IntegradorFuga,4.386591412127018,1.0
73919,right_hand,0.031348295509815216,0.9686517119407654,IntegradorFuga,4.536080092191696,1.0
73983,right_hand,0.02276664599776268,0.977233350276947,IntegradorFuga,4.631159175187349,1.0
74047,right_hand,0.02848884090781212,0.9715111255645752,IntegradorFuga,4.674417745321989,1.0
74111,right_hand,0.026016727089881897,0.9739832282066345,IntegradorFuga,4.710577826946974,1.0
74175,right_hand,0.046596627682447433,0.9534033536911011,IntegradorFuga,4.689565632492304,1.0
74239,right_hand,0.040201663970947266,0.9597983956336975,IntegradorFuga,4.671858947724104,1.0
74303,right_hand,0.13757357001304626,0.8624264001846313,IntegradorFuga,4.442245073616505,1.0
74367,right_hand,0.2875140607357025,0.7124859690666199,IntegradorFuga,3.924194697290659,1.0
74431,right_hand,0.6878030300140381,0.3121970295906067,IntegradorFuga,2.600622195750475,1.0
74495,,0.9142798185348511,0.08572012931108475,IntegradorFuga,0.865255780518055,1.0
74559,,0.961974024772644,0.038025952875614166,IntegradorFuga,-0.21303324252367029,1.0
74623,left_hand,0.9390875697135925,0.06091250106692314,IntegradorFuga,-2.69435016438365,1.0
74687,left_hand,0.9456409811973572,0.05435900762677193,IntegradorFuga,-3.8975708037614822,1.0
74751,left_hand,0.9282885193824768,0.07171151041984558,IntegradorFuga,-4.378541812300682,1.0
74815,left_hand,0.9475091099739075,0.05249093472957611,IntegradorFuga,-4.445000298321247,1.0
74879,left_hand,0.9487341642379761,0.05126578360795975,IntegradorFuga,-4.4185206070542336,1.0
74943,left_hand,0.970767080783844,0.029232967644929886,IntegradorFuga,-4.481879651546478,1.0
75007,left_hand,0.9844047427177429,0.015595246106386185,IntegradorFuga,-4.55940717458725,1.0
75071,left_hand,0.9797518849372864,0.020248182117938995,IntegradorFuga,-4.662333868443966,1.0
75135,left_hand,0.9580820202827454,0.041917938739061356,IntegradorFuga,-4.683479774743319,1.0
75199,left_hand,0.8933583498001099,0.10664160549640656,IntegradorFuga,-4.5727281384170055,1.0
75263,left_hand,0.8982818722724915,0.10171817243099213,IntegradorFuga,-4.427757725119591,1.0
75327,left_hand,0.8669078946113586,0.13309216499328613,IntegradorFuga,-4.1927639581263065,1.0
75391,left_hand,0.7178391218185425,0.28216081857681274,IntegradorFuga,-3.668938558548689,1.0
75455,left_hand,0.4950403571128845,0.5049596428871155,IntegradorFuga,-2.742855191230774,1.0
75519,left_hand,0.5342702865600586,0.465729683637619,IntegradorFuga,-2.02467904984951,1.0
75583,left_hand,0.44987043738365173,0.5501295924186707,IntegradorFuga,-1.127856194972992,1.0
75647,,0.4226512312889099,0.5773487091064453,IntegradorFuga,-0.23934298753738403,1.0
75711,,0.4704185426235199,0.5295814871788025,IntegradorFuga,0.11615527272224427,1.0
75775,,0.508746862411499,0.4912531077861786,IntegradorFuga,0.24424049258232117,1.0
75839,,0.3962356746196747,0.6037643551826477,IntegradorFuga,0.6483949959278107,1.0
75903,right_hand,0.1740058958530426,0.8259941339492798,IntegradorFuga,1.6042785823345185,1.0
75967,right_hand,0.1241164281964302,0.8758835196495056,IntegradorFuga,1.6529532000422478,1.0
76031,right_hand,0.08075188845396042,0.919248104095459,IntegradorFuga,2.4322864711284637,1.0
76095,right_hand,0.10413455963134766,0.8958654403686523,IntegradorFuga,3.241511106491089,1.0
76159,right_hand,0.05332745239138603,0.9466724991798401,IntegradorFuga,3.92732747271657,1.0
76223,right_hand,0.032105300575494766,0.9678947329521179,IntegradorFuga,4.211128666996956,1.0
76287,right_hand,0.08384209871292114,0.9161578416824341,IntegradorFuga,4.291677318513393,1.0
76351,right_hand,0.1003875881433487,0.8996124267578125,IntegradorFuga,4.252405941486359,1.0
76415,right_hand,0.09856954216957092,0.9014304280281067,IntegradorFuga,4.26353594660759,1.0
76479,right_hand,0.12949763238430023,0.8705023527145386,IntegradorFuga,4.111195620149374,1.0
76543,right_hand,0.12947982549667358,0.8705201148986816,IntegradorFuga,3.916446477174759,1.0
76607,right_hand,0.36943477392196655,0.6305651664733887,IntegradorFuga,3.345261126756668,1.0
76671,right_hand,0.49239757657051086,0.5076023936271667,IntegradorFuga,2.56124110519886,1.0
76735,right_hand,0.746728777885437,0.2532711625099182,IntegradorFuga,1.2649226039648056,1.0
76799,,0.8622456789016724,0.13775430619716644,IntegradorFuga,-0.20057348906993866,1.0
76863,left_hand,0.8721670508384705,0.12783297896385193,IntegradorFuga,-1.7865213394165038,1.0
76927,left_hand,0.8664044737815857,0.1335955113172531,IntegradorFuga,-2.67988720536232,1.0
76991,left_hand,0.9512627720832825,0.048737265169620514,IntegradorFuga,-3.597617529332638,1.0
77055,left_hand,0.9783614277839661,0.021638495847582817,IntegradorFuga,-4.060882845893502,1.0
77119,left_hand,0.9832965135574341,0.016703451052308083,IntegradorFuga,-4.302984535694122,1.0
77183,left_hand,0.9777138829231262,0.022286122664809227,IntegradorFuga,-4.514078224077821,1.0
77247,left_hand,0.9581817388534546,0.04181831330060959,IntegradorFuga,-4.697632687166333,1.0
77311,left_hand,0.9378730654716492,0.06212690472602844,IntegradorFuga,-4.670853340998292,1.0
77375,left_hand,0.9532763361930847,0.0467236191034317,IntegradorFuga,-4.620683126151562,1.0
77439,left_hand,0.9333085417747498,0.06669141352176666,IntegradorFuga,-4.520707191899419,1.0
77503,left_hand,0.9160799980163574,0.0839199647307396,IntegradorFuga,-4.39743946492672,1.0
77567,left_hand,0.6697940826416016,0.33020588755607605,IntegradorFuga,-3.8206642344594,1.0
77631,left_hand,0.6130951642990112,0.38690489530563354,IntegradorFuga,-3.171108342707157,1.0
77695,left_hand,0.4704068899154663,0.5295931100845337,IntegradorFuga,-2.2053694054484367,1.0
77759,left_hand,0.7921261787414551,0.20787380635738373,IntegradorFuga,-1.923004649579525,1.0
77823,left_hand,0.8748528361320496,0.12514710426330566,IntegradorFuga,-1.840550348162651,1.0
77887,left_hand,0.8300842642784119,0.1699157953262329,IntegradorFuga,-2.1611306220293045,1.0
77951,left_hand,0.7476608157157898,0.2523392140865326,IntegradorFuga,-2.430261954665184,1.0
78015,left_hand,0.770937442779541,0.22906258702278137,IntegradorFuga,-3.031323030591011,1.0
78079,left_hand,0.757988452911377,0.24201156198978424,IntegradorFuga,-2.9630475491285324,1.0
78143,left_hand,0.7272422313690186,0.27275776863098145,IntegradorFuga,-2.6678262799978256,1.0
78207,left_hand,0.8517548441886902,0.1482451856136322,IntegradorFuga,-2.7111674696207047,1.0
78271,left_hand,0.844740092754364,0.1552598625421524,IntegradorFuga,-2.905326098203659,1.0
78335,left_hand,0.9242081046104431,0.07579191774129868,IntegradorFuga,-3.211867429316044,1.0
78399,left_hand,0.9315736889839172,0.06842628121376038,IntegradorFuga,-3.559037946164608,1.0
78463,left_hand,0.9576300978660583,0.04236987605690956,IntegradorFuga,-4.01981370523572,1.0
78527,left_hand,0.9579164981842041,0.04208351671695709,IntegradorFuga,-4.232137028127909,1.0
78591,left_hand,0.9412404894828796,0.05875954404473305,IntegradorFuga,-4.425137743353844,1.0
78655,left_hand,0.9371668100357056,0.0628332644701004,IntegradorFuga,-4.451055102050304,1.0
78719,left_hand,0.9433908462524414,0.056609146296978,IntegradorFuga,-4.474689394235611,1.0
78783,left_hand,0.973726749420166,0.026273276656866074,IntegradorFuga,-4.506882645189762,1.0
78847,left_hand,0.9730674028396606,0.026932591572403908,IntegradorFuga,-4.537184474989772,1.0
78911,left_hand,0.9771331548690796,0.022866804152727127,IntegradorFuga,-4.608969880267978,1.0
78975,left_hand,0.9820241332054138,0.017975904047489166,IntegradorFuga,-4.698684563860297,1.0
79039,left_hand,0.9766948223114014,0.023305239155888557,IntegradorFuga,-4.765292447060347,1.0
79103,left_hand,0.9759151935577393,0.02408480830490589,IntegradorFuga,-4.76966935954988,1.0
79167,left_hand,0.9635047912597656,0.0364951565861702,IntegradorFuga,-4.750544182956219,1.0
79231,left_hand,0.9668915271759033,0.03310844302177429,IntegradorFuga,-4.730060916393995,1.0
79295,left_hand,0.9725268483161926,0.02747310884296894,IntegradorFuga,-4.711066426709294,1.0
79359,left_hand,0.9797025322914124,0.020297428593039513,IntegradorFuga,-4.717081947252154,1.0
79423,left_hand,0.9818003177642822,0.018199685961008072,IntegradorFuga,-4.728852193802595,1.0
79487,left_hand,0.9763216376304626,0.023678448051214218,IntegradorFuga,-4.754485748708248,1.0
79551,left_hand,0.9439122080802917,0.05608779564499855,IntegradorFuga,-4.708527076989412,1.0
79615,left_hand,0.9325658679008484,0.0674341470003128,IntegradorFuga,-4.628605058416724,1.0
79679,left_hand,0.9671379923820496,0.032861966639757156,IntegradorFuga,-4.603475980460644,1.0
79743,left_hand,0.9676917195320129,0.03230832517147064,IntegradorFuga,-4.575258743017912,1.0
79807,left_hand,0.9568462371826172,0.04315374419093132,IntegradorFuga,-4.536308046430349,1.0
79871,left_hand,0.9216371774673462,0.07836280018091202,IntegradorFuga,-4.49175801128149,1.0
79935,left_hand,0.9583670496940613,0.04163287952542305,IntegradorFuga,-4.543360460549593,1.0
79999,left_hand,0.9608622193336487,0.03913775458931923,IntegradorFuga,-4.53080889955163,1.0
80063,left_hand,0.9671388864517212,0.03286109119653702,IntegradorFuga,-4.529703300446272,1.0
80127,left_hand,0.9558899402618408,0.04411003738641739,IntegradorFuga,-4.5277907103300095,1.0
80191,left_hand,0.9230546355247498,0.07694531977176666,IntegradorFuga,-4.530625648796558,1.0
80255,left_hand,0.8777985572814941,0.12220147252082825,IntegradorFuga,-4.369488563388586,1.0
80319,left_hand,0.8747256994247437,0.12527434527873993,IntegradorFuga,-4.19721545279026,1.0
80383,left_hand,0.9235810041427612,0.07641902565956116,IntegradorFuga,-4.110099636018276,1.0
80447,left_hand,0.9197415113449097,0.08025848865509033,IntegradorFuga,-4.037802755832672,1.0
80511,left_hand,0.9263356924057007,0.07366427034139633,IntegradorFuga,-4.044364862143993,1.0
80575,left_hand,0.7402395606040955,0.25976037979125977,IntegradorFuga,-3.769246958196163,1.0
80639,left_hand,0.5535045266151428,0.4464954733848572,IntegradorFuga,-3.126804657280445,1.0
80703,left_hand,0.22280126810073853,0.7771987318992615,IntegradorFuga,-1.725245214998722,1.0
80767,,0.2871880531311035,0.7128120064735413,IntegradorFuga,-0.460138238966465,1.0
80831,,0.18193605542182922,0.8180639743804932,IntegradorFuga,0.6685228630900383,1.0
80895,right_hand,0.12372930347919464,0.8762707114219666,IntegradorFuga,2.830204553902149,1.0
80959,right_hand,0.12968020141124725,0.8703198432922363,IntegradorFuga,3.1093303859233856,1.0
81023,right_hand,0.1873016059398651,0.8126984238624573,IntegradorFuga,3.180329740047455,1.0
81087,right_hand,0.19713638722896576,0.802863597869873,IntegradorFuga,3.3604329973459244,1.0
81151,right_hand,0.1704980581998825,0.8295019268989563,IntegradorFuga,3.3833089470863342,1.0
81215,right_hand,0.10542332381010056,0.8945766687393188,IntegradorFuga,3.4199208840727806,1.0
81279,right_hand,0.08642047643661499,0.913579523563385,IntegradorFuga,3.5064402893185616,1.0
81343,right_hand,0.08267412334680557,0.9173259139060974,IntegradorFuga,3.7156952619552612,1.0
81407,right_hand,0.062151748687028885,0.9378482699394226,IntegradorFuga,3.9856645725667477,1.0
81471,right_hand,0.02669011615216732,0.9733099341392517,IntegradorFuga,4.273280521854758,1.0
81535,right_hand,0.028417212888598442,0.9715827703475952,IntegradorFuga,4.427292734384537,1.0
81599,right_hand,0.0471048578619957,0.9528951048851013,IntegradorFuga,4.505923934280872,1.0
81663,right_hand,0.03504776954650879,0.964952290058136,IntegradorFuga,4.601176664233208,1.0
81727,right_hand,0.019856754690408707,0.9801432490348816,IntegradorFuga,4.685766637325287,1.0
81791,right_hand,0.028135159984230995,0.9718648791313171,IntegradorFuga,4.682876538485289,1.0
81855,right_hand,0.0284469872713089,0.9715529680252075,IntegradorFuga,4.6828169617801905,1.0
81919,right_hand,0.01487030554562807,0.985129714012146,IntegradorFuga,4.747286123223603,1.0
81983,right_hand,0.013417930342257023,0.9865820407867432,IntegradorFuga,4.790545713156462,1.0
82047,right_hand,0.05496208742260933,0.9450379014015198,IntegradorFuga,4.720335032790899,1.0
82111,right_hand,0.20385906100273132,0.7961409091949463,IntegradorFuga,4.368887161836028,1.0
82175,right_hand,0.2087145298719406,0.7912854552268982,IntegradorFuga,4.008352106437087,1.0
82239,right_hand,0.3348303437232971,0.6651697158813477,IntegradorFuga,3.3684320701286197,1.0
82303,right_hand,0.46032974123954773,0.5396702289581299,IntegradorFuga,2.4746084474027157,1.0
82367,right_hand,0.6033257842063904,0.3966742157936096,IntegradorFuga,1.3778810650110245,1.0
82431,,0.6206185817718506,0.3793814182281494,IntegradorFuga,0.5443620532751083,1.0
82495,,0.8135535717010498,0.1864464282989502,IntegradorFuga,-0.2209539622068405,1.0
82559,left_hand,0.8537333607673645,0.1462666392326355,IntegradorFuga,-1.824076071381569,1.0
82623,left_hand,0.952413022518158,0.04758705571293831,IntegradorFuga,-2.68728856369853,1.0
82687,left_hand,0.974899411201477,0.02510061487555504,IntegradorFuga,-3.4304357916116714,1.0
82751,left_hand,0.9825069308280945,0.01749303564429283,IntegradorFuga,-4.154212523251772,1.0
82815,left_hand,0.9878101348876953,0.01218988373875618,IntegradorFuga,-4.5027256309986115,1.0
82879,left_hand,0.9886628985404968,0.011337151750922203,IntegradorFuga,-4.772584656253457,1.0
82943,left_hand,0.985331654548645,0.014668410643935204,IntegradorFuga,-4.838421933352947,1.0
83007,left_hand,0.9804385900497437,0.019561367109417915,IntegradorFuga,-4.849500359967351,1.0
83071,left_hand,0.9839297533035278,0.016070308163762093,IntegradorFuga,-4.852345909923315,1.0
83135,left_hand,0.9802775979042053,0.019722335040569305,IntegradorFuga,-4.837280921638012,1.0
83199,left_hand,0.9641739130020142,0.03582611307501793,IntegradorFuga,-4.7883029747754335,1.0
83263,left_hand,0.9464425444602966,0.053557462990283966,IntegradorFuga,-4.710524812340736,1.0
83327,left_hand,0.9392470717430115,0.06075296550989151,IntegradorFuga,-4.628141695633531,1.0
83391,left_hand,0.9067783951759338,0.09322153776884079,IntegradorFuga,-4.473839107900858,1.0
83455,left_hand,0.890164852142334,0.1098352000117302,IntegradorFuga,-4.293613497167826,1.0
83519,left_hand,0.9227660894393921,0.07723396271467209,IntegradorFuga,-4.2107978239655495,1.0
83583,left_hand,0.8719488382339478,0.12805113196372986,IntegradorFuga,-4.061810448765755,1.0
83647,left_hand,0.8976567983627319,0.10234318673610687,IntegradorFuga,-3.97862995415926,1.0
83711,left_hand,0.8975746631622314,0.10242532938718796,IntegradorFuga,-3.9602224305272102,1.0
83775,left_hand,0.8429530262947083,0.15704700350761414,IntegradorFuga,-3.8657988011837006,1.0
83839,left_hand,0.5572107434272766,0.44278931617736816,IntegradorFuga,-3.134688101708889,1.0
83903,left_hand,0.5621178150177002,0.4378822147846222,IntegradorFuga,-2.515025995671749,1.0
83967,left_hand,0.4171740412712097,0.5828259587287903,IntegradorFuga,-1.5540604665875435,1.0
84031,,0.32522815465927124,0.6747718453407288,IntegradorFuga,-0.4093674421310425,1.0
84095,,0.6736369132995605,0.32636308670043945,IntegradorFuga,-0.38010268807411196,1.0
84159,,0.7338874340057373,0.2661125659942627,IntegradorFuga,-0.7041913747787476,1.0
84223,left_hand,0.6742939352989197,0.32570600509643555,IntegradorFuga,-1.2526323914527895,1.0
84287,left_hand,0.6159898638725281,0.38401007652282715,IntegradorFuga,-1.0460727214813232,1.0
84351,,0.26769670844078064,0.7323033213615417,IntegradorFuga,-0.9310097992420197,1.0
84415,,0.10082392394542694,0.8991761207580566,IntegradorFuga,-0.6163935750722884,1.0
84479,,0.14124402403831482,0.8587559461593628,IntegradorFuga,0.8835094392299654,1.0
84543,right_hand,0.14351631700992584,0.8564836382865906,IntegradorFuga,3.244967705011368,1.0
84607,right_hand,0.22542953491210938,0.7745704650878906,IntegradorFuga,3.2425789833068848,1.0
84671,right_hand,0.35586392879486084,0.6441360712051392,IntegradorFuga,3.066244512796402,1.0
84735,right_hand,0.30711081624031067,0.6928891539573669,IntegradorFuga,2.6536706537008286,1.0
84799,right_hand,0.29481878876686096,0.7051812410354614,IntegradorFuga,2.346521183848381,1.0
84863,right_hand,0.1352117359638214,0.864788293838501,IntegradorFuga,2.363130420446396,1.0
84927,right_hand,0.12762580811977386,0.8723741769790649,IntegradorFuga,2.5587378591299057,1.0
84991,right_hand,0.07155406475067139,0.9284458756446838,IntegradorFuga,3.12735752761364,1.0
85055,right_hand,0.040170248597860336,0.9598298072814941,IntegradorFuga,3.6612387485802174,1.0
85119,right_hand,0.04289529100060463,0.9571046829223633,IntegradorFuga,4.1650856882333755,1.0
85183,right_hand,0.03278885781764984,0.9672111868858337,IntegradorFuga,4.36993145942688,1.0
85247,right_hand,0.040969472378492355,0.9590305089950562,IntegradorFuga,4.543244127184153,1.0
85311,right_hand,0.05922434478998184,0.9407756924629211,IntegradorFuga,4.5679036639630795,1.0
85375,right_hand,0.04473630711436272,0.9552636742591858,IntegradorFuga,4.558771472424269,1.0
85439,right_hand,0.053026191890239716,0.9469737410545349,IntegradorFuga,4.538509629666805,1.0
85503,right_hand,0.0506330206990242,0.9493670463562012,IntegradorFuga,4.502821326255798,1.0
85567,right_hand,0.03847113624215126,0.9615288972854614,IntegradorFuga,4.507818050682545,1.0
85631,right_hand,0.03523518890142441,0.9647648334503174,IntegradorFuga,4.555796347558498,1.0
85695,right_hand,0.027651727199554443,0.9723482728004456,IntegradorFuga,4.589965526014566,1.0
85759,right_hand,0.01602853275835514,0.9839714765548706,IntegradorFuga,4.663960920646787,1.0
85823,right_hand,0.016688624396920204,0.9833114147186279,IntegradorFuga,4.731849685311317,1.0
85887,right_hand,0.014727111905813217,0.9852728247642517,IntegradorFuga,4.779337637126446,1.0
85951,right_hand,0.028665782883763313,0.9713341593742371,IntegradorFuga,4.7924763690680265,1.0
86015,right_hand,0.018919887021183968,0.9810801148414612,IntegradorFuga,4.809940051287413,1.0
86079,right_hand,0.02377135492861271,0.976228654384613,IntegradorFuga,4.7944544069468975,1.0
86143,right_hand,0.03675539791584015,0.9632445573806763,IntegradorFuga,4.754320776090026,1.0
86207,right_hand,0.059294700622558594,0.9407052993774414,IntegradorFuga,4.66518566198647,1.0
86271,right_hand,0.06245008856058121,0.9375499486923218,IntegradorFuga,4.597617145627737,1.0
86335,right_hand,0.06094253808259964,0.939057469367981,IntegradorFuga,4.513571849092841,1.0
86399,right_hand,0.06611137092113495,0.9338886141777039,IntegradorFuga,4.42889179289341,1.0
86463,right_hand,0.11628277599811554,0.8837172389030457,IntegradorFuga,4.269837096333504,1.0
86527,right_hand,0.0772702619433403,0.9227297306060791,IntegradorFuga,4.23388596624136,1.0
86591,right_hand,0.14286866784095764,0.85713130235672,IntegradorFuga,4.0730487406253815,1.0
86655,right_hand,0.20654700696468353,0.7934529781341553,IntegradorFuga,3.781839780509472,1.0
86719,right_hand,0.250139445066452,0.7498605251312256,IntegradorFuga,3.4137836173176765,1.0
86783,right_hand,0.3736424446105957,0.6263576149940491,IntegradorFuga,2.8990643247962,1.0
86847,right_hand,0.40175676345825195,0.598243236541748,IntegradorFuga,2.250091329216957,1.0
86911,right_hand,0.6796150207519531,0.3203849494457245,IntegradorFuga,1.1765986233949661,1.0
86975,,0.7190127372741699,0.28098729252815247,IntegradorFuga,0.15166720747947693,1.0
87039,,0.8237920999526978,0.17620791494846344,IntegradorFuga,-0.943970850110054,1.0
87103,left_hand,0.9564226269721985,0.043577373027801514,IntegradorFuga,-3.0051693320274353,1.0
87167,left_hand,0.9589452147483826,0.04105484113097191,IntegradorFuga,-3.275575328618288,1.0
87231,left_hand,0.9752732515335083,0.024726707488298416,IntegradorFuga,-3.8668918013572693,1.0
87295,left_hand,0.9767504334449768,0.02324952930212021,IntegradorFuga,-4.382367260754108,1.0
87359,left_hand,0.958817720413208,0.04118229076266289,IntegradorFuga,-4.652418505400419,1.0
87423,left_hand,0.940788745880127,0.059211261570453644,IntegradorFuga,-4.621150735765696,1.0
87487,left_hand,0.9171926379203796,0.08280740678310394,IntegradorFuga,-4.537645593285561,1.0
87551,left_hand,0.9030947685241699,0.09690520167350769,IntegradorFuga,-4.393288616091013,1.0
87615,left_hand,0.9023401737213135,0.09765980392694473,IntegradorFuga,-4.244468081742525,1.0
87679,left_hand,0.840469479560852,0.15953049063682556,IntegradorFuga,-4.0077716410160065,1.0
87743,left_hand,0.6241447329521179,0.3758552670478821,IntegradorFuga,-3.374483622610569,1.0
87807,left_hand,0.658963680267334,0.341036319732666,IntegradorFuga,-2.8580257520079613,1.0
87871,left_hand,0.5765256285667419,0.42347437143325806,IntegradorFuga,-2.204887442290783,1.0
87935,left_hand,0.31922632455825806,0.6807737350463867,IntegradorFuga,-1.0386596620082855,1.0
87999,,0.08889731019735336,0.9111026525497437,IntegradorFuga,0.46448466926813126,1.0
88063,right_hand,0.06174900755286217,0.9382510185241699,IntegradorFuga,1.953760815411806,1.0
88127,right_hand,0.030826110392808914,0.9691739082336426,IntegradorFuga,2.8455513045191765,1.0
88191,right_hand,0.027982886880636215,0.9720171093940735,IntegradorFuga,3.9426367841660976,1.0
88255,right_hand,0.024634091183543205,0.9753658771514893,IntegradorFuga,4.531821159645915,1.0
88319,right_hand,0.024522945284843445,0.9754770398139954,IntegradorFuga,4.660569911822677,1.0
88383,right_hand,0.039912402629852295,0.9600875973701477,IntegradorFuga,4.704243095591664,1.0
88447,right_hand,0.05154895409941673,0.9484509825706482,IntegradorFuga,4.662797326222062,1.0
88511,right_hand,0.03791435435414314,0.9620857238769531,IntegradorFuga,4.642934473231435,1.0
88575,right_hand,0.03848174959421158,0.9615182280540466,IntegradorFuga,4.615239165723324,1.0
88639,right_hand,0.051528725773096085,0.9484712481498718,IntegradorFuga,4.561227593570948,1.0
88703,right_hand,0.08028290420770645,0.9197170734405518,IntegradorFuga,4.4804865680634975,1.0
88767,right_hand,0.08022190630435944,0.9197781085968018,IntegradorFuga,4.423140741884708,1.0
88831,right_hand,0.13121925294399261,0.8687807321548462,IntegradorFuga,4.236530851572752,1.0
88895,right_hand,0.22425997257232666,0.7757400870323181,IntegradorFuga,3.8649744875729084,1.0
88959,right_hand,0.2531532049179077,0.7468467950820923,IntegradorFuga,3.4617255553603172,1.0
89023,right_hand,0.2673364281654358,0.7326635718345642,IntegradorFuga,3.0876185297966003,1.0
89087,right_hand,0.08687785267829895,0.9131221175193787,IntegradorFuga,3.0743065923452377,1.0
89151,right_hand,0.06124425306916237,0.9387557506561279,IntegradorFuga,3.2142566107213497,1.0
89215,right_hand,0.11661764979362488,0.8833823800086975,IntegradorFuga,3.429541226476431,1.0
89279,right_hand,0.0737936720252037,0.9262062907218933,IntegradorFuga,3.788260255008936,1.0
89343,right_hand,0.04667067900300026,0.95332932472229,IntegradorFuga,4.229591757059097,1.0
89407,right_hand,0.04524926096200943,0.9547507166862488,IntegradorFuga,4.312848947942257,1.0
89471,right_hand,0.060659948736429214,0.9393400549888611,IntegradorFuga,4.314017556607723,1.0
89535,right_hand,0.05086468532681465,0.9491353034973145,IntegradorFuga,4.44552344456315,1.0
89599,right_hand,0.11583402752876282,0.8841660022735596,IntegradorFuga,4.3614428006112576,1.0
89663,right_hand,0.35386741161346436,0.6461326479911804,IntegradorFuga,3.747049391269684,1.0
89727,right_hand,0.36139845848083496,0.638601541519165,IntegradorFuga,3.1147510185837746,1.0
89791,right_hand,0.2300480753183365,0.7699519395828247,IntegradorFuga,2.775974776595831,1.0
89855,right_hand,0.22561205923557281,0.7743879556655884,IntegradorFuga,2.4264800548553467,1.0
89919,right_hand,0.31536203622817993,0.6846379637718201,IntegradorFuga,2.02742400765419,1.0
89983,right_hand,0.34948018193244934,0.650519847869873,IntegradorFuga,2.0361984372138977,1.0
90047,right_hand,0.3488014340400696,0.6511985063552856,IntegradorFuga,2.0613924264907837,1.0
90111,right_hand,0.35456740856170654,0.6454326510429382,IntegradorFuga,1.8123538047075272,1.0
90175,right_hand,0.41522935032844543,0.5847706198692322,IntegradorFuga,1.4331191778182983,1.0
90239,,0.8808193206787109,0.11918066442012787,IntegradorFuga,0.30220459401607513,1.0
90239,,0.8808193206787109,0.11918066442012787,IntegradorFuga,0.5044091880321502,1.0
