sample,prediction,p_left_raw,p_right_raw,name,mean_left,mean_right,n_preds
4159,left_hand,0.922581136226654,0.07741885632276535,MediaProbabilidades,0.9024220466613769,0.09757796823978424,5
4223,left_hand,0.8992146253585815,0.10078539699316025,MediaProbabilidades,0.8923186659812927,0.10768135190010071,5
4287,left_hand,0.8863864541053772,0.1136135384440422,MediaProbabilidades,0.8894829988479614,0.1105170115828514,5
4351,left_hand,0.8949359655380249,0.10506405681371689,MediaProbabilidades,0.8953775048255921,0.10462250113487244,5
4415,left_hand,0.9153779745101929,0.08462205529212952,MediaProbabilidades,0.9036992311477661,0.09630078077316284,5
4479,left_hand,0.8597304224967957,0.14026959240436554,MediaProbabilidades,0.8911290884017944,0.10887092798948288,5
4543,left_hand,0.730100691318512,0.2698993384838104,MediaProbabilidades,0.8573063015937805,0.1426937162876129,5
4607,left_hand,0.7806417942047119,0.21935823559761047,MediaProbabilidades,0.8361573696136475,0.16384265571832657,5
4671,left_hand,0.5970028042793274,0.4029971659183502,MediaProbabilidades,0.776570737361908,0.22342927753925323,5
4735,left_hand,0.3220653831958771,0.6779346466064453,MediaProbabilidades,0.6579082190990448,0.3420917958021164,5
4799,left_hand,0.3080505132675171,0.6919494867324829,MediaProbabilidades,0.547572237253189,0.45242777466773987,5
4863,right_hand,0.4545596241950989,0.5454403758049011,MediaProbabilidades,0.49246402382850646,0.507535982131958,5
4927,right_hand,0.4504143297672272,0.5495856404304504,MediaProbabilidades,0.4264185309410095,0.573581463098526,5
4991,right_hand,0.7350543141365051,0.2649456858634949,MediaProbabilidades,0.45402883291244506,0.5459711670875549,5
5055,left_hand,0.7426877021789551,0.25731226801872253,MediaProbabilidades,0.5381532967090606,0.4618466913700104,5
5119,left_hand,0.6135596036911011,0.3864404261112213,MediaProbabilidades,0.5992551147937775,0.4007448792457581,5
5183,left_hand,0.617243230342865,0.3827567398548126,MediaProbabilidades,0.6317918360233307,0.36820815205574037,5
5247,left_hand,0.7504323124885559,0.2495676875114441,MediaProbabilidades,0.6917954325675965,0.3082045614719391,5
5311,left_hand,0.8145158290863037,0.18548418581485748,MediaProbabilidades,0.7076877355575562,0.2923122614622116,5
5375,left_hand,0.6146507859230042,0.38534921407699585,MediaProbabilidades,0.682080352306366,0.3179196506738663,5
5439,left_hand,0.5324158072471619,0.4675842523574829,MediaProbabilidades,0.6658515930175781,0.3341484159231186,5
5503,left_hand,0.37201881408691406,0.6279811859130859,MediaProbabilidades,0.616806709766388,0.38319330513477323,5
5567,left_hand,0.37334173917770386,0.6266582608222961,MediaProbabilidades,0.5413885951042176,0.45861141979694364,5
5631,right_hand,0.4676836431026459,0.5323163866996765,MediaProbabilidades,0.472022157907486,0.5279778599739074,5
5695,right_hand,0.5483495593070984,0.4516504406929016,MediaProbabilidades,0.4587619125843048,0.5412381052970886,5
5759,right_hand,0.5103235840797424,0.48967641592025757,MediaProbabilidades,0.4543434679508209,0.5456565380096435,5
5823,right_hand,0.5909885764122009,0.4090114235877991,MediaProbabilidades,0.4981374204158783,0.5018625855445862,5
5887,left_hand,0.587437629699707,0.4125623404979706,MediaProbabilidades,0.5409565985202789,0.45904340147972106,5
5951,left_hand,0.5754651427268982,0.4245349168777466,MediaProbabilidades,0.5625128984451294,0.4374871075153351,5
6015,left_hand,0.64713054895401,0.3528694808483124,MediaProbabilidades,0.5822690963745117,0.4177309155464172,5
6079,left_hand,0.5549014806747437,0.44509851932525635,MediaProbabilidades,0.591184675693512,0.408815336227417,5
6143,left_hand,0.5220575928688049,0.47794243693351746,MediaProbabilidades,0.5773984789848328,0.42260153889656066,5
6207,left_hand,0.48645639419555664,0.5135436654090881,MediaProbabilidades,0.5572022318840026,0.4427978038787842,5
6271,left_hand,0.525650143623352,0.47434988617897034,MediaProbabilidades,0.5472392320632935,0.45276079773902894,5
6335,left_hand,0.4999639689922333,0.5000360608100891,MediaProbabilidades,0.5178059160709381,0.48219411373138427,5
6399,left_hand,0.5658096075057983,0.43419039249420166,MediaProbabilidades,0.5199875414371491,0.48001248836517335,5
6463,left_hand,0.5905216932296753,0.4094783067703247,MediaProbabilidades,0.5336803615093231,0.4663196623325348,5
6527,left_hand,0.5237072110176086,0.47629275918006897,MediaProbabilidades,0.5411305248737335,0.458869481086731,5
6591,left_hand,0.5315349102020264,0.46846508979797363,MediaProbabilidades,0.5423074781894683,0.4576925218105316,5
6655,left_hand,0.7129493951797485,0.28705063462257385,MediaProbabilidades,0.5849045634269714,0.41509543657302855,5
6719,left_hand,0.5969159603118896,0.40308403968811035,MediaProbabilidades,0.5911258339881897,0.4088741660118103,5
6783,left_hand,0.500406801700592,0.49959319829940796,MediaProbabilidades,0.5731028556823731,0.42689714431762693,5
6847,left_hand,0.5519039630889893,0.44809600710868835,MediaProbabilidades,0.5787422060966492,0.42125779390335083,5
6911,left_hand,0.4127565920352936,0.5872434377670288,MediaProbabilidades,0.5549865424633026,0.44501346349716187,5
6975,right_hand,0.399008572101593,0.600991427898407,MediaProbabilidades,0.4921983778476715,0.5078016221523285,5
7039,right_hand,0.391377329826355,0.6086227297782898,MediaProbabilidades,0.45109065175056456,0.5489093601703644,5
7103,right_hand,0.48351171612739563,0.5164883136749268,MediaProbabilidades,0.4477116346359253,0.5522883832454681,5
7167,right_hand,0.733624279499054,0.26637569069862366,MediaProbabilidades,0.48405569791793823,0.5159443199634552,5
7231,left_hand,0.6821593642234802,0.3178406059741974,MediaProbabilidades,0.5379362523555755,0.46206375360488894,5
7295,left_hand,0.6305833458900452,0.36941665410995483,MediaProbabilidades,0.584251207113266,0.4157487988471985,5
7359,left_hand,0.9340923428535461,0.06590769439935684,MediaProbabilidades,0.6927942097187042,0.3072057917714119,5
7423,left_hand,0.9208219647407532,0.07917798310518265,MediaProbabilidades,0.7802562594413758,0.21974372565746308,5
7487,left_hand,0.9529182314872742,0.04708173871040344,MediaProbabilidades,0.8241150498390197,0.17588493525981902,5
7551,left_hand,0.9459268450737,0.054073184728622437,MediaProbabilidades,0.8768685460090637,0.12313145101070404,5
7615,left_hand,0.9623200297355652,0.03768002614378929,MediaProbabilidades,0.9432158827781677,0.05678412541747093,5
7679,left_hand,0.965893030166626,0.034106943756341934,MediaProbabilidades,0.9495760202407837,0.05042397528886795,5
7743,left_hand,0.9628855586051941,0.03711439296603203,MediaProbabilidades,0.9579887390136719,0.04201125726103783,5
7807,left_hand,0.9705130457878113,0.029486950486898422,MediaProbabilidades,0.9615077018737793,0.03849229961633682,5
7871,left_hand,0.981847882270813,0.01815207488834858,MediaProbabilidades,0.9686919093132019,0.03130807764828205,5
7935,left_hand,0.9775180220603943,0.022481949999928474,MediaProbabilidades,0.9717315077781677,0.028268462419509886,5
7999,left_hand,0.966184139251709,0.03381587192416191,MediaProbabilidades,0.9717897295951843,0.028210248053073882,5
8063,left_hand,0.9393201470375061,0.060679834336042404,MediaProbabilidades,0.9670766472816468,0.03292333632707596,5
8127,left_hand,0.9349921941757202,0.06500780582427979,MediaProbabilidades,0.9599724769592285,0.04002750739455223,5
8191,left_hand,0.8386706113815308,0.16132935881614685,MediaProbabilidades,0.9313370227813721,0.06866296418011189,5
8255,left_hand,0.7568464279174805,0.24315360188484192,MediaProbabilidades,0.8872027039527893,0.11279729455709457,5
8319,left_hand,0.7513028979301453,0.24869708716869354,MediaProbabilidades,0.8442264556884765,0.1557735376060009,5
8383,left_hand,0.9148645401000977,0.08513545244932175,MediaProbabilidades,0.8393353343009948,0.16066466122865677,5
8447,left_hand,0.8961097598075867,0.10389029234647751,MediaProbabilidades,0.8315588474273682,0.16844115853309632,5
8511,left_hand,0.803312361240387,0.19668765366077423,MediaProbabilidades,0.8244871973991394,0.1755128175020218,5
8575,left_hand,0.7603732943534851,0.2396266758441925,MediaProbabilidades,0.8251925706863403,0.1748074322938919,5
8639,left_hand,0.7280142307281494,0.2719857394695282,MediaProbabilidades,0.8205348372459411,0.17946516275405883,5
8703,left_hand,0.6319836974143982,0.3680162727832794,MediaProbabilidades,0.7639586687088012,0.23604132682085038,5
8767,left_hand,0.5691859126091003,0.43081408739089966,MediaProbabilidades,0.698573899269104,0.3014260858297348,5
8831,left_hand,0.6795163154602051,0.3204836845397949,MediaProbabilidades,0.6738146901130676,0.3261852920055389,5
8895,left_hand,0.7318650484085083,0.2681349217891693,MediaProbabilidades,0.6681130409240723,0.3318869411945343,5
8959,left_hand,0.7739040851593018,0.22609592974185944,MediaProbabilidades,0.6772910118103027,0.32270897924900055,5
9023,left_hand,0.8617748618125916,0.13822507858276367,MediaProbabilidades,0.7232492446899415,0.2767507404088974,5
9087,left_hand,0.9465043544769287,0.053495630621910095,MediaProbabilidades,0.7987129330635071,0.20128704905509948,5
9151,left_hand,0.9596371650695801,0.04036279767751694,MediaProbabilidades,0.8547371029853821,0.1452628716826439,5
9215,left_hand,0.9551572203636169,0.04484284296631813,MediaProbabilidades,0.8993955373764038,0.10060445591807365,5
9279,left_hand,0.8877755403518677,0.11222448199987411,MediaProbabilidades,0.922169828414917,0.07783016636967659,5
9343,left_hand,0.34380242228507996,0.6561975479125977,MediaProbabilidades,0.8185753405094147,0.18142466023564338,5
9407,left_hand,0.46509790420532227,0.534902036190033,MediaProbabilidades,0.7222940504550934,0.27770594134926796,5
9471,left_hand,0.7476533651351929,0.25234663486480713,MediaProbabilidades,0.6798972904682159,0.320102708786726,5
9535,left_hand,0.8763797283172607,0.12362022697925568,MediaProbabilidades,0.6641417920589447,0.3358581855893135,5
9599,left_hand,0.9022589325904846,0.09774109721183777,MediaProbabilidades,0.6670384705066681,0.33296150863170626,5
9663,left_hand,0.8994724750518799,0.10052750259637833,MediaProbabilidades,0.7781724810600281,0.22182749956846237,5
9727,left_hand,0.8723180294036865,0.12768195569515228,MediaProbabilidades,0.859616506099701,0.14038348346948623,5
9791,left_hand,0.8695306181907654,0.130469411611557,MediaProbabilidades,0.8839919567108154,0.11600803881883621,5
9855,left_hand,0.8803253769874573,0.11967463046312332,MediaProbabilidades,0.8847810864448548,0.11521891951560974,5
9919,left_hand,0.8685855269432068,0.1314144879579544,MediaProbabilidades,0.8780464053153991,0.12195359766483307,5
9983,left_hand,0.8682987093925476,0.1317013055086136,MediaProbabilidades,0.8718116521835327,0.12818835824728012,5
10047,left_hand,0.7820152044296265,0.21798478066921234,MediaProbabilidades,0.8537510871887207,0.14624892324209213,5
10111,left_hand,0.7072250843048096,0.2927749454975128,MediaProbabilidades,0.8212899804115296,0.1787100300192833,5
10175,left_hand,0.7977393865585327,0.20226064324378967,MediaProbabilidades,0.8047727823257447,0.19522723257541658,5
10239,left_hand,0.8491114377975464,0.15088851749897003,MediaProbabilidades,0.8008779644966125,0.1991220384836197,5
10303,left_hand,0.9183651208877563,0.08163490891456604,MediaProbabilidades,0.8108912467956543,0.18910875916481018,5
10367,left_hand,0.9099265336990356,0.09007348865270615,MediaProbabilidades,0.8364735126495362,0.16352650076150893,5
10431,left_hand,0.9325506091117859,0.06744943559169769,MediaProbabilidades,0.8815386176109314,0.11846139878034592,5
10495,left_hand,0.962181806564331,0.03781820461153984,MediaProbabilidades,0.9144271016120911,0.08557291105389594,5
10559,left_hand,0.9427321553230286,0.057267867028713226,MediaProbabilidades,0.9331512451171875,0.06684878095984459,5
10623,left_hand,0.9816411137580872,0.018358884379267693,MediaProbabilidades,0.9458064436912537,0.05419357605278492,5
10687,left_hand,0.9872103929519653,0.012789647094905376,MediaProbabilidades,0.9612632155418396,0.03873680774122477,5
10751,left_hand,0.9887464642524719,0.01125349197536707,MediaProbabilidades,0.9725023865699768,0.027497619017958642,5
10815,left_hand,0.9870468378067017,0.012953214347362518,MediaProbabilidades,0.977475392818451,0.022524620965123178,5
10879,left_hand,0.9910208582878113,0.008979137986898422,MediaProbabilidades,0.9871331334114075,0.012866875156760216,5
10943,left_hand,0.9921838641166687,0.007816118188202381,MediaProbabilidades,0.9892416834831238,0.010758321918547153,5
11007,left_hand,0.9925801157951355,0.007419872563332319,MediaProbabilidades,0.9903156280517578,0.009684367012232542,5
11071,left_hand,0.9922095537185669,0.007790485862642527,MediaProbabilidades,0.9910082459449768,0.008991765789687634,5
11135,left_hand,0.9928775429725647,0.0071224672719836235,MediaProbabilidades,0.9921743869781494,0.007825616374611854,5
11199,left_hand,0.9903618097305298,0.0096381651237607,MediaProbabilidades,0.9920425772666931,0.00795742180198431,5
11263,left_hand,0.9872260689735413,0.012773899361491203,MediaProbabilidades,0.9910510182380676,0.008948978036642075,5
11327,left_hand,0.9805499911308289,0.01944999396800995,MediaProbabilidades,0.9886449933052063,0.0113550023175776,5
11391,left_hand,0.963454008102417,0.036545976996421814,MediaProbabilidades,0.9828938841819763,0.01710610054433346,5
11455,left_hand,0.9532385468482971,0.04676148295402527,MediaProbabilidades,0.9749660849571228,0.025033903680741786,5
11519,left_hand,0.9542994499206543,0.04570058360695839,MediaProbabilidades,0.9677536129951477,0.03224638737738132,5
11583,left_hand,0.8965039253234863,0.10349602997303009,MediaProbabilidades,0.9496091842651367,0.0503908134996891,5
11647,left_hand,0.874888002872467,0.12511207163333893,MediaProbabilidades,0.9284767866134643,0.0715232290327549,5
11711,left_hand,0.750676155090332,0.24932381510734558,MediaProbabilidades,0.8859212160110473,0.11407879665493965,5
11775,left_hand,0.4562544524669647,0.5437455773353577,MediaProbabilidades,0.7865243971347808,0.21347561553120614,5
11839,left_hand,0.46434086561203003,0.5356591939926147,MediaProbabilidades,0.688532680273056,0.3114673376083374,5
11903,left_hand,0.2690376341342926,0.730962336063385,MediaProbabilidades,0.5630394220352173,0.43696059882640836,5
11967,right_hand,0.19914470613002777,0.800855278968811,MediaProbabilidades,0.42789076268672943,0.5721092402935029,5
12031,right_hand,0.13683320581912994,0.8631668090820312,MediaProbabilidades,0.305122172832489,0.6948778390884399,5
12095,right_hand,0.14846284687519073,0.8515371084213257,MediaProbabilidades,0.24356385171413422,0.7564361453056335,5
12159,right_hand,0.21127977967262268,0.7887202501296997,MediaProbabilidades,0.19295163452625275,0.8070483565330505,5
12223,right_hand,0.24096524715423584,0.7590347528457642,MediaProbabilidades,0.1873371571302414,0.8126628398895264,5
12287,right_hand,0.3123222291469574,0.6876777410507202,MediaProbabilidades,0.20997266173362733,0.7900273323059082,5
12351,right_hand,0.2864229381084442,0.7135770916938782,MediaProbabilidades,0.23989060819149016,0.7601093888282776,5
12415,right_hand,0.20849056541919708,0.7915094494819641,MediaProbabilidades,0.25189615190029147,0.7481038570404053,5
12479,right_hand,0.16123583912849426,0.8387641906738281,MediaProbabilidades,0.24188736379146575,0.7581126451492309,5
12543,right_hand,0.14675424993038177,0.853245735168457,MediaProbabilidades,0.22304516434669494,0.7769548416137695,5
12607,right_hand,0.10119086503982544,0.8988091349601746,MediaProbabilidades,0.18081889152526856,0.8191811203956604,5
12671,right_hand,0.1440330445766449,0.8559669852256775,MediaProbabilidades,0.15234091281890869,0.8476590991020203,5
12735,right_hand,0.2288779467344284,0.7711220383644104,MediaProbabilidades,0.15641838908195496,0.8435816168785095,5
12799,right_hand,0.21948745846748352,0.7805125713348389,MediaProbabilidades,0.1680687129497528,0.8319312930107117,5
12863,right_hand,0.10550504177808762,0.8944950103759766,MediaProbabilidades,0.15981887131929398,0.8401811480522156,5
12927,right_hand,0.20423588156700134,0.795764148235321,MediaProbabilidades,0.18042787462472915,0.8195721507072449,5
12991,right_hand,0.13211780786514282,0.8678821921348572,MediaProbabilidades,0.17804482728242874,0.8219551920890809,5
13055,right_hand,0.09466629475355148,0.9053336381912231,MediaProbabilidades,0.15120249688625337,0.8487975120544433,5
13119,right_hand,0.0594446063041687,0.9405553340911865,MediaProbabilidades,0.1191939264535904,0.8808060646057129,5
13183,right_hand,0.04872499033808708,0.9512749314308167,MediaProbabilidades,0.10783791616559028,0.8921620488166809,5
13247,right_hand,0.042514368891716,0.9574856162071228,MediaProbabilidades,0.07549361363053322,0.9245063424110412,5
13311,right_hand,0.040483538061380386,0.9595164656639099,MediaProbabilidades,0.05716675966978073,0.9428331971168518,5
13375,right_hand,0.06990958750247955,0.9300903677940369,MediaProbabilidades,0.052215418219566344,0.9477845430374146,5
13439,right_hand,0.20527492463588715,0.7947251200675964,MediaProbabilidades,0.08138148188591003,0.9186185002326965,5
13503,right_hand,0.2791479229927063,0.7208521366119385,MediaProbabilidades,0.1274660684168339,0.8725339412689209,5
13567,right_hand,0.16136252880096436,0.8386374711990356,MediaProbabilidades,0.15123570039868356,0.8487643122673034,5
13631,right_hand,0.10511738061904907,0.8948826193809509,MediaProbabilidades,0.1641624689102173,0.8358375430107117,5
13695,right_hand,0.14046677947044373,0.8595332503318787,MediaProbabilidades,0.17827390730381013,0.82172611951828,5
13759,right_hand,0.1625763475894928,0.8374236226081848,MediaProbabilidades,0.16973419189453126,0.8302658200263977,5
13823,right_hand,0.36469945311546326,0.6353005170822144,MediaProbabilidades,0.18684449791908264,0.8131554961204529,5
13887,right_hand,0.30504676699638367,0.694953203201294,MediaProbabilidades,0.2155813455581665,0.7844186425209045,5
13951,right_hand,0.5785526037216187,0.42144742608070374,MediaProbabilidades,0.3102683901786804,0.6897316038608551,5
14015,right_hand,0.7405972480773926,0.25940272212028503,MediaProbabilidades,0.4302944839000702,0.5697054982185363,5
14079,left_hand,0.7623069882392883,0.23769304156303406,MediaProbabilidades,0.5502406120300293,0.4497593820095062,5
14143,left_hand,0.8025195598602295,0.19748038053512573,MediaProbabilidades,0.6378046333789825,0.3621953547000885,5
14207,left_hand,0.9135146737098694,0.0864853709936142,MediaProbabilidades,0.7594982147216797,0.24050178825855256,5
14271,left_hand,0.9339516758918762,0.06604831665754318,MediaProbabilidades,0.8305780291557312,0.16942196637392043,5
14335,left_hand,0.8965192437171936,0.1034807488322258,MediaProbabilidades,0.8617624282836914,0.1382375717163086,5
14399,left_hand,0.8941536545753479,0.1058463379740715,MediaProbabilidades,0.8881317615509033,0.11186823099851609,5
14463,left_hand,0.9112226366996765,0.08877739310264587,MediaProbabilidades,0.9098723769187927,0.0901276335120201,5
14527,left_hand,0.9017525315284729,0.09824741631746292,MediaProbabilidades,0.9075199484825134,0.09248004257678985,5
14591,left_hand,0.9168931841850281,0.0831068605184555,MediaProbabilidades,0.9041082501411438,0.09589175134897232,5
14655,left_hand,0.904115617275238,0.09588439762592316,MediaProbabilidades,0.9056275248527527,0.09437248110771179,5
14719,left_hand,0.8340529799461365,0.1659470498561859,MediaProbabilidades,0.8936073899269104,0.10639262348413467,5
14783,left_hand,0.8803865909576416,0.11961334943771362,MediaProbabilidades,0.8874401807785034,0.11255981475114822,5
14847,left_hand,0.9083717465400696,0.09162823110818863,MediaProbabilidades,0.8887640237808228,0.11123597770929336,5
14911,left_hand,0.8623479008674622,0.13765206933021545,MediaProbabilidades,0.8778549671173096,0.12214501947164536,5
14975,left_hand,0.7961951494216919,0.2038048356771469,MediaProbabilidades,0.8562708735466004,0.1437291070818901,5
15039,left_hand,0.7086701393127441,0.2913298010826111,MediaProbabilidades,0.8311943054199219,0.16880565732717515,5
15103,left_hand,0.47634539008140564,0.5236546397209167,MediaProbabilidades,0.7503860652446747,0.24961391538381578,5
15167,left_hand,0.35244181752204895,0.6475581526756287,MediaProbabilidades,0.6392000794410706,0.36079989969730375,5
15231,right_hand,0.06005251035094261,0.9399474263191223,MediaProbabilidades,0.47874100133776665,0.5212589710950851,5
15295,right_hand,0.0528385303914547,0.9471614956855774,MediaProbabilidades,0.33006967753171923,0.6699303030967713,5
15359,right_hand,0.04973987117409706,0.9502601623535156,MediaProbabilidades,0.1982836239039898,0.8017163753509522,5
15423,right_hand,0.054860811680555344,0.9451391696929932,MediaProbabilidades,0.11398670822381973,0.8860132813453674,5
15487,right_hand,0.0384707897901535,0.9615292549133301,MediaProbabilidades,0.051192502677440646,0.9488075017929077,5
15551,right_hand,0.06445902585983276,0.935541033744812,MediaProbabilidades,0.052073805779218676,0.9479262232780457,5
15615,right_hand,0.15085290372371674,0.8491471409797668,MediaProbabilidades,0.07167668044567108,0.9283233523368836,5
15679,right_hand,0.2814926207065582,0.7185073494911194,MediaProbabilidades,0.11802723035216331,0.8819727897644043,5
15743,right_hand,0.2857000231742859,0.7143000364303589,MediaProbabilidades,0.16419507265090943,0.8358049631118775,5
15807,right_hand,0.19503530859947205,0.8049647212028503,MediaProbabilidades,0.19550797641277312,0.8044920563697815,5
15871,right_hand,0.19244781136512756,0.80755215883255,MediaProbabilidades,0.2211057335138321,0.7788942813873291,5
15935,right_hand,0.362199604511261,0.637800395488739,MediaProbabilidades,0.26337507367134094,0.7366249322891235,5
15999,right_hand,0.39147740602493286,0.6085225939750671,MediaProbabilidades,0.2853720307350159,0.7146279811859131,5
16063,right_hand,0.3514727056026459,0.6485272645950317,MediaProbabilidades,0.2985265672206879,0.7014734268188476,5
16127,right_hand,0.40849193930625916,0.5915080904960632,MediaProbabilidades,0.3412178933620453,0.6587821006774902,5
16191,right_hand,0.46734046936035156,0.5326595306396484,MediaProbabilidades,0.3961964249610901,0.6038035750389099,5
16255,right_hand,0.5632147789001465,0.43678519129753113,MediaProbabilidades,0.4363994598388672,0.5636005342006684,5
16319,right_hand,0.5843148827552795,0.41568514704704285,MediaProbabilidades,0.47496695518493653,0.5250330448150635,5
16383,left_hand,0.6268582940101624,0.37314173579216003,MediaProbabilidades,0.5300440728664398,0.4699559390544891,5
16447,left_hand,0.6110691428184509,0.3889308571815491,MediaProbabilidades,0.5705595135688781,0.4294404923915863,5
16511,left_hand,0.5457265973091125,0.45427337288856506,MediaProbabilidades,0.5862367391586304,0.4137632608413696,5
16575,left_hand,0.503101110458374,0.496898889541626,MediaProbabilidades,0.5742140054702759,0.4257860004901886,5
16639,left_hand,0.5438923835754395,0.45610764622688293,MediaProbabilidades,0.5661295056343079,0.4338705003261566,5
16703,left_hand,0.5605500340461731,0.43944990634918213,MediaProbabilidades,0.55286785364151,0.44713213443756106,5
16767,left_hand,0.5708408355712891,0.42915916442871094,MediaProbabilidades,0.5448221921920776,0.4551777958869934,5
16831,left_hand,0.45590266585350037,0.5440973043441772,MediaProbabilidades,0.5268574059009552,0.47314258217811583,5
16895,right_hand,0.36799880862236023,0.6320011615753174,MediaProbabilidades,0.49983694553375246,0.5001630365848542,5
16959,right_hand,0.4606132209300995,0.5393868088722229,MediaProbabilidades,0.48318111300468447,0.5168188691139222,5
17023,right_hand,0.555126965045929,0.44487300515174866,MediaProbabilidades,0.4820964992046356,0.5179034888744354,5
17087,left_hand,0.7577234506607056,0.24227654933929443,MediaProbabilidades,0.5194730222225189,0.48052696585655214,5
17151,left_hand,0.7616623044013977,0.2383376806974411,MediaProbabilidades,0.5806249499320983,0.4193750411272049,5
17215,left_hand,0.6489173769950867,0.3510826826095581,MediaProbabilidades,0.6368086636066437,0.36319134533405306,5
17279,left_hand,0.6221890449523926,0.37781089544296265,MediaProbabilidades,0.6691238284111023,0.33087616264820097,5
17343,left_hand,0.5668345093727112,0.43316546082496643,MediaProbabilidades,0.6714653372764587,0.3285346537828445,5
17407,left_hand,0.3077125549316406,0.6922875046730042,MediaProbabilidades,0.5814631581306458,0.4185368448495865,5
17471,right_hand,0.15021847188472748,0.8497815132141113,MediaProbabilidades,0.4591743916273117,0.5408256113529205,5
17535,right_hand,0.12878787517547607,0.8712121248245239,MediaProbabilidades,0.3551484912633896,0.6448514997959137,5
17599,right_hand,0.29483431577682495,0.705165684223175,MediaProbabilidades,0.28967754542827606,0.7103224575519562,5
17663,right_hand,0.26679086685180664,0.7332091331481934,MediaProbabilidades,0.22966881692409516,0.7703311920166016,5
17727,right_hand,0.2720097005367279,0.7279902696609497,MediaProbabilidades,0.22252824604511262,0.7774717450141907,5
17791,right_hand,0.5870130658149719,0.41298696398735046,MediaProbabilidades,0.3098871648311615,0.6901128351688385,5
17855,right_hand,0.6724277138710022,0.3275723159313202,MediaProbabilidades,0.4186151325702667,0.5813848733901977,5
17919,right_hand,0.6299405097961426,0.3700595200061798,MediaProbabilidades,0.48563637137413024,0.5143636405467987,5
17983,left_hand,0.7528640031814575,0.24713601171970367,MediaProbabilidades,0.5828509986400604,0.4171490162611008,5
18047,left_hand,0.6928314566612244,0.30716848373413086,MediaProbabilidades,0.6670153498649597,0.332984659075737,5
18111,left_hand,0.7198262810707092,0.28017374873161316,MediaProbabilidades,0.6935779929161072,0.3064220160245895,5
18175,left_hand,0.7118423581123352,0.28815770149230957,MediaProbabilidades,0.7014609217643738,0.2985390931367874,5
18239,left_hand,0.8097358345985413,0.19026418030261993,MediaProbabilidades,0.7374199867248535,0.26258002519607543,5
18303,left_hand,0.8781178593635559,0.12188216298818588,MediaProbabilidades,0.7624707579612732,0.23752925544977188,5
18367,left_hand,0.9510018825531006,0.04899805784225464,MediaProbabilidades,0.8141048431396485,0.18589517027139663,5
18431,left_hand,0.9836829304695129,0.016317099332809448,MediaProbabilidades,0.8668761730194092,0.13312384039163588,5
18495,left_hand,0.9850249886512756,0.01497501228004694,MediaProbabilidades,0.9215126991271972,0.07848730254918337,5
18559,left_hand,0.9870426654815674,0.012957402504980564,MediaProbabilidades,0.9569740653038025,0.04302594698965549,5
18623,left_hand,0.9869545102119446,0.01304550375789404,MediaProbabilidades,0.9787413954734803,0.021258615143597125,5
18687,left_hand,0.9865177273750305,0.013482201844453812,MediaProbabilidades,0.9858445644378662,0.01415544394403696,5
18751,left_hand,0.9844784736633301,0.015521585009992123,MediaProbabilidades,0.9860036730766296,0.013996341079473496,5
18815,left_hand,0.9840160608291626,0.015983980149030685,MediaProbabilidades,0.985801887512207,0.014198134653270245,5
18879,left_hand,0.9832006692886353,0.01679934561252594,MediaProbabilidades,0.9850334882736206,0.01496652327477932,5
18943,left_hand,0.983173668384552,0.016826270148158073,MediaProbabilidades,0.984277319908142,0.015722676552832125,5
19007,left_hand,0.9840696454048157,0.01593036949634552,MediaProbabilidades,0.9837877035140992,0.016212310083210467,5
19071,left_hand,0.9781284928321838,0.021871544420719147,MediaProbabilidades,0.9825177073478699,0.017482301965355874,5
19135,left_hand,0.9780368208885193,0.02196323685348034,MediaProbabilidades,0.9813218593597413,0.018678153306245802,5
19199,left_hand,0.9661058187484741,0.03389420732855797,MediaProbabilidades,0.977902889251709,0.02209712564945221,5
19263,left_hand,0.9379419684410095,0.06205803155899048,MediaProbabilidades,0.9688565492630005,0.03114347793161869,5
19327,left_hand,0.8864547610282898,0.1135452389717102,MediaProbabilidades,0.9493335723876953,0.050666451826691626,5
19391,left_hand,0.8462094664573669,0.15379050374031067,MediaProbabilidades,0.9229497671127319,0.07705024369060993,5
19455,left_hand,0.765258252620697,0.2347416877746582,MediaProbabilidades,0.8803940534591674,0.1196059338748455,5
19519,left_hand,0.7137774229049683,0.28622257709503174,MediaProbabilidades,0.8299283742904663,0.17007160782814026,5
19583,left_hand,0.547354519367218,0.4526454508304596,MediaProbabilidades,0.751810884475708,0.24818909168243408,5
19647,left_hand,0.8797473907470703,0.1202525869011879,MediaProbabilidades,0.7504694104194641,0.24953056126832962,5
19711,left_hand,0.8766666054725647,0.12333343178033829,MediaProbabilidades,0.7565608382225036,0.24343914687633514,5
19775,left_hand,0.8860835433006287,0.11391641199588776,MediaProbabilidades,0.78072589635849,0.21927409172058104,5
19839,left_hand,0.8971048593521118,0.10289513319730759,MediaProbabilidades,0.8173913836479187,0.18260860294103623,5
19903,left_hand,0.9090176820755005,0.09098229557275772,MediaProbabilidades,0.8897240161895752,0.11027597188949585,5
19967,left_hand,0.9414870142936707,0.058512989431619644,MediaProbabilidades,0.9020719408988953,0.0979280523955822,5
20031,left_hand,0.9219257831573486,0.07807426899671555,MediaProbabilidades,0.9111237764358521,0.08887621983885766,5
20095,left_hand,0.9695357084274292,0.030464356765151024,MediaProbabilidades,0.9278142094612122,0.0721858087927103,5
20159,left_hand,0.9882825016975403,0.011717456392943859,MediaProbabilidades,0.9460497379302979,0.05395027343183756,5
20223,left_hand,0.9860240817070007,0.013975868932902813,MediaProbabilidades,0.9614510178565979,0.038548988103866574,5
20287,left_hand,0.9747890830039978,0.02521088905632496,MediaProbabilidades,0.9681114315986633,0.03188856802880764,5
20351,left_hand,0.9512106776237488,0.0487893745303154,MediaProbabilidades,0.9739684104919434,0.02603158913552761,5
20415,left_hand,0.8224955201148987,0.1775044947862625,MediaProbabilidades,0.9445603728294373,0.05543961673974991,5
20479,left_hand,0.7930202484130859,0.20697978138923645,MediaProbabilidades,0.9055079221725464,0.09449208173900843,5
20543,left_hand,0.6634150147438049,0.3365849554538727,MediaProbabilidades,0.8409861087799072,0.1590138990432024,5
20607,left_hand,0.6245388984680176,0.37546104192733765,MediaProbabilidades,0.7709360718727112,0.22906392961740493,5
20671,left_hand,0.6654620170593262,0.33453798294067383,MediaProbabilidades,0.7137863397598266,0.2862136512994766,5
20735,left_hand,0.577037513256073,0.4229625165462494,MediaProbabilidades,0.6646947383880615,0.335305255651474,5
20799,left_hand,0.5848672986030579,0.4151327311992645,MediaProbabilidades,0.623064148426056,0.3769358456134796,5
20863,left_hand,0.34201356768608093,0.6579864025115967,MediaProbabilidades,0.5587838590145111,0.44121613502502444,5
20927,left_hand,0.3571746349334717,0.6428253650665283,MediaProbabilidades,0.505311006307602,0.49468899965286256,5
20991,right_hand,0.22256319224834442,0.7774367928504944,MediaProbabilidades,0.41673124134540557,0.5832687616348267,5
21055,right_hand,0.11447329819202423,0.885526716709137,MediaProbabilidades,0.3242183983325958,0.6757816016674042,5
21119,right_hand,0.06568204611539841,0.9343178868293762,MediaProbabilidades,0.22038134783506394,0.7796186327934265,5
21183,right_hand,0.06474591046571732,0.9352540969848633,MediaProbabilidades,0.16492781639099122,0.8350721716880798,5
21247,right_hand,0.14541688561439514,0.8545830845832825,MediaProbabilidades,0.1225762665271759,0.8774237155914306,5
21311,right_hand,0.3685314655303955,0.6314685940742493,MediaProbabilidades,0.15176992118358612,0.8482300758361816,5
21375,right_hand,0.5597057342529297,0.4402942657470703,MediaProbabilidades,0.2408164083957672,0.7591835856437683,5
21439,right_hand,0.6421629786491394,0.3578369915485382,MediaProbabilidades,0.3561125949025154,0.6438874065876007,5
21503,left_hand,0.7871943712234497,0.2128056436777115,MediaProbabilidades,0.5006022870540618,0.4993977159261703,5
21567,left_hand,0.6874127388000488,0.3125872313976288,MediaProbabilidades,0.6090014576911926,0.3909985452890396,5
21631,left_hand,0.6924210786819458,0.3075789511203766,MediaProbabilidades,0.6737793803215026,0.3262206166982651,5
21695,left_hand,0.707362711429596,0.29263731837272644,MediaProbabilidades,0.703310775756836,0.2966892272233963,5
21759,left_hand,0.7161334753036499,0.2838664948940277,MediaProbabilidades,0.718104875087738,0.2818951278924942,5
21823,left_hand,0.7808642983436584,0.21913568675518036,MediaProbabilidades,0.7168388605117798,0.28316113650798796,5
21887,left_hand,0.8175606727600098,0.182439386844635,MediaProbabilidades,0.742868447303772,0.2571315675973892,5
21951,left_hand,0.8505521416664124,0.14944787323474884,MediaProbabilidades,0.7744946599006652,0.22550535202026367,5
22015,left_hand,0.9133437275886536,0.08665629476308823,MediaProbabilidades,0.8156908631324769,0.18430914729833603,5
22079,left_hand,0.9616926312446594,0.03830742835998535,MediaProbabilidades,0.8648026943206787,0.13519733399152756,5
22143,left_hand,0.978367805480957,0.021632220596075058,MediaProbabilidades,0.9043033957481384,0.09569664075970649,5
22207,left_hand,0.9748942255973816,0.02510572038590908,MediaProbabilidades,0.9357701063156127,0.06422990746796131,5
22271,left_hand,0.9459987282752991,0.054001227021217346,MediaProbabilidades,0.9548594236373902,0.04514057822525501,5
22335,left_hand,0.8873395323753357,0.11266043037176132,MediaProbabilidades,0.9496585845947265,0.05034140534698963,5
22399,left_hand,0.8324437141418457,0.16755622625350952,MediaProbabilidades,0.9238088011741639,0.07619116492569447,5
22463,left_hand,0.8000763654708862,0.19992364943027496,MediaProbabilidades,0.8881505131721497,0.11184945069253445,5
22527,left_hand,0.9104700088500977,0.08952997624874115,MediaProbabilidades,0.8752656698226928,0.12473430186510086,5
22591,left_hand,0.9614930748939514,0.03850695490837097,MediaProbabilidades,0.8783645391464233,0.12163544744253159,5
22655,left_hand,0.9559317827224731,0.044068239629268646,MediaProbabilidades,0.8920829892158508,0.10791700929403306,5
22719,left_hand,0.9589526653289795,0.041047368198633194,MediaProbabilidades,0.9173847794532776,0.08261523768305779,5
22783,left_hand,0.9680711030960083,0.03192891553044319,MediaProbabilidades,0.950983726978302,0.04901629090309143,5
22847,left_hand,0.9748623967170715,0.0251376423984766,MediaProbabilidades,0.9638622045516968,0.036137824133038524,5
22911,left_hand,0.9784520268440247,0.021547948941588402,MediaProbabilidades,0.9672539949417114,0.032746022939682005,5
22975,left_hand,0.9870721697807312,0.012927858158946037,MediaProbabilidades,0.973482072353363,0.026517946645617484,5
23039,left_hand,0.982163667678833,0.017836304381489754,MediaProbabilidades,0.9781242728233337,0.021875733882188796,5
23103,left_hand,0.9804259538650513,0.01957407034933567,MediaProbabilidades,0.9805952429771423,0.019404764845967294,5
23167,left_hand,0.9902837872505188,0.00971619039773941,MediaProbabilidades,0.9836795210838318,0.016320474445819855,5
23231,left_hand,0.9952672719955444,0.004732754081487656,MediaProbabilidades,0.9870425701141358,0.012957435473799706,5
23295,left_hand,0.9952594637870789,0.004740540403872728,MediaProbabilidades,0.9886800289154053,0.011319971922785044,5
23359,left_hand,0.9937105178833008,0.006289454642683268,MediaProbabilidades,0.9909893989562988,0.009010601975023746,5
23423,left_hand,0.9916531443595886,0.00834681373089552,MediaProbabilidades,0.9932348370552063,0.006765150651335716,5
23487,left_hand,0.9938166737556458,0.00618326012045145,MediaProbabilidades,0.9939414143562317,0.006058564595878124,5
23551,left_hand,0.9910534024238586,0.008946601301431656,MediaProbabilidades,0.9930986404418946,0.006901334039866924,5
23615,left_hand,0.991497814655304,0.008502164855599403,MediaProbabilidades,0.9923463106155396,0.0076536589302122595,5
23679,left_hand,0.9783350825309753,0.021664954721927643,MediaProbabilidades,0.9892712235450745,0.010728758946061134,5
23743,left_hand,0.9802911281585693,0.019708890467882156,MediaProbabilidades,0.9869988203048706,0.013001174293458461,5
23807,left_hand,0.9752092957496643,0.024790748953819275,MediaProbabilidades,0.9832773447036743,0.016722672060132025,5
23871,left_hand,0.9733399748802185,0.026660054922103882,MediaProbabilidades,0.9797346591949463,0.020265362784266473,5
23935,left_hand,0.974100649356842,0.025899307802319527,MediaProbabilidades,0.976255226135254,0.023744791373610498,5
23999,left_hand,0.9760128855705261,0.023987093940377235,MediaProbabilidades,0.9757907867431641,0.024209219217300414,5
24063,left_hand,0.96893310546875,0.031066864728927612,MediaProbabilidades,0.9735191822052002,0.026480814069509508,5
24127,left_hand,0.9674211144447327,0.032578952610492706,MediaProbabilidades,0.9719615459442139,0.028038454800844194,5
24191,left_hand,0.9544379115104675,0.04556206986308098,MediaProbabilidades,0.9681811332702637,0.03181885778903961,5
24255,left_hand,0.9376533627510071,0.06234658509492874,MediaProbabilidades,0.9608916759490966,0.039108313247561456,5
24319,left_hand,0.9266029596328735,0.07339700311422348,MediaProbabilidades,0.9510096907615662,0.0489902950823307,5
24383,left_hand,0.9066295623779297,0.09337042272090912,MediaProbabilidades,0.9385489821434021,0.061451006680727005,5
24447,left_hand,0.8888676762580872,0.11113227903842926,MediaProbabilidades,0.922838294506073,0.07716167196631432,5
24511,left_hand,0.8238179683685303,0.17618206143379211,MediaProbabilidades,0.8967143058776855,0.10328567028045654,5
24575,left_hand,0.8976739048957825,0.1023261770606041,MediaProbabilidades,0.8887184143066407,0.11128158867359161,5
24639,left_hand,0.9090108275413513,0.09098915010690689,MediaProbabilidades,0.8851999878883362,0.1148000180721283,5
24703,left_hand,0.8546858429908752,0.14531418681144714,MediaProbabilidades,0.8748112440109252,0.1251887708902359,5
24767,left_hand,0.849139392375946,0.15086062252521515,MediaProbabilidades,0.866865587234497,0.13313443958759308,5
24831,left_hand,0.8999602794647217,0.1000397726893425,MediaProbabilidades,0.8820940494537354,0.11790598183870316,5
24895,left_hand,0.8021290898323059,0.1978708952665329,MediaProbabilidades,0.86298508644104,0.13701492547988892,5
24959,left_hand,0.7798274159431458,0.22017258405685425,MediaProbabilidades,0.8371484041213989,0.16285161226987838,5
25023,left_hand,0.7093732357025146,0.29062676429748535,MediaProbabilidades,0.8080858826637268,0.19191412776708602,5
25087,left_hand,0.809741735458374,0.1902582347393036,MediaProbabilidades,0.8002063512802124,0.19979365020990372,5
25151,left_hand,0.8851044774055481,0.11489555239677429,MediaProbabilidades,0.7972351908683777,0.2027648061513901,5
25215,left_hand,0.9073472619056702,0.09265269339084625,MediaProbabilidades,0.8182788252830505,0.18172116577625275,5
25279,left_hand,0.9604035019874573,0.03959651291370392,MediaProbabilidades,0.8543940424919129,0.14560595154762268,5
25343,left_hand,0.954838752746582,0.04516126960515976,MediaProbabilidades,0.9034871459007263,0.09651285260915757,5
25407,left_hand,0.955897331237793,0.044102638959884644,MediaProbabilidades,0.9327182650566102,0.06728173345327378,5
25471,left_hand,0.9620575904846191,0.03794240206480026,MediaProbabilidades,0.9481088876724243,0.05189110338687897,5
25535,left_hand,0.9705479741096497,0.029452094808220863,MediaProbabilidades,0.9607490301132202,0.03925098367035389,5
25599,left_hand,0.9680242538452148,0.031975772231817245,MediaProbabilidades,0.9622731804847717,0.03772683553397656,5
25663,left_hand,0.9613193273544312,0.03868062421679497,MediaProbabilidades,0.9635692954063415,0.0364307064563036,5
25727,left_hand,0.9223005771636963,0.07769940793514252,MediaProbabilidades,0.9568499445915222,0.04315006025135517,5
25791,left_hand,0.9153568744659424,0.08464306592941284,MediaProbabilidades,0.9475098013877868,0.05249019302427769,5
25855,left_hand,0.9323365688323975,0.06766337156295776,MediaProbabilidades,0.9398675203323364,0.060132448375225064,5
25919,left_hand,0.9257880449295044,0.07421200722455978,MediaProbabilidades,0.9314202785491943,0.06857969537377358,5
25983,left_hand,0.9310433268547058,0.06895670294761658,MediaProbabilidades,0.9253650784492493,0.07463491111993789,5
26047,left_hand,0.8881937265396118,0.11180621385574341,MediaProbabilidades,0.9185437083244323,0.08145627230405808,5
26111,left_hand,0.8889361619949341,0.11106378585100174,MediaProbabilidades,0.9132595658302307,0.08674041628837585,5
26175,left_hand,0.8492200374603271,0.15077994763851166,MediaProbabilidades,0.8966362595558166,0.10336373150348663,5
26239,left_hand,0.8613595962524414,0.1386403739452362,MediaProbabilidades,0.883750569820404,0.11624940484762192,5
26303,left_hand,0.8728498220443726,0.12715017795562744,MediaProbabilidades,0.8721118688583374,0.12788809984922409,5
26367,left_hand,0.8804251551628113,0.11957485973834991,MediaProbabilidades,0.8705581545829773,0.1294418290257454,5
26431,left_hand,0.9145401120185852,0.08545992523431778,MediaProbabilidades,0.8756789445877076,0.1243210569024086,5
26495,left_hand,0.9423639178276062,0.05763610452413559,MediaProbabilidades,0.8943077206611634,0.10569228827953339,5
26559,left_hand,0.9677969813346863,0.032203011214733124,MediaProbabilidades,0.9155951976776123,0.08440481573343277,5
26623,left_hand,0.9857010841369629,0.014298941940069199,MediaProbabilidades,0.9381654500961304,0.06183456853032112,5
26687,left_hand,0.9873535633087158,0.012646449729800224,MediaProbabilidades,0.9595511317253113,0.040448886528611186,5
26751,left_hand,0.9873532056808472,0.012646825052797794,MediaProbabilidades,0.9741137504577637,0.025886266492307186,5
26815,left_hand,0.9862667322158813,0.01373326312750578,MediaProbabilidades,0.9828943133354187,0.017105698212981225,5
26879,left_hand,0.9881845712661743,0.011815409176051617,MediaProbabilidades,0.9869718313217163,0.013028177805244923,5
26943,left_hand,0.9899781942367554,0.01002182811498642,MediaProbabilidades,0.9878272533416748,0.012172755040228366,5
27007,left_hand,0.9933719635009766,0.006628020200878382,MediaProbabilidades,0.9890309333801269,0.010969069134443999,5
27071,left_hand,0.9928877949714661,0.007112216204404831,MediaProbabilidades,0.9901378512382507,0.009862147364765405,5
27135,left_hand,0.9928434491157532,0.007156579289585352,MediaProbabilidades,0.9914531946182251,0.00854681059718132,5
27199,left_hand,0.9926556348800659,0.007344404235482216,MediaProbabilidades,0.9923474073410035,0.00765260960906744,5
27263,left_hand,0.992887556552887,0.007112452294677496,MediaProbabilidades,0.9929292798042297,0.007070734445005655,5
27327,left_hand,0.9910270571708679,0.008972954005002975,MediaProbabilidades,0.992460298538208,0.007539721205830574,5
27391,left_hand,0.9869179129600525,0.013082102872431278,MediaProbabilidades,0.9912663221359252,0.008733698539435864,5
27455,left_hand,0.9806309938430786,0.01936900056898594,MediaProbabilidades,0.9888238310813904,0.011176182795315981,5
27519,left_hand,0.9631173610687256,0.03688265383243561,MediaProbabilidades,0.9829161763191223,0.01708383271470666,5
27583,left_hand,0.8693230748176575,0.13067695498466492,MediaProbabilidades,0.9582032799720764,0.041796733252704145,5
27647,left_hand,0.8004440665245056,0.1995559185743332,MediaProbabilidades,0.920086681842804,0.07991332616657018,5
27711,left_hand,0.7698348164558411,0.2301652580499649,MediaProbabilidades,0.8766700625419617,0.12332995720207691,5
27775,left_hand,0.7186647653579712,0.2813352644443512,MediaProbabilidades,0.8242768168449401,0.17572320997714996,5
27839,left_hand,0.5075682401657104,0.49243175983428955,MediaProbabilidades,0.7331669926643372,0.2668330311775208,5
27903,left_hand,0.1720009446144104,0.8279990553855896,MediaProbabilidades,0.5937025666236877,0.40629745125770567,5
27967,right_hand,0.08101392537355423,0.9189860820770264,MediaProbabilidades,0.44981653839349744,0.5501834839582443,5
28031,right_hand,0.054288722574710846,0.9457112550735474,MediaProbabilidades,0.30670731961727143,0.6932926833629608,5
28095,right_hand,0.07334981113672256,0.9266501665115356,MediaProbabilidades,0.1776443287730217,0.8223556637763977,5
28159,right_hand,0.03425070270895958,0.9657492637634277,MediaProbabilidades,0.08298082128167153,0.9170191645622253,5
28223,right_hand,0.025653693825006485,0.9743462800979614,MediaProbabilidades,0.05371137112379074,0.9462886095046997,5
28287,right_hand,0.02939894236624241,0.9706010818481445,MediaProbabilidades,0.043388374522328375,0.9566116094589233,5
28351,right_hand,0.04486370459198952,0.9551362991333008,MediaProbabilidades,0.041503370925784114,0.9584966182708741,5
28415,right_hand,0.052826449275016785,0.9471734762191772,MediaProbabilidades,0.03739869855344295,0.9626012802124023,5
28479,right_hand,0.06770894676446915,0.9322910904884338,MediaProbabilidades,0.04409034736454487,0.9559096455574035,5
28543,right_hand,0.11526288837194443,0.8847370743751526,MediaProbabilidades,0.06201218627393246,0.9379878044128418,5
28607,right_hand,0.17356202006340027,0.8264379501342773,MediaProbabilidades,0.09084480181336403,0.9091551780700684,5
28671,right_hand,0.17234167456626892,0.8276582956314087,MediaProbabilidades,0.1163403958082199,0.8836595773696899,5
28735,right_hand,0.38906553387641907,0.6109344959259033,MediaProbabilidades,0.18358821272850037,0.8164117813110352,5
28799,right_hand,0.2689659297466278,0.7310341000556946,MediaProbabilidades,0.2238396093249321,0.7761603832244873,5
28863,right_hand,0.28313639760017395,0.7168635725975037,MediaProbabilidades,0.257414311170578,0.7425856828689575,5
28927,right_hand,0.3340766429901123,0.6659232974052429,MediaProbabilidades,0.2895172357559204,0.7104827523231506,5
28991,right_hand,0.30611369013786316,0.6938862800598145,MediaProbabilidades,0.31627163887023924,0.6837283492088317,5
29055,right_hand,0.33720117807388306,0.6627987623214722,MediaProbabilidades,0.30589876770973207,0.6941012024879456,5
29119,right_hand,0.389994353055954,0.6100056171417236,MediaProbabilidades,0.3301044523715973,0.6698955059051513,5
29183,right_hand,0.4143465459346771,0.5856534838676453,MediaProbabilidades,0.35634648203849795,0.6436534881591797,5
29247,right_hand,0.3093567490577698,0.6906432509422302,MediaProbabilidades,0.35140250325202943,0.6485974788665771,5
29311,right_hand,0.2981009781360626,0.7018990516662598,MediaProbabilidades,0.3497999608516693,0.6502000331878662,5
29375,right_hand,0.24583125114440918,0.754168689250946,MediaProbabilidades,0.33152597546577456,0.668474018573761,5
29439,right_hand,0.21635635197162628,0.7836437225341797,MediaProbabilidades,0.296798375248909,0.7032016396522522,5
29503,right_hand,0.22949883341789246,0.7705011367797852,MediaProbabilidades,0.2598288327455521,0.7401711702346802,5
29567,right_hand,0.2271883636713028,0.7728115916252136,MediaProbabilidades,0.24339515566825867,0.7566048383712769,5
29631,right_hand,0.19140781462192535,0.8085922002792358,MediaProbabilidades,0.2220565229654312,0.777943468093872,5
29695,right_hand,0.7249934077262878,0.27500656247138977,MediaProbabilidades,0.31788895428180697,0.6821110427379609,5
29759,right_hand,0.7843072414398193,0.21569275856018066,MediaProbabilidades,0.43147913217544553,0.568520849943161,5
29823,left_hand,0.8492456078529358,0.15075436234474182,MediaProbabilidades,0.5554284870624542,0.44457149505615234,5
29887,left_hand,0.9248189330101013,0.07518110424280167,MediaProbabilidades,0.6949546009302139,0.30504539757967,5
29951,left_hand,0.9500818252563477,0.04991815984249115,MediaProbabilidades,0.8466894030570984,0.15331058949232101,5
30015,left_hand,0.9758477807044983,0.024152174592018127,MediaProbabilidades,0.8968602776527405,0.10313971191644669,5
30079,left_hand,0.9836770296096802,0.01632295362651348,MediaProbabilidades,0.9367342352867126,0.06326575092971325,5
30143,left_hand,0.9751928448677063,0.02480718120932579,MediaProbabilidades,0.9619236826896668,0.038076314702630044,5
30207,left_hand,0.970155656337738,0.029844405129551888,MediaProbabilidades,0.970991027355194,0.02900897487998009,5
30271,left_hand,0.9285192489624023,0.07148072868585587,MediaProbabilidades,0.966678512096405,0.03332148864865303,5
30335,left_hand,0.9437641501426697,0.05623583868145943,MediaProbabilidades,0.9602617859840393,0.03973822146654129,5
30399,left_hand,0.9248359799385071,0.07516402006149292,MediaProbabilidades,0.9484935760498047,0.05150643475353718,5
30463,left_hand,0.909423828125,0.09057620912790298,MediaProbabilidades,0.9353397727012634,0.06466024033725262,5
30527,left_hand,0.8850182294845581,0.1149817407131195,MediaProbabilidades,0.9183122873306274,0.08168770745396614,5
30591,left_hand,0.8526909351348877,0.14730903506278992,MediaProbabilidades,0.9031466245651245,0.09685336872935295,5
30655,left_hand,0.8254655003547668,0.17453452944755554,MediaProbabilidades,0.8794868946075439,0.12051310688257218,5
30719,left_hand,0.903883159160614,0.0961168110370636,MediaProbabilidades,0.8752963304519653,0.12470366507768631,5
30783,left_hand,0.8490209579467773,0.15097901225090027,MediaProbabilidades,0.8632157564163208,0.13678422570228577,5
30847,left_hand,0.8027462959289551,0.19725371897220612,MediaProbabilidades,0.8467613697052002,0.1532386213541031,5
30911,left_hand,0.5224298238754272,0.477570116519928,MediaProbabilidades,0.7807091474533081,0.2192908376455307,5
30975,left_hand,0.3342079818248749,0.6657920479774475,MediaProbabilidades,0.6824576437473298,0.3175423413515091,5
31039,left_hand,0.5474523901939392,0.4525476098060608,MediaProbabilidades,0.6111714899539947,0.38882850110530853,5
31103,left_hand,0.8363872766494751,0.16361278295516968,MediaProbabilidades,0.6086447536945343,0.39135525524616244,5
31167,left_hand,0.8896066546440125,0.11039334535598755,MediaProbabilidades,0.6260168254375458,0.3739831805229187,5
31231,left_hand,0.9195181727409363,0.08048184216022491,MediaProbabilidades,0.7054344952106476,0.2945655256509781,5
31295,left_hand,0.9607219696044922,0.03927809000015259,MediaProbabilidades,0.830737292766571,0.16926273405551912,5
31359,left_hand,0.9334900975227356,0.0665099248290062,MediaProbabilidades,0.9079448342323303,0.09205519706010819,5
31423,left_hand,0.9602300524711609,0.039770014584064484,MediaProbabilidades,0.9327133893966675,0.06728664338588715,5
31487,left_hand,0.9799013137817383,0.020098676905035973,MediaProbabilidades,0.9507723212242126,0.04922770969569683,5
31551,left_hand,0.9844211339950562,0.015578856691718102,MediaProbabilidades,0.9637529134750367,0.036247112601995465,5
31615,left_hand,0.972162127494812,0.02783789113163948,MediaProbabilidades,0.9660409450531006,0.033959072828292844,5
31679,left_hand,0.9673644304275513,0.03263555094599724,MediaProbabilidades,0.9728158116340637,0.027184198051691054,5
31743,left_hand,0.9638796448707581,0.03612038120627403,MediaProbabilidades,0.9735457301139832,0.026454271376132966,5
31807,left_hand,0.9785272479057312,0.021472787484526634,MediaProbabilidades,0.9732709169387818,0.0267290934920311,5
31871,left_hand,0.9821150302886963,0.01788495108485222,MediaProbabilidades,0.9728096961975098,0.027190312370657922,5
31935,left_hand,0.9798035621643066,0.02019638754427433,MediaProbabilidades,0.9743379831314087,0.02566201165318489,5
31999,left_hand,0.9848284125328064,0.015171590261161327,MediaProbabilidades,0.9778307795524597,0.022169219516217708,5
32063,left_hand,0.9843763113021851,0.015623703598976135,MediaProbabilidades,0.9819301128387451,0.01806988399475813,5
32127,left_hand,0.9818912148475647,0.018108783289790154,MediaProbabilidades,0.9826029062271118,0.017397083155810834,5
32191,left_hand,0.9835357666015625,0.0164642296731472,MediaProbabilidades,0.9828870534896851,0.01711293887346983,5
32255,left_hand,0.9849427938461304,0.015057232230901718,MediaProbabilidades,0.9839148998260498,0.016085107810795307,5
32319,left_hand,0.9869658946990967,0.013034125789999962,MediaProbabilidades,0.9843423962593079,0.015657614916563034,5
32383,left_hand,0.9860388040542603,0.013961177319288254,MediaProbabilidades,0.9846748948097229,0.015325109660625457,5
32447,left_hand,0.9846582412719727,0.015341740101575851,MediaProbabilidades,0.9852283000946045,0.014771701022982597,5
32511,left_hand,0.9862902760505676,0.013709749095141888,MediaProbabilidades,0.9857792019844055,0.014220804907381535,5
32575,left_hand,0.9869300127029419,0.013069961220026016,MediaProbabilidades,0.9861766457557678,0.013823350705206395,5
32639,left_hand,0.9838618636131287,0.016138125211000443,MediaProbabilidades,0.9855558395385742,0.01444415058940649,5
32703,left_hand,0.9841189384460449,0.015881139785051346,MediaProbabilidades,0.9851718664169311,0.014828143082559109,5
32767,left_hand,0.9862040281295776,0.013795960694551468,MediaProbabilidades,0.9854810237884521,0.014518987201154233,5
32831,left_hand,0.9838436245918274,0.01615632139146328,MediaProbabilidades,0.9849916934967041,0.01500830166041851,5
32895,left_hand,0.9787476062774658,0.02125238999724388,MediaProbabilidades,0.9833552122116089,0.016644787415862082,5
32959,left_hand,0.9762553572654724,0.023744598031044006,MediaProbabilidades,0.9818339109420776,0.018166081979870796,5
33023,left_hand,0.978934109210968,0.021065834909677505,MediaProbabilidades,0.9807969450950622,0.01920302100479603,5
33087,left_hand,0.9707925915718079,0.029207400977611542,MediaProbabilidades,0.9777146577835083,0.02228530906140804,5
33151,left_hand,0.9667254090309143,0.03327455371618271,MediaProbabilidades,0.9742910146713257,0.02570895552635193,5
33215,left_hand,0.9545468091964722,0.045453187078237534,MediaProbabilidades,0.969450855255127,0.030549114942550658,5
33279,left_hand,0.9599031209945679,0.04009680822491646,MediaProbabilidades,0.9661804080009461,0.03381955698132515,5
33343,left_hand,0.9695489406585693,0.030451059341430664,MediaProbabilidades,0.9643033742904663,0.03569660186767578,5
33407,left_hand,0.9640876650810242,0.03591233119368553,MediaProbabilidades,0.9629623889923096,0.03703758791089058,5
33471,left_hand,0.9587625861167908,0.04123742878437042,MediaProbabilidades,0.9613698244094848,0.03863016292452812,5
33535,left_hand,0.9702891707420349,0.02971080131828785,MediaProbabilidades,0.9645182967185975,0.035481685772538185,5
33599,left_hand,0.9730036854743958,0.026996321976184845,MediaProbabilidades,0.967138409614563,0.03286158852279186,5
33663,left_hand,0.9642865061759949,0.03571352735161781,MediaProbabilidades,0.966085922718048,0.03391408212482929,5
33727,left_hand,0.9627834558486938,0.03721659630537033,MediaProbabilidades,0.965825080871582,0.034174935147166255,5
33791,left_hand,0.964379072189331,0.03562089428305626,MediaProbabilidades,0.9669483780860901,0.03305162824690342,5
33855,left_hand,0.9752794504165649,0.024720463901758194,MediaProbabilidades,0.9679464340209961,0.032053560763597486,5
33919,left_hand,0.9846956133842468,0.01530442200601101,MediaProbabilidades,0.9702848196029663,0.02971518076956272,5
33983,left_hand,0.9879384636878967,0.012061526998877525,MediaProbabilidades,0.9750152111053467,0.024984780699014664,5
34047,left_hand,0.9910457730293274,0.00895419716835022,MediaProbabilidades,0.9806676745414734,0.01933230087161064,5
34111,left_hand,0.9914284348487854,0.00857159961014986,MediaProbabilidades,0.9860775470733643,0.013922441937029361,5
34175,left_hand,0.9931163191795349,0.0068837315775454044,MediaProbabilidades,0.9896449208259582,0.010355095472186803,5
34239,left_hand,0.9948350191116333,0.005165010690689087,MediaProbabilidades,0.9916728019714356,0.008327213209122419,5
34303,left_hand,0.993462085723877,0.00653787050396204,MediaProbabilidades,0.9927775263786316,0.007222481910139323,5
34367,left_hand,0.9922460913658142,0.007753877900540829,MediaProbabilidades,0.9930175900459289,0.006982418056577444,5
34431,left_hand,0.9927090406417847,0.00729093374684453,MediaProbabilidades,0.9932737112045288,0.006726284883916378,5
34495,left_hand,0.9917172789573669,0.0082827964797616,MediaProbabilidades,0.9929939031600952,0.007006097864359617,5
34559,left_hand,0.9921219348907471,0.007878130301833153,MediaProbabilidades,0.992451286315918,0.00754872178658843,5
34623,left_hand,0.9925960898399353,0.007403992582112551,MediaProbabilidades,0.9922780871391297,0.007721946202218532,5
34687,left_hand,0.992798924446106,0.0072010899893939495,MediaProbabilidades,0.992388653755188,0.0076113886199891565,5
34751,left_hand,0.99058598279953,0.00941406562924385,MediaProbabilidades,0.9919640421867371,0.008036014996469021,5
34815,left_hand,0.9776895046234131,0.022310469299554825,MediaProbabilidades,0.9891584873199463,0.010841549560427665,5
34879,left_hand,0.9821516275405884,0.017848405987024307,MediaProbabilidades,0.9871644258499146,0.012835604697465896,5
34943,left_hand,0.974053144454956,0.02594689466059208,MediaProbabilidades,0.9834558367729187,0.016544185113161802,5
35007,left_hand,0.9186732172966003,0.08132677525281906,MediaProbabilidades,0.9686306953430176,0.03136932216584683,5
35071,left_hand,0.7349755167961121,0.26502442359924316,MediaProbabilidades,0.917508602142334,0.08249139375984668,5
35135,left_hand,0.24908989667892456,0.7509101629257202,MediaProbabilidades,0.7717886805534363,0.22821133248507977,5
35199,left_hand,0.05289841443300247,0.9471016526222229,MediaProbabilidades,0.5859380379319191,0.4140619818121195,5
35263,right_hand,0.056685689836740494,0.943314254283905,MediaProbabilidades,0.402464547008276,0.5975354537367821,5
35327,right_hand,0.03737146407365799,0.9626285433769226,MediaProbabilidades,0.22620419636368752,0.7737958073616028,5
35391,right_hand,0.03740474954247475,0.9625952839851379,MediaProbabilidades,0.08669004291296005,0.9133099794387818,5
35455,right_hand,0.028895074501633644,0.9711049199104309,MediaProbabilidades,0.042651078477501866,0.9573489308357239,5
35519,right_hand,0.020269067957997322,0.9797309041023254,MediaProbabilidades,0.03612520918250084,0.9638747811317444,5
35583,right_hand,0.026800518855452538,0.9731994867324829,MediaProbabilidades,0.030148174986243247,0.9698518276214599,5
35647,right_hand,0.019000092521309853,0.9809999465942383,MediaProbabilidades,0.02647390067577362,0.9735261082649231,5
35711,right_hand,0.017200632020831108,0.9827993512153625,MediaProbabilidades,0.022433077171444892,0.977566921710968,5
35775,right_hand,0.023752449080348015,0.9762475490570068,MediaProbabilidades,0.021404552087187768,0.9785954475402832,5
35839,right_hand,0.043841566890478134,0.9561583995819092,MediaProbabilidades,0.026119051873683928,0.9738809466362,5
35903,right_hand,0.0778355672955513,0.9221644401550293,MediaProbabilidades,0.03632606156170368,0.9636739373207093,5
35967,right_hand,0.10742165893316269,0.8925783038139343,MediaProbabilidades,0.05401037484407425,0.9459896087646484,5
36031,right_hand,0.17942269146442413,0.8205772638320923,MediaProbabilidades,0.08645478673279286,0.9135451912879944,5
36095,right_hand,0.3250548541545868,0.6749451160430908,MediaProbabilidades,0.1467152677476406,0.8532847046852112,5
36159,right_hand,0.3985074460506439,0.6014925837516785,MediaProbabilidades,0.21764844357967378,0.7823515415191651,5
36223,right_hand,0.33649101853370667,0.6635090112686157,MediaProbabilidades,0.26937953382730484,0.7306204557418823,5
36287,right_hand,0.3291855454444885,0.6708144545555115,MediaProbabilidades,0.31373231112957,0.6862676858901977,5
36351,right_hand,0.3751561641693115,0.6248438358306885,MediaProbabilidades,0.3528790056705475,0.647121000289917,5
36415,right_hand,0.3864344656467438,0.6135655641555786,MediaProbabilidades,0.36515492796897886,0.6348450899124145,5
36479,right_hand,0.4187001883983612,0.5812998414039612,MediaProbabilidades,0.36919347643852235,0.6308065414428711,5
36543,right_hand,0.666513979434967,0.33348602056503296,MediaProbabilidades,0.4351980686187744,0.5648019433021545,5
36607,left_hand,0.9288424849510193,0.07115745544433594,MediaProbabilidades,0.5551294565200806,0.44487054347991944,5
36671,left_hand,0.9324260354042053,0.06757403165102005,MediaProbabilidades,0.6665834307670593,0.33341658264398577,5
36735,left_hand,0.9215132594108582,0.07848672568798065,MediaProbabilidades,0.7735991895198822,0.22640081495046616,5
36799,left_hand,0.9096248149871826,0.09037522971630096,MediaProbabilidades,0.8717841148376465,0.12821589261293412,5
36863,left_hand,0.8945077657699585,0.10549227148294449,MediaProbabilidades,0.9173828721046448,0.08261714279651641,5
36927,left_hand,0.8626338839530945,0.13736611604690552,MediaProbabilidades,0.9041411519050598,0.09585887491703034,5
36991,left_hand,0.8146629333496094,0.18533705174922943,MediaProbabilidades,0.8805885314941406,0.11941147893667221,5
37055,left_hand,0.8285133838653564,0.17148655652999878,MediaProbabilidades,0.8619885563850402,0.13801144510507585,5
37119,left_hand,0.8811212182044983,0.1188787892460823,MediaProbabilidades,0.8562878370285034,0.1437121570110321,5
37183,left_hand,0.9100843667984009,0.0899156853556633,MediaProbabilidades,0.8594031572341919,0.14059683978557586,5
37247,left_hand,0.8792573809623718,0.12074263393878937,MediaProbabilidades,0.8627278566360473,0.13727214336395263,5
37311,left_hand,0.8773042559623718,0.12269575148820877,MediaProbabilidades,0.8752561211585999,0.1247438833117485,5
37375,left_hand,0.8189107179641724,0.18108923733234406,MediaProbabilidades,0.8733355879783631,0.12666441947221757,5
37439,left_hand,0.8206600546836853,0.1793399453163147,MediaProbabilidades,0.8612433552742005,0.13875665068626403,5
37503,left_hand,0.4515068829059601,0.5484931468963623,MediaProbabilidades,0.7695278584957123,0.23047214299440383,5
37567,left_hand,0.12442807108163834,0.8755719661712646,MediaProbabilidades,0.6185619965195656,0.3814380094408989,5
37631,right_hand,0.07027249783277512,0.9297275543212891,MediaProbabilidades,0.45715564489364624,0.542844370007515,5
37695,right_hand,0.06656255573034286,0.9334374070167542,MediaProbabilidades,0.3066860124468803,0.693314003944397,5
37759,right_hand,0.04715738818049431,0.9528425931930542,MediaProbabilidades,0.15198547914624214,0.8480145335197449,5
37823,right_hand,0.10428929328918457,0.8957107663154602,MediaProbabilidades,0.08254196122288704,0.9174580574035645,5
37887,right_hand,0.18246960639953613,0.8175303936004639,MediaProbabilidades,0.0941502682864666,0.9058497428894043,5
37951,right_hand,0.2020493745803833,0.7979506850242615,MediaProbabilidades,0.12050564363598823,0.8794943690299988,5
38015,right_hand,0.10210549831390381,0.8978945016860962,MediaProbabilidades,0.12761423215270043,0.8723857879638672,5
38079,right_hand,0.15122447907924652,0.8487755060195923,MediaProbabilidades,0.14842765033245087,0.8515723705291748,5
38143,right_hand,0.2307378649711609,0.7692621350288391,MediaProbabilidades,0.17371736466884613,0.8262826442718506,5
38207,right_hand,0.2375263124704361,0.7624736428260803,MediaProbabilidades,0.18472870588302612,0.8152712941169739,5
38271,right_hand,0.24021315574645996,0.7597869038581848,MediaProbabilidades,0.19236146211624144,0.8076385378837585,5
38335,right_hand,0.16779805719852448,0.8322019577026367,MediaProbabilidades,0.2054999738931656,0.7945000290870666,5
38399,right_hand,0.13261914253234863,0.8673809170722961,MediaProbabilidades,0.201778906583786,0.7982211112976074,5
38463,right_hand,0.11220338195562363,0.8877965807914734,MediaProbabilidades,0.17807200998067857,0.8219280004501343,5
38527,right_hand,0.16780947148799896,0.8321905136108398,MediaProbabilidades,0.16412864178419112,0.8358713746070862,5
38591,right_hand,0.2572106420993805,0.7427893280982971,MediaProbabilidades,0.16752813905477523,0.8324718594551086,5
38655,right_hand,0.5962551236152649,0.4037448763847351,MediaProbabilidades,0.2532195523381233,0.7467804431915284,5
38719,right_hand,0.6137655973434448,0.3862343728542328,MediaProbabilidades,0.34944884330034254,0.6505511343479157,5
38783,right_hand,0.652107834815979,0.3478921353816986,MediaProbabilidades,0.45742973387241365,0.5425702452659606,5
38847,left_hand,0.5066121816635132,0.49338778853416443,MediaProbabilidades,0.5251902759075164,0.47480970025062563,5
38911,left_hand,0.6101897358894348,0.3898102641105652,MediaProbabilidades,0.5957860946655273,0.40421388745307923,5
38975,left_hand,0.5915533900260925,0.40844663977622986,MediaProbabilidades,0.5948457479476928,0.4051542401313782,5
39039,left_hand,0.3986082673072815,0.6013917326927185,MediaProbabilidades,0.5518142819404602,0.4481857120990753,5
39103,right_hand,0.36255601048469543,0.6374439597129822,MediaProbabilidades,0.4939039170742035,0.506096076965332,5
39167,right_hand,0.29935503005981445,0.7006449699401855,MediaProbabilidades,0.4524524867534637,0.5475475132465363,5
39231,right_hand,0.35718852281570435,0.6428114771842957,MediaProbabilidades,0.4018522441387177,0.5981477558612823,5
39295,right_hand,0.35305508971214294,0.6469449400901794,MediaProbabilidades,0.35415258407592776,0.6458474159240722,5
39359,right_hand,0.3566189110279083,0.6433810591697693,MediaProbabilidades,0.3457547128200531,0.6542452812194824,5
39423,right_hand,0.3869374394416809,0.6130626201629639,MediaProbabilidades,0.3506309986114502,0.6493690133094787,5
39487,right_hand,0.44710078835487366,0.5528992414474487,MediaProbabilidades,0.38018015027046204,0.6198198676109314,5
39551,right_hand,0.46012699604034424,0.5398730039596558,MediaProbabilidades,0.40076784491539,0.5992321729660034,5
39615,right_hand,0.24001860618591309,0.7599813938140869,MediaProbabilidades,0.37816054821014405,0.6218394637107849,5
39679,right_hand,0.21759019792079926,0.7824097871780396,MediaProbabilidades,0.35035480558872223,0.649645209312439,5
39743,right_hand,0.35216179490089417,0.6478381752967834,MediaProbabilidades,0.34339967668056487,0.6566003203392029,5
39807,right_hand,0.4718572497367859,0.5281426906585693,MediaProbabilidades,0.34835096895694734,0.651649010181427,5
39871,right_hand,0.5283893346786499,0.4716106653213501,MediaProbabilidades,0.36200343668460844,0.6379965424537659,5
39935,right_hand,0.47840696573257446,0.5215930342674255,MediaProbabilidades,0.40968110859394075,0.5903188705444335,5
39999,right_hand,0.5583160519599915,0.44168391823768616,MediaProbabilidades,0.4778262794017792,0.5221736967563629,5
40063,left_hand,0.6302589774131775,0.3697410821914673,MediaProbabilidades,0.5334457159042358,0.4665542781352997,5
40127,left_hand,0.539775550365448,0.460224449634552,MediaProbabilidades,0.5470293760299683,0.4529706299304962,5
40191,left_hand,0.609078586101532,0.39092138409614563,MediaProbabilidades,0.5631672263145446,0.4368327736854553,5
40255,left_hand,0.8746139407157898,0.12538601458072662,MediaProbabilidades,0.6424086213111877,0.35759136974811556,5
40319,left_hand,0.9641368985176086,0.03586311638355255,MediaProbabilidades,0.7235727906227112,0.2764272093772888,5
40383,left_hand,0.9248884916305542,0.0751115158200264,MediaProbabilidades,0.7824986934661865,0.21750129610300065,5
40447,left_hand,0.9108242988586426,0.0891757383942604,MediaProbabilidades,0.8567084431648254,0.14329155385494233,5
40511,left_hand,0.8431116938591003,0.15688827633857727,MediaProbabilidades,0.9035150647163391,0.09648493230342865,5
40575,left_hand,0.7921853065490723,0.20781466364860535,MediaProbabilidades,0.8870293378829956,0.11297066211700439,5
40639,left_hand,0.630082368850708,0.369917631149292,MediaProbabilidades,0.8202184319496155,0.17978156507015228,5
40703,left_hand,0.6380696892738342,0.36193034052848816,MediaProbabilidades,0.7628546714782715,0.23714533001184462,5
40767,left_hand,0.3625568747520447,0.6374431848526001,MediaProbabilidades,0.6532011866569519,0.3467988193035126,5
40831,left_hand,0.16269920766353607,0.8373008370399475,MediaProbabilidades,0.517118689417839,0.48288133144378664,5
40895,right_hand,0.09483446180820465,0.9051655530929565,MediaProbabilidades,0.3776485204696655,0.6223515093326568,5
40959,right_hand,0.05304717272520065,0.9469528198242188,MediaProbabilidades,0.26224148124456403,0.7377585470676422,5
41023,right_hand,0.054850656539201736,0.9451493620872498,MediaProbabilidades,0.14559767469763757,0.8544023513793946,5
41087,right_hand,0.032903071492910385,0.9670968651771545,MediaProbabilidades,0.0796669140458107,0.9203330874443054,5
41151,right_hand,0.014278247952461243,0.9857217073440552,MediaProbabilidades,0.049982722103595736,0.950017261505127,5
41215,right_hand,0.014598566107451916,0.985401451587677,MediaProbabilidades,0.033935542963445184,0.9660644412040711,5
41279,right_hand,0.022543419152498245,0.9774566292762756,MediaProbabilidades,0.027834792248904706,0.9721652030944824,5
41343,right_hand,0.013041979633271694,0.9869579672813416,MediaProbabilidades,0.019473056867718698,0.9805269241333008,5
41407,right_hand,0.01349487341940403,0.9865050911903381,MediaProbabilidades,0.015591417253017426,0.9844085693359375,5
41471,right_hand,0.018747201189398766,0.9812527298927307,MediaProbabilidades,0.01648520790040493,0.9835147738456727,5
41535,right_hand,0.016772698611021042,0.9832272529602051,MediaProbabilidades,0.016920034401118757,0.9830799341201782,5
41599,right_hand,0.02450389787554741,0.9754961133003235,MediaProbabilidades,0.017312130145728587,0.9826878309249878,5
41663,right_hand,0.05000574141740799,0.9499942660331726,MediaProbabilidades,0.02470488250255585,0.975295090675354,5
41727,right_hand,0.12460518628358841,0.8753947615623474,MediaProbabilidades,0.046926945075392724,0.9530730247497559,5
41791,right_hand,0.14773748815059662,0.8522624373435974,MediaProbabilidades,0.07272500246763229,0.9272749662399292,5
41855,right_hand,0.33023831248283386,0.6697617173194885,MediaProbabilidades,0.13541812524199487,0.8645818591117859,5
41919,right_hand,0.5718653202056885,0.4281347095966339,MediaProbabilidades,0.24489040970802306,0.755109578371048,5
41983,right_hand,0.803398072719574,0.1966019570827484,MediaProbabilidades,0.39556887596845625,0.6044311165809632,5
42047,left_hand,0.7994378805160522,0.20056211948394775,MediaProbabilidades,0.530535414814949,0.4694645881652832,5
42111,left_hand,0.7288571000099182,0.2711429297924042,MediaProbabilidades,0.6467593371868133,0.35324068665504454,5
42175,left_hand,0.6791486740112305,0.3208513557910919,MediaProbabilidades,0.7165414094924927,0.28345861434936526,5
42239,left_hand,0.5399816036224365,0.46001842617988586,MediaProbabilidades,0.7101646661758423,0.28983535766601565,5
42303,left_hand,0.4419669806957245,0.5580330491065979,MediaProbabilidades,0.6378784477710724,0.36212157607078554,5
42367,left_hand,0.5176237225532532,0.4823762774467468,MediaProbabilidades,0.5815156161785126,0.4184844076633453,5
42431,left_hand,0.7325159907341003,0.26748400926589966,MediaProbabilidades,0.582247394323349,0.41775262355804443,5
42495,left_hand,0.788906455039978,0.21109351515769958,MediaProbabilidades,0.6041989505290986,0.39580105543136596,5
42559,left_hand,0.774174690246582,0.22582529485225677,MediaProbabilidades,0.6510375678539276,0.34896242916584014,5
42623,left_hand,0.7964386343955994,0.20356135070323944,MediaProbabilidades,0.7219318985939026,0.2780680894851685,5
42687,left_hand,0.7682958245277405,0.2317042052745819,MediaProbabilidades,0.7720663189888001,0.22793367505073547,5
42751,left_hand,0.7290077805519104,0.2709921896457672,MediaProbabilidades,0.7713646769523621,0.22863531112670898,5
42815,left_hand,0.6951032876968384,0.304896742105484,MediaProbabilidades,0.7526040434837341,0.24739595651626586,5
42879,left_hand,0.6186095476150513,0.38139039278030396,MediaProbabilidades,0.721491014957428,0.2785089761018753,5
42943,left_hand,0.6200045943260193,0.37999534606933594,MediaProbabilidades,0.6862042069435119,0.3137957751750946,5
43007,left_hand,0.810752809047699,0.18924716114997864,MediaProbabilidades,0.6946956038475036,0.30530436635017394,5
43071,left_hand,0.7520051002502441,0.24799484014511108,MediaProbabilidades,0.6992950677871704,0.3007048964500427,5
43135,left_hand,0.7462807297706604,0.253719300031662,MediaProbabilidades,0.7095305562019348,0.2904694080352783,5
43199,left_hand,0.8668712973594666,0.13312868773937225,MediaProbabilidades,0.7591829061508178,0.240817067027092,5
43263,left_hand,0.9431740641593933,0.0568259097635746,MediaProbabilidades,0.8238168001174927,0.17618317976593972,5
43327,left_hand,0.9033961892127991,0.09660378098487854,MediaProbabilidades,0.8423454761505127,0.1576545037329197,5
43391,left_hand,0.26574259996414185,0.7342574596405029,MediaProbabilidades,0.7450929760932923,0.2549070276319981,5
43455,left_hand,0.10352436453104019,0.8964756727218628,MediaProbabilidades,0.6165417030453682,0.38345830217003823,5
43519,right_hand,0.05914584919810295,0.9408541917800903,MediaProbabilidades,0.4549966134130955,0.5450034029781818,5
43583,right_hand,0.0640171617269516,0.935982882976532,MediaProbabilidades,0.2791652329266071,0.7208347976207733,5
43647,right_hand,0.03162292391061783,0.9683770537376404,MediaProbabilidades,0.10481057986617089,0.8951894521713257,5
43711,right_hand,0.034276124089956284,0.9657238721847534,MediaProbabilidades,0.05851728469133377,0.9414827346801757,5
43775,right_hand,0.02045515738427639,0.9795447587966919,MediaProbabilidades,0.04190344326198101,0.9580965518951416,5
43839,right_hand,0.020325420424342155,0.9796746373176575,MediaProbabilidades,0.03413935750722885,0.965860641002655,5
43903,right_hand,0.019168606027960777,0.9808314442634583,MediaProbabilidades,0.025169646367430687,0.9748303532600403,5
43967,right_hand,0.014730260707437992,0.9852697253227234,MediaProbabilidades,0.02179111372679472,0.9782088875770569,5
44031,right_hand,0.01905662938952446,0.9809433817863464,MediaProbabilidades,0.018747214786708356,0.9812527894973755,5
44095,right_hand,0.019014472141861916,0.9809854626655579,MediaProbabilidades,0.01845907773822546,0.9815409302711486,5
44159,right_hand,0.011747457087039948,0.988252580165863,MediaProbabilidades,0.016743485070765018,0.9832565188407898,5
44223,right_hand,0.009624876081943512,0.9903751015663147,MediaProbabilidades,0.014834739081561566,0.985165250301361,5
44287,right_hand,0.010897351428866386,0.9891026020050049,MediaProbabilidades,0.014068157225847245,0.9859318256378173,5
44351,right_hand,0.03683501482009888,0.9631649255752563,MediaProbabilidades,0.017623834311962128,0.9823761343955993,5
44415,right_hand,0.07790455967187881,0.9220954179763794,MediaProbabilidades,0.029401851817965508,0.9705981254577637,5
44479,right_hand,0.11882934719324112,0.8811706304550171,MediaProbabilidades,0.05081822983920574,0.9491817355155945,5
44543,right_hand,0.1216987669467926,0.8783012628555298,MediaProbabilidades,0.07323300801217555,0.9267669677734375,5
44607,right_hand,0.11788862198591232,0.8821113109588623,MediaProbabilidades,0.09463126212358475,0.905368709564209,5
44671,right_hand,0.08860545605421066,0.911394476890564,MediaProbabilidades,0.1049853503704071,0.8950146198272705,5
44735,right_hand,0.14092297852039337,0.8590770363807678,MediaProbabilidades,0.11758903414011002,0.8824109435081482,5
44799,right_hand,0.23220571875572205,0.7677943110466003,MediaProbabilidades,0.1402643084526062,0.8597356796264648,5
44863,right_hand,0.34634852409362793,0.6536514759063721,MediaProbabilidades,0.18519425988197327,0.8148057222366333,5
44927,right_hand,0.36478883028030396,0.6352112293243408,MediaProbabilidades,0.2345743015408516,0.765425705909729,5
44991,right_hand,0.3306719958782196,0.669327974319458,MediaProbabilidades,0.2829876095056534,0.7170124053955078,5
45055,right_hand,0.5097657442092896,0.49023428559303284,MediaProbabilidades,0.35675616264343263,0.6432438552379608,5
45119,right_hand,0.4293586313724518,0.5706413388252258,MediaProbabilidades,0.39618674516677854,0.6038132607936859,5
45183,right_hand,0.3949730396270752,0.6050269603729248,MediaProbabilidades,0.40591164827346804,0.5940883576869964,5
45247,right_hand,0.2556867003440857,0.7443132996559143,MediaProbabilidades,0.3840912222862244,0.6159087717533112,5
45311,right_hand,0.08454239368438721,0.9154576063156128,MediaProbabilidades,0.3348653018474579,0.6651346981525421,5
45375,right_hand,0.028007183223962784,0.9719927906990051,MediaProbabilidades,0.23851358965039254,0.7614863991737366,5
45439,right_hand,0.017428351566195488,0.9825716018676758,MediaProbabilidades,0.15612753368914128,0.8438724517822266,5
45503,right_hand,0.018538111820816994,0.9814619421958923,MediaProbabilidades,0.08084054812788963,0.91915944814682,5
45567,right_hand,0.015236684121191502,0.9847633242607117,MediaProbabilidades,0.03275054488331079,0.9672494530677795,5
45631,right_hand,0.01222407165914774,0.9877759218215942,MediaProbabilidades,0.0182868804782629,0.9817131161689758,5
45695,right_hand,0.00782060157507658,0.9921793937683105,MediaProbabilidades,0.01424956414848566,0.9857504367828369,5
45759,right_hand,0.00872125569730997,0.9912787079811096,MediaProbabilidades,0.012508144974708557,0.9874918580055236,5
45823,right_hand,0.004827086813747883,0.995172917842865,MediaProbabilidades,0.009765939973294734,0.9902340531349182,5
45887,right_hand,0.006004782859236002,0.9939952492713928,MediaProbabilidades,0.007919559720903635,0.9920804381370545,5
45951,right_hand,0.013613841496407986,0.9863861799240112,MediaProbabilidades,0.008197513688355685,0.9918024897575378,5
46015,right_hand,0.0342019684612751,0.9657980799674988,MediaProbabilidades,0.013473787065595388,0.9865262269973755,5
46079,right_hand,0.04826926067471504,0.9517307281494141,MediaProbabilidades,0.021383388061076404,0.9786166310310364,5
46143,right_hand,0.033759955316782,0.9662400484085083,MediaProbabilidades,0.027169961761683226,0.972830057144165,5
46207,right_hand,0.04955536499619484,0.9504446387290955,MediaProbabilidades,0.035880078189074995,0.9641199350357056,5
46271,right_hand,0.06097546964883804,0.9390245676040649,MediaProbabilidades,0.045352403819561,0.9546476125717163,5
46335,right_hand,0.09154626727104187,0.9084537029266357,MediaProbabilidades,0.05682126358151436,0.9431787371635437,5
46399,right_hand,0.18753111362457275,0.8124688863754272,MediaProbabilidades,0.0846736341714859,0.9153263688087463,5
46463,right_hand,0.7353883385658264,0.2646116316318512,MediaProbabilidades,0.2249993108212948,0.7750006854534149,5
46527,right_hand,0.885998010635376,0.1140020340681076,MediaProbabilidades,0.392287839949131,0.6077121645212173,5
46591,left_hand,0.9553059935569763,0.04469403252005577,MediaProbabilidades,0.5711539447307586,0.4288460575044155,5
46655,left_hand,0.9534186124801636,0.04658138006925583,MediaProbabilidades,0.743528413772583,0.25647159293293953,5
46719,left_hand,0.9666972160339355,0.03330272436141968,MediaProbabilidades,0.8993616342544556,0.10063836053013801,5
46783,left_hand,0.9740210175514221,0.025978965684771538,MediaProbabilidades,0.9470881700515748,0.052911827340722084,5
46847,left_hand,0.9669383764266968,0.033061593770980835,MediaProbabilidades,0.9632762432098388,0.03672373928129673,5
46911,left_hand,0.9608597159385681,0.0391402542591095,MediaProbabilidades,0.9643869876861573,0.035612983629107475,5
46975,left_hand,0.9679242968559265,0.0320756770670414,MediaProbabilidades,0.9672881245613099,0.03271184302866459,5
47039,left_hand,0.9792992472648621,0.02070075273513794,MediaProbabilidades,0.9698085308074951,0.03019144870340824,5
47103,left_hand,0.9831804633140564,0.016819527372717857,MediaProbabilidades,0.9716404199600219,0.028359561040997506,5
47167,left_hand,0.9878072142601013,0.012192829512059689,MediaProbabilidades,0.9758141875267029,0.024185808189213277,5
47231,left_hand,0.9887300133705139,0.011270010843873024,MediaProbabilidades,0.981388247013092,0.018611759506165983,5
47295,left_hand,0.9905592203140259,0.009440765716135502,MediaProbabilidades,0.985915231704712,0.014084777235984803,5
47359,left_hand,0.9897463321685791,0.010253612883388996,MediaProbabilidades,0.9880046486854553,0.011995349265635013,5
47423,left_hand,0.9882055521011353,0.011794420890510082,MediaProbabilidades,0.9890096664428711,0.01099032796919346,5
47487,left_hand,0.980824887752533,0.019175097346305847,MediaProbabilidades,0.9876132011413574,0.01238678153604269,5
47551,left_hand,0.9831103086471558,0.01688973419368267,MediaProbabilidades,0.9864892601966858,0.01351072620600462,5
47615,left_hand,0.9844598770141602,0.015540175139904022,MediaProbabilidades,0.9852693915367127,0.014730608090758324,5
47679,left_hand,0.976836085319519,0.023163985460996628,MediaProbabilidades,0.9826873421669007,0.01731268260627985,5
47743,left_hand,0.9672658443450928,0.03273414820432663,MediaProbabilidades,0.9784994006156922,0.02150062806904316,5
47807,left_hand,0.957179605960846,0.042820386588573456,MediaProbabilidades,0.9737703442573548,0.026229685917496682,5
47871,left_hand,0.9369636178016663,0.06303641200065613,MediaProbabilidades,0.9645410060882569,0.03545902147889137,5
47935,left_hand,0.9043328762054443,0.09566709399223328,MediaProbabilidades,0.9485156059265136,0.051484405249357226,5
47999,left_hand,0.8981907963752747,0.10180915892124176,MediaProbabilidades,0.9327865481376648,0.06721343994140624,5
48063,left_hand,0.8719236850738525,0.12807630002498627,MediaProbabilidades,0.9137181162834167,0.08628187030553817,5
48127,left_hand,0.7947635054588318,0.20523644983768463,MediaProbabilidades,0.8812348961830139,0.11876508295536041,5
48191,left_hand,0.8124980926513672,0.18750187754631042,MediaProbabilidades,0.8563417911529541,0.14365817606449127,5
48255,left_hand,0.8393553495407104,0.16064460575580597,MediaProbabilidades,0.8433462858200074,0.15665367841720582,5
48319,left_hand,0.9315404295921326,0.06845960766077042,MediaProbabilidades,0.8500162124633789,0.14998376816511155,5
48383,left_hand,0.9233425855636597,0.07665743678808212,MediaProbabilidades,0.8602999925613404,0.1396999955177307,5
48447,left_hand,0.9259024858474731,0.07409750670194626,MediaProbabilidades,0.8865277886390686,0.11347220689058304,5
48511,left_hand,0.9043181538581848,0.09568189829587936,MediaProbabilidades,0.9048918008804321,0.09510821104049683,5
48575,left_hand,0.8955658674240112,0.10443409532308578,MediaProbabilidades,0.9161339044570923,0.08386610895395279,5
48639,left_hand,0.8323419690132141,0.1676580011844635,MediaProbabilidades,0.8962942123413086,0.1037057876586914,5
48703,left_hand,0.7765015363693237,0.22349843382835388,MediaProbabilidades,0.8669260025024415,0.13307398706674575,5
48767,left_hand,0.5744527578353882,0.4255473017692566,MediaProbabilidades,0.7966360569000244,0.20336394608020783,5
48831,left_hand,0.39868760108947754,0.6013123989105225,MediaProbabilidades,0.6955099463462829,0.30449004620313647,5
48895,left_hand,0.36742767691612244,0.6325723528862,MediaProbabilidades,0.5898823082447052,0.4101176977157593,5
48959,right_hand,0.22622348368167877,0.7737765312194824,MediaProbabilidades,0.46865861117839813,0.5313414037227631,5
49023,right_hand,0.2634935975074768,0.736506462097168,MediaProbabilidades,0.36605702340602875,0.6339430093765259,5
49087,right_hand,0.3145963251590729,0.6854036450386047,MediaProbabilidades,0.3140857368707657,0.6859142780303955,5
49151,right_hand,0.2987867593765259,0.7012132406234741,MediaProbabilidades,0.2941055685281754,0.7058944463729858,5
49215,right_hand,0.06863914430141449,0.9313608407974243,MediaProbabilidades,0.23434786200523378,0.7656521439552307,5
49279,right_hand,0.10115928947925568,0.8988407254219055,MediaProbabilidades,0.20933502316474914,0.7906649827957153,5
49343,right_hand,0.09197782725095749,0.9080221056938171,MediaProbabilidades,0.1750318691134453,0.8249681115150451,5
49407,right_hand,0.05673108994960785,0.943268895149231,MediaProbabilidades,0.12345882207155227,0.8765411615371704,5
49471,right_hand,0.05147545039653778,0.948524534702301,MediaProbabilidades,0.07399656027555465,0.9260034203529358,5
49535,right_hand,0.038420435041189194,0.9615796208381653,MediaProbabilidades,0.0679528184235096,0.932047176361084,5
49599,right_hand,0.02981824055314064,0.9701818227767944,MediaProbabilidades,0.05368460863828659,0.9463153958320618,5
49663,right_hand,0.039277855306863785,0.9607221484184265,MediaProbabilidades,0.04314461424946785,0.9568554043769837,5
49727,right_hand,0.05153224244713783,0.9484677314758301,MediaProbabilidades,0.042104844748973844,0.9578951716423034,5
49791,right_hand,0.04044818878173828,0.9595518112182617,MediaProbabilidades,0.039899392426013945,0.9601006269454956,5
49855,right_hand,0.029941149055957794,0.9700588583946228,MediaProbabilidades,0.03820353522896767,0.9617964744567871,5
49919,right_hand,0.02199697121977806,0.9780030846595764,MediaProbabilidades,0.03663928136229515,0.9633607268333435,5
49983,right_hand,0.015562850050628185,0.9844372272491455,MediaProbabilidades,0.031896280311048034,0.9681037425994873,5
50047,right_hand,0.01370165217667818,0.9862982630729675,MediaProbabilidades,0.0243301622569561,0.9756698489189148,5
50111,right_hand,0.012743101455271244,0.9872568845748901,MediaProbabilidades,0.018789144791662694,0.9812108635902405,5
50175,right_hand,0.014892918057739735,0.9851070046424866,MediaProbabilidades,0.015779498592019083,0.9842204928398133,5
50239,right_hand,0.01910204440355301,0.9808979630470276,MediaProbabilidades,0.015200513228774071,0.9847994685173035,5
50303,right_hand,0.04008036479353905,0.9599196314811707,MediaProbabilidades,0.020104016177356243,0.9798959493637085,5
50367,right_hand,0.1905737817287445,0.8094261884689331,MediaProbabilidades,0.05547844208776951,0.9445215344429017,5
50431,right_hand,0.5928763151168823,0.4071236848831177,MediaProbabilidades,0.17150508482009172,0.8284948945045472,5
50495,right_hand,0.8740373849868774,0.12596261501312256,MediaProbabilidades,0.34333397820591927,0.6566660165786743,5
50559,right_hand,0.7978519797325134,0.20214802026748657,MediaProbabilidades,0.49908396527171134,0.5009160280227661,5
50623,left_hand,0.8362412452697754,0.16375869512557983,MediaProbabilidades,0.6583161413669586,0.3416838407516479,5
50687,left_hand,0.8958624005317688,0.10413768142461777,MediaProbabilidades,0.7993738651275635,0.2006261393427849,5
50751,left_hand,0.9452183842658997,0.054781604558229446,MediaProbabilidades,0.869842278957367,0.13015772327780722,5
50815,left_hand,0.9748513102531433,0.02514871023595333,MediaProbabilidades,0.8900050640106201,0.10999494232237339,5
50879,left_hand,0.9759816527366638,0.024018408730626106,MediaProbabilidades,0.9256309986114502,0.0743690200150013,5
50943,left_hand,0.9520713090896606,0.047928713262081146,MediaProbabilidades,0.9487970113754273,0.05120302364230156,5
51007,left_hand,0.927083432674408,0.07291652262210846,MediaProbabilidades,0.9550412178039551,0.0449587918817997,5
51071,left_hand,0.9352188110351562,0.06478111445903778,MediaProbabilidades,0.9530413031578064,0.046958693861961366,5
51135,left_hand,0.8359062075614929,0.1640937775373459,MediaProbabilidades,0.9252522826194763,0.07474770732223987,5
51199,left_hand,0.7131463885307312,0.2868536114692688,MediaProbabilidades,0.8726852297782898,0.1273147478699684,5
51263,left_hand,0.46943867206573486,0.5305613279342651,MediaProbabilidades,0.7761587023735046,0.22384127080440522,5
51327,left_hand,0.30911314487457275,0.6908868551254272,MediaProbabilidades,0.6525646448135376,0.347435337305069,5
51391,right_hand,0.14168797433376312,0.8583120107650757,MediaProbabilidades,0.49385847747325895,0.5061415165662766,5
51455,right_hand,0.17133517563343048,0.8286648392677307,MediaProbabilidades,0.3609442710876465,0.6390557289123535,5
51519,right_hand,0.2950931489467621,0.7049068808555603,MediaProbabilidades,0.27733362317085264,0.7226663827896118,5
51583,right_hand,0.2583039402961731,0.7416961193084717,MediaProbabilidades,0.2351066768169403,0.7648933410644532,5
51647,right_hand,0.08775636553764343,0.9122436046600342,MediaProbabilidades,0.19083532094955444,0.8091646909713746,5
51711,right_hand,0.06987201422452927,0.9301279187202454,MediaProbabilidades,0.17647212892770767,0.8235278725624084,5
51775,right_hand,0.09027803689241409,0.9097219705581665,MediaProbabilidades,0.1602607011795044,0.8397392988204956,5
51839,right_hand,0.15298029780387878,0.8470197319984436,MediaProbabilidades,0.13183813095092772,0.8681618690490722,5
51903,right_hand,0.3662296235561371,0.6337703466415405,MediaProbabilidades,0.15342326760292052,0.8465767145156861,5
51967,right_hand,0.5170547962188721,0.4829452335834503,MediaProbabilidades,0.23928295373916625,0.7607170403003692,5
52031,right_hand,0.567465603351593,0.432534396648407,MediaProbabilidades,0.338801671564579,0.6611983358860016,5
52095,right_hand,0.6968972682952881,0.3031027019023895,MediaProbabilidades,0.4601255178451538,0.5398744821548462,5
52159,left_hand,0.5230646729469299,0.47693532705307007,MediaProbabilidades,0.5341423928737641,0.46585760116577146,5
52223,left_hand,0.4967018961906433,0.5032981634140015,MediaProbabilidades,0.5602368474006653,0.43976316452026365,5
52287,left_hand,0.3590320944786072,0.640967845916748,MediaProbabilidades,0.5286323070526123,0.4713676869869232,5
52351,right_hand,0.34808510541915894,0.6519148945808411,MediaProbabilidades,0.48475620746612547,0.5152437865734101,5
52415,right_hand,0.2736116349697113,0.7263883352279663,MediaProbabilidades,0.40009908080101014,0.5999009132385253,5
52479,right_hand,0.35455459356307983,0.6454454064369202,MediaProbabilidades,0.3663970649242401,0.6336029291152954,5
52543,right_hand,0.5816939473152161,0.41830605268478394,MediaProbabilidades,0.3833954751491547,0.6166045069694519,5
52607,right_hand,0.6689576506614685,0.3310423195362091,MediaProbabilidades,0.4453805863857269,0.5546194016933441,5
52671,right_hand,0.5547059774398804,0.44529399275779724,MediaProbabilidades,0.48670476078987124,0.5132952213287354,5
52735,left_hand,0.5372470021247864,0.46275296807289124,MediaProbabilidades,0.5394318342208863,0.4605681478977203,5
52799,left_hand,0.42585787177085876,0.5741420984268188,MediaProbabilidades,0.553692489862442,0.44630748629570005,5
52863,left_hand,0.747413158416748,0.25258687138557434,MediaProbabilidades,0.5868363320827484,0.41316365003585814,5
52927,left_hand,0.9379407167434692,0.062059253454208374,MediaProbabilidades,0.6406329452991486,0.35936703681945803,5
52991,left_hand,0.9404827952384949,0.05951717123389244,MediaProbabilidades,0.7177883088588715,0.28221167251467705,5
53055,left_hand,0.9643539190292358,0.03564607724547386,MediaProbabilidades,0.8032096922397614,0.19679029434919357,5
53119,left_hand,0.9671372175216675,0.032862767577171326,MediaProbabilidades,0.9114655613899231,0.08853442817926407,5
53183,left_hand,0.979769229888916,0.02023068629205227,MediaProbabilidades,0.9579367756843566,0.042063191160559656,5
53247,left_hand,0.9760029911994934,0.023997023701667786,MediaProbabilidades,0.9655492305755615,0.03445074521005154,5
53311,left_hand,0.9755651950836182,0.02443484216928482,MediaProbabilidades,0.9725657105445862,0.027434279397130012,5
53375,left_hand,0.9706807136535645,0.029319336637854576,MediaProbabilidades,0.9738310694694519,0.026168931275606155,5
53439,left_hand,0.9685090184211731,0.03149096295237541,MediaProbabilidades,0.974105429649353,0.025894570350646972,5
53503,left_hand,0.9617202877998352,0.0382796972990036,MediaProbabilidades,0.9704956412315369,0.02950437255203724,5
53567,left_hand,0.9788075685501099,0.021192407235503197,MediaProbabilidades,0.9710565567016601,0.02894344925880432,5
53631,left_hand,0.9769700765609741,0.023029875010252,MediaProbabilidades,0.9713375329971313,0.02866245582699776,5
53695,left_hand,0.9796991348266602,0.020300928503274918,MediaProbabilidades,0.9731412172317505,0.026858774200081825,5
53759,left_hand,0.9798033833503723,0.02019662596285343,MediaProbabilidades,0.9754000902175903,0.02459990680217743,5
53823,left_hand,0.9646167159080505,0.03538328409194946,MediaProbabilidades,0.9759793758392334,0.024020624160766602,5
53887,left_hand,0.9702208638191223,0.029779111966490746,MediaProbabilidades,0.9742620348930359,0.025737965106964113,5
53951,left_hand,0.9625318050384521,0.037468209862709045,MediaProbabilidades,0.9713743805885315,0.02862563207745552,5
54015,left_hand,0.9592334628105164,0.04076656326651573,MediaProbabilidades,0.9672812461853028,0.032718759030103683,5
54079,left_hand,0.9360511898994446,0.06394881755113602,MediaProbabilidades,0.9585308074951172,0.0414691973477602,5
54143,left_hand,0.8718706965446472,0.12812930345535278,MediaProbabilidades,0.9399816036224365,0.060018401220440866,5
54207,left_hand,0.9778254628181458,0.022174537181854248,MediaProbabilidades,0.9415025234222412,0.058497486263513566,5
54271,left_hand,0.9864631295204163,0.013536873273551464,MediaProbabilidades,0.946288788318634,0.05371121894568205,5
54335,left_hand,0.9849671721458435,0.0150328129529953,MediaProbabilidades,0.9514355301856995,0.04856446888297796,5
54399,left_hand,0.979351282119751,0.020648768171668053,MediaProbabilidades,0.9600955486297608,0.03990445900708437,5
54463,left_hand,0.9654600024223328,0.03453998640179634,MediaProbabilidades,0.9788134098052979,0.021186595596373082,5
54527,left_hand,0.9583386182785034,0.04166141897439957,MediaProbabilidades,0.9749160408973694,0.025083971954882146,5
54591,left_hand,0.956836462020874,0.04316350817680359,MediaProbabilidades,0.968990707397461,0.03100929893553257,5
54655,left_hand,0.9590662121772766,0.040933817625045776,MediaProbabilidades,0.9638105154037475,0.036189499869942666,5
54719,left_hand,0.9594324827194214,0.04056752845644951,MediaProbabilidades,0.9598267555236817,0.040173251926898954,5
54783,left_hand,0.9693365097045898,0.030663538724184036,MediaProbabilidades,0.960602056980133,0.039397962391376495,5
54847,left_hand,0.9715876579284668,0.028412356972694397,MediaProbabilidades,0.9632518649101257,0.03674814999103546,5
54911,left_hand,0.9699571132659912,0.030042866244912148,MediaProbabilidades,0.9658759951591491,0.034124021604657176,5
54975,left_hand,0.9743893146514893,0.02561071328818798,MediaProbabilidades,0.9689406156539917,0.031059400737285615,5
55039,left_hand,0.9796944260597229,0.020305626094341278,MediaProbabilidades,0.972993004322052,0.027007020264863967,5
55103,left_hand,0.960568368434906,0.03943166509270668,MediaProbabilidades,0.9712393760681153,0.028760645538568497,5
55167,left_hand,0.8578376173973083,0.14216233789920807,MediaProbabilidades,0.9484893679618835,0.05151064172387123,5
55231,left_hand,0.917119026184082,0.08288099616765976,MediaProbabilidades,0.9379217505455018,0.06207826770842075,5
55295,left_hand,0.969590961933136,0.030409106984734535,MediaProbabilidades,0.936962080001831,0.06303794644773006,5
55359,left_hand,0.975261926651001,0.024738119915127754,MediaProbabilidades,0.9360755801200866,0.06392444521188737,5
55423,left_hand,0.9770429134368896,0.02295711450278759,MediaProbabilidades,0.9393704891204834,0.06062953509390354,5
55487,left_hand,0.9574421048164368,0.042557910084724426,MediaProbabilidades,0.9592913866043091,0.040708649531006814,5
55551,left_hand,0.8995963335037231,0.10040371865034103,MediaProbabilidades,0.9557868480682373,0.04421319402754307,5
55615,left_hand,0.654740571975708,0.34525948762893677,MediaProbabilidades,0.8928167700767518,0.10718327015638351,5
55679,left_hand,0.19061756134033203,0.809382438659668,MediaProbabilidades,0.7358878970146179,0.26411213390529154,5
55743,left_hand,0.1611717939376831,0.8388282656669617,MediaProbabilidades,0.5727136731147766,0.4272863641381264,5
55807,right_hand,0.09279098361730576,0.907209038734436,MediaProbabilidades,0.39978344887495043,0.6002165898680687,5
55871,right_hand,0.11584184318780899,0.884158194065094,MediaProbabilidades,0.24303255081176758,0.7569674849510193,5
55935,right_hand,0.09251903742551804,0.9074809551239014,MediaProbabilidades,0.13058824390172957,0.8694117784500122,5
55999,right_hand,0.098715640604496,0.901284396648407,MediaProbabilidades,0.11220785975456238,0.88779217004776,5
56063,right_hand,0.09228072315454483,0.9077193140983582,MediaProbabilidades,0.09842964559793473,0.9015703797340393,5
56127,right_hand,0.13465037941932678,0.8653496503829956,MediaProbabilidades,0.10680152475833893,0.8931985020637512,5
56191,right_hand,0.07445089519023895,0.9255490899085999,MediaProbabilidades,0.09852333515882492,0.9014766812324524,5
56255,right_hand,0.0353846549987793,0.9646154046058655,MediaProbabilidades,0.08709645867347718,0.9129035711288452,5
56319,right_hand,0.020015979185700417,0.9799839854240417,MediaProbabilidades,0.07135652638971805,0.9286434888839722,5
56383,right_hand,0.023635998368263245,0.976364016532898,MediaProbabilidades,0.05762758143246174,0.9423724293708802,5
56447,right_hand,0.02093661017715931,0.9790633320808411,MediaProbabilidades,0.03488482758402824,0.9651151657104492,5
56511,right_hand,0.026045087724924088,0.9739548563957214,MediaProbabilidades,0.02520366609096527,0.9747963190078736,5
56575,right_hand,0.03777489438652992,0.962225079536438,MediaProbabilidades,0.025681713968515395,0.9743182539939881,5
56639,right_hand,0.034249331802129745,0.9657506942749023,MediaProbabilidades,0.028528384491801263,0.9714715957641602,5
56703,right_hand,0.043007008731365204,0.9569929838180542,MediaProbabilidades,0.03240258656442165,0.9675973892211914,5
56767,right_hand,0.0413363091647625,0.9586636424064636,MediaProbabilidades,0.03648252636194229,0.9635174512863159,5
56831,right_hand,0.03194507211446762,0.9680548906326294,MediaProbabilidades,0.037662523239851,0.9623374581336975,5
56895,right_hand,0.02636966109275818,0.9736303091049194,MediaProbabilidades,0.03538147658109665,0.9646185040473938,5
56959,right_hand,0.02100982703268528,0.9789901375770569,MediaProbabilidades,0.03273357562720776,0.9672663927078247,5
57023,right_hand,0.01684475690126419,0.9831552505493164,MediaProbabilidades,0.027501125261187552,0.9724988460540771,5
57087,right_hand,0.008485948666930199,0.9915140271186829,MediaProbabilidades,0.020931053161621093,0.979068922996521,5
57151,right_hand,0.006401452701538801,0.9935985803604126,MediaProbabilidades,0.01582232927903533,0.9841776609420776,5
57215,right_hand,0.006738810800015926,0.9932611584663391,MediaProbabilidades,0.011896159220486879,0.9881038308143616,5
57279,right_hand,0.005914022680372,0.9940859079360962,MediaProbabilidades,0.008876998350024224,0.9911229848861695,5
57343,right_hand,0.004563511349260807,0.9954364895820618,MediaProbabilidades,0.006420749239623547,0.9935792326927185,5
57407,right_hand,0.005727872718125582,0.9942721128463745,MediaProbabilidades,0.005869134049862623,0.9941308498382568,5
57471,right_hand,0.006434930954128504,0.993565022945404,MediaProbabilidades,0.005875829700380563,0.9941241383552551,5
57535,right_hand,0.007138549815863371,0.9928614497184753,MediaProbabilidades,0.005955777503550053,0.9940441966056823,5
57599,right_hand,0.005483059212565422,0.994516909122467,MediaProbabilidades,0.005869584809988737,0.9941303968429566,5
57663,right_hand,0.0034154183231294155,0.9965845346450806,MediaProbabilidades,0.0056399662047624585,0.9943600058555603,5
57727,right_hand,0.003077834378927946,0.9969221949577332,MediaProbabilidades,0.005109958536922932,0.9948900222778321,5
57791,right_hand,0.0032029873691499233,0.9967970252037048,MediaProbabilidades,0.004463569819927215,0.9955364227294922,5
57855,right_hand,0.003459378844127059,0.9965406060218811,MediaProbabilidades,0.003727735625579953,0.9962722539901734,5
57919,right_hand,0.003920876886695623,0.99607914686203,MediaProbabilidades,0.0034152991604059933,0.996584701538086,5
57983,right_hand,0.0045979511924088,0.9954019784927368,MediaProbabilidades,0.00365180573426187,0.9963481903076172,5
58047,right_hand,0.006583799608051777,0.9934161901473999,MediaProbabilidades,0.004352998780086636,0.9956469893455505,5
58111,right_hand,0.006526569370180368,0.9934733510017395,MediaProbabilidades,0.005017715180292726,0.9949822545051574,5
58175,right_hand,0.008513935841619968,0.991486132144928,MediaProbabilidades,0.0060286265797913074,0.9939713597297668,5
58239,right_hand,0.009682036936283112,0.9903179407119751,MediaProbabilidades,0.007180858589708805,0.9928191184997559,5
58303,right_hand,0.011692888103425503,0.9883070588111877,MediaProbabilidades,0.008599845971912146,0.991400134563446,5
58367,right_hand,0.018954217433929443,0.9810458421707153,MediaProbabilidades,0.01107392953708768,0.9889260649681091,5
58431,right_hand,0.029954304918646812,0.9700456857681274,MediaProbabilidades,0.015759476646780967,0.9842405319213867,5
58495,right_hand,0.043348997831344604,0.9566510319709778,MediaProbabilidades,0.022726489044725896,0.9772735118865967,5
58559,right_hand,0.1041262149810791,0.8958737850189209,MediaProbabilidades,0.041615324653685094,0.9583846807479859,5
58623,right_hand,0.2111397087574005,0.7888603210449219,MediaProbabilidades,0.0815046887844801,0.9184953331947326,5
58687,right_hand,0.16330334544181824,0.8366966247558594,MediaProbabilidades,0.11037451438605786,0.8896254897117615,5
58751,right_hand,0.192696675658226,0.8073033094406128,MediaProbabilidades,0.1429229885339737,0.8570770144462585,5
58815,right_hand,0.28547874093055725,0.7145212292671204,MediaProbabilidades,0.19134893715381623,0.8086510539054871,5
58879,right_hand,0.37264445424079895,0.6273555159568787,MediaProbabilidades,0.2450525850057602,0.7549474000930786,5
58943,right_hand,0.32648879289627075,0.6735112071037292,MediaProbabilidades,0.26812240183353425,0.73187757730484,5
59007,right_hand,0.3083817660808563,0.6916182637214661,MediaProbabilidades,0.29713808596134184,0.7028619050979614,5
59071,right_hand,0.2312047928571701,0.7687951922416687,MediaProbabilidades,0.3048397094011307,0.6951602816581726,5
59135,right_hand,0.22701409459114075,0.7729858756065369,MediaProbabilidades,0.29314678013324735,0.7068532109260559,5
59199,right_hand,0.3212524354457855,0.6787475943565369,MediaProbabilidades,0.28286837637424467,0.7171316266059875,5
59263,right_hand,0.24127653241157532,0.7587234973907471,MediaProbabilidades,0.2658259242773056,0.7341740846633911,5
59327,right_hand,0.27699899673461914,0.7230010628700256,MediaProbabilidades,0.25954937040805814,0.740450644493103,5
59391,right_hand,0.13377021253108978,0.866229772567749,MediaProbabilidades,0.2400624543428421,0.7599375605583191,5
59455,right_hand,0.0604744479060173,0.9395254850387573,MediaProbabilidades,0.20675452500581742,0.7932454824447632,5
59519,right_hand,0.05902165174484253,0.9409782886505127,MediaProbabilidades,0.15430836826562883,0.8456916213035583,5
59583,right_hand,0.0740521177649498,0.9259478449821472,MediaProbabilidades,0.12086348533630371,0.8791364908218384,5
59647,right_hand,0.07519612461328506,0.9248038530349731,MediaProbabilidades,0.0805029109120369,0.9194970488548279,5
59711,right_hand,0.05339892953634262,0.9466010332107544,MediaProbabilidades,0.06442865431308746,0.935571300983429,5
59775,right_hand,0.08617725223302841,0.9138227701187134,MediaProbabilidades,0.06956921517848969,0.9304307579994202,5
59839,right_hand,0.08747255802154541,0.9125273823738098,MediaProbabilidades,0.07525939643383026,0.9247405767440796,5
59903,right_hand,0.17431655526161194,0.8256834149360657,MediaProbabilidades,0.09531228393316268,0.9046876907348633,5
59967,right_hand,0.22863951325416565,0.7713605165481567,MediaProbabilidades,0.1260009616613388,0.8739990234375,5
60031,right_hand,0.21574559807777405,0.7842544317245483,MediaProbabilidades,0.1584702953696251,0.8415297031402588,5
60095,right_hand,0.14956484735012054,0.8504351377487183,MediaProbabilidades,0.17114781439304352,0.8288521766662598,5
60159,right_hand,0.1933116316795349,0.8066883683204651,MediaProbabilidades,0.19231562912464142,0.8076843738555908,5
60223,right_hand,0.13685394823551178,0.8631460070610046,MediaProbabilidades,0.1848231077194214,0.8151768922805787,5
60287,right_hand,0.20756134390830994,0.7924386262893677,MediaProbabilidades,0.18060747385025025,0.8193925142288208,5
60351,right_hand,0.3742070496082306,0.625792920589447,MediaProbabilidades,0.21229976415634155,0.7877002120018005,5
60415,right_hand,0.26756930351257324,0.7324306964874268,MediaProbabilidades,0.2359006553888321,0.7640993237495423,5
60479,right_hand,0.3477171063423157,0.6522828936576843,MediaProbabilidades,0.26678175032138823,0.7332182288169861,5
60543,right_hand,0.8639581203460693,0.13604189455509186,MediaProbabilidades,0.41220258474349974,0.5877974063158036,5
60607,left_hand,0.9744488000869751,0.02555115334689617,MediaProbabilidades,0.5655800759792328,0.4344199117273092,5
60671,left_hand,0.9788104295730591,0.021189609542489052,MediaProbabilidades,0.6865007519721985,0.31349924951791763,5
60735,left_hand,0.9743030667304993,0.025696977972984314,MediaProbabilidades,0.8278475046157837,0.17215250581502914,5
60799,left_hand,0.9398525357246399,0.06014745682477951,MediaProbabilidades,0.9462745904922485,0.05372541844844818,5
60863,left_hand,0.9188600778579712,0.08113991469144821,MediaProbabilidades,0.9572549819946289,0.04274502247571945,5
60927,left_hand,0.9285218119621277,0.07147813588380814,MediaProbabilidades,0.9480695843696594,0.05193041898310184,5
60991,left_hand,0.8871382474899292,0.1128617450594902,MediaProbabilidades,0.9297351479530335,0.07026484608650208,5
61055,left_hand,0.6906531453132629,0.30934691429138184,MediaProbabilidades,0.8730051636695861,0.12699483335018158,5
61119,left_hand,0.7041450142860413,0.29585498571395874,MediaProbabilidades,0.8258636593818665,0.17413633912801743,5
61183,left_hand,0.6733582019805908,0.3266417980194092,MediaProbabilidades,0.7767632842063904,0.22323671579360962,5
61247,left_hand,0.6318502426147461,0.3681498169898987,MediaProbabilidades,0.7174289703369141,0.28257105201482774,5
61311,left_hand,0.5458242893218994,0.4541756808757782,MediaProbabilidades,0.6491661787033081,0.3508338391780853,5
61375,left_hand,0.5234084725379944,0.476591557264328,MediaProbabilidades,0.6157172441482544,0.38428276777267456,5
61439,left_hand,0.2661217451095581,0.7338782548904419,MediaProbabilidades,0.5281125903129578,0.4718874216079712,5
61503,right_hand,0.08038481324911118,0.9196151494979858,MediaProbabilidades,0.4095179125666618,0.5904820919036865,5
61567,right_hand,0.03449803963303566,0.9655019044876099,MediaProbabilidades,0.29004747197031977,0.7099525094032287,5
61631,right_hand,0.022683197632431984,0.9773167967796326,MediaProbabilidades,0.18541925363242626,0.8145807325839997,5
61695,right_hand,0.04271603748202324,0.9572840332984924,MediaProbabilidades,0.08928076662123204,0.9107192277908325,5
61759,right_hand,0.04917996749281883,0.9508200287818909,MediaProbabilidades,0.04589241109788418,0.9541075825691223,5
61823,right_hand,0.0941392332315445,0.9058607816696167,MediaProbabilidades,0.04864329509437084,0.9513567090034485,5
61887,right_hand,0.4084356427192688,0.591564416885376,MediaProbabilidades,0.12343081571161747,0.8765692114830017,5
61951,right_hand,0.7624707818031311,0.2375292330980301,MediaProbabilidades,0.2713883325457573,0.7286116987466812,5
62015,right_hand,0.5904778242111206,0.4095222055912018,MediaProbabilidades,0.38094068989157676,0.6190593332052231,5
62079,left_hand,0.6653720736503601,0.3346278667449951,MediaProbabilidades,0.504179111123085,0.4958209007978439,5
62143,left_hand,0.7835798859596252,0.21642017364501953,MediaProbabilidades,0.6420672416687012,0.3579327791929245,5
62207,left_hand,0.9016542434692383,0.09834571927785873,MediaProbabilidades,0.7407109618186951,0.25928903967142103,5
62271,left_hand,0.9500206112861633,0.049979325383901596,MediaProbabilidades,0.7782209277153015,0.22177905812859536,5
62335,left_hand,0.9622872471809387,0.03771281987428665,MediaProbabilidades,0.8525828123092651,0.14741718098521234,5
62399,left_hand,0.9703174829483032,0.029682544991374016,MediaProbabilidades,0.9135718941688538,0.0864281166344881,5
62463,left_hand,0.970633864402771,0.029366198927164078,MediaProbabilidades,0.9509826898574829,0.049017321690917014,5
62527,left_hand,0.976159393787384,0.023840654641389847,MediaProbabilidades,0.9658837199211121,0.03411630876362324,5
62591,left_hand,0.9826344847679138,0.017365548759698868,MediaProbabilidades,0.9724064946174622,0.02759355343878269,5
62655,left_hand,0.9848607778549194,0.015139149501919746,MediaProbabilidades,0.9769212007522583,0.023078819364309312,5
62719,left_hand,0.990480363368988,0.009519688785076141,MediaProbabilidades,0.9809537768363953,0.019046248123049735,5
62783,left_hand,0.9861648082733154,0.013835162855684757,MediaProbabilidades,0.9840599656105041,0.015940040908753873,5
62847,left_hand,0.9824381470680237,0.017561888322234154,MediaProbabilidades,0.9853157162666321,0.014684287644922734,5
62911,left_hand,0.9902092218399048,0.009790766052901745,MediaProbabilidades,0.9868306636810302,0.013169331103563308,5
62975,left_hand,0.9898576736450195,0.010142387822270393,MediaProbabilidades,0.9878300428390503,0.012169978767633437,5
63039,left_hand,0.9841827750205994,0.015817182138562202,MediaProbabilidades,0.9865705251693726,0.01342947743833065,5
63103,left_hand,0.9781770706176758,0.021822931244969368,MediaProbabilidades,0.9849729776382447,0.015027031116187573,5
63167,left_hand,0.9532675743103027,0.04673245921730995,MediaProbabilidades,0.9791388630867004,0.02086114529520273,5
63231,left_hand,0.9157146215438843,0.0842854231595993,MediaProbabilidades,0.9642399430274964,0.035760076716542244,5
63295,left_hand,0.907734215259552,0.09226574003696442,MediaProbabilidades,0.9478152513504028,0.05218474715948105,5
63359,left_hand,0.8812069296836853,0.11879310756921768,MediaProbabilidades,0.92722008228302,0.07277993224561215,5
63423,left_hand,0.5371475219726562,0.46285244822502136,MediaProbabilidades,0.8390141725540161,0.16098583564162255,5
63487,left_hand,0.2660418450832367,0.7339581251144409,MediaProbabilidades,0.7015690267086029,0.29843096882104875,5
63551,left_hand,0.17076411843299866,0.829235851764679,MediaProbabilidades,0.5525789260864258,0.44742105454206466,5
63615,right_hand,0.046047769486904144,0.9539522528648376,MediaProbabilidades,0.3802416369318962,0.6197583571076393,5
63679,right_hand,0.012281585484743118,0.9877184629440308,MediaProbabilidades,0.20645656809210777,0.7935434281826019,5
63743,right_hand,0.014366155490279198,0.9856337904930115,MediaProbabilidades,0.10190029479563237,0.8980996966361999,5
63807,right_hand,0.016201846301555634,0.9837982058525085,MediaProbabilidades,0.05193229503929615,0.9480677127838135,5
63871,right_hand,0.008233215659856796,0.9917667508125305,MediaProbabilidades,0.01942611448466778,0.9805738925933838,5
63935,right_hand,0.009045189246535301,0.9909548163414001,MediaProbabilidades,0.01202559843659401,0.9879744052886963,5
63999,right_hand,0.03524718061089516,0.9647528529167175,MediaProbabilidades,0.016618717461824417,0.9833812832832336,5
64063,right_hand,0.031870681792497635,0.9681292772293091,MediaProbabilidades,0.020119622722268103,0.9798803806304932,5
64127,right_hand,0.04308350384235382,0.9569164514541626,MediaProbabilidades,0.02549595423042774,0.974504029750824,5
64191,right_hand,0.038929685950279236,0.9610702991485596,MediaProbabilidades,0.03163524828851223,0.9683647394180298,5
64255,right_hand,0.14670774340629578,0.8532922863960266,MediaProbabilidades,0.059167759120464326,0.9408322334289551,5
64319,right_hand,0.3842141926288605,0.6157857775688171,MediaProbabilidades,0.1289611615240574,0.871038818359375,5
64383,right_hand,0.48009297251701355,0.5199069976806641,MediaProbabilidades,0.21860561966896058,0.781394362449646,5
64447,right_hand,0.8412759304046631,0.1587240993976593,MediaProbabilidades,0.3782441049814224,0.6217558920383454,5
64511,left_hand,0.8920053839683533,0.10799461603164673,MediaProbabilidades,0.5488592445850372,0.4511407554149628,5
64575,left_hand,0.8004619479179382,0.19953809678554535,MediaProbabilidades,0.6796100854873657,0.3203899174928665,5
64639,left_hand,0.8461777567863464,0.15382219851016998,MediaProbabilidades,0.7720027983188629,0.22799720168113707,5
64703,left_hand,0.8596190810203552,0.14038090407848358,MediaProbabilidades,0.8479080200195312,0.15209198296070098,5
64767,left_hand,0.8969160318374634,0.10308392345905304,MediaProbabilidades,0.8590360403060913,0.14096394777297974,5
64831,left_hand,0.9057226181030273,0.09427743405103683,MediaProbabilidades,0.8617794871330261,0.13822051137685776,5
64895,left_hand,0.9329787492752075,0.06702118366956711,MediaProbabilidades,0.8882828474044799,0.1117171287536621,5
64959,left_hand,0.9108820557594299,0.08911796659231186,MediaProbabilidades,0.9012237071990967,0.09877628237009048,5
65023,left_hand,0.923247754573822,0.07675223052501678,MediaProbabilidades,0.91394944190979,0.08605054765939713,5
65087,left_hand,0.925961434841156,0.074038565158844,MediaProbabilidades,0.9197585225105286,0.08024147599935531,5
65151,left_hand,0.8957228064537048,0.10427722334861755,MediaProbabilidades,0.917758560180664,0.08224143385887146,5
65215,left_hand,0.7001079320907593,0.2998920977115631,MediaProbabilidades,0.8711843967437745,0.12881561666727065,5
65279,left_hand,0.8040074110031128,0.19599254429340363,MediaProbabilidades,0.849809467792511,0.150190532207489,5
65343,left_hand,0.7188353538513184,0.28116464614868164,MediaProbabilidades,0.8089269876480103,0.19107301533222198,5
65407,left_hand,0.4444125294685364,0.5555875301361084,MediaProbabilidades,0.7126172065734864,0.2873828083276749,5
65471,left_hand,0.41931357979774475,0.5806864500045776,MediaProbabilidades,0.6173353612422943,0.38266465365886687,5
65535,left_hand,0.30016499757766724,0.699834942817688,MediaProbabilidades,0.5373467743396759,0.46265322268009185,5
65599,right_hand,0.24872682988643646,0.7512731552124023,MediaProbabilidades,0.42629065811634065,0.5737093448638916,5
65663,right_hand,0.6403724551200867,0.35962748527526855,MediaProbabilidades,0.4105980783700943,0.5894019126892089,5
65727,right_hand,0.6893370747566223,0.3106629252433777,MediaProbabilidades,0.4595829874277115,0.5404169917106628,5
65791,left_hand,0.7729371190071106,0.22706283628940582,MediaProbabilidades,0.5303076952695847,0.4696922689676285,5
65855,left_hand,0.7557922005653381,0.24420779943466187,MediaProbabilidades,0.6214331358671188,0.3785668402910233,5
65919,left_hand,0.7529623508453369,0.24703766405582428,MediaProbabilidades,0.7222802400588989,0.2777197420597076,5
65983,left_hand,0.6011477708816528,0.39885222911834717,MediaProbabilidades,0.7144353032112122,0.28556469082832336,5
66047,left_hand,0.7353324890136719,0.2646675705909729,MediaProbabilidades,0.7236343860626221,0.2763656198978424,5
66111,left_hand,0.7983967065811157,0.20160332322120667,MediaProbabilidades,0.7287263035774231,0.2712737172842026,5
66175,left_hand,0.8584340214729309,0.1415659785270691,MediaProbabilidades,0.7492546677589417,0.25074535310268403,5
66239,left_hand,0.8113062381744385,0.1886938065290451,MediaProbabilidades,0.760923445224762,0.2390765815973282,5
66303,left_hand,0.839239776134491,0.16076017916202545,MediaProbabilidades,0.8085418462753295,0.19145817160606385,5
66367,left_hand,0.7608150243759155,0.23918502032756805,MediaProbabilidades,0.8136383533477783,0.18636166155338288,5
66431,left_hand,0.8665909171104431,0.1334090679883957,MediaProbabilidades,0.8272771954536438,0.17272281050682067,5
66495,left_hand,0.8342441916465759,0.16575580835342407,MediaProbabilidades,0.8224392294883728,0.17756077647209167,5
66559,left_hand,0.45840153098106384,0.5415984392166138,MediaProbabilidades,0.7518582880496979,0.24814170300960542,5
66623,left_hand,0.0963900238275528,0.9036099910736084,MediaProbabilidades,0.6032883375883102,0.396711665391922,5
66687,right_hand,0.05339183285832405,0.9466081857681274,MediaProbabilidades,0.4618036992847919,0.5381962984800339,5
66751,right_hand,0.04837765172123909,0.9516223669052124,MediaProbabilidades,0.29816104620695116,0.7018389582633973,5
66815,right_hand,0.047072965651750565,0.9529269933700562,MediaProbabilidades,0.14072680100798607,0.8592731952667236,5
66879,right_hand,0.04335452616214752,0.9566454887390137,MediaProbabilidades,0.0577174000442028,0.9422826051712037,5
66943,right_hand,0.05401172861456871,0.9459882974624634,MediaProbabilidades,0.049241741001605985,0.9507582664489747,5
67007,right_hand,0.24682405591011047,0.7531759142875671,MediaProbabilidades,0.08792818561196328,0.9120718121528626,5
67071,right_hand,0.3495112955570221,0.6504886746406555,MediaProbabilidades,0.14815491437911987,0.8518450736999512,5
67135,right_hand,0.19729143381118774,0.8027085661888123,MediaProbabilidades,0.17819860801100731,0.8218013882637024,5
67199,right_hand,0.3353824019432068,0.6646175980567932,MediaProbabilidades,0.23660418316721915,0.7633958101272583,5
67263,right_hand,0.35130807757377625,0.6486919522285461,MediaProbabilidades,0.29606345295906067,0.7039365410804749,5
67327,right_hand,0.469134658575058,0.5308653712272644,MediaProbabilidades,0.34052557349205015,0.6594744324684143,5
67391,right_hand,0.8331605792045593,0.16683942079544067,MediaProbabilidades,0.4372554302215576,0.5627445816993714,5
67455,left_hand,0.9657341241836548,0.03426584601402283,MediaProbabilidades,0.590943968296051,0.40905603766441345,5
67519,left_hand,0.9720320105552673,0.027967948466539383,MediaProbabilidades,0.7182738900184631,0.2817261077463627,5
67583,left_hand,0.9725080132484436,0.027492031455039978,MediaProbabilidades,0.8425138771533967,0.15748612359166145,5
67647,left_hand,0.9798445701599121,0.02015547826886177,MediaProbabilidades,0.9446558594703675,0.05534414499998093,5
67711,left_hand,0.9806870818138123,0.01931295357644558,MediaProbabilidades,0.974161159992218,0.02583885155618191,5
67775,left_hand,0.9829335808753967,0.017066389322280884,MediaProbabilidades,0.9776010513305664,0.022398960217833518,5
67839,left_hand,0.9807979464530945,0.01920204609632492,MediaProbabilidades,0.9793542385101318,0.020645779743790626,5
67903,left_hand,0.9773739576339722,0.022626105695962906,MediaProbabilidades,0.9803274273872375,0.019672594591975213,5
67967,left_hand,0.976446270942688,0.023553762584924698,MediaProbabilidades,0.9796477675437927,0.0203522514551878,5
68031,left_hand,0.9787119626998901,0.021287960931658745,MediaProbabilidades,0.9792527437210083,0.02074725292623043,5
68095,left_hand,0.9790120720863342,0.02098790742456913,MediaProbabilidades,0.9784684419631958,0.02153155654668808,5
68159,left_hand,0.9744699001312256,0.0255301371216774,MediaProbabilidades,0.977202832698822,0.022797174751758575,5
68223,left_hand,0.9788709878921509,0.021129049360752106,MediaProbabilidades,0.9775022387504577,0.022497763484716417,5
68287,left_hand,0.9831337332725525,0.016866248100996017,MediaProbabilidades,0.9788397312164306,0.02116026058793068,5
68351,left_hand,0.9720571041107178,0.027942834421992302,MediaProbabilidades,0.9775087594985962,0.02249123528599739,5
68415,left_hand,0.971135139465332,0.028864823281764984,MediaProbabilidades,0.9759333729743958,0.024066618457436562,5
68479,left_hand,0.9767760038375854,0.023224011063575745,MediaProbabilidades,0.9763945937156677,0.02360539324581623,5
68543,left_hand,0.9792070388793945,0.020793022587895393,MediaProbabilidades,0.9764618039131164,0.02353818789124489,5
68607,left_hand,0.9828536510467529,0.01714629866182804,MediaProbabilidades,0.9764057874679566,0.023594198003411292,5
68671,left_hand,0.9889687299728394,0.01103125512599945,MediaProbabilidades,0.9797881126403809,0.020211882144212722,5
68735,left_hand,0.9934396147727966,0.006560394540429115,MediaProbabilidades,0.9842490077018737,0.01575099639594555,5
68799,left_hand,0.9935063123703003,0.006493632216006517,MediaProbabilidades,0.9875950694084168,0.012404920626431703,5
68863,left_hand,0.9951328635215759,0.004867151845246553,MediaProbabilidades,0.990780234336853,0.009219746477901936,5
68927,left_hand,0.9956802129745483,0.004319726023823023,MediaProbabilidades,0.9933455467224122,0.006654431950300932,5
68991,left_hand,0.9958732724189758,0.004126776475459337,MediaProbabilidades,0.9947264552116394,0.00527353622019291,5
69055,left_hand,0.9956718683242798,0.004328139126300812,MediaProbabilidades,0.9951729059219361,0.004827085137367249,5
69119,left_hand,0.9959182143211365,0.004081855993717909,MediaProbabilidades,0.9956552863121033,0.004344729892909527,5
69183,left_hand,0.9956602454185486,0.004339751787483692,MediaProbabilidades,0.9957607626914978,0.004239249881356955,5
69247,left_hand,0.9954366087913513,0.004563411697745323,MediaProbabilidades,0.9957120418548584,0.004287987016141415,5
69311,left_hand,0.995559573173523,0.004440451040863991,MediaProbabilidades,0.9956493020057678,0.004350721929222345,5
69375,left_hand,0.9952853322029114,0.0047147031873464584,MediaProbabilidades,0.9955719947814942,0.004428034741431474,5
69439,left_hand,0.9945755004882812,0.005424491595476866,MediaProbabilidades,0.9953034520149231,0.004696561861783266,5
69503,left_hand,0.995704710483551,0.0042952848598361015,MediaProbabilidades,0.9953123450279235,0.004687668476253748,5
69567,left_hand,0.9951903820037842,0.0048096664249897,MediaProbabilidades,0.9952630996704102,0.004736919421702623,5
69631,left_hand,0.9936525821685791,0.00634745741263032,MediaProbabilidades,0.9948817014694213,0.005118320696055889,5
69695,left_hand,0.99053955078125,0.009460397996008396,MediaProbabilidades,0.9939325451850891,0.006067459657788277,5
69759,left_hand,0.9891056418418884,0.010894304141402245,MediaProbabilidades,0.9928385734558105,0.007161422166973352,5
69823,left_hand,0.9829983115196228,0.017001621425151825,MediaProbabilidades,0.9902972936630249,0.009702689480036497,5
69887,left_hand,0.9744762182235718,0.02552378922700882,MediaProbabilidades,0.9861544609069824,0.013845514040440321,5
69951,left_hand,0.9555939435958862,0.04440605267882347,MediaProbabilidades,0.9785427331924439,0.021457233093678953,5
70015,left_hand,0.9545254111289978,0.0454745851457119,MediaProbabilidades,0.9713399052619934,0.02866007052361965,5
70079,left_hand,0.9457723498344421,0.05422762781381607,MediaProbabilidades,0.9626732468605042,0.037326735258102414,5
70143,left_hand,0.9190272688865662,0.08097271621227264,MediaProbabilidades,0.9498790383338929,0.05012095421552658,5
70207,left_hand,0.9211279153823853,0.07887210696935654,MediaProbabilidades,0.9392093777656555,0.06079061776399612,5
70271,left_hand,0.8745149374008179,0.1254851073026657,MediaProbabilidades,0.9229935765266418,0.07700642868876457,5
70335,left_hand,0.9344677925109863,0.06553222239017487,MediaProbabilidades,0.9189820528030396,0.08101795613765717,5
70399,left_hand,0.8141154646873474,0.18588459491729736,MediaProbabilidades,0.8926506757736206,0.10734934955835343,5
70463,left_hand,0.7848452925682068,0.21515469253063202,MediaProbabilidades,0.8658142805099487,0.1341857448220253,5
70527,left_hand,0.8919220566749573,0.10807791352272034,MediaProbabilidades,0.8599731087684631,0.14002690613269805,5
70591,left_hand,0.9212555885314941,0.07874440401792526,MediaProbabilidades,0.8693212389945983,0.13067876547574997,5
70655,left_hand,0.884907603263855,0.11509240418672562,MediaProbabilidades,0.8594092011451722,0.14059080183506012,5
70719,left_hand,0.8378285765647888,0.16217143833637238,MediaProbabilidades,0.8641518235206604,0.13584817051887513,5
70783,left_hand,0.7441664338111877,0.25583353638648987,MediaProbabilidades,0.8560160517692565,0.1439839392900467,5
70847,left_hand,0.8940553069114685,0.1059446930885315,MediaProbabilidades,0.8564427018165588,0.14355729520320892,5
70911,left_hand,0.9130567908287048,0.08694318681955338,MediaProbabilidades,0.854802942276001,0.14519705176353453,5
70975,left_hand,0.9081059694290161,0.09189403057098389,MediaProbabilidades,0.8594426155090332,0.1405573770403862,5
71039,left_hand,0.9040631651878357,0.09593682736158371,MediaProbabilidades,0.8726895332336426,0.12731045484542847,5
71103,left_hand,0.8524197936058044,0.14758014678955078,MediaProbabilidades,0.894340205192566,0.10565977692604064,5
71167,left_hand,0.8312961459159851,0.16870388388633728,MediaProbabilidades,0.8817883729934692,0.11821161508560181,5
71231,left_hand,0.8252460360527039,0.17475394904613495,MediaProbabilidades,0.864226222038269,0.13577376753091813,5
71295,left_hand,0.875588595867157,0.12441139668226242,MediaProbabilidades,0.8577227473258973,0.14227724075317383,5
71359,left_hand,0.8882710337638855,0.11172889173030853,MediaProbabilidades,0.8545643210411071,0.1454356536269188,5
71423,left_hand,0.8929328918457031,0.10706716775894165,MediaProbabilidades,0.8626669406890869,0.13733305782079697,5
71487,left_hand,0.8397206664085388,0.16027934849262238,MediaProbabilidades,0.8643518447875976,0.135648150742054,5
71551,left_hand,0.880683958530426,0.11931601911783218,MediaProbabilidades,0.8754394292831421,0.12456056475639343,5
71615,left_hand,0.9614717364311218,0.03852824866771698,MediaProbabilidades,0.8926160573959351,0.10738393515348435,5
71679,left_hand,0.9754539132118225,0.024546153843402863,MediaProbabilidades,0.9100526332855224,0.08994738757610321,5
71743,left_hand,0.9726880788803101,0.027311885729432106,MediaProbabilidades,0.9260036706924438,0.0739963311702013,5
71807,left_hand,0.963047981262207,0.03695199638605118,MediaProbabilidades,0.9506691336631775,0.04933086074888706,5
71871,left_hand,0.9554056525230408,0.04459433630108833,MediaProbabilidades,0.9656134724617005,0.034386524185538295,5
71935,left_hand,0.9535926580429077,0.04640734940767288,MediaProbabilidades,0.9640376567840576,0.035962344333529475,5
71999,left_hand,0.9586457014083862,0.04135429486632347,MediaProbabilidades,0.9606760144233704,0.039323972538113594,5
72063,left_hand,0.9485751986503601,0.05142485350370407,MediaProbabilidades,0.9558534383773803,0.044146566092967986,5
72127,left_hand,0.9447346925735474,0.055265363305807114,MediaProbabilidades,0.9521907806396485,0.047809239476919174,5
72191,left_hand,0.9636916518211365,0.036308396607637405,MediaProbabilidades,0.9538479804992676,0.04615205153822899,5
72255,left_hand,0.9740530252456665,0.025947002694010735,MediaProbabilidades,0.9579400539398193,0.04205998219549656,5
72319,left_hand,0.9622433185577393,0.03775675594806671,MediaProbabilidades,0.95865957736969,0.041340474411845206,5
72383,left_hand,0.9588615298271179,0.04113846272230148,MediaProbabilidades,0.9607168436050415,0.03928319625556469,5
72447,left_hand,0.9602637887001038,0.039736248552799225,MediaProbabilidades,0.9638226628303528,0.03617737330496311,5
72511,left_hand,0.9120165705680847,0.08798343688249588,MediaProbabilidades,0.9534876465797424,0.04651238135993481,5
72575,left_hand,0.8386882543563843,0.16131176054477692,MediaProbabilidades,0.926414692401886,0.07358533293008804,5
72639,left_hand,0.936772882938385,0.06322716921567917,MediaProbabilidades,0.9213206052780152,0.07867941558361054,5
72703,left_hand,0.9452828168869019,0.05471723526716232,MediaProbabilidades,0.9186048626899719,0.08139517009258271,5
72767,left_hand,0.9549197554588318,0.0450802706182003,MediaProbabilidades,0.9175360560417175,0.08246397450566292,5
72831,left_hand,0.9309999346733093,0.06900012493133545,MediaProbabilidades,0.9213327288627624,0.07866731211543083,5
72895,left_hand,0.9395463466644287,0.06045360118150711,MediaProbabilidades,0.9415043473243714,0.05849568024277687,5
72959,left_hand,0.9436843991279602,0.0563155896961689,MediaProbabilidades,0.9428866505622864,0.05711336433887482,5
73023,left_hand,0.9099288582801819,0.09007114917039871,MediaProbabilidades,0.9358158588409424,0.0641841471195221,5
73087,left_hand,0.7573948502540588,0.24260514974594116,MediaProbabilidades,0.8963108777999877,0.10368912294507027,5
73151,left_hand,0.42145413160324097,0.5785459280014038,MediaProbabilidades,0.7944017171859741,0.20559828355908394,5
73215,left_hand,0.559282124042511,0.440717875957489,MediaProbabilidades,0.7183488726615905,0.2816511385142803,5
73279,left_hand,0.460111141204834,0.5398889183998108,MediaProbabilidades,0.6216342210769653,0.3783658042550087,5
73343,left_hand,0.4666169285774231,0.5333830714225769,MediaProbabilidades,0.5329718351364136,0.4670281887054443,5
73407,right_hand,0.5273694396018982,0.4726305902004242,MediaProbabilidades,0.48696675300598147,0.5130332767963409,5
73471,right_hand,0.29386135935783386,0.7061386704444885,MediaProbabilidades,0.4614481985569,0.5385518252849579,5
73535,right_hand,0.09978771954774857,0.9002122282981873,MediaProbabilidades,0.3695493176579475,0.6304506957530975,5
73599,right_hand,0.10609263181686401,0.893907368183136,MediaProbabilidades,0.2987456157803535,0.7012543857097626,5
73663,right_hand,0.070306196808815,0.9296938180923462,MediaProbabilidades,0.21948346942663194,0.7805165350437164,5
73727,right_hand,0.050118137151002884,0.9498818516731262,MediaProbabilidades,0.12403320893645287,0.8759667873382568,5
73791,right_hand,0.04409681260585785,0.9559032320976257,MediaProbabilidades,0.07408029958605766,0.9259196996688843,5
73855,right_hand,0.03609052672982216,0.9639094471931458,MediaProbabilidades,0.06134086102247238,0.9386591434478759,5
73919,right_hand,0.031348295509815216,0.9686517119407654,MediaProbabilidades,0.04639199376106262,0.9536080121994018,5
73983,right_hand,0.02276664599776268,0.977233350276947,MediaProbabilidades,0.03688408359885216,0.9631159186363221,5
74047,right_hand,0.02848884090781212,0.9715111255645752,MediaProbabilidades,0.03255822435021401,0.9674417734146118,5
74111,right_hand,0.026016727089881897,0.9739832282066345,MediaProbabilidades,0.028942207247018813,0.9710577726364136,5
74175,right_hand,0.046596627682447433,0.9534033536911011,MediaProbabilidades,0.031043427437543868,0.9689565539360047,5
74239,right_hand,0.040201663970947266,0.9597983956336975,MediaProbabilidades,0.032814101129770276,0.967185890674591,5
74303,right_hand,0.13757357001304626,0.8624264001846313,MediaProbabilidades,0.055775485932826996,0.944224500656128,5
74367,right_hand,0.2875140607357025,0.7124859690666199,MediaProbabilidades,0.10758052989840508,0.8924194693565368,5
74431,right_hand,0.6878030300140381,0.3121970295906067,MediaProbabilidades,0.23993779048323632,0.7600622296333313,5
74495,right_hand,0.9142798185348511,0.08572012931108475,MediaProbabilidades,0.41347442865371703,0.5865255847573281,5
74559,left_hand,0.961974024772644,0.038025952875614166,MediaProbabilidades,0.5978289008140564,0.40217109620571134,5
74623,left_hand,0.9390875697135925,0.06091250106692314,MediaProbabilidades,0.7581317007541657,0.2418683163821697,5
74687,left_hand,0.9456409811973572,0.05435900762677193,MediaProbabilidades,0.8897570848464966,0.11024292409420014,5
74751,left_hand,0.9282885193824768,0.07171151041984558,MediaProbabilidades,0.9378541827201843,0.06214582026004791,5
74815,left_hand,0.9475091099739075,0.05249093472957611,MediaProbabilidades,0.9445000410079956,0.05549998134374619,5
74879,left_hand,0.9487341642379761,0.05126578360795975,MediaProbabilidades,0.941852068901062,0.058147947490215304,5
74943,left_hand,0.970767080783844,0.029232967644929886,MediaProbabilidades,0.9481879711151123,0.05181204080581665,5
75007,left_hand,0.9844047427177429,0.015595246106386185,MediaProbabilidades,0.9559407234191895,0.0440592885017395,5
75071,left_hand,0.9797518849372864,0.020248182117938995,MediaProbabilidades,0.9662333965301514,0.03376662284135819,5
75135,left_hand,0.9580820202827454,0.041917938739061356,MediaProbabilidades,0.9683479785919189,0.031652023643255235,5
75199,left_hand,0.8933583498001099,0.10664160549640656,MediaProbabilidades,0.9572728157043457,0.04272718802094459,5
75263,left_hand,0.8982818722724915,0.10171817243099213,MediaProbabilidades,0.9427757740020752,0.05722422897815704,5
75327,left_hand,0.8669078946113586,0.13309216499328613,MediaProbabilidades,0.9192764043807984,0.08072361275553704,5
75391,left_hand,0.7178391218185425,0.28216081857681274,MediaProbabilidades,0.8668938517570496,0.13310614004731178,5
75455,left_hand,0.4950403571128845,0.5049596428871155,MediaProbabilidades,0.7742855191230774,0.2257144808769226,5
75519,left_hand,0.5342702865600586,0.465729683637619,MediaProbabilidades,0.7024679064750672,0.2975320965051651,5
75583,left_hand,0.44987043738365173,0.5501295924186707,MediaProbabilidades,0.6127856194972991,0.3872143805027008,5
75647,left_hand,0.4226512312889099,0.5773487091064453,MediaProbabilidades,0.5239342868328094,0.47606568932533266,5
75711,right_hand,0.4704185426235199,0.5295814871788025,MediaProbabilidades,0.47445017099380493,0.5255498230457306,5
75775,right_hand,0.508746862411499,0.4912531077861786,MediaProbabilidades,0.47719147205352785,0.5228085160255432,5
75839,right_hand,0.3962356746196747,0.6037643551826477,MediaProbabilidades,0.449584549665451,0.550415450334549,5
75903,right_hand,0.1740058958530426,0.8259941339492798,MediaProbabilidades,0.3944116413593292,0.6055883586406707,5
75967,right_hand,0.1241164281964302,0.8758835196495056,MediaProbabilidades,0.33470468074083326,0.6652953207492829,5
76031,right_hand,0.08075188845396042,0.919248104095459,MediaProbabilidades,0.2567713499069214,0.7432286441326141,5
76095,right_hand,0.10413455963134766,0.8958654403686523,MediaProbabilidades,0.1758488893508911,0.8241511106491088,5
76159,right_hand,0.05332745239138603,0.9466724991798401,MediaProbabilidades,0.10726724490523339,0.8927327394485474,5
76223,right_hand,0.032105300575494766,0.9678947329521179,MediaProbabilidades,0.07888712584972382,0.921112859249115,5
76287,right_hand,0.08384209871292114,0.9161578416824341,MediaProbabilidades,0.070832259953022,0.9291677236557007,5
76351,right_hand,0.1003875881433487,0.8996124267578125,MediaProbabilidades,0.07475939989089966,0.9252405881881713,5
76415,right_hand,0.09856954216957092,0.9014304280281067,MediaProbabilidades,0.07364639639854431,0.9263535857200622,5
76479,right_hand,0.12949763238430023,0.8705023527145386,MediaProbabilidades,0.08888043239712715,0.9111195564270019,5
76543,right_hand,0.12947982549667358,0.8705201148986816,MediaProbabilidades,0.10835533738136291,0.8916446328163147,5
76607,right_hand,0.36943477392196655,0.6305651664733887,MediaProbabilidades,0.165473872423172,0.8345260977745056,5
76671,right_hand,0.49239757657051086,0.5076023936271667,MediaProbabilidades,0.24387587010860443,0.7561240911483764,5
76735,right_hand,0.746728777885437,0.2532711625099182,MediaProbabilidades,0.37350771725177767,0.6264922380447387,5
76799,left_hand,0.8622456789016724,0.13775430619716644,MediaProbabilidades,0.520057326555252,0.47994262874126437,5
76863,left_hand,0.8721670508384705,0.12783297896385193,MediaProbabilidades,0.6685947716236115,0.3314052015542984,5
76927,left_hand,0.8664044737815857,0.1335955113172531,MediaProbabilidades,0.7679887115955353,0.2320112705230713,5
76991,left_hand,0.9512627720832825,0.048737265169620514,MediaProbabilidades,0.8597617506980896,0.14023824483156205,5
77055,left_hand,0.9783614277839661,0.021638495847582817,MediaProbabilidades,0.9060882806777955,0.09391171149909497,5
77119,left_hand,0.9832965135574341,0.016703451052308083,MediaProbabilidades,0.9302984476089478,0.0697015404701233,5
77183,left_hand,0.9777138829231262,0.022286122664809227,MediaProbabilidades,0.9514078140258789,0.04859216921031475,5
77247,left_hand,0.9581817388534546,0.04181831330060959,MediaProbabilidades,0.9697632670402527,0.030236729606986045,5
77311,left_hand,0.9378730654716492,0.06212690472602844,MediaProbabilidades,0.967085325717926,0.03291465751826763,5
77375,left_hand,0.9532763361930847,0.0467236191034317,MediaProbabilidades,0.9620683073997498,0.03793168216943741,5
77439,left_hand,0.9333085417747498,0.06669141352176666,MediaProbabilidades,0.9520707130432129,0.04792927466332912,5
77503,left_hand,0.9160799980163574,0.0839199647307396,MediaProbabilidades,0.9397439360618591,0.0602560430765152,5
77567,left_hand,0.6697940826416016,0.33020588755607605,MediaProbabilidades,0.8820664048194885,0.11793355792760848,5
77631,left_hand,0.6130951642990112,0.38690489530563354,MediaProbabilidades,0.817110824584961,0.1828891560435295,5
77695,left_hand,0.4704068899154663,0.5295931100845337,MediaProbabilidades,0.7205369353294373,0.27946305423974993,5
77759,left_hand,0.7921261787414551,0.20787380635738373,MediaProbabilidades,0.6923004627227783,0.30769953280687334,5
77823,left_hand,0.8748528361320496,0.12514710426330566,MediaProbabilidades,0.6840550303459167,0.3159449607133865,5
77887,left_hand,0.8300842642784119,0.1699157953262329,MediaProbabilidades,0.7161130666732788,0.2838869422674179,5
77951,left_hand,0.7476608157157898,0.2523392140865326,MediaProbabilidades,0.7430261969566345,0.2569738060235977,5
78015,left_hand,0.770937442779541,0.22906258702278137,MediaProbabilidades,0.8031323075294494,0.19686770141124726,5
78079,left_hand,0.757988452911377,0.24201156198978424,MediaProbabilidades,0.7963047623634338,0.20369525253772736,5
78143,left_hand,0.7272422313690186,0.27275776863098145,MediaProbabilidades,0.7667826414108276,0.23321738541126252,5
78207,left_hand,0.8517548441886902,0.1482451856136322,MediaProbabilidades,0.7711167573928833,0.22888326346874238,5
78271,left_hand,0.844740092754364,0.1552598625421524,MediaProbabilidades,0.7905326128005982,0.20946739315986634,5
78335,left_hand,0.9242081046104431,0.07579191774129868,MediaProbabilidades,0.8211867451667786,0.17881325930356978,5
78399,left_hand,0.9315736889839172,0.06842628121376038,MediaProbabilidades,0.8559037923812867,0.14409620314836502,5
78463,left_hand,0.9576300978660583,0.04236987605690956,MediaProbabilidades,0.9019813656806945,0.09801862463355064,5
78527,left_hand,0.9579164981842041,0.04208351671695709,MediaProbabilidades,0.9232136964797973,0.07678629085421562,5
78591,left_hand,0.9412404894828796,0.05875954404473305,MediaProbabilidades,0.9425137758255004,0.05748622715473175,5
78655,left_hand,0.9371668100357056,0.0628332644701004,MediaProbabilidades,0.945105516910553,0.05489449650049209,5
78719,left_hand,0.9433908462524414,0.056609146296978,MediaProbabilidades,0.9474689483642578,0.05253106951713562,5
78783,left_hand,0.973726749420166,0.026273276656866074,MediaProbabilidades,0.9506882786750793,0.04931174963712692,5
78847,left_hand,0.9730674028396606,0.026932591572403908,MediaProbabilidades,0.9537184596061706,0.04628156460821629,5
78911,left_hand,0.9771331548690796,0.022866804152727127,MediaProbabilidades,0.9608969926834107,0.0391030166298151,5
78975,left_hand,0.9820241332054138,0.017975904047489166,MediaProbabilidades,0.9698684573173523,0.030131544545292856,5
79039,left_hand,0.9766948223114014,0.023305239155888557,MediaProbabilidades,0.9765292525291442,0.023470763117074966,5
79103,left_hand,0.9759151935577393,0.02408480830490589,MediaProbabilidades,0.976966941356659,0.02303306944668293,5
79167,left_hand,0.9635047912597656,0.0364951565861702,MediaProbabilidades,0.9750544190406799,0.024945582449436187,5
79231,left_hand,0.9668915271759033,0.03310844302177429,MediaProbabilidades,0.9730060935020447,0.02699391022324562,5
79295,left_hand,0.9725268483161926,0.02747310884296894,MediaProbabilidades,0.9711066365242005,0.028893351182341577,5
79359,left_hand,0.9797025322914124,0.020297428593039513,MediaProbabilidades,0.9717081785202026,0.028291789069771766,5
79423,left_hand,0.9818003177642822,0.018199685961008072,MediaProbabilidades,0.9728852033615112,0.027114764600992203,5
79487,left_hand,0.9763216376304626,0.023678448051214218,MediaProbabilidades,0.9754485726356507,0.02455142289400101,5
79551,left_hand,0.9439122080802917,0.05608779564499855,MediaProbabilidades,0.9708527088165283,0.02914729341864586,5
79615,left_hand,0.9325658679008484,0.0674341470003128,MediaProbabilidades,0.9628605127334595,0.03713950105011463,5
79679,left_hand,0.9671379923820496,0.032861966639757156,MediaProbabilidades,0.9603476047515869,0.03965240865945816,5
79743,left_hand,0.9676917195320129,0.03230832517147064,MediaProbabilidades,0.957525885105133,0.04247413650155067,5
79807,left_hand,0.9568462371826172,0.04315374419093132,MediaProbabilidades,0.953630805015564,0.04636919572949409,5
79871,left_hand,0.9216371774673462,0.07836280018091202,MediaProbabilidades,0.9491757988929749,0.05082419663667679,5
79935,left_hand,0.9583670496940613,0.04163287952542305,MediaProbabilidades,0.9543360352516175,0.04566394314169884,5
79999,left_hand,0.9608622193336487,0.03913775458931923,MediaProbabilidades,0.9530808806419373,0.04691910073161125,5
80063,left_hand,0.9671388864517212,0.03286109119653702,MediaProbabilidades,0.952970314025879,0.047029653936624526,5
80127,left_hand,0.9558899402618408,0.04411003738641739,MediaProbabilidades,0.9527790546417236,0.04722091257572174,5
80191,left_hand,0.9230546355247498,0.07694531977176666,MediaProbabilidades,0.9530625462532043,0.04693741649389267,5
80255,left_hand,0.8777985572814941,0.12220147252082825,MediaProbabilidades,0.9369488477706909,0.0630511350929737,5
80319,left_hand,0.8747256994247437,0.12527434527873993,MediaProbabilidades,0.9197215437889099,0.08027845323085785,5
80383,left_hand,0.9235810041427612,0.07641902565956116,MediaProbabilidades,0.9110099673271179,0.08899004012346268,5
80447,left_hand,0.9197415113449097,0.08025848865509033,MediaProbabilidades,0.9037802815437317,0.09621973037719726,5
80511,left_hand,0.9263356924057007,0.07366427034139633,MediaProbabilidades,0.9044364929199219,0.0955635204911232,5
80575,left_hand,0.7402395606040955,0.25976037979125977,MediaProbabilidades,0.8769246935844421,0.1230753019452095,5
80639,left_hand,0.5535045266151428,0.4464954733848572,MediaProbabilidades,0.812680459022522,0.18731952756643294,5
80703,left_hand,0.22280126810073853,0.7771987318992615,MediaProbabilidades,0.6725245118141174,0.327475468814373,5
80767,left_hand,0.2871880531311035,0.7128120064735413,MediaProbabilidades,0.5460138201713562,0.4539861723780632,5
80831,right_hand,0.18193605542182922,0.8180639743804932,MediaProbabilidades,0.3971338927745819,0.6028661131858826,5
80895,right_hand,0.12372930347919464,0.8762707114219666,MediaProbabilidades,0.27383184134960176,0.726168179512024,5
80959,right_hand,0.12968020141124725,0.8703198432922363,MediaProbabilidades,0.18906697630882263,0.8109330534934998,5
81023,right_hand,0.1873016059398651,0.8126984238624573,MediaProbabilidades,0.18196704387664794,0.8180329918861389,5
81087,right_hand,0.19713638722896576,0.802863597869873,MediaProbabilidades,0.1639567106962204,0.8360433101654052,5
81151,right_hand,0.1704980581998825,0.8295019268989563,MediaProbabilidades,0.16166911125183106,0.8383309006690979,5
81215,right_hand,0.10542332381010056,0.8945766687393188,MediaProbabilidades,0.15800791531801223,0.8419920921325683,5
81279,right_hand,0.08642047643661499,0.913579523563385,MediaProbabilidades,0.14935597032308578,0.8506440281867981,5
81343,right_hand,0.08267412334680557,0.9173259139060974,MediaProbabilidades,0.12843047380447387,0.8715695261955261,5
81407,right_hand,0.062151748687028885,0.9378482699394226,MediaProbabilidades,0.1014335460960865,0.898566460609436,5
81471,right_hand,0.02669011615216732,0.9733099341392517,MediaProbabilidades,0.07267195768654347,0.9273280620574951,5
81535,right_hand,0.028417212888598442,0.9715827703475952,MediaProbabilidades,0.05727073550224304,0.9427292823791504,5
81599,right_hand,0.0471048578619957,0.9528951048851013,MediaProbabilidades,0.049407611787319186,0.9505923986434937,5
81663,right_hand,0.03504776954650879,0.964952290058136,MediaProbabilidades,0.03988234102725983,0.9601176738739013,5
81727,right_hand,0.019856754690408707,0.9801432490348816,MediaProbabilidades,0.03142334222793579,0.9685766696929932,5
81791,right_hand,0.028135159984230995,0.9718648791313171,MediaProbabilidades,0.03171235099434853,0.9682876586914062,5
81855,right_hand,0.0284469872713089,0.9715529680252075,MediaProbabilidades,0.03171830587089062,0.9682816982269287,5
81919,right_hand,0.01487030554562807,0.985129714012146,MediaProbabilidades,0.02527139540761709,0.9747286200523376,5
81983,right_hand,0.013417930342257023,0.9865820407867432,MediaProbabilidades,0.02094542756676674,0.9790545701980591,5
82047,right_hand,0.05496208742260933,0.9450379014015198,MediaProbabilidades,0.027966494113206862,0.9720335006713867,5
82111,right_hand,0.20385906100273132,0.7961409091949463,MediaProbabilidades,0.06311127431690693,0.9368887066841125,5
82175,right_hand,0.2087145298719406,0.7912854552268982,MediaProbabilidades,0.09916478283703327,0.9008352041244507,5
82239,right_hand,0.3348303437232971,0.6651697158813477,MediaProbabilidades,0.1631567904725671,0.836843204498291,5
82303,right_hand,0.46032974123954773,0.5396702289581299,MediaProbabilidades,0.2525391526520252,0.7474608421325684,5
82367,right_hand,0.6033257842063904,0.3966742157936096,MediaProbabilidades,0.36221189200878146,0.6377881050109864,5
82431,right_hand,0.6206185817718506,0.3793814182281494,MediaProbabilidades,0.4455637961626053,0.554436206817627,5
82495,left_hand,0.8135535717010498,0.1864464282989502,MediaProbabilidades,0.5665316045284271,0.43346840143203735,5
82559,left_hand,0.8537333607673645,0.1462666392326355,MediaProbabilidades,0.6703122079372406,0.32968778610229493,5
82623,left_hand,0.952413022518158,0.04758705571293831,MediaProbabilidades,0.7687288641929626,0.2312711514532566,5
82687,left_hand,0.974899411201477,0.02510061487555504,MediaProbabilidades,0.84304358959198,0.1569564312696457,5
82751,left_hand,0.9825069308280945,0.01749303564429283,MediaProbabilidades,0.9154212594032287,0.08457875475287438,5
82815,left_hand,0.9878101348876953,0.01218988373875618,MediaProbabilidades,0.9502725720405578,0.04972744584083557,5
82879,left_hand,0.9886628985404968,0.011337151750922203,MediaProbabilidades,0.9772584795951843,0.022741548344492914,5
82943,left_hand,0.985331654548645,0.014668410643935204,MediaProbabilidades,0.9838422060012817,0.01615781933069229,5
83007,left_hand,0.9804385900497437,0.019561367109417915,MediaProbabilidades,0.984950041770935,0.015049969777464867,5
83071,left_hand,0.9839297533035278,0.016070308163762093,MediaProbabilidades,0.9852346062660218,0.014765424281358719,5
83135,left_hand,0.9802775979042053,0.019722335040569305,MediaProbabilidades,0.9837280988693238,0.016271914541721343,5
83199,left_hand,0.9641739130020142,0.03582611307501793,MediaProbabilidades,0.9788303017616272,0.02116970680654049,5
83263,left_hand,0.9464425444602966,0.053557462990283966,MediaProbabilidades,0.9710524797439575,0.02894751727581024,5
83327,left_hand,0.9392470717430115,0.06075296550989151,MediaProbabilidades,0.9628141760826111,0.03718583695590496,5
83391,left_hand,0.9067783951759338,0.09322153776884079,MediaProbabilidades,0.9473839044570923,0.0526160828769207,5
83455,left_hand,0.890164852142334,0.1098352000117302,MediaProbabilidades,0.929361355304718,0.07063865587115288,5
83519,left_hand,0.9227660894393921,0.07723396271467209,MediaProbabilidades,0.9210797905921936,0.07892022579908371,5
83583,left_hand,0.8719488382339478,0.12805113196372986,MediaProbabilidades,0.9061810493469238,0.09381895959377289,5
83647,left_hand,0.8976567983627319,0.10234318673610687,MediaProbabilidades,0.8978629946708679,0.10213700383901596,5
83711,left_hand,0.8975746631622314,0.10242532938718796,MediaProbabilidades,0.8960222482681275,0.1039777621626854,5
83775,left_hand,0.8429530262947083,0.15704700350761414,MediaProbabilidades,0.8865798830986023,0.11342012286186218,5
83839,left_hand,0.5572107434272766,0.44278931617736816,MediaProbabilidades,0.8134688138961792,0.1865311935544014,5
83903,left_hand,0.5621178150177002,0.4378822147846222,MediaProbabilidades,0.7515026092529297,0.24849741011857987,5
83967,left_hand,0.4171740412712097,0.5828259587287903,MediaProbabilidades,0.6554060578346252,0.34459396451711655,5
84031,left_hand,0.32522815465927124,0.6747718453407288,MediaProbabilidades,0.5409367561340332,0.4590632677078247,5
84095,left_hand,0.6736369132995605,0.32636308670043945,MediaProbabilidades,0.5070735335350036,0.49292648434638975,5
84159,left_hand,0.7338874340057373,0.2661125659942627,MediaProbabilidades,0.5424088716506958,0.45759113430976867,5
84223,left_hand,0.6742939352989197,0.32570600509643555,MediaProbabilidades,0.5648440957069397,0.43515589237213137,5
84287,left_hand,0.6159898638725281,0.38401007652282715,MediaProbabilidades,0.6046072602272033,0.3953927159309387,5
84351,left_hand,0.26769670844078064,0.7323033213615417,MediaProbabilidades,0.5931009709835052,0.4068990111351013,5
84415,right_hand,0.10082392394542694,0.8991761207580566,MediaProbabilidades,0.47853837311267855,0.5214616179466247,5
84479,right_hand,0.14124402403831482,0.8587559461593628,MediaProbabilidades,0.360009691119194,0.6399902939796448,5
84543,right_hand,0.14351631700992584,0.8564836382865906,MediaProbabilidades,0.2538541674613953,0.7461458206176758,5
84607,right_hand,0.22542953491210938,0.7745704650878906,MediaProbabilidades,0.17574210166931153,0.8242578983306885,5
84671,right_hand,0.35586392879486084,0.6441360712051392,MediaProbabilidades,0.19337554574012755,0.8066244482994079,5
84735,right_hand,0.30711081624031067,0.6928891539573669,MediaProbabilidades,0.2346329241991043,0.76536705493927,5
84799,right_hand,0.29481878876686096,0.7051812410354614,MediaProbabilidades,0.26534787714481356,0.7346521139144897,5
84863,right_hand,0.1352117359638214,0.864788293838501,MediaProbabilidades,0.26368696093559263,0.7363130450248718,5
84927,right_hand,0.12762580811977386,0.8723741769790649,MediaProbabilidades,0.24412621557712555,0.7558737874031067,5
84991,right_hand,0.07155406475067139,0.9284458756446838,MediaProbabilidades,0.18726424276828765,0.8127357482910156,5
85055,right_hand,0.040170248597860336,0.9598298072814941,MediaProbabilidades,0.13387612923979758,0.8661238789558411,5
85119,right_hand,0.04289529100060463,0.9571046829223633,MediaProbabilidades,0.08349142968654633,0.9165085673332214,5
85183,right_hand,0.03278885781764984,0.9672111868858337,MediaProbabilidades,0.06300685405731202,0.936993145942688,5
85247,right_hand,0.040969472378492355,0.9590305089950562,MediaProbabilidades,0.04567558690905571,0.9543244123458863,5
85311,right_hand,0.05922434478998184,0.9407756924629211,MediaProbabilidades,0.0432096429169178,0.9567903757095337,5
85375,right_hand,0.04473630711436272,0.9552636742591858,MediaProbabilidades,0.044122854620218276,0.955877149105072,5
85439,right_hand,0.053026191890239716,0.9469737410545349,MediaProbabilidades,0.04614903479814529,0.9538509607315063,5
85503,right_hand,0.0506330206990242,0.9493670463562012,MediaProbabilidades,0.04971786737442017,0.9502821326255798,5
85567,right_hand,0.03847113624215126,0.9615288972854614,MediaProbabilidades,0.04921820014715195,0.9507818102836609,5
85631,right_hand,0.03523518890142441,0.9647648334503174,MediaProbabilidades,0.04442036896944046,0.9555796384811401,5
85695,right_hand,0.027651727199554443,0.9723482728004456,MediaProbabilidades,0.041003452986478804,0.9589965581893921,5
85759,right_hand,0.01602853275835514,0.9839714765548706,MediaProbabilidades,0.03360392116010189,0.9663961052894592,5
85823,right_hand,0.016688624396920204,0.9833114147186279,MediaProbabilidades,0.02681504189968109,0.9731849789619446,5
85887,right_hand,0.014727111905813217,0.9852728247642517,MediaProbabilidades,0.022066237032413484,0.9779337644577026,5
85951,right_hand,0.028665782883763313,0.9713341593742371,MediaProbabilidades,0.020752355828881262,0.9792476296424866,5
86015,right_hand,0.018919887021183968,0.9810801148414612,MediaProbabilidades,0.01900598779320717,0.9809939980506897,5
86079,right_hand,0.02377135492861271,0.976228654384613,MediaProbabilidades,0.02055455222725868,0.9794454336166382,5
86143,right_hand,0.03675539791584015,0.9632445573806763,MediaProbabilidades,0.02456790693104267,0.9754320621490479,5
86207,right_hand,0.059294700622558594,0.9407052993774414,MediaProbabilidades,0.033481424674391747,0.9665185570716858,5
86271,right_hand,0.06245008856058121,0.9375499486923218,MediaProbabilidades,0.040238285809755324,0.9597617149353027,5
86335,right_hand,0.06094253808259964,0.939057469367981,MediaProbabilidades,0.04864281602203846,0.9513571858406067,5
86399,right_hand,0.06611137092113495,0.9338886141777039,MediaProbabilidades,0.05711081922054291,0.9428891777992249,5
86463,right_hand,0.11628277599811554,0.8837172389030457,MediaProbabilidades,0.07301629483699798,0.9269837141036987,5
86527,right_hand,0.0772702619433403,0.9227297306060791,MediaProbabilidades,0.07661140710115433,0.9233886003494263,5
86591,right_hand,0.14286866784095764,0.85713130235672,MediaProbabilidades,0.09269512295722962,0.907304871082306,5
86655,right_hand,0.20654700696468353,0.7934529781341553,MediaProbabilidades,0.12181601673364639,0.8781839728355407,5
86719,right_hand,0.250139445066452,0.7498605251312256,MediaProbabilidades,0.1586216315627098,0.8413783550262451,5
86783,right_hand,0.3736424446105957,0.6263576149940491,MediaProbabilidades,0.21009356528520584,0.7899064302444458,5
86847,right_hand,0.40175676345825195,0.598243236541748,MediaProbabilidades,0.2749908655881882,0.7250091314315796,5
86911,right_hand,0.6796150207519531,0.3203849494457245,MediaProbabilidades,0.38234013617038726,0.6176598608493805,5
86975,right_hand,0.7190127372741699,0.28098729252815247,MediaProbabilidades,0.48483328223228456,0.51516672372818,5
87039,left_hand,0.8237920999526978,0.17620791494846344,MediaProbabilidades,0.5995638132095337,0.4004362016916275,5
87103,left_hand,0.9564226269721985,0.043577373027801514,MediaProbabilidades,0.7161198496818543,0.283880153298378,5
87167,left_hand,0.9589452147483826,0.04105484113097191,MediaProbabilidades,0.8275575399398803,0.17244247421622277,5
87231,left_hand,0.9752732515335083,0.024726707488298416,MediaProbabilidades,0.8866891860961914,0.11331082582473755,5
87295,left_hand,0.9767504334449768,0.02324952930212021,MediaProbabilidades,0.9382367253303527,0.0617632731795311,5
87359,left_hand,0.958817720413208,0.04118229076266289,MediaProbabilidades,0.9652418494224548,0.03475814834237099,5
87423,left_hand,0.940788745880127,0.059211261570453644,MediaProbabilidades,0.9621150732040405,0.037884926050901414,5
87487,left_hand,0.9171926379203796,0.08280740678310394,MediaProbabilidades,0.9537645578384399,0.04623543918132782,5
87551,left_hand,0.9030947685241699,0.09690520167350769,MediaProbabilidades,0.9393288612365722,0.06067113801836967,5
87615,left_hand,0.9023401737213135,0.09765980392694473,MediaProbabilidades,0.9244468092918396,0.07555319294333458,5
87679,left_hand,0.840469479560852,0.15953049063682556,MediaProbabilidades,0.9007771611213684,0.09922283291816711,5
87743,left_hand,0.6241447329521179,0.3758552670478821,MediaProbabilidades,0.8374483585357666,0.1625516340136528,5
87807,left_hand,0.658963680267334,0.341036319732666,MediaProbabilidades,0.7858025670051575,0.21419741660356523,5
87871,left_hand,0.5765256285667419,0.42347437143325806,MediaProbabilidades,0.7204887390136718,0.2795112505555153,5
87935,left_hand,0.31922632455825806,0.6807737350463867,MediaProbabilidades,0.6038659691810608,0.3961340367794037,5
87999,right_hand,0.08889731019735336,0.9111026525497437,MediaProbabilidades,0.45355153530836106,0.5464484691619873,5
88063,right_hand,0.06174900755286217,0.9382510185241699,MediaProbabilidades,0.3410723902285099,0.6589276194572449,5
88127,right_hand,0.030826110392808914,0.9691739082336426,MediaProbabilidades,0.2154448762536049,0.7845551371574402,5
88191,right_hand,0.027982886880636215,0.9720171093940735,MediaProbabilidades,0.10573632791638374,0.8942636847496033,5
88255,right_hand,0.024634091183543205,0.9753658771514893,MediaProbabilidades,0.046817881241440776,0.9531821131706237,5
88319,right_hand,0.024522945284843445,0.9754770398139954,MediaProbabilidades,0.03394300825893879,0.9660569906234742,5
88383,right_hand,0.039912402629852295,0.9600875973701477,MediaProbabilidades,0.029575687274336813,0.9704243063926696,5
88447,right_hand,0.05154895409941673,0.9484509825706482,MediaProbabilidades,0.03372025601565838,0.9662797212600708,5
88511,right_hand,0.03791435435414314,0.9620857238769531,MediaProbabilidades,0.035706549510359765,0.9642934441566468,5
88575,right_hand,0.03848174959421158,0.9615182280540466,MediaProbabilidades,0.03847608119249344,0.9615239143371582,5
88639,right_hand,0.051528725773096085,0.9484712481498718,MediaProbabilidades,0.043877237290143964,0.9561227560043335,5
88703,right_hand,0.08028290420770645,0.9197170734405518,MediaProbabilidades,0.0519513376057148,0.9480486512184143,5
88767,right_hand,0.08022190630435944,0.9197781085968018,MediaProbabilidades,0.05768592804670334,0.9423140764236451,5
88831,right_hand,0.13121925294399261,0.8687807321548462,MediaProbabilidades,0.07634690776467323,0.9236530780792236,5
88895,right_hand,0.22425997257232666,0.7757400870323181,MediaProbabilidades,0.11350255236029624,0.8864974498748779,5
88959,right_hand,0.2531532049179077,0.7468467950820923,MediaProbabilidades,0.1538274481892586,0.8461725592613221,5
89023,right_hand,0.2673364281654358,0.7326635718345642,MediaProbabilidades,0.19123815298080443,0.8087618589401245,5
89087,right_hand,0.08687785267829895,0.9131221175193787,MediaProbabilidades,0.19256934225559236,0.8074306607246399,5
89151,right_hand,0.06124425306916237,0.9387557506561279,MediaProbabilidades,0.1785743422806263,0.8214256644248963,5
89215,right_hand,0.11661764979362488,0.8833823800086975,MediaProbabilidades,0.15704587772488593,0.8429541230201721,5
89279,right_hand,0.0737936720252037,0.9262062907218933,MediaProbabilidades,0.12117397114634514,0.8788260221481323,5
89343,right_hand,0.04667067900300026,0.95332932472229,MediaProbabilidades,0.07704082131385803,0.9229591727256775,5
89407,right_hand,0.04524926096200943,0.9547507166862488,MediaProbabilidades,0.06871510297060013,0.9312848925590516,5
89471,right_hand,0.060659948736429214,0.9393400549888611,MediaProbabilidades,0.06859824210405349,0.9314017534255982,5
89535,right_hand,0.05086468532681465,0.9491353034973145,MediaProbabilidades,0.05544764921069145,0.9445523381233215,5
89599,right_hand,0.11583402752876282,0.8841660022735596,MediaProbabilidades,0.06385572031140327,0.9361442804336548,5
89663,right_hand,0.35386741161346436,0.6461326479911804,MediaProbabilidades,0.1252950668334961,0.8747049450874329,5
89727,right_hand,0.36139845848083496,0.638601541519165,MediaProbabilidades,0.1885249063372612,0.8114751100540161,5
89791,right_hand,0.2300480753183365,0.7699519395828247,MediaProbabilidades,0.22240253165364265,0.7775974869728088,5
89855,right_hand,0.22561205923557281,0.7743879556655884,MediaProbabilidades,0.2573520064353943,0.7426480174064636,5
89919,right_hand,0.31536203622817993,0.6846379637718201,MediaProbabilidades,0.2972576081752777,0.7027424097061157,5
89983,right_hand,0.34948018193244934,0.650519847869873,MediaProbabilidades,0.2963801622390747,0.7036198496818542,5
90047,right_hand,0.3488014340400696,0.6511985063552856,MediaProbabilidades,0.29386075735092165,0.7061392426490783,5
90111,right_hand,0.35456740856170654,0.6454326510429382,MediaProbabilidades,0.31876462399959565,0.681235384941101,5
90175,right_hand,0.41522935032844543,0.5847706198692322,MediaProbabilidades,0.35668808221817017,0.6433119177818298,5
90239,right_hand,0.8808193206787109,0.11918066442012787,MediaProbabilidades,0.46977953910827636,0.5302204579114914,5
90239,right_hand,0.8808193206787109,0.11918066442012787,MediaProbabilidades,0.46977953910827636,0.5302204579114914,5
